id,parameter_data_id,covidence_id,pathogen,parameter_type,parameter_value,exponent,parameter_unit,parameter_lower_bound,parameter_upper_bound,parameter_value_type,parameter_uncertainty_single_value,parameter_uncertainty_singe_type,parameter_uncertainty_lower_value,parameter_uncertainty_upper_value,parameter_uncertainty_type,cfr_ifr_numerator,cfr_ifr_denominator,distribution_type,distribution_par1_value,distribution_par1_type,distribution_par1_uncertainty,distribution_par2_value,distribution_par2_type,distribution_par2_uncertainty,method_from_supplement,method_moment_value,cfr_ifr_method,method_r,method_disaggregated_by,method_disaggregated,method_disaggregated_only,riskfactor_outcome,riskfactor_name,riskfactor_occupation,riskfactor_significant,riskfactor_adjusted,population_sex,population_sample_type,population_group,population_age_min,population_age_max,population_sample_size,population_country,population_location,population_study_start_day,population_study_start_month,population_study_start_year,population_study_end_day,population_study_end_month,population_study_end_year,genome_site,genomic_sequence_available,other_delay_start,other_delay_end,inverse_param,parameter_from_figure,r_pathway,parameter_class,parameter_bounds,comb_uncertainty_type,comb_uncertainty
9f62e47ed45a53c1336e8e63d7d7f6cb,69df4cbc0d4c95524c8cb3e4416bc2b1,18,Lassa mammarenavirus,Seroprevalence - IFA,21.0,0.0,Percentage (%),,,Unspecified,,,,,,51.0,245.0,,,,False,,,False,False,Endemic,,,,False,False,,,,,,Both,Hospital based,Children,0.0,14.0,479.0,Sierra Leone,Eastern Province,,Aug,1977.0,,Aug,1981.0,,False,,,False,False,,Seroprevalence,,,
9f62e47ed45a53c1336e8e63d7d7f6cb,0793b33417152f31bb5d091d2bb5d0b6,18,Lassa mammarenavirus,Severity - case fatality rate (CFR),,0.0,,,,,,,,,,6.0,51.0,,,,False,,,False,False,Endemic,Naive,,"Age, Sex",True,False,,,,,,Both,Hospital based,Children,0.0,14.0,225.0,Sierra Leone,Eastern Province,,Aug,1977.0,,Aug,1981.0,,False,,,False,False,,Severity,,,
31dd2011f51dde6a294decf0394646e4,12bd4b6cfe171d910ecdfc1781a2f80d,18,Lassa mammarenavirus,Risk factors,,0.0,,,,,,,,,,,,,,,False,,,False,False,Endemic,,,,False,False,Death,Sex,,Not significant,Not adjusted,Both,Hospital based,Children,0.0,14.0,245.0,Sierra Leone,Eastern Province,,Aug,1977.0,,Aug,1981.0,,False,,,False,False,,Risk factors,,,
31dd2011f51dde6a294decf0394646e4,2574e43bd234df94399eb6adfcf5cb5f,18,Lassa mammarenavirus,Risk factors,,0.0,,,,,,,,,,,,,,,False,,,False,False,Endemic,,,,False,False,Infection,Sex,,Significant,Not adjusted,Both,Hospital based,Children,0.0,14.0,245.0,Sierra Leone,Eastern Province,,Aug,1977.0,,Aug,1981.0,,False,,,False,False,,Risk factors,,,
7f4b4528feba7ce6d3a5033854ea7a42,56a6343b241fe047828d59c77fccd3eb,49,Lassa mammarenavirus,Seroprevalence - IgG,1.3,0.0,Percentage (%),,,Unspecified,,,,,,3.0,225.0,,,,False,,,False,False,Unspecified,,,,False,False,,,,,,Both,Community based,Mixed groups,,,225.0,Liberia,Grand Bassa County,,Nov,1981.0,,Jan,1982.0,,False,,,False,False,,Seroprevalence,,,
93d3ee2b0b807525133000bdfb9e41f6,66d5987987dbb6c9b2876af45f2e9197,61,Lassa mammarenavirus,Human delay - symptom onset>death,,0.0,Weeks,1.0,2.0,,,,,,,,,,,,False,,,False,False,Unspecified,,,,False,False,,,,,,Unspecified,Hospital based,Persons under investigation,,,,Nigeria,Jos Plateau,,Jan,1970.0,,Feb,1970.0,,False,,,False,False,,Human delay,1 - 2,,
93d3ee2b0b807525133000bdfb9e41f6,a1b9de956b4e773b45e56b47e4a5c299,61,Lassa mammarenavirus,Human delay - other human delay (go to section),,0.0,Weeks,1.0,4.0,,,,,,,,,,,,False,,,False,False,Unspecified,,,,False,False,,,,,,Unspecified,Hospital based,Persons under investigation,,,,Nigeria,Jos Plateau,,Jan,1970.0,,Feb,1970.0,,False,Symptom Onset/Fever,Symptom Resolution,False,False,,Human delay,1 - 4,,
b1ed69167fd7c17d124b8f1bf65329e1,ae1e378d07ade02081d4faa5ffa08114,61,Lassa mammarenavirus,Seroprevalence - Unspecified,,0.0,,,,,,,,,,0.0,22.0,,,,False,,,False,False,Mid outbreak,,,,False,False,,,,,,Unspecified,Hospital based,Healthcare workers,,,22.0,Nigeria,Jos,,Jan,1970.0,,Feb,1970.0,,False,,,False,False,,Seroprevalence,,,
b1ed69167fd7c17d124b8f1bf65329e1,30508007058c4b9da1a956b9395a828e,61,Lassa mammarenavirus,Seroprevalence - Unspecified,,0.0,,,,,,,,,,4.0,53.0,,,,False,,,False,False,Mid outbreak,,,,False,False,,,,,,Unspecified,Contact based,Persons under investigation,,,53.0,Nigeria,Jos Plateau,,Jan,1970.0,,Feb,1970.0,,False,,,False,False,,Seroprevalence,,,
0e06f783f34b11ba33b1ab6f3d7c2d43,1a304d4cd1a15bca0473d75f77647079,68,Lassa mammarenavirus,Risk factors,,0.0,,,,,,,,,,,,,,,False,,,False,False,Endemic,,,,False,False,Serology,Sex,,Not significant,Unspecified,Both,Population based,General population,5.0,70.0,1677.0,Nigeria,,,,,,,,,False,,,False,False,,Risk factors,,,
0e06f783f34b11ba33b1ab6f3d7c2d43,4e067f105337b83837cc29f08520649d,68,Lassa mammarenavirus,Risk factors,,0.0,,,,,,,,,,,,,,,False,,,False,False,Endemic,,,,False,False,Serology,Age,,Unspecified,Unspecified,Both,Population based,General population,5.0,70.0,1677.0,Nigeria,,,,,,,,,False,,,False,False,,Risk factors,,,
0e06f783f34b11ba33b1ab6f3d7c2d43,4576be9bff854bf8fa2cf63363dd98a0,68,Lassa mammarenavirus,Seroprevalence - IFA,21.3,0.0,Percentage (%),13.4,37.5,Unspecified,,,,,,357.0,1677.0,,,,False,,,False,False,Endemic,,,Region,True,False,,,,,,Both,Population based,General population,5.0,70.0,1677.0,Nigeria,,,,,,,,,False,,,False,False,,Seroprevalence,13.4 - 37.5,,
01164920772c52dcd07ce445ef103eae,2f33025f05160c315bc674cdc446f71b,74,Lassa mammarenavirus,Risk factors,,0.0,,,,,,,,,,,,,,,False,,,False,False,Endemic,,,,False,False,Serology,Age;Other,,Significant,Unspecified,Both,Community based,General population,10.0,94.0,177.0,Nigeria,Edo State,,,,,,,,False,,,False,False,,Risk factors,,,
01164920772c52dcd07ce445ef103eae,f4bad8c43f6d50399ae91753c82176a1,74,Lassa mammarenavirus,Risk factors,,0.0,,,,,,,,,,,,,,,False,,,False,False,Endemic,,,,False,False,Serology,Other;Sex,,Not significant,Unspecified,Both,Community based,General population,10.0,94.0,177.0,Nigeria,Edo State,,,,,,,,False,,,False,False,,Risk factors,,,
01164920772c52dcd07ce445ef103eae,25b10643b59f922b8bdec72fc953a632,74,Lassa mammarenavirus,Seroprevalence - IgG,58.2,0.0,Percentage (%),,,Unspecified,,,,,,103.0,177.0,,,,False,,,False,False,Endemic,,,,False,False,,,,,,Both,Community based,General population,10.0,94.0,177.0,Nigeria,Edo State,,,,,,,,False,,,False,False,,Seroprevalence,,,
01164920772c52dcd07ce445ef103eae,67a96c9c205c786cef2ef4a5ccba5e61,74,Lassa mammarenavirus,Seroprevalence - IgM,1.1,0.0,Percentage (%),,,Unspecified,,,,,,2.0,177.0,,,,False,,,False,False,Endemic,,,,False,False,,,,,,Both,Community based,General population,10.0,94.0,177.0,Nigeria,Edo State,,,,,,,,False,,,False,False,,Seroprevalence,,,
6cc9cdeb7652ce2eeb78ae9df2a3efaa,6e84b157f93a2c0e4a53d6a76ee50509,79,Lassa mammarenavirus,Seroprevalence - IFA,,0.0,,,,,,,,,,0.0,,,,,False,,,False,False,Unspecified,,,Region,True,False,,,,,,Unspecified,Unspecified,Unspecified,,,277.0,Ethiopia,"Assab, Awash, Blue Nile, Illubabor, Ogaden, Gambata, Kaffa, Sidamo (West), Wallega",,,1961.0,,,1983.0,,False,,,False,False,,Seroprevalence,,,
59ed726111e716143c101513e5ee7a23,5a3f468f04b553892be2beb230275f2b,81,Lassa mammarenavirus,Seroprevalence - IFA,,0.0,,,,,,,,,,0.0,,,,,False,,,False,False,Unspecified,,,"Time, Other",True,True,,,,,,Both,Community based,Mixed groups,1.0,80.0,,Botswana,Chobe,,Dec,1984.0,,Aug,1986.0,,False,,,False,False,,Seroprevalence,,,
d7e338066ff4d9487c15eceec2ee70bd,11e81c77f6372785caa027621ae96624,85,Lassa mammarenavirus,Risk factors,,0.0,,,,,,,,,,,,,,,False,,,False,False,Endemic,,,,False,False,Serology,Age;Contact with animal;Other;Sex,,Not significant,Adjusted,Both,Population based,General population,4.0,99.0,991.0,Guinea,"Pita, Gueckedou",,Feb,1993.0,,Apr,1993.0,,False,,,False,False,,Risk factors,,,
930c9a9f801f9c57ea5a5d461bf09645,899bfcf65040ff48243b76bf02991791,85,Lassa mammarenavirus,Risk factors,,0.0,,,,,,,,,,,,,,,False,,,False,False,Endemic,,,,False,False,Serology,Age;Contact with animal;Other;Sex,,Not significant,Not adjusted,Both,Population based,General population,4.0,99.0,991.0,Guinea,"Pita, Gueckedou",,Feb,1993.0,,Apr,1993.0,,False,,,False,False,,Risk factors,,,
930c9a9f801f9c57ea5a5d461bf09645,24bd8bf92cecf1ea1ef515b9e8eca3cd,85,Lassa mammarenavirus,Seroprevalence - IgG,2.6,0.0,Percentage (%),,,Unspecified,,,,,,6.0,232.0,,,,False,,,False,False,Endemic,,,,False,False,,,,,,Both,Population based,General population,4.0,87.0,232.0,Guinea,Pita,,Feb,1993.0,,Apr,1993.0,,False,,,False,False,,Seroprevalence,,,
930c9a9f801f9c57ea5a5d461bf09645,8f1ca989c951b8f9f3423086947db9ce,85,Lassa mammarenavirus,Seroprevalence - IgG,14.0,0.0,Percentage (%),9.8,29.5,Unspecified,,,,,,105.0,751.0,,,,False,,,False,False,Endemic,,,"Age, Sex",True,False,,,,,,Both,Population based,General population,4.0,99.0,751.0,Guinea,Gueckedou,,Feb,1993.0,,Apr,1993.0,,False,,,False,False,,Seroprevalence,9.8 - 29.5,,
13cdef32a7a9576e547c45ab06c3a4fe,90c8a2cc387e87279b36c040c288fb2d,88,Lassa mammarenavirus,Seroprevalence - IgG,14.0,0.0,Percentage (%),,,Unspecified,,,,,,,,,,,False,,,False,False,Endemic,,,,False,False,,,,,,Unspecified,Population based,General population,,,,Guinea,Gueckedou,,,1993.0,,,1993.0,,False,,,False,False,,Seroprevalence,,,
13cdef32a7a9576e547c45ab06c3a4fe,90e9a5b16b6ca5caf5e2bfb065d482d1,88,Lassa mammarenavirus,Seroprevalence - IgG,2.6,0.0,Percentage (%),,,Unspecified,,,,,,,,,,,False,,,False,False,Endemic,,,,False,False,,,,,,Unspecified,Population based,General population,,,,Guinea,Pita,,,1993.0,,,1993.0,,False,,,False,False,,Seroprevalence,,,
13cdef32a7a9576e547c45ab06c3a4fe,70cc00f3b76762f6eedbef05332a13da,88,Lassa mammarenavirus,Seroprevalence - IgG,12.1,0.0,Percentage (%),,,Unspecified,,,,,,,99.0,,,,False,,,False,False,Endemic,,,,False,False,,,,,,Unspecified,Unspecified,Unspecified,,,99.0,Liberia,Bong County,,,1985.0,,,1985.0,,False,,,False,False,,Seroprevalence,,,
13cdef32a7a9576e547c45ab06c3a4fe,2a3e4006251cda13a64d3a67cc52e2cb,88,Lassa mammarenavirus,Seroprevalence - IgG,0.0,0.0,Percentage (%),,,Unspecified,,,,,,,94.0,,,,False,,,False,False,Unspecified,,,,False,False,,,,,,Unspecified,Hospital based,Other,,,94.0,Germany,Hamburg,,,,,,,,False,,,False,False,,Seroprevalence,,,
13cdef32a7a9576e547c45ab06c3a4fe,bd2ea804227919b0d2ded02f81c62c8f,88,Lassa mammarenavirus,Seroprevalence - IgG,0.0,0.0,Percentage (%),,,Unspecified,,,,,,,150.0,,,,False,,,False,False,Unspecified,,,,False,False,,,,,,Unspecified,Unspecified,Other,,,150.0,Germany,Hamburg,,,,,,,,False,,,False,False,,Seroprevalence,,,
92f979111ccebf8764e7f09af3edbe1b,31ba2217f14ea396574c35c622066daf,88,Lassa mammarenavirus,Seroprevalence - Unspecified,0.7,0.0,Percentage (%),,,Unspecified,,,,,,1.0,150.0,,,,False,,,False,False,Unspecified,,,,False,False,,,,,,Unspecified,Unspecified,Other,,,150.0,Germany,Hamburg,,,,,,,,False,,,False,False,,Seroprevalence,,,
92f979111ccebf8764e7f09af3edbe1b,0b2e1b40c1b5cb5a127901be7183032b,88,Lassa mammarenavirus,Human delay - symptom onset>admission to care,4.3,0.0,Days,,,Mean,,,1.0,14.0,Range,,,,,,False,,,False,False,Endemic,,,,False,False,,,,,,Unspecified,Hospital based,Persons under investigation,,,12.0,Guinea,Gueckedou,,,,,,,,False,,,False,False,,Human delay,,Range,1 - 14
92f979111ccebf8764e7f09af3edbe1b,4bfbb72319446b1defa8478c6257bc70,88,Lassa mammarenavirus,Severity - case fatality rate (CFR),33.3,0.0,Percentage (%),,,Unspecified,,,,,,4.0,12.0,,,,False,,,False,False,Endemic,Naive,,,False,False,,,,,,Unspecified,Hospital based,Persons under investigation,,,12.0,Guinea,Gueckedou,,,,,,,,False,,,False,False,,Severity,,,
92f979111ccebf8764e7f09af3edbe1b,fbf43b7e11c79c92c533bc3c07d60d3b,88,Lassa mammarenavirus,Seroprevalence - IgG,,0.0,,,,,,,,,,6.0,12.0,,,,False,,,False,False,Endemic,,,,False,False,,,,,,Unspecified,Hospital based,Persons under investigation,,,12.0,Guinea,Gueckedou,,,,,,,,False,,,False,False,,Seroprevalence,,,
92f979111ccebf8764e7f09af3edbe1b,845f42d1192b9a622f2c8d1de0019119,88,Lassa mammarenavirus,Seroprevalence - IgM,91.7,0.0,Percentage (%),,,Unspecified,,,,,,11.0,12.0,,,,False,,,False,False,Endemic,,,,False,False,,,,,,Unspecified,Hospital based,Persons under investigation,,,12.0,Guinea,Gueckedou,,,,,,,,False,,,False,False,,Seroprevalence,,,
92f979111ccebf8764e7f09af3edbe1b,371ea7afd5283c28350695c0e590d632,88,Lassa mammarenavirus,Seroprevalence - IgM,75.0,0.0,Percentage (%),,,Unspecified,,,,,,9.0,12.0,,,,False,,,False,False,Endemic,,,,False,False,,,,,,Unspecified,Hospital based,Persons under investigation,,,12.0,Guinea,Gueckedou,,,,,,,,False,,,False,False,,Seroprevalence,,,
92f979111ccebf8764e7f09af3edbe1b,d4dc0ea1e75f9bd4b7354fde24e1fe5c,88,Lassa mammarenavirus,Seroprevalence - IgM,14.9,0.0,Percentage (%),,,Unspecified,,,,,,7.0,47.0,,,,False,,,False,False,Endemic,,,,False,False,,,,,,Unspecified,Hospital based,Other,,,47.0,Guinea,Gueckedou,,,,,,,,False,,,False,False,,Seroprevalence,,,
92f979111ccebf8764e7f09af3edbe1b,6d4270fe480d863bea3728cc25ac8d59,88,Lassa mammarenavirus,Seroprevalence - IgM,,0.0,,,,,,,,,,6.0,7.0,,,,False,,,False,False,Endemic,,,,False,False,,,,,,Unspecified,Hospital based,Other,,,7.0,Guinea,Gueckedou,,,,,,,,False,,,False,False,,Seroprevalence,,,
6ed59e28ccc2eef7c923b0d259231798,2a24004e7c7490e656909f19a2fb4df1,130,Lassa mammarenavirus,Risk factors,,0.0,,,,,,,,,,,,,,,False,,,False,False,Unspecified,,,,False,False,Serology,Age;Other,,Significant,Adjusted,Both,Community based,General population,0.0,83.0,600.0,Mali,Bougouni District,,Feb,2015.0,,Feb,2015.0,,False,,,False,False,,Risk factors,,,
6ed59e28ccc2eef7c923b0d259231798,6df64fac5699a2af77656c1307119124,130,Lassa mammarenavirus,Risk factors,,0.0,,,,,,,,,,,,,,,False,,,False,False,Unspecified,,,,False,False,Serology,Sex,,Not significant,Adjusted,Both,Community based,General population,0.0,83.0,600.0,Mali,Bougouni District,,Feb,2015.0,,Feb,2015.0,,False,,,False,False,,Risk factors,,,
6ed59e28ccc2eef7c923b0d259231798,abec160c0d492608f38040402cfedc1a,130,Lassa mammarenavirus,Seroprevalence - IgG,33.2,0.0,Percentage (%),5.0,57.1,Unspecified,,,29.4,37.1,95% CI,199.0,600.0,,,,False,,,False,False,Unspecified,,,"Age, Region, Sex",True,False,,,,,,Both,Community based,General population,0.0,83.0,600.0,Mali,Bougouni District,,Feb,2015.0,,Feb,2015.0,,False,,,False,False,,Seroprevalence,5 - 57.1,95% CI,29.4 - 37.1
6ed59e28ccc2eef7c923b0d259231798,0607671fdbc9b09bad6f6b396f57b3ad,130,Lassa mammarenavirus,Seroprevalence - IgM,0.67,0.0,Percentage (%),,,Unspecified,,,,,,4.0,600.0,,,,False,,,False,False,Unspecified,,,Region,True,False,,,,,,Both,Community based,General population,0.0,83.0,600.0,Mali,Bougouni District,,Feb,2015.0,,Feb,2015.0,,False,,,False,False,,Seroprevalence,,,
49eb024d2712105290dedd2dd5323c08,169e01ec11313535cc2a15589f00f186,167,Lassa mammarenavirus,Severity - case fatality rate (CFR),36.0,0.0,Percentage (%),,,Unspecified,,,,,,,11.0,,,,False,,,False,False,Unspecified,Unspecified,,,False,False,,,,,,Both,Hospital based,Persons under investigation,,,11.0,Nigeria,Plateau State,,Jan,2016.0,,Aug,2016.0,,False,,,False,False,,Severity,,,
c175e69252d43049ed0b6e039522f7a0,bb0e1826b0e2fc289f5e65d82ac1e717,167,Lassa mammarenavirus,Risk factors,,0.0,,,,,,,,,,,,,,,False,,,False,False,Unspecified,,,,False,False,Infection,Age;Occupation;Other;Sex,Education;Healthcare;Livestock and animal herders;Other,Not significant,Not adjusted,Both,Hospital based,Persons under investigation,,,34.0,Nigeria,Plateau State,,Jan,2016.0,,Aug,2016.0,,False,,,False,False,,Risk factors,,,
db349967bcba352945dcb2e0643967ed,fc4e62e6bdb99a9845ced206764c7ddd,168,Lassa mammarenavirus,Seroprevalence - Unspecified,,0.0,,,,,,,,,,5.0,50.0,,,,False,,,False,False,Unspecified,,,,False,False,,,,,,Both,Hospital based,Children,,,50.0,Sierra Leone,Segbwema,,,,,,,,False,,,False,False,,Seroprevalence,,,
db349967bcba352945dcb2e0643967ed,dbb39f89af72f1b922a6610fe709ce8f,168,Lassa mammarenavirus,Seroprevalence - Unspecified,,0.0,Percentage (%),0.0,29.4,,,,,,,,,,,,False,,,False,False,Mid outbreak,,,Age,True,True,,,,,,Unspecified,Household based,Children,0.0,14.0,,Sierra Leone,,,,,,,,,False,,,False,False,,Seroprevalence,0 - 29.4,,
0173b29dde27c00b828b19488e322c4e,41a854b5c6c6660134147cfc8cc140a9,174,Lassa mammarenavirus,Severity - case fatality rate (CFR),69.0,0.0,Percentage (%),8.0,93.0,Unspecified,,,,,,109.0,158.0,,,,False,,,False,False,Endemic,Adjusted,,Method,True,False,,,,,,Both,Hospital based,Persons under investigation,,,1740.0,Sierra Leone,Kenema Government Hospital,,,2008.0,,,2012.0,,False,,,False,False,,Severity,8 - 93,,
0173b29dde27c00b828b19488e322c4e,ba5610b51ea1e7e7f674a24bf1dc991e,174,Lassa mammarenavirus,Seroprevalence - IgM,,0.0,Percentage (%),3.0,23.0,,,,,,,,,,,,False,,,False,False,Endemic,,,"Method, Other, Time",True,True,,,,,,Both,Hospital based,Persons under investigation,,,1740.0,Sierra Leone,Kenema Government Hospital,,,2008.0,,,2012.0,,False,,,False,False,,Seroprevalence,3 - 23,,
0173b29dde27c00b828b19488e322c4e,511bb1ab74480ca83692a60797d68274,174,Lassa mammarenavirus,Seroprevalence - IgG,18.0,0.0,Percentage (%),,,Unspecified,,,,,,125.0,688.0,,,,False,,,False,False,Endemic,,,,False,False,,,,,,Both,Hospital based,Persons under investigation,,,688.0,Sierra Leone,Kenema Government Hospital,,,2011.0,,,2012.0,,False,,,False,False,,Seroprevalence,,,
0173b29dde27c00b828b19488e322c4e,8b9010d5ed0d913d9b481e57149d07c4,174,Lassa mammarenavirus,Risk factors,,0.0,,,,,,,,,,,,,,,False,,,False,False,Endemic,,,,False,False,Death,Sex,,Not significant,Unspecified,Both,Hospital based,Persons under investigation,,,1740.0,Sierra Leone,Kenema Government Hospital,,,2008.0,,,2012.0,,False,,,False,False,,Risk factors,,,
0173b29dde27c00b828b19488e322c4e,7a3cf2db9ca4a2fab22c86130746e571,174,Lassa mammarenavirus,Risk factors,,0.0,,,,,,,,,,,,,,,False,,,False,True,Endemic,,,,False,False,Death,Other,,Significant,Unspecified,Both,Hospital based,Persons under investigation,,,1740.0,Sierra Leone,Kenema Government Hospital,,,2008.0,,,2012.0,,False,,,False,False,,Risk factors,,,
3d137b00cbf9a7ed28459d3286939ec0,a3db64838f058e08517adc97b5c0bf23,197,Lassa mammarenavirus,Seroprevalence - IgM,3.0,0.0,Percentage (%),,,Unspecified,,,,,,7.0,237.0,,,,False,,,False,False,Endemic,,,,False,False,,,,,,Unspecified,Hospital based,Other,,,237.0,"Guinea, Liberia, Sierra Leone",,,Oct 10,2006.0,,Oct 10,2008.0,,False,,,False,False,,Seroprevalence,,,
3d137b00cbf9a7ed28459d3286939ec0,bb5ad431321a28e1978c1fd7ad728383,197,Lassa mammarenavirus,Seroprevalence - IgG,25.5,0.0,Percentage (%),,,Unspecified,,,,,,,237.0,,,,False,,,False,False,Endemic,,,,False,False,,,,,,Unspecified,Hospital based,Other,,,237.0,"Guinea, Liberia, Sierra Leone",,,Oct 10,2006.0,,Oct 10,2008.0,,False,,,False,False,,Seroprevalence,,,
317696920b8b6de528cdc360b74893a8,0ad6039e224a365ba74a2fefa3722731,225,Lassa mammarenavirus,Seroprevalence - IFA,,0.0,,,,,,,,,,0.0,160.0,,,,False,,,False,False,Unspecified,,,"Occupation, Symptoms",True,False,,,,,,Unspecified,Mixed settings,Mixed groups,,,160.0,Djibouti,"Djibouti City, Randa",,,1987.0,,,1987.0,,False,,,False,False,,Seroprevalence,,,
5c36dc810c04252d3df604da1cbc657f,510c0d73052df4fdf344ad6951f0496c,252,Lassa mammarenavirus,Human delay - time in care (length of stay),11.0,0.0,Days,,,Median,,,5.0,14.0,IQR,,,,,,False,,,False,False,Endemic,,,,False,False,,,,,,Both,Hospital based,Persons under investigation,18.0,,20.0,Sierra Leone,Kenema District,1.0,Nov,2011.0,31.0,Oct,2012.0,,False,,,False,False,,Human delay,,IQR,5 - 14
5c36dc810c04252d3df604da1cbc657f,01d2d4535c7de842669333a973d99408,252,Lassa mammarenavirus,Severity - case fatality rate (CFR),38.1,0.0,Percentage (%),,,Unspecified,,,,,,8.0,21.0,,,,False,,,False,False,Endemic,Adjusted,,,False,False,,,,,,Both,Hospital based,Persons under investigation,18.0,,21.0,Sierra Leone,Kenema District,1.0,Nov,2011.0,31.0,Oct,2012.0,,False,,,False,False,,Severity,,,
61bde67d5e487a6a29e80f3d0f2bc3c0,969e8992b89a61486d7a34acf977d0a9,263,Lassa mammarenavirus,Seroprevalence - Unspecified,0.0,0.0,Percentage (%),0.0,0.0,Unspecified,,,,,,0.0,1088.0,,,,False,,,False,False,Unspecified,,,"Age, Region, Sex",True,False,,,,,,Both,Unspecified,Unspecified,,,1088.0,India,"Rajasthan,West Bengal,Orissa,Assam,Arunachal Pradesh,Andhra Pradesh,Karnataka,Kerala",,,,,,,,False,,,False,False,,Seroprevalence,0 - 0,,
65ee7f1f8078afe7175f6d1394f8f03c,fed890f8f587170d98a4ffc8c2629959,264,Lassa mammarenavirus,Seroprevalence - IFA,6.0,0.0,Percentage (%),,,Unspecified,,,,,,8.0,132.0,,,,False,,,False,False,Unspecified,,,Region,True,False,,,,,,Both,Hospital based,Other,20.0,40.0,132.0,Uganda,Karamoja Province,,May 05,1984.0,,May 05,1984.0,,False,,,False,False,,Seroprevalence,,,
076c340cbe5a02eb00758efedbf9a30a,02676cc94553239e972cb5a415cb833f,307,Lassa mammarenavirus,Severity - case fatality rate (CFR),21.0,0.0,Percentage (%),5.0,30.0,Unspecified,,,,,,14.0,68.0,,,,False,,,False,False,Unspecified,Adjusted,,Other,True,False,,,,,,Female,Hospital based,Pregnant women,,,68.0,Sierra Leone,Segbwema,,,1981.0,,,1985.0,,False,,,False,False,,Severity,5 - 30,,
076c340cbe5a02eb00758efedbf9a30a,f4987534c31ba01c0fc6273f0d89f695,307,Lassa mammarenavirus,Severity - case fatality rate (CFR),13.0,0.0,Percentage (%),,,Unspecified,,,,,,10.0,79.0,,,,False,,,False,False,Unspecified,Adjusted,,,False,False,,,,,,Female,Hospital based,Other,,,79.0,Sierra Leone,Segbwema,,,1981.0,,,1985.0,,False,,,False,False,,Severity,,,
076c340cbe5a02eb00758efedbf9a30a,a71220bb3a3cab409a904e83eee2fc30,307,Lassa mammarenavirus,Risk factors,,0.0,,,,,,,,,,,,,,,False,,,False,False,Unspecified,,,,False,False,Death,Other,,Significant,Not adjusted,Female,Hospital based,Pregnant women,,,68.0,Sierra Leone,Segbwema,,,1981.0,,,1985.0,,False,,,False,False,,Risk factors,,,
076c340cbe5a02eb00758efedbf9a30a,4c10c57fc443d09619ce3ad2a51c28b9,307,Lassa mammarenavirus,Risk factors,,0.0,,,,,,,,,,,,,,,False,,,False,False,Unspecified,,,,False,False,Death,Other,,Not significant,Not adjusted,Female,Hospital based,Other,,,147.0,Sierra Leone,Segbwema,,,1981.0,,,1985.0,,False,,,False,False,,Risk factors,,,
076c340cbe5a02eb00758efedbf9a30a,474370363579feda13d01bb28cc670a4,307,Lassa mammarenavirus,Risk factors,,0.0,,,,,,,,,,,,,,,False,,,False,False,Unspecified,,,,False,False,Death,Other,,Not significant,Unspecified,Female,Hospital based,Pregnant women,,,68.0,Sierra Leone,Segbwema,,,1981.0,,,1985.0,,False,,,False,False,,Risk factors,,,
25bad216ff25ea9196d41a0494cd7573,fbf7389176288e8cda8ebbe69d443fbd,351,Lassa mammarenavirus,Seroprevalence - IFA,0.0,0.0,Percentage (%),,,Unspecified,,,,,,0.0,29.0,,,,False,,,False,False,Post outbreak,,,,False,False,,,,,,Unspecified,Contact based,Persons under investigation,,,33.0,United States,District Of Columbia,,,,,,,,False,,,False,False,,Seroprevalence,,,
4d442fd06a7369ccffc0eefcdd44c912,5b3543493347a6eb123ded672c95f9b9,398,Lassa mammarenavirus,Seroprevalence - Unspecified,0.0,0.0,Percentage (%),,,Unspecified,,,,,,0.0,86.0,,,,False,,,False,False,Unspecified,,,,False,False,,,,,,Unspecified,Travel based,Persons under investigation,,,86.0,,'Tropical Africa',,Nov 11,1975.0,,Jun 06,1977.0,,False,,,False,False,,Seroprevalence,,,
f18c01506f27dd3a43bcfaa2eb46749a,1bd1a9d5c9e57d3bb2a7fa3d7b3f5722,416,Lassa mammarenavirus,Severity - case fatality rate (CFR),52.0,0.0,Percentage (%),,,Unspecified,,,,,,12.0,23.0,,,,False,,,False,False,Unspecified,Naive,,,False,False,,,,,,Both,Hospital based,Persons under investigation,6.0,46.0,23.0,Nigeria,Jos,,Jan 01,1970.0,,Feb 02,1970.0,,False,,,False,False,,Severity,,,
f18c01506f27dd3a43bcfaa2eb46749a,6fff43622f110fb59a12ae22de4131f4,416,Lassa mammarenavirus,Human delay - symptom onset>admission to care,4.9,0.0,Days,,,Mean,,,1.0,12.0,Range,,,,,,False,,,False,False,Unspecified,,,,False,False,,,,,,Both,Hospital based,Persons under investigation,6.0,46.0,23.0,Nigeria,Jos,,Jan 01,1970.0,,Feb 02,1970.0,,False,,,False,False,,Human delay,,Range,1 - 12
f18c01506f27dd3a43bcfaa2eb46749a,380fed0736dab4ea8fb261983331f510,416,Lassa mammarenavirus,Human delay - symptom onset>death,11.6,0.0,Days,,,Mean,,,7.0,26.0,Range,,,,,,False,,,False,False,Unspecified,,,,False,False,,,,,,Both,Hospital based,Persons under investigation,6.0,46.0,23.0,Nigeria,Jos,,Jan 01,1970.0,,Feb 02,1970.0,,False,,,False,False,,Human delay,,Range,7 - 26
f18c01506f27dd3a43bcfaa2eb46749a,fcf80d09acebd83e005973236ab7ad55,416,Lassa mammarenavirus,Human delay - symptom onset>discharge/recovery,17.3,0.0,Days,,,Mean,,,7.0,31.0,Range,,,,,,False,,,False,False,Unspecified,,,,False,False,,,,,,Both,Hospital based,Persons under investigation,6.0,46.0,23.0,Nigeria,Jos,,Jan 01,1970.0,,Feb 02,1970.0,,False,,,False,False,,Human delay,,Range,7 - 31
ffbc466e62a31eeacea5c2e58626e9ff,541c94703e1c160b809d8f92ba2338d4,441,Lassa mammarenavirus,Risk factors,,0.0,,,,,,,,,,,,,,,False,,,False,False,Mid outbreak,,,,False,False,Occurrence,Other,,Significant,Adjusted,Both,Community based,Outdoor workers,,,73.0,Liberia,"Bong, Grand Bassa, Lofa, Nimba",,,2008.0,,,2012.0,,False,,,False,False,,Risk factors,,,
ffbc466e62a31eeacea5c2e58626e9ff,2e98a3ddef3af7e4b5726bd440c3af1e,441,Lassa mammarenavirus,Risk factors,,0.0,,,,,,,,,,,,,,,False,,,False,False,Mid outbreak,,,,False,False,Occurrence,Other,,Not significant,Adjusted,Both,Community based,Outdoor workers,,,73.0,Liberia,"Bong, Grand Bassa, Lofa, Nimba",,,2008.0,,,2012.0,,False,,,False,False,,Risk factors,,,
bae2210130932bc9bbaf05c6ab6f5f43,a22649a6d47a2768f34cc00e59a563be,444,Lassa mammarenavirus,Mutations - evolutionary rate,10.1,-4.0,Substitutions/site/year,,,Mean,,,8.2,12.2,HPDI 95%,,,,,,False,,,False,False,Unspecified,,,,False,False,,,,,,Unspecified,Hospital based,Persons under investigation,,,11.0,Nigeria,"Ebonyi, Enugu",,,2012.0,,,2016.0,NP,False,,,False,False,,Mutations,,HPDI 95%,8.2 - 12.2
bae2210130932bc9bbaf05c6ab6f5f43,576c28a8243ea2d3556b604c4a182eab,444,Lassa mammarenavirus,Mutations - evolutionary rate,8.4,-4.0,Substitutions/site/year,,,Mean,,,7.2,9.6,HPDI 95%,,,,,,False,,,False,False,Unspecified,,,,False,False,,,,,,Unspecified,Hospital based,Persons under investigation,,,11.0,Nigeria,"Ebonyi, Enugu",,,2012.0,,,2016.0,L,False,,,False,False,,Mutations,,HPDI 95%,7.2 - 9.6
bae2210130932bc9bbaf05c6ab6f5f43,50e10b5b84c5c95988f56a5bd38df93b,444,Lassa mammarenavirus,Mutations - evolutionary rate,16.9,-4.0,Substitutions/site/year,,,Mean,,,8.6,25.9,HPDI 95%,,,,,,False,,,False,False,Unspecified,,,,False,False,,,,,,Unspecified,Hospital based,Persons under investigation,,,11.0,Nigeria,"Ebonyi, Enugu",,,2012.0,,,2016.0,Z,False,,,False,False,,Mutations,,HPDI 95%,8.6 - 25.9
bae2210130932bc9bbaf05c6ab6f5f43,e7bb75ad44d0bd33430abcdd42beba54,444,Lassa mammarenavirus,Mutations - evolutionary rate,7.7,-4.0,Substitutions/site/year,,,Mean,,,6.2,9.3,HPDI 95%,,,,,,False,,,False,False,Unspecified,,,,False,False,,,,,,Unspecified,Hospital based,Persons under investigation,,,11.0,Nigeria,"Ebonyi, Enugu",,,2012.0,,,2016.0,GPC,False,,,False,False,,Mutations,,HPDI 95%,6.2 - 9.3
3296f6a0d9057d4ccf6fcf470eea7a4d,361b5b1186a914e6ff51a3b5f2111978,461,Lassa mammarenavirus,Severity - case fatality rate (CFR),24.0,0.0,Percentage (%),24.0,60.0,Unspecified,,,,,,68.0,284.0,,,,False,,,False,False,Unspecified,Adjusted,,"Age, Region",True,False,,,,,,Both,Hospital based,Persons under investigation,,,284.0,Nigeria,,,Jan 01,2011.0,,Nov 11,2015.0,,False,,,False,False,,Severity,24 - 60,,
3296f6a0d9057d4ccf6fcf470eea7a4d,f9c61264b53620db207d703ca7c680a9,461,Lassa mammarenavirus,Risk factors,,0.0,,,,,,,,,,,,,,,False,,,False,False,Unspecified,,,,False,False,Death,Sex,,Not significant,Not adjusted,Both,Hospital based,Persons under investigation,,,284.0,Nigeria,,,Jan 01,2011.0,,Nov 11,2015.0,,False,,,False,False,,Risk factors,,,
3296f6a0d9057d4ccf6fcf470eea7a4d,0f588bb01ecbe625dee7d36a105949ee,461,Lassa mammarenavirus,Risk factors,,0.0,,,,,,,,,,,,,,,False,,,False,False,Unspecified,,,,False,False,Death,Age;Other,,Significant,Adjusted,Both,Hospital based,Persons under investigation,,,284.0,Nigeria,,,Jan 01,2011.0,,Nov 11,2015.0,,False,,,False,False,,Risk factors,,,
3296f6a0d9057d4ccf6fcf470eea7a4d,9c2aeb7e32921b2da7c6309f720190b7,461,Lassa mammarenavirus,Risk factors,,0.0,,,,,,,,,,,,,,,False,,,False,False,Unspecified,,,,False,False,Death,Other,,Not significant,Adjusted,Both,Hospital based,Persons under investigation,,,284.0,Nigeria,,,Jan 01,2011.0,,Nov 11,2015.0,,False,,,False,False,,Risk factors,,,
89be9942815f18760eefded0cd86d92f,b6f7ca201b3426f0f1c8427ed489f98d,466,Lassa mammarenavirus,Seroprevalence - IgG,50.2,0.0,Percentage (%),36.0,67.0,Unspecified,,,,,,328.0,654.0,,,,False,,,False,False,Endemic,,,Time,True,False,,,,,,Unspecified,Hospital based,Persons under investigation,,,654.0,Sierra Leone,Kenema Government Hospital,,,2007.0,,,2014.0,,False,,,False,False,,Seroprevalence,36 - 67,,
7643053d2987f8b531281ad93c0fc29d,120c54990745231ddcdfee897b8115f4,545,Lassa mammarenavirus,Seroprevalence - IgG,23.6,0.0,Percentage (%),3.8,54.9,Unspecified,,,,,,738.0,3126.0,,,,False,,,False,False,Unspecified,,,"Age, Region",True,False,,,,,,Both,Community based,General population,5.0,,3126.0,Guinea,,,Jun 06,1990.0,,Jan 01,1992.0,,False,,,False,False,,Seroprevalence,3.8 - 54.9,,
7643053d2987f8b531281ad93c0fc29d,5d48eee8513bf9ee5cec2b7badf2c595,545,Lassa mammarenavirus,Seroprevalence - IgG,,0.0,Percentage (%),2.0,40.0,,,,,,,,,,,,False,,,False,False,Unspecified,,,Region,True,True,,,,,,Unspecified,Hospital based,Healthcare workers,5.0,,406.0,Guinea,,,Jun 06,1990.0,,Jan 01,1992.0,,False,,,False,False,,Seroprevalence,2 - 40,,
b893c462fb12cdd6ba814be4fd7ff372,f9e8da48d15e3d68c3d7e1b1acdca866,558,Lassa mammarenavirus,Relative contribution - human to human,22.0,0.0,Percentage (%),,,Unspecified,,,,,,,,,,,False,,,False,False,Unspecified,,,,False,False,,,,,,Unspecified,Hospital based,Persons under investigation,,,1002.0,Sierra Leone,Kenema Government Hospital,27.0,Apr 04,2010.0,31.0,Jan 01,2012.0,,False,,,False,False,,Relative contribution,,,
ab5a1f40f53f9afd427cf89da33bfe99,835f08a916dce4dbc6034ff789063807,560,Lassa mammarenavirus,Relative contribution - human to human,20.0,0.0,Percentage (%),,,Unspecified,,,15.0,30.0,IQR,,,,,,False,,,False,False,Endemic,,,,False,False,,,,,,Unspecified,Hospital based,Persons under investigation,,,,Sierra Leone,Kenema Government Hospital,27.0,Apr 04,2010.0,31.0,Jan 01,2012.0,,False,,,False,False,,Relative contribution,,IQR,15 - 30
ab5a1f40f53f9afd427cf89da33bfe99,45d55daaa9c27ee614e1315fda956339,560,Lassa mammarenavirus,"Reproduction number (Effective, Re)",0.73,0.0,No units,,,Mean,11.7,Maximum,,,,,,,,,False,,,False,False,Endemic,,Branching process,,False,False,,,,,,Both,Hospital based,Persons under investigation,,,,"Liberia, Nigeria","Jos, Zorzor",26.0,Dec 12,1969.0,,Apr 04,1972.0,,False,,,False,False,Human-human,Reproduction number,,Maximum,11.7
ab5a1f40f53f9afd427cf89da33bfe99,0367ea5fc732a9f20a455205c153515c,560,Lassa mammarenavirus,Human delay - generation time,,0.0,Days,,,,,,,,,,,,,,False,,,False,False,Endemic,,,Other,True,True,,,,,,Both,Hospital based,Persons under investigation,,,,"Liberia, Nigeria","Jos, Zorzor",26.0,Dec 12,1969.0,,Apr 04,1972.0,,False,,,False,True,,Human delay,,,
ab5a1f40f53f9afd427cf89da33bfe99,75781ef2ae121d3fcebcf82af203ec5c,560,Lassa mammarenavirus,Relative contribution - human to human,,0.0,Percentage (%),18.5,26.0,,,,,,,,,,,,False,,,False,False,Endemic,,,Method,True,True,,,,,,Unspecified,Hospital based,Persons under investigation,,,,Sierra Leone,Kenema Government Hospital,27.0,Apr 04,2010.0,31.0,Jan 01,2012.0,,False,,,False,False,,Relative contribution,18.5 - 26,,
97faddefd4305c1ae30114365539d4e4,e8924668929eab76758ab7b04f99832e,645,Lassa mammarenavirus,Severity - case fatality rate (CFR),14.0,0.0,Percentage (%),,,Unspecified,,,,,,,42.0,,,,False,,,False,False,Endemic,Unspecified,,,False,False,,,,,,Both,Hospital based,Persons under investigation,,60.0,42.0,"Guinea, Liberia, Sierra Leone","Panguma Catholic Hospital (Eastern Province, Sierra Leone), Swedish Free Pentecostal Mission Clinic (Foya), Tellewoyan Memorial Hospital (Voinjama), Curran Lutheran Hospital (Zorzor), Bong Mine Hospital (Bong Town).",,Jul 07,1978.0,,Apr 04,1979.0,,False,,,False,False,,Severity,,,
97faddefd4305c1ae30114365539d4e4,ae75afb2a2a20a1cabce2b8448afb145,645,Lassa mammarenavirus,Human delay - symptom onset>death,,0.0,Days,7.0,21.0,,,,,,,,,,,,False,,,False,False,Endemic,,,,False,False,,,,,,Both,Hospital based,Persons under investigation,,,,"Guinea, Liberia, Sierra Leone","Panguma Catholic Hospital (Eastern Province, Sierra Leone), Swedish Free Pentecostal Mission Clinic (Foya), Tellewoyan Memorial Hospital (Voinjama), Curran Lutheran Hospital (Zorzor), Bong Mine Hospital (Bong Town).",,Jul 07,1978.0,,Apr 04,1979.0,,False,,,False,False,,Human delay,7 - 21,,
db6a145e260e0d0c4a677045906fb7da,c5740f714e22c73dd35b4779dbab01cd,652,Lassa mammarenavirus,Seroprevalence - IgG,40.3,0.0,Percentage (%),39.0,42.0,Unspecified,,,,,,102.0,253.0,,,,False,,,False,False,Endemic,,,"Region, Sex, Time",True,False,,,,,,Both,Community based,Other,,,253.0,Guinea,"Bantou, Tanganya",,May 05,2004.0,,Oct 10,2004.0,,False,,,False,False,,Seroprevalence,39 - 42,,
db6a145e260e0d0c4a677045906fb7da,40e74929ccadf61650b516b64b8bcc4c,652,Lassa mammarenavirus,Seroprevalence - IgM,2.8,0.0,Percentage (%),,,Unspecified,,,,,,7.0,253.0,,,,False,,,False,False,Endemic,,,,False,False,,,,,,Both,Community based,Other,,,253.0,Guinea,"Bantou, Tanganya",,May 05,2004.0,,Oct 10,2004.0,,False,,,False,False,,Seroprevalence,,,
db6a145e260e0d0c4a677045906fb7da,13384754ebdc8a3255869b1063792b19,652,Lassa mammarenavirus,Risk factors,,0.0,,,,,,,,,,,,,,,False,,,False,False,Endemic,,,,False,False,Serology,Age;Other;Sex,,Not significant,Adjusted,Both,Community based,Other,,,253.0,Guinea,"Bantou, Tanganya",,May 05,2004.0,,Oct 10,2004.0,,False,,,False,False,,Risk factors,,,
505e2f91aac44f99e0062a562ad2eb50,7d97fce8e28b57469bba8e3c84333543,661,Lassa mammarenavirus,Seroprevalence - IgG,11.3,0.0,Percentage (%),10.0,12.9,Unspecified,,,9.3,13.3,95% CI,,,,,,False,,,False,False,Endemic,,,"Method, Region",True,False,,,,,,Both,Population based,General population,1.0,,977.0,Guinea,"Gueckedou, Lola, Yomou",10.0,Apr 04,2000.0,22.0,Apr 04,2000.0,,False,,,False,False,,Seroprevalence,10 - 12.9,95% CI,9.3 - 13.3
505e2f91aac44f99e0062a562ad2eb50,e8abba7b2fe2a87bb809b2fa9f6ee874,661,Lassa mammarenavirus,Risk factors,,0.0,,,,,,,,,,,,,,,False,,,False,False,Unspecified,,,,False,False,Serology,Age;Contact with animal;Funeral;Occupation;Other;Sex,Abattoir services;Livestock and animal herders,Not significant,Not adjusted,Both,Population based,General population,1.0,,1424.0,Guinea,"Gueckedou, Lola, Yomou",10.0,Apr 04,2000.0,22.0,Apr 04,2000.0,,False,,,False,False,,Risk factors,,,
505e2f91aac44f99e0062a562ad2eb50,5318ec04848b21f1d0a39452e1e34916,661,Lassa mammarenavirus,Risk factors,,0.0,,,,,,,,,,,,,,,False,,,False,False,Unspecified,,,,False,False,Serology,Other,,Significant,Not adjusted,Both,Population based,General population,1.0,,1424.0,Guinea,"Gueckedou, Lola, Yomou",10.0,Apr 04,2000.0,22.0,Apr 04,2000.0,,False,,,False,False,,Risk factors,,,
505e2f91aac44f99e0062a562ad2eb50,151a0e2291579fecb0aa6b8ce71d2023,661,Lassa mammarenavirus,Risk factors,,0.0,,,,,,,,,,,,,,,False,,,False,False,Unspecified,,,,False,False,Serology,Other,,Significant,Adjusted,Both,Population based,General population,1.0,,1424.0,Guinea,"Gueckedou, Lola, Yomou",10.0,Apr 04,2000.0,22.0,Apr 04,2000.0,,False,,,False,False,,Risk factors,,,
505e2f91aac44f99e0062a562ad2eb50,efc612fddd85bd934058572e38585f05,661,Lassa mammarenavirus,Risk factors,,0.0,,,,,,,,,,,,,,,False,,,False,False,Unspecified,,,,False,False,Serology,Contact with animal,,Not significant,Adjusted,Both,Population based,General population,1.0,,1424.0,Guinea,"Gueckedou, Lola, Yomou",10.0,Apr 04,2000.0,22.0,Apr 04,2000.0,,False,,,False,False,,Risk factors,,,
7da7c5391d9785aa82c2c375e4bfd63d,fd8ba15d3b8cb4fc4475e6d19ce86143,669,Lassa mammarenavirus,Seroprevalence - IFA,26.0,0.0,Percentage (%),12.1,30.1,Unspecified,,,,,,248.0,953.0,,,,False,,,False,False,Endemic,,,Level of exposure,True,False,,,,,,Both,Household based,Mixed groups,,,953.0,Sierra Leone,"Segbwema, Panguma, Kenema",,,,,,,,False,,,False,False,,Seroprevalence,12.1 - 30.1,,
7da7c5391d9785aa82c2c375e4bfd63d,494fe8bf3543be0c4b044ee753ee02a3,669,Lassa mammarenavirus,Risk factors,,0.0,,,,,,,,,,,,,,,False,,,False,False,Endemic,,,,False,False,Serology,Age;Household contact,,Significant,Not adjusted,Both,Household based,Mixed groups,,,953.0,Sierra Leone,"Segbwema, Panguma, Kenema",,,,,,,,False,,,False,False,,Risk factors,,,
7da7c5391d9785aa82c2c375e4bfd63d,b6765ec2bd649204c2d724cb67b22f6f,669,Lassa mammarenavirus,Risk factors,,0.0,,,,,,,,,,,,,,,False,,,False,False,Endemic,,,,False,False,Serology,Other,,Not significant,Not adjusted,Both,Household based,Mixed groups,,,953.0,Sierra Leone,"Segbwema, Panguma, Kenema",,,,,,,,False,,,False,False,,Risk factors,,,
790d01b9a25aa7992f470de55208e442,d669940ec53ff976515f4dc50406acb0,670,Lassa mammarenavirus,Severity - case fatality rate (CFR),33.0,0.0,Percentage (%),,,Unspecified,,,,,,6.0,18.0,,,,False,,,False,False,Unspecified,Naive,,,False,False,,,,,,Female,Hospital based,Pregnant women,,,18.0,Sierra Leone,Panguma Hospital,,Jan 01,1973.0,,Mar 03,1976.0,,False,,,False,False,,Severity,,,
790d01b9a25aa7992f470de55208e442,8877692df7c962815d0fd9deaffbb851,670,Lassa mammarenavirus,Severity - case fatality rate (CFR),75.0,0.0,Percentage (%),,,Unspecified,,,,,,9.0,12.0,,,,False,,,False,False,Unspecified,Naive,,,False,False,,,,,,Female,Hospital based,Pregnant women,,,12.0,Sierra Leone,"Nixon Memorial Hospital, Segbwema",,,1975.0,,,1975.0,,False,,,False,False,,Severity,,,
790d01b9a25aa7992f470de55208e442,51c6b29e32e35aab46ee1abc4e1d05a6,670,Lassa mammarenavirus,Seroprevalence - Unspecified,,0.0,,,,,,,,,,40.0,45.0,,,,False,,,False,False,Unspecified,,,,False,False,,,,,,Unspecified,Hospital based,Persons under investigation,,,45.0,Sierra Leone,Panguma Hospital,,Jan 01,1973.0,,Mar 03,1976.0,,False,,,False,False,,Seroprevalence,,,
790d01b9a25aa7992f470de55208e442,d3b57155519dad69ee8ed382973b341a,670,Lassa mammarenavirus,Severity - case fatality rate (CFR),15.9,0.0,Percentage (%),,,Unspecified,,,,,,22.0,138.0,,,,False,,,False,False,Unspecified,Naive,,,False,False,,,,,,Both,Hospital based,Persons under investigation,,,138.0,Sierra Leone,Panguma Hospital,,Jan 01,1973.0,,Mar 03,1976.0,,False,,,False,False,,Severity,,,
790d01b9a25aa7992f470de55208e442,c8967369c0832e97db76b3343456f661,670,Lassa mammarenavirus,Severity - case fatality rate (CFR),16.6,0.0,Percentage (%),,,Unspecified,,,,,,16.0,96.0,,,,False,,,False,False,Unspecified,Naive,,,False,False,,,,,,Both,Hospital based,Persons under investigation,,,96.0,Sierra Leone,"Nixon Memorial Hospital, Segbwema",,,1975.0,,,1975.0,,False,,,False,False,,Severity,,,
0cc7e97f1cf1c0b842089c48e6ae6d59,4ecfba8a7f927a79d115f01744ef00e6,678,Lassa mammarenavirus,Mutations - evolutionary rate,,,Substitutions/site/year,,,,,,,,,,,,,,False,,,False,False,Mid outbreak,,,,False,False,,,,,,Unspecified,Unspecified,Unspecified,,,120.0,Nigeria,"Edo, Ondo, Ebonyi",1.0,Jan 01,2018.0,18.0,Mar 03,2018.0,Lineage II - S segment,True,,,False,True,,Mutations,,,
0cc7e97f1cf1c0b842089c48e6ae6d59,503fa40be0f7b4cffef21950a967c2c4,678,Lassa mammarenavirus,Mutations - evolutionary rate,,,Substitutions/site/year,,,,,,,,,,,,,,False,,,False,True,Mid outbreak,,,,False,False,,,,,,Unspecified,Unspecified,Unspecified,,,120.0,Nigeria,"Edo, Ondo, Ebonyi",1.0,Jan 01,2018.0,18.0,Mar 03,2018.0,Lineage II - L segment,True,,,False,True,,Mutations,,,
1793ee9ab92a2bf7473fd7784e886f6f,39f439c884641b425bc2d7883501387e,693,Lassa mammarenavirus,Seroprevalence - IFA,,0.0,,,,,,,,,,8.0,4295.0,,,,False,,,False,False,Unspecified,,,,False,False,,,,,,Both,Population based,General population,,,4295.0,Central African Republic,"Nola And Ikaumba, The Pre
ForestGrassland Of Bozo And Bangassou, The Moist
Wooded Grassland Of Bouar And Obo, The Dry Wooded
Rassland Near Mbre, And The Dry Grassland-Of Birao.",,,,,,,,False,,,False,False,,Seroprevalence,,,
f4f08d2987375492993c9a652c7298e6,429ae8d19807e4ff53944ce5b3b8e6e4,696,Lassa mammarenavirus,Seroprevalence - IFA,,0.0,,,,,,,,,,0.0,1899.0,,,,False,,,False,False,Unspecified,,,,False,False,,,,,,Both,Population based,General population,1.5,,1899.0,Kenya,,,,,,,,,False,,,False,False,,Seroprevalence,,,
f4ebef3756ce6e3322425340cb7efc1d,a536ee19b1a919f39d157a41f3199a81,729,Lassa mammarenavirus,Seroprevalence - IFA,,0.0,,,,,,,,,,0.0,253.0,,,,False,,,False,False,Unspecified,,,,False,False,,,,,,Both,Population based,General population,0.0,,253.0,Gabon,Haut-Ogooue,13.0,Feb 02,1980.0,19.0,Mar 03,1980.0,,False,,,False,False,,Seroprevalence,,,
b63010ea9fc936c4fc131079f07c412f,04e5cbcd5e3cd395c6d9f44a1308ba53,742,Lassa mammarenavirus,Seroprevalence - IgG,24.0,0.0,Percentage (%),,,Unspecified,,,,,,,75.0,,,,False,,,False,False,Endemic,,,,False,False,,,,,,Unspecified,Unspecified,Unspecified,,,75.0,"Guinea, Nigeria",,,,,,,,,False,,,False,False,,Seroprevalence,,,
0fc40977ac8b38654ce594bcf364dc9d,85ab7c4bf3ae17d9cd50672c0af7300f,757,Lassa mammarenavirus,Seroprevalence - IgG,0.0,0.0,Percentage (%),,,Unspecified,,,,,,0.0,53.0,,,,False,,,False,False,Unspecified,,,,False,False,,,,,,Both,Contact based,Healthcare workers,22.0,62.0,53.0,Sweden,"Sahlgrenska University Hospital, Gothenburg",,Mar 03,2016.0,,,2016.0,,False,,,False,False,,Seroprevalence,,,
a741e728a30f2ccdc6c9d1ce42c96ee9,4e048bc914c611e87132b468d8073d2d,773,Lassa mammarenavirus,Seroprevalence - IFA,0.06,0.0,Percentage (%),,,Unspecified,,,,,,3.0,5070.0,,,,False,,,False,False,Unspecified,,,Region,True,False,,,,,,Both,Population based,General population,,,5070.0,"Cameroon, Central African Republic, Chad, Republic of the Congo, Equatorial Guinea, Gabon",,,Jan 01,1985.0,,Jun 06,1987.0,,False,,,False,False,,Seroprevalence,,,
80c20fc8f37a919eaae35b73ee19b413,5fa9a2314a43ea9bb8087c498e763cc9,799,Lassa mammarenavirus,Seroprevalence - IFA,,0.0,,,,,,,,,,5.0,715.0,,,,False,,,False,False,Unspecified,,,Region,True,False,,,,,,Unspecified,Unspecified,Unspecified,,,715.0,Central African Republic,"Bangassou, Botambi, Bouar, Bouboui, Bozo, Gomoka
Zemio",,,,,,,,False,,,False,False,,Seroprevalence,,,
660f431c3cc58327c010c0cae50c1a86,c4ec42aa7c62cd0d16099e38024308bd,832,Lassa mammarenavirus,Seroprevalence - Unspecified,13.0,0.0,Percentage (%),9.0,17.0,Unspecified,,,,,,27.0,206.0,,,,False,,,False,False,Endemic,,,"Age, Sex",True,False,,,,,,Both,Contact based,Persons under investigation,,,206.0,Sierra Leone,"Panguma, Tongo",23.0,Sep 09,1972.0,15.0,Oct 10,1972.0,,False,,,False,False,,Seroprevalence,9 - 17,,
660f431c3cc58327c010c0cae50c1a86,3735fad21a96ded689161f3077c75860,832,Lassa mammarenavirus,Severity - case fatality rate (CFR),38.0,0.0,Percentage (%),33.0,43.0,Unspecified,,,,,,24.0,63.0,,,,False,,,False,False,Endemic,Unspecified,,"Age, Sex",True,False,,,,,,Both,Hospital based,Persons under investigation,,,63.0,Sierra Leone,"Panguma, Tongo",1.0,Oct 10,1970.0,1.0,Oct 10,1972.0,,False,,,False,False,,Severity,33 - 43,,
660f431c3cc58327c010c0cae50c1a86,d08c03ca080a346b9083b6cbf6b4eb9c,832,Lassa mammarenavirus,Severity - case fatality rate (CFR),,0.0,,,,,,,,,,6.0,9.0,,,,False,,,False,False,Endemic,Unspecified,,,False,False,,,,,,Female,Hospital based,Pregnant women,,,9.0,Sierra Leone,"Panguma, Tongo",1.0,Oct 10,1970.0,1.0,Oct 10,1972.0,,False,,,False,False,,Severity,,,
660f431c3cc58327c010c0cae50c1a86,5a039ce7498f3cd43ad852df6ac88ce0,832,Lassa mammarenavirus,Seroprevalence - Unspecified,22.0,0.0,Percentage (%),19.0,33.0,Unspecified,,,,,,12.0,54.0,,,,False,,,False,False,Endemic,,,Occupation,True,False,,,,,,Unspecified,Hospital based,Healthcare workers,,,54.0,Sierra Leone,Panguma,23.0,Sep 09,1972.0,15.0,Oct 10,1972.0,,False,,,False,False,,Seroprevalence,19 - 33,,
660f431c3cc58327c010c0cae50c1a86,100c1179de3523553bf597c6200bbb06,832,Lassa mammarenavirus,Seroprevalence - Unspecified,,0.0,Percentage (%),0.0,13.0,,,,,,,,,,,,False,,,False,False,Endemic,,,Region,True,True,,,,,,Unspecified,Hospital based,Healthcare workers,,,,Sierra Leone,"Segbwema, Serabu, Koidu, Mobai",23.0,Sep 09,1972.0,15.0,Oct 10,1972.0,,False,,,False,False,,Seroprevalence,0 - 13,,
660f431c3cc58327c010c0cae50c1a86,d8f76b8f3869c26a77fd3d14f98a39f8,832,Lassa mammarenavirus,Risk factors,,0.0,,,,,,,,,,,,,,,False,,,False,False,Endemic,,,,False,False,Serology,Household contact;Other,,Significant,Not adjusted,Both,Household based,Mixed groups,,,206.0,Sierra Leone,"Panguma, Tongo",23.0,Sep 09,1972.0,15.0,Oct 10,1972.0,,False,,,False,False,,Risk factors,,,
660f431c3cc58327c010c0cae50c1a86,c03455156aa300db7290ff8aeff53c7b,832,Lassa mammarenavirus,Risk factors,,0.0,,,,,,,,,,,,,,,False,,,False,False,Endemic,,,,False,False,Attack Rate,Age,,Significant,Not adjusted,Both,Population based,General population,,,,Sierra Leone,"Panguma, Tongo",1.0,Oct 10,1970.0,1.0,Oct 10,1972.0,,False,,,False,False,,Risk factors,,,
660f431c3cc58327c010c0cae50c1a86,332b2c7a70932ddc3a303d178bea18c0,832,Lassa mammarenavirus,Risk factors,,0.0,,,,,,,,,,,,,,,False,,,False,False,Endemic,,,,False,False,Attack Rate,Sex,,Not significant,Not adjusted,Both,Population based,General population,,,,Sierra Leone,"Panguma, Tongo",1.0,Oct 10,1970.0,1.0,Oct 10,1972.0,,False,,,False,False,,Risk factors,,,
660f431c3cc58327c010c0cae50c1a86,7e9f31d374ffc9450092844f287a704b,832,Lassa mammarenavirus,Seroprevalence - Unspecified,6.0,0.0,Percentage (%),0.0,11.8,Unspecified,,,,,,16.0,255.0,,,,False,,,False,False,Endemic,,,"Age, Other, Region, Sex",True,False,,,,,,Both,Household based,General population,,,255.0,Sierra Leone,"Panguma, Tongo",23.0,Sep 09,1972.0,15.0,Oct 10,1972.0,,False,,,False,False,,Seroprevalence,0 - 11.8,,
660f431c3cc58327c010c0cae50c1a86,a7c1c6c4da788f64044b907cddceafa3,832,Lassa mammarenavirus,Attack rate,2.2,-3.0,No units,0.0,8.1,Unspecified,,,,,,,,,,,False,,,False,False,Endemic,,,"Age, Sex",True,False,,,,,,Both,Population based,General population,,,,Sierra Leone,"Panguma, Tongo",1.0,Oct 10,1970.0,1.0,Oct 10,1972.0,,False,,,False,False,,Attack rate,0 - 8.1,,
f0bc2a2202e1538c79a7613cd2f9c55c,b3e56e93fa96019b637ea8f6f2982428,838,Lassa mammarenavirus,Seroprevalence - IFA,14.9,0.0,Percentage (%),3.8,40.4,Unspecified,,,,,,95.0,637.0,,,,False,,,False,False,Unspecified,,,"Other, Region",True,False,,,,,,Unspecified,Hospital based,Healthcare workers,,,637.0,Liberia,"Lofa, Grand Cape Mount, Mont-Serrado, Nimba, Bong, Grand Bassa, Grand Gedeh, Maryland",,,1979.0,,,1982.0,,False,,,False,False,,Seroprevalence,3.8 - 40.4,,
f3e0da17630314ea0ff0276cac6aee00,0caddd63cdd3b48e1ed2c5e0e51ffe0a,840,Lassa mammarenavirus,Seroprevalence - IFA,,0.0,Percentage (%),6.0,28.0,,,,,,,,,,,,False,,,False,False,Unspecified,,,"Other, Time",True,True,,,,,,Unspecified,Hospital based,Other,,,,Liberia,"Zorzor, Ganta, Paynesville",,Jul 07,1980.0,,Apr 04,1982.0,,False,,,False,False,,Seroprevalence,6 - 28,,
795d5079bab4b88710bda4432214930d,079785ab6d90a93a1e077d5c0cc8a357,841,Lassa mammarenavirus,Seroprevalence - IFA,8.4,0.0,Percentage (%),4.1,22.9,Unspecified,,,,,,71.0,844.0,,,,False,,,False,False,Unspecified,,,"Occupation, Other, Region",True,False,,,,,,Both,Hospital based,Healthcare workers,,,844.0,Liberia,"Lofa County, Bong County, Nimba County, Monrovia, Bassa County",,Oct 10,1976.0,,Oct 10,1977.0,,False,,,False,False,,Seroprevalence,4.1 - 22.9,,
bf0fa77e86f391b4b01b755a19c3d17a,2c87dce09d7fa892467e07be68e4148a,842,Lassa mammarenavirus,Human delay - incubation period,,0.0,Days,7.0,17.0,,,,,,,,,,,,False,,,False,False,Unspecified,,,,False,False,,,,,,Female,Hospital based,Healthcare workers,45.0,69.0,3.0,Nigeria,Lassa,12.0,Jan 01,1969.0,20.0,Feb 02,1969.0,,False,,,False,False,,Human delay,7 - 17,,
ab9eae2de8067ae68eaa8c6d0996b071,0cba6c6afa55375dcb35fd82c7436513,845,Lassa mammarenavirus,Severity - case fatality rate (CFR),9.3,0.0,Percentage (%),,,Unspecified,,,,,,23.0,246.0,,,,False,,,False,False,Unspecified,Adjusted,,"Age, Other, Sex, Symptoms",True,False,,,,,,Both,Hospital based,Persons under investigation,0.0,,246.0,Liberia,Zorzor,1.0,Jul 07,1980.0,30.0,Apr 04,1986.0,,False,,,False,False,,Severity,,,
ab9eae2de8067ae68eaa8c6d0996b071,58da15de60ce36b58172edd5338fb525,845,Lassa mammarenavirus,Severity - case fatality rate (CFR),15.6,0.0,Percentage (%),,,Unspecified,,,,,,5.0,32.0,,,,False,,,False,False,Unspecified,Adjusted,,,False,False,,,,,,Female,Hospital based,Pregnant women,,,,Liberia,Zorzor,1.0,Jul 07,1980.0,30.0,Apr 04,1986.0,,False,,,False,False,,Severity,,,
ab9eae2de8067ae68eaa8c6d0996b071,e4c13f51665f2cae906405bc5afc55e3,845,Lassa mammarenavirus,Severity - case fatality rate (CFR),26.7,0.0,Percentage (%),,,Unspecified,,,,,,4.0,15.0,,,,False,,,False,False,Unspecified,Adjusted,,,False,False,,,,,,Unspecified,Hospital based,Children,,12.0,15.0,Liberia,Zorzor,1.0,Jul 07,1980.0,30.0,Apr 04,1986.0,,False,,,False,False,,Severity,,,
52d098072a6521550fafc591f93894df,1fc468680f8bb71461d947e2d57494bc,854,Lassa mammarenavirus,Severity - case fatality rate (CFR),65.0,0.0,Percentage (%),,,Unspecified,,,,,,22.0,34.0,,,,False,,,False,False,Unspecified,Unspecified,,,False,False,,,,,,Unspecified,Hospital based,Persons under investigation,,,34.0,Nigeria,"Aboh Mbaise, Aba, Owerri",1.0,Jan 01,1989.0,31.0,Mar 03,1989.0,,False,,,False,False,,Severity,,,
52d098072a6521550fafc591f93894df,5373eea5a428319c356346ec19f70d42,854,Lassa mammarenavirus,Human delay - time in care (length of stay),11.5,0.0,Days,,,Mean,4.97,Standard Deviation,,,,,,,,,False,,,False,False,Unspecified,,,,False,False,,,,,,Unspecified,Hospital based,Persons under investigation,,,,Nigeria,Aboh Mbaise,1.0,Jan 01,1989.0,31.0,Mar 03,1989.0,,False,,,False,False,,Human delay,,Standard Deviation,4.97
52d098072a6521550fafc591f93894df,f24083c0bb89bda1966bf4df9e3c38fe,854,Lassa mammarenavirus,Seroprevalence - IFA,1.0,0.0,Percentage (%),,,Unspecified,,,,,,6.0,415.0,,,,False,,,False,False,Unspecified,,,,False,False,,,,,,Unspecified,Community based,Unspecified,,,415.0,Nigeria,Aboh Mbaise,1.0,Jan 01,1989.0,31.0,Mar 03,1989.0,,False,,,False,False,,Seroprevalence,,,
52d098072a6521550fafc591f93894df,a3f19cefbb0e962b2fdfc6c851f3aff3,854,Lassa mammarenavirus,Seroprevalence - IFA,1.0,0.0,Percentage (%),,,Unspecified,,,,,,2.0,175.0,,,,False,,,False,False,Unspecified,,,,False,False,,,,,,Unspecified,Hospital based,Healthcare workers,,,175.0,Nigeria,Aboh Mbaise,1.0,Jan 01,1989.0,31.0,Mar 03,1989.0,,False,,,False,False,,Seroprevalence,,,
52d098072a6521550fafc591f93894df,3aa78239668341d0b6f52971832c96da,854,Lassa mammarenavirus,Seroprevalence - IFA,2.0,0.0,Percentage (%),,,Unspecified,,,,,,5.0,240.0,,,,False,,,False,False,Unspecified,,,,False,False,,,,,,Unspecified,Hospital based,Healthcare workers,,,240.0,Nigeria,Aba,1.0,Jan 01,1989.0,31.0,Mar 03,1989.0,,False,,,False,False,,Seroprevalence,,,
52d098072a6521550fafc591f93894df,3dcf78da29072e8c56044e57c2aac467,854,Lassa mammarenavirus,Seroprevalence - IFA,0.0,0.0,Percentage (%),,,Unspecified,,,,,,0.0,47.0,,,,False,,,False,False,Unspecified,,,,False,False,,,,,,Unspecified,Hospital based,Healthcare workers,,,47.0,Nigeria,University Of Nigeria Teaching Hospital,1.0,Jan 01,1989.0,31.0,Mar 03,1989.0,,False,,,False,False,,Seroprevalence,,,
36713db2290760abfbf66d3613f24e57,b6f1e943ecf9c00f7ebab0b9946ae1c3,870,Lassa mammarenavirus,Severity - case fatality rate (CFR),100.0,0.0,Percentage (%),,,Unspecified,,,,,,2.0,2.0,,,,False,,,False,False,Unspecified,Unspecified,,,False,False,,,,,,Unspecified,Hospital based,Children,,,2.0,Liberia,"Curran Lutheran Hospital, Zorzor",,Jul 07,1980.0,,Apr 04,1982.0,,False,,,False,False,,Severity,,,
36713db2290760abfbf66d3613f24e57,da9fa041f50f60ae429c2f31f1132865,870,Lassa mammarenavirus,Severity - case fatality rate (CFR),66.7,0.0,Percentage (%),,,Unspecified,,,,,,2.0,3.0,,,,False,,,False,False,Unspecified,Unspecified,,,False,False,,,,,,Female,Hospital based,Pregnant women,,,3.0,Liberia,"Curran Lutheran Hospital, Zorzor",,Jul 07,1980.0,,Apr 04,1982.0,,False,,,False,False,,Severity,,,
36713db2290760abfbf66d3613f24e57,103870c66eddfe438c139e614d1ae32c,870,Lassa mammarenavirus,Severity - case fatality rate (CFR),13.6,0.0,Percentage (%),,,Unspecified,,,,,,6.0,44.0,,,,False,,,False,False,Unspecified,Unspecified,,"Age, Other, Sex",True,False,,,,,,Both,Hospital based,Persons under investigation,,,44.0,Liberia,"Curran Lutheran Hospital, Zorzor",,Jul 07,1980.0,,Apr 04,1982.0,,False,,,False,False,,Severity,,,
f34ed57a5df66d4d53a6900a0964ecdd,6639c36ebd5f58e309c34f840c4793ac,871,Lassa mammarenavirus,Seroprevalence - IFA,1.5,0.0,Percentage (%),,,Unspecified,,,,,,2.0,135.0,,,,False,,,False,False,Unspecified,,,,False,False,,,,,,Unspecified,Hospital based,Children,0.0,12.0,161.0,Liberia,"Curran Lutheran Hospital, Zorzor, Lofa County",,Feb 02,1982.0,,Feb 02,1982.0,,False,,,False,False,,Seroprevalence,,,
f34ed57a5df66d4d53a6900a0964ecdd,7e88c7d13c546fbc813d71091995daac,871,Lassa mammarenavirus,Severity - case fatality rate (CFR),27.0,0.0,Percentage (%),,,Unspecified,,,,,,4.0,15.0,,,,False,,,False,False,Unspecified,Unspecified,,,False,False,,,,,,Unspecified,Hospital based,Children,0.0,12.0,15.0,Liberia,"Zorzor, Lofa County, Suakoko, Bong County",,,,,,,,False,,,False,False,,Severity,,,
f34ed57a5df66d4d53a6900a0964ecdd,0876c3a0abefe168d9a8e7421d2dd6ae,871,Lassa mammarenavirus,Severity - case fatality rate (CFR),17.0,0.0,Percentage (%),,,Unspecified,,,,,,3.0,18.0,,,,False,,,False,False,Unspecified,Unspecified,,,False,False,,,,,,Female,Hospital based,Pregnant women,,,18.0,Liberia,,,,,,,,,False,,,False,False,,Severity,,,
3fa95b605705c7e4ca5b52491dbfe7b5,3006374ca92b2761fe710bdd28c69513,873,Lassa mammarenavirus,Severity - case fatality rate (CFR),36.0,0.0,Percentage (%),,,Unspecified,,,,,,4.0,11.0,,,,False,,,False,False,Unspecified,Unspecified,,,False,False,,,,,,Unspecified,Hospital based,Persons under investigation,,,11.0,Liberia,Zorzor,,Mar 03,1972.0,,Apr 04,1972.0,,False,,,False,False,,Severity,,,
3fa95b605705c7e4ca5b52491dbfe7b5,c34d3391f36f7bfe359134881ad8d85a,873,Lassa mammarenavirus,Seroprevalence - Unspecified,,0.0,,,,,,,,,,2.0,17.0,,,,False,,,False,False,Unspecified,,,,False,False,,,,,,Unspecified,Hospital based,Healthcare workers,,,17.0,Liberia,Zorzor,,Mar 03,1972.0,,Apr 04,1972.0,,False,,,False,False,,Seroprevalence,,,
3fa95b605705c7e4ca5b52491dbfe7b5,cf2dde90043151e21a39f4ece6a25038,873,Lassa mammarenavirus,Seroprevalence - Unspecified,,0.0,,,,,,,,,,0.0,40.0,,,,False,,,False,False,Unspecified,,,,False,False,,,,,,Unspecified,Hospital based,Healthcare workers,,,40.0,Liberia,Zorzor,,Mar 03,1972.0,,Apr 04,1972.0,,False,,,False,False,,Seroprevalence,,,
3fa95b605705c7e4ca5b52491dbfe7b5,c1f419d52dcbf656c109fe412c6d5b96,873,Lassa mammarenavirus,Seroprevalence - Unspecified,,0.0,,,,,,,,,,0.0,22.0,,,,False,,,False,False,Unspecified,,,,False,False,,,,,,Unspecified,Contact based,Persons under investigation,,,22.0,Liberia,Zorzor,,Mar 03,1972.0,,Apr 04,1972.0,,False,,,False,False,,Seroprevalence,,,
3fa95b605705c7e4ca5b52491dbfe7b5,a19c1786c8baea3846dbd5eff8cc19f9,873,Lassa mammarenavirus,Seroprevalence - Unspecified,3.0,0.0,Percentage (%),,,Unspecified,,,,,,4.0,133.0,,,,False,,,False,False,Unspecified,,,,False,False,,,,,,Unspecified,Community based,General population,,,133.0,Liberia,Zigida,,Mar 03,1972.0,,Apr 04,1972.0,,False,,,False,False,,Seroprevalence,,,
45f8d2ecb0313c08ff0806319863b7bb,36b35a7cfdce0d55cd0758c210c31722,874,Lassa mammarenavirus,Severity - case fatality rate (CFR),8.0,0.0,Percentage (%),,,Unspecified,,,,,,1.0,12.0,,,,False,,,False,False,Unspecified,Unspecified,,,False,False,,,,,,Unspecified,Hospital based,Persons under investigation,,,12.0,Sierra Leone,"Panguma Catholic Hospital, Eastern Province",23.0,Sep 09,1972.0,15.0,Oct 10,1972.0,,False,,,False,False,,Severity,,,
45f8d2ecb0313c08ff0806319863b7bb,6b6ec0ef863b546a8ca3e3161ea9c6e1,874,Lassa mammarenavirus,Human delay - symptom onset>admission to care,,0.0,Days,4.0,9.0,,,,,,,,,,,,False,,,False,False,Unspecified,,,,False,False,,,,,,Unspecified,Hospital based,Persons under investigation,,,12.0,Sierra Leone,"Panguma Catholic Hospital, Eastern Province",23.0,Sep 09,1972.0,15.0,Oct 10,1972.0,,False,,,False,False,,Human delay,4 - 9,,
7245b52c05ac42403a567bfe64a11e87,bb2154e4ba87c89e89ef98944831ae4b,920,Lassa mammarenavirus,Severity - case fatality rate (CFR),15.6,0.0,Percentage (%),5.0,76.0,Unspecified,,,,,,53.0,333.0,,,,False,,,False,False,Endemic,Naive,,Other,True,False,,,,,,Unspecified,Hospital based,Persons under investigation,,,441.0,Sierra Leone,East,,,1977.0,,,1977.0,,False,,,False,False,,Severity,5 - 76,,
7245b52c05ac42403a567bfe64a11e87,1529fafc9892e9e2db5a35738fe20571,920,Lassa mammarenavirus,Risk factors,,0.0,,,,,,,,,,,,,,,False,,,False,False,Endemic,,,,False,False,Death,Other,,Significant,Adjusted,Unspecified,Hospital based,Persons under investigation,,,,Sierra Leone,East,,,1977.0,,,1977.0,,False,,,False,False,,Risk factors,,,
7245b52c05ac42403a567bfe64a11e87,733161a6765424b4db39b603815ae8c9,920,Lassa mammarenavirus,Risk factors,,0.0,,,,,,,,,,,,,,,False,,,False,False,Endemic,,,,False,False,Death,Other,,Not significant,Not adjusted,Unspecified,Hospital based,Persons under investigation,,,,Sierra Leone,East,,,1977.0,,,1977.0,,False,,,False,False,,Risk factors,,,
8e65ddc12e62761135c5a76a1499c146,b3adf084a2f98f637c93f2d8ab2047ea,921,Lassa mammarenavirus,Severity - case fatality rate (CFR),16.5,0.0,Percentage (%),15.2,22.2,Unspecified,,,,,,73.0,441.0,,,,False,,,False,False,Endemic,Unspecified,,"Age, Sex",True,False,,,,,,Unspecified,Hospital based,Persons under investigation,,,441.0,Sierra Leone,East,,Feb 02,1977.0,,Jan 01,1979.0,,False,,,False,False,,Severity,15.2 - 22.2,,
ba4e1263c13cf97255a44b3264cf4d71,b3fff989108f2b97fd55d6ee532541fa,934,Lassa mammarenavirus,Seroprevalence - IgG,2.0,0.0,Percentage (%),,,Unspecified,,,,,,6.0,,,,,False,,,False,False,Unspecified,,,,False,False,,,,,,Both,Hospital based,Mixed groups,1.0,89.0,,Sudan,Khartoum,,Oct 10,1988.0,,Nov 11,1988.0,,False,,,False,False,,Seroprevalence,,,
9308b8da9588af19c3734aab883effb7,53b3cc4eb52874ea2d960193e2b3463b,941,Lassa mammarenavirus,Seroprevalence - IFA,0.0,0.0,Percentage (%),,,Unspecified,,,,,,0.0,381.0,,,,False,,,False,False,Unspecified,,,,False,False,,,,,,Unspecified,Unspecified,Unspecified,,,381.0,Madagascar,"Antananarivo, Manndoto, Andasibe, Tsiroanomandidy, Ampijoroa",,,,,,,,False,,,False,False,,Seroprevalence,,,
2f2951893508f78831508827938612ea,809f17f5ad66f92c65c66512cd9688b8,991,Lassa mammarenavirus,Seroprevalence - Unspecified,4.9,0.0,Percentage (%),2.2,9.8,Unspecified,,,,,,53.0,1077.0,,,,False,,,False,False,Endemic,,,Other,True,False,,,,,,Unspecified,Hospital based,Healthcare workers,,,1077.0,Nigeria,"Plateau State, Kaduna State",,,,,,,,False,,,False,False,,Seroprevalence,2.2 - 9.8,,
b49c69603aced73283cfaee7079d86e5,db89e636f3a229c4b8091322b6599fe1,1012,Lassa mammarenavirus,Seroprevalence - IgG,12.0,0.0,Percentage (%),,,Unspecified,,,,,,,,,,,False,,,False,False,Unspecified,,,,False,False,,,,,,Both,Population based,General population,18.0,53.0,64.0,Guinea,Macenta,,,,,,,,False,,,False,False,,Seroprevalence,,,
b49c69603aced73283cfaee7079d86e5,81c23c7560872c54f6eda0d49b4ac61e,1012,Lassa mammarenavirus,Seroprevalence - IgG,20.0,0.0,Percentage (%),,,Unspecified,,,,,,,,,,,False,,,False,False,Unspecified,,,,False,False,,,,,,Both,Population based,General population,18.0,53.0,149.0,Guinea,Gueckedou,,,,,,,,False,,,False,False,,Seroprevalence,,,
b49c69603aced73283cfaee7079d86e5,6870ddd752e7e4cd67211cd8a62783dd,1012,Lassa mammarenavirus,Seroprevalence - IgG,20.0,0.0,Percentage (%),,,Unspecified,,,,,,,,,,,False,,,False,False,Unspecified,,,,False,False,,,,,,Both,Population based,General population,18.0,53.0,50.0,Côte d'Ivoire,"Abidjan, Northeastern Region",,,,,,,,False,,,False,False,,Seroprevalence,,,
b49c69603aced73283cfaee7079d86e5,df8e7d5ddb67482aba859cf0e1d5e36c,1012,Lassa mammarenavirus,Seroprevalence - IgG,3.8,0.0,Percentage (%),,,Unspecified,,,,,,,,,,,False,,,False,False,Unspecified,,,,False,False,,,,,,Both,Population based,General population,18.0,53.0,480.0,Ghana,"Tamale, Agogo, Kumasi",,,,,,,,False,,,False,False,,Seroprevalence,,,
b49c69603aced73283cfaee7079d86e5,3b0ba21dcf85edcb18e4bcb5fb9b7e73,1012,Lassa mammarenavirus,Seroprevalence - IgG,9.9,0.0,Percentage (%),,,Unspecified,,,,,,,,,,,False,,,False,False,Unspecified,,,,False,False,,,,,,Both,Population based,General population,18.0,53.0,101.0,Benin,Central Region,,,,,,,,False,,,False,False,,Seroprevalence,,,
b49c69603aced73283cfaee7079d86e5,4e5ae36c7e6df06eaba89951d99c7962,1012,Lassa mammarenavirus,Seroprevalence - IgG,10.3,0.0,Percentage (%),,,Unspecified,,,,,,,,,,,False,,,False,False,Unspecified,,,,False,False,,,,,,Both,Population based,General population,18.0,53.0,116.0,Nigeria,Southeast,,,,,,,,False,,,False,False,,Seroprevalence,,,
c976936c0d69d6e24f62becdb76de4d0,a3933c3b7dc363f64cc4119afe84da93,1033,Lassa mammarenavirus,Severity - case fatality rate (CFR),29.0,0.0,Percentage (%),,,Unspecified,,,,,,,,,,,False,,,False,False,Endemic,Unspecified,,,False,False,,,,,,Unspecified,Hospital based,Persons under investigation,,,25.0,Nigeria,"Edo North, Central Senatorial District Of Edo State",,Nov 11,2005.0,,Feb 02,2008.0,,False,,,False,False,,Severity,,,
c976936c0d69d6e24f62becdb76de4d0,143db1cb76d77868f0c9b327a565de11,1033,Lassa mammarenavirus,Seroprevalence - IgG,1.8,0.0,Percentage (%),,,Unspecified,,,,,,8.0,451.0,,,,False,,,False,False,Endemic,,,,False,False,,,,,,Unspecified,Hospital based,Persons under investigation,,,451.0,Nigeria,"Edo North, Central Senatorial District Of Edo State",,,,,,,,False,,,False,False,,Seroprevalence,,,
c976936c0d69d6e24f62becdb76de4d0,39514a5fca8193c04dd3f498e8aa74ed,1033,Lassa mammarenavirus,Seroprevalence - IgM,0.0,0.0,Percentage (%),,,Unspecified,,,,,,0.0,451.0,,,,False,,,False,False,Endemic,,,,False,False,,,,,,Unspecified,Hospital based,Persons under investigation,,,451.0,Nigeria,"Edo North, Central Senatorial District Of Edo State",,,,,,,,False,,,False,False,,Seroprevalence,,,
dbb523fa544a0bb81d6efea78c5fcba7,0ac0f309749edeb04ed2c382f1eae005,1080,Lassa mammarenavirus,Severity - case fatality rate (CFR),61.0,0.0,Percentage (%),29.0,87.0,Unspecified,,,,,,22.0,36.0,,,,False,,,False,False,Endemic,Unspecified,,"Age, Other, Sex, Symptoms",True,False,,,,,,Both,Hospital based,Mixed groups,,,84.0,Sierra Leone,Bo District,,Apr 04,2011.0,,Feb 02,2012.0,,False,,,False,False,,Severity,29 - 87,,
acb2f148003828c9205243119e89f8b2,129acae3f8487d601f8120b08b15bb75,1083,Lassa mammarenavirus,Severity - case fatality rate (CFR),42.0,0.0,Percentage (%),,,Unspecified,,,,,,10.0,24.0,,,,False,,,False,False,Unspecified,Unspecified,,Symptoms,True,False,,,,,,Both,Hospital based,Persons under investigation,,,24.0,Sierra Leone,Segbwema,,,,,,,,False,,,False,False,,Severity,,,
acb2f148003828c9205243119e89f8b2,51e15d3170cbe9fce7f2296efdb1fcb8,1083,Lassa mammarenavirus,Risk factors,,0.0,,,,,,,,,,,,,,,False,,,False,False,Unspecified,,,,False,False,Severe disease,Other,,Significant,Not adjusted,Both,Hospital based,Persons under investigation,,,24.0,Sierra Leone,Segbwema,,,,,,,,False,,,False,False,,Risk factors,,,
acb2f148003828c9205243119e89f8b2,b5cd2ddc32875267473cd5a9272ff279,1083,Lassa mammarenavirus,Risk factors,,0.0,,,,,,,,,,,,,,,False,,,False,False,Unspecified,,,,False,False,Severe disease,Other,,Not significant,Not adjusted,Both,Hospital based,Persons under investigation,,,24.0,Sierra Leone,Segbwema,,,,,,,,False,,,False,False,,Risk factors,,,
a1a530432af637ad1a77bdc7205db000,e7511b18ed0a28f2e3438065f787eb57,1173,Lassa mammarenavirus,Severity - case fatality rate (CFR),63.2,0.0,Percentage (%),,,Unspecified,,,,,,12.0,19.0,,,,False,,,False,False,Endemic,Unspecified,,,False,False,,,,,,Both,Hospital based,Persons under investigation,,,19.0,Nigeria,Ondo State,1.0,Dec 12,2015.0,30.0,Apr 04,2016.0,,False,,,False,False,,Severity,,,
a1a530432af637ad1a77bdc7205db000,5128ec955dcd3fbbe8687f53d433a97d,1173,Lassa mammarenavirus,Human delay - symptom onset>admission to care,2.0,0.0,Days,,,Median,,,0.0,17.0,Unspecified,,,,,,False,,,False,False,Endemic,,,,False,False,,,,,,Both,Hospital based,Persons under investigation,,,19.0,Nigeria,Ondo State,1.0,Dec 12,2015.0,30.0,Apr 04,2016.0,,False,,,False,False,,Human delay,,Unspecified,0 - 17
fbc5907283881d69594020afac033677,6817f6dbe5d60f974dca22ae0db97f14,1181,Lassa mammarenavirus,Severity - case fatality rate (CFR),28.0,0.0,Percentage (%),23.0,44.0,Unspecified,,,,,,18.0,64.0,,,,False,,,False,False,Unspecified,Unspecified,,Sex,True,False,,,,,,Both,Hospital based,Persons under investigation,,,908.0,Nigeria,Irrua,,Jan 01,2007.0,,Dec 12,2007.0,,False,,,False,False,,Severity,23 - 44,,
3b03ec9238bd26c47a0733c9da8dd6df,23953a21cff0e3baa42cc0cb88deb5b7,1183,Lassa mammarenavirus,Severity - case fatality rate (CFR),43.9,0.0,Percentage (%),,,Unspecified,,,,,,,,,,,False,,,False,False,Endemic,Unspecified,,,False,False,,,,,,Unspecified,Population based,Persons under investigation,,,,Nigeria,,1.0,Jan 01,2017.0,25.0,Mar 03,2017.0,,False,,,False,False,,Severity,,,
3b03ec9238bd26c47a0733c9da8dd6df,9c48dc6e0c3e430fc8269c47cc544eaf,1183,Lassa mammarenavirus,Severity - case fatality rate (CFR),25.8,0.0,Percentage (%),,,Unspecified,,,,,,,,,,,False,,,False,False,Endemic,Unspecified,,,False,False,,,,,,Unspecified,Population based,Persons under investigation,,,,Nigeria,,1.0,Jan 01,2018.0,25.0,Mar 03,2018.0,,False,,,False,False,,Severity,,,
c1bb52fcc961620a4eda760cc32c37f3,b4b47671bea55a12c8ae978ac26c980d,1192,Lassa mammarenavirus,Severity - case fatality rate (CFR),27.0,0.0,Percentage (%),21.9,60.0,Unspecified,,,,,,10.0,37.0,,,,False,,,False,False,Unspecified,Adjusted,,Symptoms,True,False,,,,,,Both,Hospital based,Persons under investigation,11.0,61.0,37.0,Nigeria,Irrua,,Jul 07,2007.0,,Apr 04,2009.0,,False,,,False,False,,Severity,21.9 - 60,,
c1bb52fcc961620a4eda760cc32c37f3,0d6a2f9bfe256ac082dd7d2ca59729fc,1192,Lassa mammarenavirus,Risk factors,,0.0,,,,,,,,,,,,,,,False,,,False,False,Unspecified,,,,False,False,Death,Other,,Not significant,Not adjusted,Both,Hospital based,Persons under investigation,11.0,61.0,37.0,Nigeria,Irrua,,Jul 07,2007.0,,Apr 04,2009.0,,False,,,False,False,,Risk factors,,,
c8e4b7e0238e7c60dd39f7f6bcb8a86b,35f2ab4dd9d66dd5127af61b20c19357,1234,Lassa mammarenavirus,Seroprevalence - Unspecified,,0.0,,,,,,,,,,10.0,458.0,,,,False,,,False,False,Unspecified,,,,False,False,,,,,,Unspecified,Community based,General population,,,458.0,Nigeria,Benue River,,,1965.0,,,1966.0,,False,,,False,False,,Seroprevalence,,,
c8e4b7e0238e7c60dd39f7f6bcb8a86b,7471c21519426c92e54cbcb8b27eabea,1234,Lassa mammarenavirus,Seroprevalence - Unspecified,,0.0,,,,,,,,,,5.0,712.0,,,,False,,,False,False,Unspecified,,,Region,True,False,,,,,,Unspecified,Other,Other,,,712.0,"DRC, Côte d'Ivoire, Ethiopia, Gabon, Guinea, Kenya, Liberia, Mali, Niger, Nigeria, Tanzania",,,,,,,,,False,,,False,False,,Seroprevalence,,,
c8e4b7e0238e7c60dd39f7f6bcb8a86b,ea76d8c1501ee6043d584a30952f20dc,1234,Lassa mammarenavirus,Seroprevalence - Unspecified,,0.0,,,,,,,,,,23.0,281.0,,,,False,,,False,False,Unspecified,,,"Age, Region",True,False,,,,,,Unspecified,Community based,General population,,,281.0,Nigeria,Ibadan,,,1965.0,,,1970.0,,False,,,False,False,,Seroprevalence,,,
45e4e64651134d7e732c97318297f4f8,6e43e394107ce0dd255ac16f562aaf7a,1235,Lassa mammarenavirus,Seroprevalence - IFA,35.0,0.0,Percentage (%),31.0,45.0,Unspecified,,,,,,360.0,1024.0,,,,False,,,False,False,Endemic,,,"Age, Sex",True,False,,,,,,Both,Community based,General population,15.0,65.0,1024.0,Sierra Leone,"Niahun, Konia",,,1978.0,,,1981.0,,False,,,False,False,,Seroprevalence,31 - 45,,
45e4e64651134d7e732c97318297f4f8,cd668853d77bb5ca60383d7c2bce1c78,1235,Lassa mammarenavirus,Seroprevalence - IFA,22.0,0.0,Percentage (%),16.0,50.0,Unspecified,,,,,,108.0,496.0,,,,False,,,False,False,Endemic,,,"Age, Level of exposure, Occupation, Sex",True,False,,,,,,Both,Hospital based,Healthcare workers,15.0,65.0,496.0,Sierra Leone,Eastern Province,,,1972.0,,,1983.0,,False,,,False,False,,Seroprevalence,16 - 50,,
45e4e64651134d7e732c97318297f4f8,815bfad0257ac0cc06c3e169225878f6,1235,Lassa mammarenavirus,Risk factors,,0.0,,,,,,,,,,,,,,,False,,,False,False,Endemic,,,,False,False,Serology,Occupation,Healthcare,Significant,Not adjusted,Both,Mixed settings,Mixed groups,15.0,65.0,,Sierra Leone,Eastern Province,,,1972.0,,,1983.0,,False,,,False,False,,Risk factors,,,
45e4e64651134d7e732c97318297f4f8,63e55124d28b5f1df1a4360a38a450f1,1235,Lassa mammarenavirus,Risk factors,,0.0,,,,,,,,,,,,,,,False,,,False,False,Endemic,,,,False,False,Serology,Close contact;Occupation,Healthcare,Significant,Adjusted,Both,Mixed settings,Mixed groups,15.0,65.0,,Sierra Leone,Eastern Province,,,1972.0,,,1983.0,,False,,,False,False,,Risk factors,,,
45e4e64651134d7e732c97318297f4f8,e7bd1de2fe73d5c50533a34397aab46d,1235,Lassa mammarenavirus,Risk factors,,0.0,,,,,,,,,,,,,,,False,,,False,False,Endemic,,,,False,False,Serology,Close contact;Occupation,Healthcare,Not significant,Adjusted,Both,Mixed settings,Mixed groups,15.0,65.0,,Sierra Leone,Eastern Province,,,1972.0,,,1983.0,,False,,,False,False,,Risk factors,,,
cf191c255fcd483b5fde439c73ccba5d,20b9043417db7b69e83c42943941d850,1254,Lassa mammarenavirus,Severity - case fatality rate (CFR),29.0,0.0,Percentage (%),,,Unspecified,,,,,,4.0,14.0,,,,False,,,False,False,Endemic,Unspecified,,Region,True,False,,,,,,Both,Population based,Persons under investigation,1.0,56.0,14.0,Liberia,"Bong, Nimba, Montserrado",,Jan 01,2016.0,,Jun 06,2016.0,,False,,,False,False,,Severity,,,
cf191c255fcd483b5fde439c73ccba5d,037a737481a2aba3ac3a060f7cc61e04,1254,Lassa mammarenavirus,Human delay - other human delay (go to section),6.5,0.0,Days,,,Median,,,0.0,31.0,Range,,,,,,False,,,False,False,Endemic,,,,False,False,,,,,,Both,Population based,Persons under investigation,1.0,56.0,14.0,Liberia,"Bong, Nimba, Montserrado",,Jan 01,2016.0,,Jun 06,2016.0,,False,Symptom Onset/Fever,Specimen Collection,False,False,,Human delay,,Range,0 - 31
cf191c255fcd483b5fde439c73ccba5d,eb7d0eef44ada8e54ffc1f1d124de236,1254,Lassa mammarenavirus,Human delay - other human delay (go to section),6.0,0.0,Days,,,Median,,,2.0,64.0,Range,,,,,,False,,,False,False,Endemic,,,,False,False,,,,,,Both,Population based,Persons under investigation,1.0,56.0,14.0,Liberia,"Bong, Nimba, Montserrado",,Jan 01,2016.0,,Jun 06,2016.0,,False,Specimen Collection,Test Result,False,False,,Human delay,,Range,2 - 64
8061e9234194a503b72e0c0151b7091f,f64aae296e36413b28934eaf7c7ace9d,1266,Lassa mammarenavirus,Seroprevalence - IgG,7.4,0.0,Percentage (%),,,Unspecified,,,,,,22.0,297.0,,,,False,,,False,False,Endemic,,,,False,False,,,,,,Unspecified,Hospital based,Other,,,297.0,Nigeria,Borno State,,Sep 09,2011.0,,Feb 02,2012.0,,False,,,False,False,,Seroprevalence,,,
186ed2567f0202b6d9745058e5dda626,7fdfc517a80256c55de0afd147ce2dcb,1272,Lassa mammarenavirus,Severity - case fatality rate (CFR),59.6,0.0,Percentage (%),0.0,100.0,Unspecified,,,,,,28.0,47.0,,,,False,,,False,False,Endemic,Adjusted,,"Age, Other, Region, Sex, Time",True,False,,,,,,Both,Hospital based,Persons under investigation,,,47.0,Nigeria,"Taraba, Edo, Lagos, Bauchi, Rivers, Gombe, Ekiti",,Oct 10,2015.0,,Feb 02,2016.0,,False,,,False,False,,Severity,0 - 100,,
186ed2567f0202b6d9745058e5dda626,353c470a6a5faa1ccf21489735a5c3e0,1272,Lassa mammarenavirus,Risk factors,,0.0,,,,,,,,,,,,,,,False,,,False,False,Endemic,,,,False,False,Death,Age;Other,,Significant,Not adjusted,Both,Hospital based,Persons under investigation,,,47.0,Nigeria,"Taraba, Edo, Lagos, Bauchi, Rivers, Gombe, Ekiti",,Oct 10,2015.0,,Feb 02,2016.0,,False,,,False,False,,Risk factors,,,
186ed2567f0202b6d9745058e5dda626,7537398204bf613245ee546450904839,1272,Lassa mammarenavirus,Risk factors,,0.0,,,,,,,,,,,,,,,False,,,False,False,Endemic,,,,False,False,Death,Cormobidity;Other;Sex,,Not significant,Not adjusted,Both,Hospital based,Persons under investigation,,,47.0,Nigeria,"Taraba, Edo, Lagos, Bauchi, Rivers, Gombe, Ekiti",,Oct 10,2015.0,,Feb 02,2016.0,,False,,,False,False,,Risk factors,,,
6713b50ed8aaef50b892b5854b3c7ca6,79503f76aa51c86bc98acc534cb9ec64,1310,Lassa mammarenavirus,Seroprevalence - Unspecified,,0.0,,,,,,,,,,0.0,258.0,,,,False,,,False,False,Unspecified,,,,False,False,,,,,,Unspecified,Mixed settings,Mixed groups,,,258.0,Nigeria,"Onitsha, Enugu, Ibadan, Afikpo",,,,,,,,False,,,False,False,,Seroprevalence,,,
9589f50d8a6ad4702c5fb80010db992c,b6cb3218b91cafe1ce6bf3f76b322d60,1328,Lassa mammarenavirus,Severity - case fatality rate (CFR),8.8,0.0,Percentage (%),,,Unspecified,,,,,,8.0,90.0,,,,False,,,False,False,Endemic,Naive,,,False,False,,,,,,Both,Hospital based,Persons under investigation,,,90.0,Sierra Leone,Kenema,,Sep 09,2002.0,,Jul 07,2004.0,,False,,,False,False,,Severity,,,
9589f50d8a6ad4702c5fb80010db992c,2104c4dfce84531c6008819b64885a0b,1328,Lassa mammarenavirus,Attack rate,3.1,-3.0,No units,1.5,5.1,Unspecified,,,2.5,3.8,95% CI,,,,,,False,,,False,False,Endemic,,,"Age, Sex",True,False,,,,,,Both,Household based,Other,,,28882.0,Sierra Leone,"Central Region, Eastern Region",,Sep 09,2002.0,,Jul 07,2004.0,,False,,,False,False,,Attack rate,1.5 - 5.1,95% CI,2.5 - 3.8
9589f50d8a6ad4702c5fb80010db992c,9c1b5fabb45d77bf445b0d026b0b9593,1328,Lassa mammarenavirus,Risk factors,,0.0,,,,,,,,,,,,,,,False,,,False,False,Endemic,,,,False,False,Occurrence,Contact with animal;Other,,Significant,Not adjusted,Both,Household based,Other,,,90.0,Sierra Leone,"Central Region, Eastern Region",,Sep 09,2002.0,,Jul 07,2004.0,,False,,,False,False,,Risk factors,,,
9589f50d8a6ad4702c5fb80010db992c,4a06247e22ef31705fe0cf9eddf6bd10,1328,Lassa mammarenavirus,Risk factors,,0.0,,,,,,,,,,,,,,,False,,,False,False,Endemic,,,,False,False,Occurrence,Other,,Not significant,Not adjusted,Both,Household based,Other,,,90.0,Sierra Leone,"Central Region, Eastern Region",,Sep 09,2002.0,,Jul 07,2004.0,,False,,,False,False,,Risk factors,,,
9589f50d8a6ad4702c5fb80010db992c,77560030ddb7b290226079f3a8debb84,1328,Lassa mammarenavirus,Risk factors,,0.0,,,,,,,,,,,,,,,False,,,False,False,Endemic,,,,False,False,Occurrence,Contact with animal;Other,,Significant,Adjusted,Both,Household based,Other,,,90.0,Sierra Leone,"Central Region, Eastern Region",,Sep 09,2002.0,,Jul 07,2004.0,,False,,,False,False,,Risk factors,,,
9589f50d8a6ad4702c5fb80010db992c,36df454a944725b72b7e5575806d0242,1328,Lassa mammarenavirus,Risk factors,,0.0,,,,,,,,,,,,,,,False,,,False,False,Endemic,,,,False,False,Occurrence,Other,,Not significant,Adjusted,Both,Household based,Other,,,90.0,Sierra Leone,"Central Region, Eastern Region",,Sep 09,2002.0,,Jul 07,2004.0,,False,,,False,False,,Risk factors,,,
234a5937cd08cd4e508eb2df29799cae,d5e72bde859a14168bdce2d36f5aaef4,1343,Lassa mammarenavirus,Seroprevalence - Unspecified,3.7,0.0,Percentage (%),,,Unspecified,,,,,,6.0,165.0,,,,False,,,False,False,Unspecified,,,,False,False,,,,,,Both,Hospital based,Mixed groups,,,165.0,Liberia,"Monrovia, Bong County, Loffa County",,Oct 10,1974.0,,Dec 12,1974.0,,False,,,False,False,,Seroprevalence,,,
cb2ea1f5203af46ae33c795e6e0d5913,1b8c562d5151e64b735ae5943f89a97c,1366,Lassa mammarenavirus,Human delay - symptom onset>death,13.2,0.0,Days,,,Mean,,,4.0,31.0,Range,,,,,,False,,,False,False,Endemic,,,,False,False,,,,,,Unspecified,Hospital based,Persons under investigation,,,17.0,"Guinea, Sierra Leone",,,Oct 10,1996.0,,Feb 02,1998.0,,False,,,False,False,,Human delay,,Range,4 - 31
cb2ea1f5203af46ae33c795e6e0d5913,f1fb37ca936917b2161203cfac5a2c86,1366,Lassa mammarenavirus,Severity - case fatality rate (CFR),24.0,0.0,Percentage (%),,,Unspecified,,,,,,17.0,50.0,,,,False,,,False,False,Endemic,Adjusted,,,False,False,,,,,,Unspecified,Hospital based,Persons under investigation,,,50.0,"Guinea, Sierra Leone",,,Oct 10,1996.0,,Feb 02,1998.0,,False,,,False,False,,Severity,,,
cb2ea1f5203af46ae33c795e6e0d5913,3dc8dfc31a58aefb4bd61fd91d630eea,1366,Lassa mammarenavirus,Risk factors,,0.0,,,,,,,,,,,,,,,False,,,False,False,Endemic,,,,False,False,Death,Other,,Significant,Not adjusted,Unspecified,Hospital based,Persons under investigation,,,50.0,"Guinea, Sierra Leone",,,Oct 10,1996.0,,Feb 02,1998.0,,False,,,False,False,,Risk factors,,,
cb2ea1f5203af46ae33c795e6e0d5913,815a87129f98e264379570f313bb65c0,1366,Lassa mammarenavirus,Risk factors,,0.0,,,,,,,,,,,,,,,False,,,False,False,Endemic,,,,False,False,Death,Other,,Not significant,Not adjusted,Unspecified,Hospital based,Persons under investigation,,,50.0,"Guinea, Sierra Leone",,,Oct 10,1996.0,,Feb 02,1998.0,,False,,,False,False,,Risk factors,,,
cb2ea1f5203af46ae33c795e6e0d5913,86879fbd1e1a417a54e6c039747f5f26,1366,Lassa mammarenavirus,Seroprevalence - IgG,16.0,0.0,Percentage (%),,,Unspecified,,,,,,50.0,305.0,,,,False,,,False,False,Endemic,,,,False,False,,,,,,Unspecified,Hospital based,Persons under investigation,,,305.0,"Guinea, Sierra Leone",,,Oct 10,1996.0,,Feb 02,1998.0,,False,,,False,False,,Seroprevalence,,,
4f495ea28a3d7bc8dad67da95c038ea3,2321b11863eb35907464449fc5198a90,1368,Lassa mammarenavirus,Seroprevalence - IgG,15.0,0.0,Percentage (%),8.0,38.0,Unspecified,,,,,,48.0,311.0,,,,False,,,False,False,Unspecified,,,"Age, Region",True,False,,,,,,Both,Hospital based,Persons under investigation,,,311.0,Guinea,"Kindia, Faranah, Kissidougou, Macenta,  N’zérékoré",,Mar 03,1996.0,,Dec 12,1999.0,,False,,,False,False,,Seroprevalence,8 - 38,,
4f495ea28a3d7bc8dad67da95c038ea3,378ddb80f393598df9a080f1f4ac6b84,1368,Lassa mammarenavirus,Seroprevalence - IgM,7.0,0.0,Percentage (%),0.0,25.0,Unspecified,,,,,,22.0,311.0,,,,False,,,False,False,Unspecified,,,"Age, Region",True,False,,,,,,Both,Hospital based,Persons under investigation,,,311.0,Guinea,"Kindia, Faranah, Kissidougou, Macenta,  N’zérékoré",,Mar 03,1996.0,,Dec 12,1999.0,,False,,,False,False,,Seroprevalence,0 - 25,,
4f495ea28a3d7bc8dad67da95c038ea3,c1a88c9462855e6a7033d1926dadcfbf,1368,Lassa mammarenavirus,Human delay - symptom onset>admission to care,8.7,0.0,Days,,,Mean,0.6,Standard Error,,,,,,,,,False,,,False,False,Unspecified,,,,False,False,,,,,,Both,Hospital based,Persons under investigation,,,311.0,Guinea,"Kindia, Faranah, Kissidougou, Macenta,  N’zérékoré",,Mar 03,1996.0,,Dec 12,1999.0,,False,,,False,False,,Human delay,,Standard Error,0.6
4f495ea28a3d7bc8dad67da95c038ea3,cff2771ba0bb5a14e6a67a0ccf750afe,1368,Lassa mammarenavirus,Severity - case fatality rate (CFR),18.0,0.0,Percentage (%),,,Unspecified,,,,,,4.0,22.0,,,,False,,,False,False,Unspecified,Unspecified,,,False,False,,,,,,Both,Hospital based,Persons under investigation,,,22.0,Guinea,"Kindia, Faranah, Kissidougou, Macenta,  N’zérékoré",,Mar 03,1996.0,,Dec 12,1999.0,,False,,,False,False,,Severity,,,
4f495ea28a3d7bc8dad67da95c038ea3,aacb5ba774f0336462a3e3bc2d34e39f,1368,Lassa mammarenavirus,Human delay - admission to care>death,3.3,0.0,Days,,,Mean,1.2,Standard Error,,,,,,,,,False,,,False,False,Unspecified,,,,False,False,,,,,,Both,Hospital based,Persons under investigation,,,22.0,Guinea,"Kindia, Faranah, Kissidougou, Macenta,  N’zérékoré",,Mar 03,1996.0,,Dec 12,1999.0,,False,,,False,False,,Human delay,,Standard Error,1.2
4f495ea28a3d7bc8dad67da95c038ea3,25800a949890f63dda8109183693c413,1368,Lassa mammarenavirus,Risk factors,,0.0,,,,,,,,,,,,,,,False,,,False,False,Unspecified,,,,False,False,Infection,Other,,Significant,Not adjusted,Both,Hospital based,Persons under investigation,,,,Guinea,"Kindia, Faranah, Kissidougou, Macenta,  N’zérékoré",,Mar 03,1996.0,,Dec 12,1999.0,,False,,,False,False,,Risk factors,,,
4f495ea28a3d7bc8dad67da95c038ea3,fef351f978584828e4e5cd5a5fe42451,1368,Lassa mammarenavirus,Risk factors,,0.0,,,,,,,,,,,,,,,False,,,False,False,Unspecified,,,,False,False,Serology,Other,,Significant,Not adjusted,Both,Hospital based,Persons under investigation,,,,Guinea,"Kindia, Faranah, Kissidougou, Macenta,  N’zérékoré",,Mar 03,1996.0,,Dec 12,1999.0,,False,,,False,False,,Risk factors,,,
7fb30cbc43686ad04e2bbef5534ada6b,fe8954b28a7a90dd93ea79e5522f4cb6,1386,Lassa mammarenavirus,Seroprevalence - IgM,,0.0,,,,,,,,,,6.0,552.0,,,,False,,,False,False,Unspecified,,,,False,False,,,,,,Unspecified,Hospital based,Healthcare workers,,,552.0,Nigeria,"Jos, Lafia, Maiduguri",,Dec 12,1992.0,,Mar 03,1993.0,,False,,,False,False,,Seroprevalence,,,
7fb30cbc43686ad04e2bbef5534ada6b,39f1da448286d7cfff64a26a03b07c9d,1386,Lassa mammarenavirus,Seroprevalence - Unspecified,16.1,0.0,Percentage (%),,,Unspecified,,,,,,10.0,62.0,,,,False,,,False,False,Unspecified,,,,False,False,,,,,,Unspecified,Community based,Unspecified,,,62.0,Nigeria,Lafia,,,,,,,,False,,,False,False,,Seroprevalence,,,
7fb30cbc43686ad04e2bbef5534ada6b,bbd4a1708800cd01487d8ec6bd476244,1386,Lassa mammarenavirus,Risk factors,,0.0,,,,,,,,,,,,,,,False,,,False,False,Unspecified,,,,False,False,Serology,Occupation,Other,Significant,Not adjusted,Unspecified,Hospital based,Healthcare workers,,,,Nigeria,"Jos, Lafia, Maiduguri",,Dec 12,1992.0,,Mar 03,1993.0,,False,,,False,False,,Risk factors,,,
7fb30cbc43686ad04e2bbef5534ada6b,f7c9018c166aeadd3487e9925d2b9d1d,1386,Lassa mammarenavirus,Seroprevalence - IgG,12.3,0.0,Percentage (%),1.2,27.3,Unspecified,,,,,,63.0,552.0,,,,False,,,False,False,Unspecified,,,"Occupation, Region",True,False,,,,,,Unspecified,Hospital based,Healthcare workers,,,552.0,Nigeria,"Jos, Lafia, Maiduguri",,Dec 12,1992.0,,Mar 03,1993.0,,False,,,False,False,,Seroprevalence,1.2 - 27.3,,
26c801b9be950c2d7e7362280f7d4d4d,fedcc060f05e65716b9c132a7fe87cf7,1413,Lassa mammarenavirus,Severity - case fatality rate (CFR),31.0,0.0,Percentage (%),,,Unspecified,,,,,,61.0,198.0,,,,False,,,False,False,Endemic,Naive,,,False,False,,,,,,Both,Hospital based,Persons under investigation,,,198.0,Nigeria,Edo State,,Jan 01,2009.0,,Dec 12,2010.0,,False,,,False,False,,Severity,,,
26c801b9be950c2d7e7362280f7d4d4d,d6a88f3db2215677f0a464e8802ac68a,1413,Lassa mammarenavirus,Severity - case fatality rate (CFR),36.0,0.0,Percentage (%),,,Unspecified,,,,,,61.0,170.0,,,,False,,,False,False,Endemic,Adjusted,,,False,False,,,,,,Both,Hospital based,Persons under investigation,,,170.0,Nigeria,Edo State,,Jan 01,2009.0,,Dec 12,2010.0,,False,,,False,False,,Severity,,,
26c801b9be950c2d7e7362280f7d4d4d,41019097084df29f8198d53e3b8940c1,1413,Lassa mammarenavirus,Risk factors,,0.0,,,,,,,,,,,,,,,False,,,False,False,Endemic,,,,False,False,Death,Age,,Significant,Not adjusted,Unspecified,Hospital based,Persons under investigation,,,,Nigeria,Edo State,,Jan 01,2009.0,,Dec 12,2010.0,,False,,,False,False,,Risk factors,,,
26c801b9be950c2d7e7362280f7d4d4d,1f04921985ec93c86a8001d9699758ae,1413,Lassa mammarenavirus,Risk factors,,0.0,,,,,,,,,,,,,,,False,,,False,False,Endemic,,,,False,False,Death,Occupation;Sex,Education;Healthcare;Livestock and animal herders;Other;Public Transport,Not significant,Not adjusted,Unspecified,Hospital based,Persons under investigation,,,,Nigeria,Edo State,,Jan 01,2009.0,,Dec 12,2010.0,,False,,,False,False,,Risk factors,,,
26c801b9be950c2d7e7362280f7d4d4d,23e8a45a90f06099eabb2ff23c360845,1413,Lassa mammarenavirus,Risk factors,,0.0,,,,,,,,,,,,,,,False,,,False,False,Endemic,,,,False,False,Infection,Age,,Significant,Not adjusted,Unspecified,Hospital based,Persons under investigation,,,,Nigeria,Edo State,,Jan 01,2009.0,,Dec 12,2010.0,,False,,,False,False,,Risk factors,,,
26c801b9be950c2d7e7362280f7d4d4d,493be8cba300c6d1bcefec18d66e4483,1413,Lassa mammarenavirus,Risk factors,,0.0,,,,,,,,,,,,,,,False,,,False,False,Endemic,,,,False,False,Infection,Occupation;Other;Sex,Education;Healthcare;Livestock and animal herders;Other;Public Transport,Not significant,Not adjusted,Unspecified,Hospital based,Persons under investigation,,,,Nigeria,Edo State,,Jan 01,2009.0,,Dec 12,2010.0,,False,,,False,False,,Risk factors,,,
26c801b9be950c2d7e7362280f7d4d4d,6865ceaf9cd08f86100a223113df2f1d,1413,Lassa mammarenavirus,Human delay - symptom onset>admission to care,6.5,0.0,Days,,,Median,,,4.0,10.0,IQR,,,,,,False,,,False,False,Endemic,,,Other,True,False,,,,,,Both,Hospital based,Persons under investigation,,,174.0,Nigeria,Edo State,,Jan 01,2009.0,,Dec 12,2010.0,,False,,,False,False,,Human delay,,IQR,4 - 10
26c801b9be950c2d7e7362280f7d4d4d,0c405bdd1e284b30dc061113efc1b46f,1413,Lassa mammarenavirus,Human delay - admission to care>discharge/recovery,10.0,0.0,Days,,,Median,,,8.0,13.0,IQR,,,,,,False,,,False,False,Endemic,,,,False,False,,,,,,Both,Hospital based,Persons under investigation,,,101.0,Nigeria,Edo State,,Jan 01,2009.0,,Dec 12,2010.0,,False,,,False,False,,Human delay,,IQR,8 - 13
26c801b9be950c2d7e7362280f7d4d4d,6346518c8cf00ec6816a793a54b6f842,1413,Lassa mammarenavirus,Human delay - admission to care>death,2.0,0.0,Days,,,Median,,,1.0,4.0,IQR,,,,,,False,,,False,False,Endemic,,,,False,False,,,,,,Both,Hospital based,Persons under investigation,,,57.0,Nigeria,Edo State,,Jan 01,2009.0,,Dec 12,2010.0,,False,,,False,False,,Human delay,,IQR,1 - 4
26c801b9be950c2d7e7362280f7d4d4d,59c4b6b99cf11d45e1b33c7155bd9294,1413,Lassa mammarenavirus,Human delay - symptom onset>discharge/recovery,16.0,0.0,Days,,,Median,,,13.0,23.0,IQR,,,,,,False,,,False,False,Endemic,,,,False,False,,,,,,Both,Hospital based,Persons under investigation,,,98.0,Nigeria,Edo State,,Jan 01,2009.0,,Dec 12,2010.0,,False,,,False,False,,Human delay,,IQR,13 - 23
26c801b9be950c2d7e7362280f7d4d4d,4edaafb74aa6d28b6b3fb615d3ca964f,1413,Lassa mammarenavirus,Human delay - symptom onset>death,10.0,0.0,Days,,,Median,,,7.0,14.0,IQR,,,,,,False,,,False,False,Endemic,,,,False,False,,,,,,Both,Hospital based,Persons under investigation,,,52.0,Nigeria,Edo State,,Jan 01,2009.0,,Dec 12,2010.0,,False,,,False,False,,Human delay,,IQR,7 - 14
78b81a4943b562f13b5d68e236b6d071,131803c6c22daa636a7f07fd2fccee9a,1426,Lassa mammarenavirus,Severity - case fatality rate (CFR),60.0,0.0,Percentage (%),,,Unspecified,,,,,,24.0,40.0,,,,False,,,False,False,Endemic,Unspecified,,,False,False,,,,,,Unspecified,Hospital based,Persons under investigation,,,40.0,Nigeria,Irrua,,,2008.0,,,2013.0,,False,,,False,False,,Severity,,,
78b81a4943b562f13b5d68e236b6d071,574d096e9bc9300b4e15439d949ac2b4,1426,Lassa mammarenavirus,Severity - case fatality rate (CFR),81.0,0.0,Percentage (%),,,Unspecified,,,,,,54.0,67.0,,,,False,,,False,False,Endemic,Unspecified,,,False,False,,,,,,Unspecified,Hospital based,Persons under investigation,,,67.0,Sierra Leone,Kenema,,,2008.0,,,2013.0,,False,,,False,False,,Severity,,,
78b81a4943b562f13b5d68e236b6d071,0eca7cf207f72c78666f551c96741c8e,1426,Lassa mammarenavirus,Human delay - symptom onset>admission to care,9.3,0.0,Days,,,Mean,,,,,,,,,,,False,,,False,False,Endemic,,,,False,False,,,,,,Unspecified,Hospital based,Persons under investigation,,,107.0,"Nigeria, Sierra Leone","Irrua, Kenema",,,2008.0,,,2013.0,,False,,,False,False,,Human delay,,,
d53e41555e6b86e22716dd2e61dea71b,1e3d560816e4bc5c00d2d2de351ba8a3,1433,Lassa mammarenavirus,Severity - case fatality rate (CFR),,0.0,Percentage (%),14.8,56.0,,,,,,,,,,,,False,,,False,False,Mid outbreak,Unspecified,,Time,True,True,,,,,,Unspecified,Hospital based,Persons under investigation,,,,Sierra Leone,"Kenema District, Kailahun District",,Jan 01,1996.0,,Dec 12,1997.0,,False,,,False,False,,Severity,14.8 - 56,,
ef7a142ba656c0504adba20fec76d836,52b7bb83e4ed1adc77cefadb6a937a6a,1444,Lassa mammarenavirus,Risk factors,,0.0,,,,,,,,,,,,,,,False,,,False,False,Endemic,,,,False,False,Infection,Age;Other;Sex,,Not significant,Unspecified,Both,Hospital based,Children,0.0,15.0,373.0,Nigeria,"Irrua, Edo State",1.0,Dec 12,2009.0,30.0,Nov 11,2010.0,,False,,,False,False,,Risk factors,,,
ef7a142ba656c0504adba20fec76d836,09262bd24b23f7e1453b5537666ffd30,1444,Lassa mammarenavirus,Risk factors,,0.0,,,,,,,,,,,,,,,False,,,False,False,Endemic,,,,False,False,Infection,Other,,Significant,Unspecified,Both,Hospital based,Children,0.0,15.0,373.0,Nigeria,"Irrua, Edo State",1.0,Dec 12,2009.0,30.0,Nov 11,2010.0,,False,,,False,False,,Risk factors,,,
ef7a142ba656c0504adba20fec76d836,06b1ff7d09b7b9a02b34d25d1e6154c0,1444,Lassa mammarenavirus,Severity - case fatality rate (CFR),,0.0,,,,,,,,,,3.0,13.0,,,,False,,,False,False,Endemic,Naive,,,False,False,,,,,,Unspecified,Hospital based,Children,0.0,15.0,13.0,Nigeria,"Irrua, Edo State",1.0,Dec 12,2009.0,30.0,Nov 11,2010.0,,False,,,False,False,,Severity,,,
4c9575bdcf6ae5281801b768a563ac91,5fbdfb14f362ff0f862fe49ba3335662,1447,Lassa mammarenavirus,Human delay - symptom onset>admission to care,11.0,0.0,Days,,,Mean,3.5,Standard Deviation,,,,,,,,,False,,,False,False,Unspecified,,,,False,False,,,,,,Unspecified,Hospital based,Other,,,6.0,Nigeria,Ebonyi State,1.0,Jan 01,2012.0,25.0,Mar 03,2012.0,,False,,,False,False,,Human delay,,Standard Deviation,3.5
4c9575bdcf6ae5281801b768a563ac91,9fd86a737d8e4a835acbaed1cc828e1e,1447,Lassa mammarenavirus,Human delay - symptom onset>admission to care,6.0,0.0,Days,,,Mean,2.6,Standard Deviation,,,,,,,,,False,,,False,False,Unspecified,,,,False,False,,,,,,Unspecified,Hospital based,Other,,,14.0,Nigeria,Ebonyi State,1.0,Jan 01,2012.0,25.0,Mar 03,2012.0,,False,,,False,False,,Human delay,,Standard Deviation,2.6
4c9575bdcf6ae5281801b768a563ac91,9d068259c944e4e04d2bb7a1adc3d875,1447,Lassa mammarenavirus,Human delay - admission to care>death,7.0,0.0,Days,,,Median,,,0.0,12.0,Range,,,,,,False,,,False,False,Unspecified,,,,False,False,,,,,,Unspecified,Hospital based,Other,,,6.0,Nigeria,Ebonyi State,1.0,Jan 01,2012.0,25.0,Mar 03,2012.0,,False,,,False,False,,Human delay,,Range,0 - 12
4c9575bdcf6ae5281801b768a563ac91,d031bd44db8e613813837de411fbb0e8,1447,Lassa mammarenavirus,Human delay - admission to care>discharge/recovery,10.0,0.0,Days,,,Median,,,5.0,36.0,Range,,,,,,False,,,False,False,Unspecified,,,,False,False,,,,,,Unspecified,Hospital based,Other,,,14.0,Nigeria,Ebonyi State,1.0,Jan 01,2012.0,25.0,Mar 03,2012.0,,False,,,False,False,,Human delay,,Range,5 - 36
4c9575bdcf6ae5281801b768a563ac91,691c6f17a4cd61c3dff9b6e5b9457360,1447,Lassa mammarenavirus,Human delay - incubation period,10.0,0.0,Days,,,Mean,,,5.0,18.0,Range,,,,,,False,,,False,False,Unspecified,,,,False,False,,,,,,Both,Hospital based,Persons under investigation,12.0,47.0,20.0,Nigeria,Ebonyi State,1.0,Jan 01,2012.0,25.0,Mar 03,2012.0,,False,,,False,False,,Human delay,,Range,5 - 18
4c9575bdcf6ae5281801b768a563ac91,650f368e4669d66f16fb71ffb948ca2e,1447,Lassa mammarenavirus,Risk factors,,0.0,,,,,,,,,,,,,,,False,,,False,False,Unspecified,,,,False,False,Death,Other,,Significant,Unspecified,Both,Hospital based,Persons under investigation,12.0,47.0,20.0,Nigeria,Ebonyi State,1.0,Jan 01,2012.0,25.0,Mar 03,2012.0,,False,,,False,False,,Risk factors,,,
4c9575bdcf6ae5281801b768a563ac91,eaa17df5e138d813f4a83dced3d325db,1447,Lassa mammarenavirus,Human delay - other human delay (go to section),8.2,0.0,Days,,,Mean,3.8,Standard Deviation,,,,,,,,,False,,,False,False,Unspecified,,,,False,False,,,,,,Unspecified,Hospital based,Other,,,14.0,Nigeria,Ebonyi State,1.0,Jan 01,2012.0,25.0,Mar 03,2012.0,,False,Admission to Care/Hospitalisation,Symptom Resolution,False,False,,Human delay,,Standard Deviation,3.8
4c9575bdcf6ae5281801b768a563ac91,bc492a1a7a92f298b16171dc8c527b37,1447,Lassa mammarenavirus,Severity - case fatality rate (CFR),30.0,0.0,Percentage (%),,,Unspecified,,,,,,6.0,20.0,,,,False,,,False,False,Unspecified,Naive,,Other,True,False,,,,,,Both,Hospital based,Persons under investigation,12.0,47.0,20.0,Nigeria,Ebonyi State,1.0,Jan 01,2012.0,25.0,Mar 03,2012.0,,False,,,False,False,,Severity,,,
4ce994047d741f16d1133ad526b33919,83be0ec3cf7ff6a448e3006dbf621e11,2008,Lassa mammarenavirus,Seroprevalence - IFA,,0.0,,,,,,,,,,0.0,741.0,,,,False,,,False,False,Endemic,,,,False,False,,,,,,Both,Community based,Mixed groups,,,741.0,Kenya,Western Kenya,,Mar 03,1980.0,,Dec 12,1981.0,,False,,,False,False,,Seroprevalence,,,
61120483815e0dd360cdb6864b0a3d0e,6701d7f33b55cae9090160e15543af61,2114,Lassa mammarenavirus,Seroprevalence - Unspecified,0.0,0.0,Percentage (%),,,Unspecified,,,,,,0.0,159.0,,,,False,,,False,False,Post outbreak,,,,False,False,,,,,,Unspecified,Contact based,Mixed groups,,,159.0,United Kingdom,"St Thomas's Hospital, London",,,1982.0,,,1982.0,,False,,,False,False,,Seroprevalence,,,
3b3c2416ed3cfee431cf44d440e664e7,9db1b34448f5f999920f0990403087a5,2133,Lassa mammarenavirus,Seroprevalence - IFA,,0.0,Percentage (%),0.9,14.1,,,,,,,,,,,,False,,,False,False,Endemic,,,"Age, Other, Region, Sex, Time",True,True,,,,,,Both,Community based,General population,,,,Liberia,"Lofa County, Montserrado County",,Sep 09,1980.0,,Jan 01,1982.0,,False,,,False,False,,Seroprevalence,0.9 - 14.1,,
a7e1052e2dc0d9b8c39ada25b3149e5c,1411bcb3c337c61fb9e65fa4d23ed77c,2151,Lassa mammarenavirus,Risk factors,,0.0,,,,,,,,,,,,,,,False,,,False,False,Unspecified,,,,False,False,Infection,Household contact,,Significant,Unspecified,Unspecified,Community based,Mixed groups,,,,Nigeria,Lassa,3.0,Mar,1971.0,,Mar,1971.0,,False,,,False,False,,Risk factors,,,
a7e1052e2dc0d9b8c39ada25b3149e5c,cdc6c15af03a0501f206712e27fa7825,2151,Lassa mammarenavirus,Seroprevalence - PRNT,5.8,0.0,Percentage (%),0.0,9.3,Unspecified,,,,,,25.0,434.0,,,,False,,,False,False,Unspecified,,,"Age, Occupation, Region, Sex",True,False,,,,,,Both,Community based,Mixed groups,,,434.0,Nigeria,Lassa,24.0,Aug,1970.0,24.0,Aug,1970.0,,False,,,False,False,,Seroprevalence,0 - 9.3,,
a7e1052e2dc0d9b8c39ada25b3149e5c,4875c8c9cf0ff15a73d7b0b53f05c5d6,2151,Lassa mammarenavirus,Seroprevalence - PRNT,5.4,0.0,Percentage (%),0.0,23.5,Unspecified,,,,,,18.0,336.0,,,,False,,,False,False,Unspecified,,,"Age, Occupation, Region, Sex",True,False,,,,,,Both,Community based,Mixed groups,,,336.0,Nigeria,Lassa,3.0,Mar,1971.0,,Mar,1971.0,,False,,,False,False,,Seroprevalence,0 - 23.5,,
6222c9e1960449867990d7b91b19ac64,bec725f96060e4bb649bb439669304cb,2229,Lassa mammarenavirus,Severity - case fatality rate (CFR),,0.0,Percentage (%),54.0,56.0,,,,,,,,,,,,False,,,False,False,Endemic,Adjusted,,Other,True,True,,,,,,Both,Hospital based,Persons under investigation,,,,Sierra Leone,Kenema Government Hospital,,,2007.0,,,2011.0,,False,,,False,False,,Severity,54 - 56,,
6222c9e1960449867990d7b91b19ac64,03bcd29bc9b7111aa08b553070dc282a,2229,Lassa mammarenavirus,Risk factors,,0.0,,,,,,,,,,,,,,,False,,,False,False,Endemic,,,,False,False,Death,Other,,Significant,Not adjusted,Both,Hospital based,Persons under investigation,,,,Sierra Leone,Kenema Government Hospital,,,2007.0,,,2011.0,,False,,,False,False,,Risk factors,,,
6222c9e1960449867990d7b91b19ac64,ced42e09e465a14215839ccfb696eb75,2229,Lassa mammarenavirus,Risk factors,,0.0,,,,,,,,,,,,,,,False,,,False,True,Endemic,,,,False,False,Death,Age;Other;Sex,,Not significant,Not adjusted,Both,Hospital based,Persons under investigation,,,,Sierra Leone,Kenema Government Hospital,,,2007.0,,,2011.0,,False,,,False,False,,Risk factors,,,
6222c9e1960449867990d7b91b19ac64,29abacd76e5669adc51bb00d47d829e0,2229,Lassa mammarenavirus,Seroprevalence - IgM,27.7,0.0,Percentage (%),,,Unspecified,,,,,,28.0,101.0,,,,False,,,False,False,Unspecified,,,,False,False,,,,,,Unspecified,Community based,Other,,,101.0,Sierra Leone,Moyamba,,Apr 04,2010.0,,Apr 04,2010.0,,False,,,False,False,,Seroprevalence,,,
6222c9e1960449867990d7b91b19ac64,1147e9c6c2ee089d8906f2926bae5013,2229,Lassa mammarenavirus,Seroprevalence - IgG,62.4,0.0,Percentage (%),,,Unspecified,,,,,,63.0,101.0,,,,False,,,False,False,Unspecified,,,,False,False,,,,,,Unspecified,Community based,Other,,,101.0,Sierra Leone,Moyamba,,Apr 04,2010.0,,Apr 04,2010.0,,False,,,False,False,,Seroprevalence,,,
6222c9e1960449867990d7b91b19ac64,f13164bf422482690caac9aaab819bf1,2229,Lassa mammarenavirus,Seroprevalence - IgM,23.1,0.0,Percentage (%),,,Unspecified,,,,,,3.0,13.0,,,,False,,,False,False,Unspecified,,,,False,False,,,,,,Unspecified,Community based,Other,,,13.0,Sierra Leone,Bombali,,,,,,,,False,,,False,False,,Seroprevalence,,,
6222c9e1960449867990d7b91b19ac64,56fef2c8cb35378b39964a1980240ec3,2229,Lassa mammarenavirus,Seroprevalence - IgG,92.3,0.0,Percentage (%),,,Unspecified,,,,,,12.0,13.0,,,,False,,,False,False,Unspecified,,,,False,False,,,,,,Unspecified,Community based,Other,,,13.0,Sierra Leone,Bombali,,,,,,,,False,,,False,False,,Seroprevalence,,,
15f909e56698385bcf1614c2d82d5a66,46b47b36b6312e6df12a9cf71cb7646a,2254,Lassa mammarenavirus,Seroprevalence - Unspecified,7.0,0.0,Percentage (%),3.2,16.3,Unspecified,,,,,,12.0,170.0,,,,False,,,False,False,Endemic,,,Region,True,False,,,,,,Both,Mixed settings,Mixed groups,,,170.0,Sierra Leone,"Panguma, Tongo, Serabu",,Nov,1974.0,,Nov,1974.0,,False,,,False,False,,Seroprevalence,3.2 - 16.3,,
c4780652cbeae3493b6a0aab6281698e,6b18609c6f7a889015675b75f76cc6a4,2293,Lassa mammarenavirus,Seroprevalence - IgG,,0.0,,,,,,,,,,0.0,200.0,,,,False,,,False,False,Unspecified,,,,False,False,,,,,,Unspecified,Unspecified,Other,,,200.0,Germany,,,,,,,,,False,,,False,False,,Seroprevalence,,,
c4780652cbeae3493b6a0aab6281698e,4c18a289ffef3edd815aed316149c451,2293,Lassa mammarenavirus,Seroprevalence - IgG,4.0,0.0,Percentage (%),,,Unspecified,,,,,,,430.0,,,,False,,,False,False,Unspecified,,,,False,False,,,,,,Unspecified,Unspecified,Unspecified,,,430.0,Ghana,,,,,,,,,False,,,False,False,,Seroprevalence,,,
c4780652cbeae3493b6a0aab6281698e,5847837e8fd799c746b22300c02160c4,2293,Lassa mammarenavirus,Seroprevalence - IgM,,0.0,,,,,,,,,,0.0,100.0,,,,False,,,False,False,Unspecified,,,,False,False,,,,,,Unspecified,Unspecified,Other,,,100.0,Germany,,,,,,,,,False,,,False,False,,Seroprevalence,,,
c4780652cbeae3493b6a0aab6281698e,e2684bccf67ebeab0dc688d3b9182c20,2293,Lassa mammarenavirus,Seroprevalence - IgM,,0.0,,,,,,,,,,0.0,100.0,,,,False,,,False,False,Unspecified,,,,False,False,,,,,,Unspecified,Unspecified,Unspecified,,,100.0,Guinea,,,,,,,,,False,,,False,False,,Seroprevalence,,,
c4780652cbeae3493b6a0aab6281698e,489b67dd09d6ea6a93ada8911a038317,2293,Lassa mammarenavirus,Seroprevalence - IgM,,0.0,,,,,,,,,,0.0,200.0,,,,False,,,False,False,Unspecified,,,,False,False,,,,,,Unspecified,Unspecified,Unspecified,,,200.0,Ghana,,,,,,,,,False,,,False,False,,Seroprevalence,,,
97c95e21d7cbccd877ea64a639fa1457,399f70f6731a6c99ac6f7d8a3af789cc,2293,Lassa mammarenavirus,Seroprevalence - IgG,18.8,0.0,Percentage (%),,,Unspecified,,,,,,40.0,213.0,,,,False,,,False,False,Unspecified,,,,False,False,,,,,,Unspecified,Unspecified,Unspecified,,,213.0,Guinea,,,,,,,,,False,,,False,False,,Seroprevalence,,,
97c95e21d7cbccd877ea64a639fa1457,285f17866e818086a335d7134a7105f2,2293,Lassa mammarenavirus,Seroprevalence - IgG,3.0,0.0,Percentage (%),,,Unspecified,,,,,,13.0,430.0,,,,False,,,False,False,Unspecified,,,,False,False,,,,,,Unspecified,Unspecified,Unspecified,,,430.0,Ghana,,,,,,,,,False,,,False,False,,Seroprevalence,,,
e631b4be94a5c8f95a7743df71d8fd26,66ef8652d380d05589767632fba2734b,2567,Lassa mammarenavirus,Severity - case fatality rate (CFR),18.5,0.0,Percentage (%),14.9,66.7,Unspecified,,,,,,516.0,2787.0,,,,False,,,False,False,Unspecified,Naive,,"Region, Time",True,False,,,,,,Unspecified,Hospital based,Persons under investigation,,,2787.0,Nigeria,,,Dec 12,2016.0,,Sep 09,2020.0,,False,,,False,False,,Severity,14.9 - 66.7,,
e631b4be94a5c8f95a7743df71d8fd26,ef5d67d39b420d3c3125bf61fe4dcd7d,2567,Lassa mammarenavirus,Risk factors,,0.0,,,,,,,,,,,,,,,False,,,False,False,Unspecified,,,,False,False,Infection,Other,,Significant,Unspecified,Unspecified,Hospital based,Persons under investigation,,,2787.0,Nigeria,,,Dec 12,2016.0,,Sep 09,2020.0,,False,,,False,False,,Risk factors,,,
43ed55f61285ca22297634ae6309f924,ad0e196edeb17536ec0d42790d5d0022,2579,Lassa mammarenavirus,Severity - case fatality rate (CFR),54.0,0.0,Percentage (%),33.3,66.6,Unspecified,,,,,,41.0,76.0,,,,False,,,False,False,Endemic,Unspecified,,"Age, Time",True,False,,,,,,Both,Hospital based,Persons under investigation,15.0,64.0,76.0,Nigeria,Bauchi State,,Jan 01,2015.0,,Dec 12,2018.0,,False,,,False,False,,Severity,33.3 - 66.6,,
43ed55f61285ca22297634ae6309f924,f661862bf9db5b1673d02f021538c673,2579,Lassa mammarenavirus,Risk factors,,0.0,,,,,,,,,,,,,,,False,,,False,False,Endemic,,,,False,False,Death,Age;Other;Sex,,Not significant,Adjusted,Both,Hospital based,Persons under investigation,15.0,64.0,76.0,Nigeria,Bauchi State,,Jan 01,2015.0,,Dec 12,2018.0,,False,,,False,False,,Risk factors,,,
43ed55f61285ca22297634ae6309f924,04dcf04b7e4b021f5f5c1d8a13541214,2579,Lassa mammarenavirus,Risk factors,,0.0,,,,,,,,,,,,,,,False,,,False,False,Endemic,,,,False,False,Death,Other,,Significant,Adjusted,Both,Hospital based,Persons under investigation,15.0,64.0,76.0,Nigeria,Bauchi State,,Jan 01,2015.0,,Dec 12,2018.0,,False,,,False,False,,Risk factors,,,
3f75b0b9706e09f737407bddd25985ad,2f4b1e0106e90bbc91e340189bbc0c85,2585,Lassa mammarenavirus,Severity - case fatality rate (CFR),17.4,0.0,Percentage (%),0.0,100.0,Unspecified,,,,,,550.0,3162.0,,,,False,,,False,False,Endemic,Naive,,"Age, Occupation, Region, Sex, Time",True,False,,,,,,Both,Hospital based,Persons under investigation,,,3162.0,Nigeria,,,Jan 01,2018.0,,Dec 12,2021.0,,False,,,False,False,,Severity,0 - 100,,
3f75b0b9706e09f737407bddd25985ad,525e577ce4e4e98e396539e8c279be76,2585,Lassa mammarenavirus,Risk factors,,0.0,,,,,,,,,,,,,,,False,,,False,False,Endemic,,,,False,False,Death,Age;Sex,,Unspecified,Unspecified,Both,Hospital based,Persons under investigation,,,3162.0,Nigeria,,,Jan 01,2018.0,,Dec 12,2021.0,,False,,,False,False,,Risk factors,,,
3f75b0b9706e09f737407bddd25985ad,1d43a81f1c8d8000759051e73c1a7680,2585,Lassa mammarenavirus,Risk factors,,0.0,,,,,,,,,,,,,,,False,,,False,False,Endemic,,,,False,False,Infection,Occupation,Livestock and animal herders;Other,Unspecified,Unspecified,Both,Hospital based,Persons under investigation,,,3162.0,Nigeria,,,Jan 01,2018.0,,Dec 12,2021.0,,False,,,False,False,,Risk factors,,,
bfa7e3af198a4dbd6808e8c4aee7d6ce,5a7a325a7ba2bc9bf838ed4662aaa3be,2589,Lassa mammarenavirus,Risk factors,,0.0,,,,,,,,,,,,,,,False,,,False,False,Endemic,,,,False,False,Death,Other,,Significant,Adjusted,Both,Hospital based,Persons under investigation,,,423.0,Nigeria,,1.0,Jan 01,2018.0,6.0,May 05,2018.0,,False,,,False,False,,Risk factors,,,
bfa7e3af198a4dbd6808e8c4aee7d6ce,8264aef5df59231ee48e5f08faaee53c,2589,Lassa mammarenavirus,Severity - case fatality rate (CFR),25.1,0.0,Percentage (%),,,Unspecified,,,20.9,29.2,95% CI,106.0,423.0,,,,False,,,False,False,Endemic,Unspecified,,Region,True,False,,,,,,Both,Hospital based,Persons under investigation,,,423.0,Nigeria,,1.0,Jan 01,2018.0,6.0,May 05,2018.0,,False,,,False,False,,Severity,,95% CI,20.9 - 29.2
bfa7e3af198a4dbd6808e8c4aee7d6ce,d58a2f5997832138177d3566511884e8,2589,Lassa mammarenavirus,Attack rate,0.56,0.0,Percentage (%),,,Unspecified,,,0.35,0.77,95% CI,28.0,5001.0,,,,False,,,False,False,Endemic,,,,False,False,,,,,,Both,Contact based,Persons under investigation,,,5001.0,Nigeria,,1.0,Jan 01,2018.0,6.0,May 05,2018.0,,False,,,False,False,,Attack rate,,95% CI,0.35 - 0.77
bfa7e3af198a4dbd6808e8c4aee7d6ce,6f651194fc1870e720741274afb09f4e,2589,Lassa mammarenavirus,Risk factors,,0.0,,,,,,,,,,,,,,,False,,,False,False,Endemic,,,,False,False,Infection,Age;Occupation,Healthcare,Significant,Adjusted,Both,Hospital based,Persons under investigation,,,423.0,Nigeria,,1.0,Jan 01,2018.0,6.0,May 05,2018.0,,False,,,False,False,,Risk factors,,,
bfa7e3af198a4dbd6808e8c4aee7d6ce,e80cf678fa98053ad77853a871b1ce97,2589,Lassa mammarenavirus,Risk factors,,0.0,,,,,,,,,,,,,,,False,,,False,False,Endemic,,,,False,False,Infection,Contact with animal;Funeral;Sex,,Not significant,Adjusted,Both,Hospital based,Persons under investigation,,,423.0,Nigeria,,1.0,Jan 01,2018.0,6.0,May 05,2018.0,,False,,,False,False,,Risk factors,,,
d92adfc36ab041bf05eb940d7ee4b641,ee55e3e94c7e01204975ab3402d1c323,2590,Lassa mammarenavirus,Mutations – substitution rate,7.8,-4.0,Substitutions/site/year,,,Unspecified,,,5.4,10.2,HPDI 95%,,,,,,False,,,False,False,Unspecified,,,,False,False,,,,,,Unspecified,,,,,219.0,Nigeria,,,,1969.0,,,2018.0,L segment,False,,,False,False,,Mutations,,HPDI 95%,5.4 - 10.2
d92adfc36ab041bf05eb940d7ee4b641,a333c34bf90808736885cf03d30efb76,2590,Lassa mammarenavirus,Mutations – substitution rate,7.8,-4.0,Substitutions/site/year,,,Unspecified,,,6.3,9.1,HPDI 95%,,,,,,False,,,False,False,Unspecified,,,,False,False,,,,,,Unspecified,,,,,219.0,Nigeria,,,,1969.0,,,2018.0,S segment,False,,,False,False,,Mutations,,HPDI 95%,6.3 - 9.1
60ce6266977fe701bffe31ca155655f0,3c93992d5bd240a745f15aa392047869,2610,Lassa mammarenavirus,Seroprevalence - IgM,,0.0,Percentage (%),33.0,48.0,,,,,,,,,,,,False,,,False,False,Endemic,,,Method,True,True,,,,,,Both,Contact based,Persons under investigation,,,50.0,Nigeria,"Abakaliki, Owo",,Oct 10,2018.0,,Oct 10,2020.0,,False,,,False,False,,Seroprevalence,33 - 48,,
60ce6266977fe701bffe31ca155655f0,4bd92715ea52c769e3226b189354f31f,2610,Lassa mammarenavirus,Seroprevalence - IgG,,0.0,Percentage (%),50.0,64.0,,,,,,,,,,,,False,,,False,False,Endemic,,,Method,True,True,,,,,,Both,Contact based,Persons under investigation,,,50.0,Nigeria,"Abakaliki, Owo",,Oct 10,2018.0,,Oct 10,2020.0,,False,,,False,False,,Seroprevalence,50 - 64,,
60ce6266977fe701bffe31ca155655f0,080c2e4e89cdd73006c5f15ab7fa485f,2610,Lassa mammarenavirus,Seroprevalence - IgM,,0.0,Percentage (%),23.0,32.0,,,,,,,,,,,,False,,,False,False,Endemic,,,Method,True,True,,,,,,Both,Hospital based,Other,,,92.0,Nigeria,"Abakaliki, Owo",,Oct 10,2018.0,,Oct 10,2020.0,,False,,,False,False,,Seroprevalence,23 - 32,,
60ce6266977fe701bffe31ca155655f0,8f60bf26acfe642d6c58f78386e1ce17,2610,Lassa mammarenavirus,Seroprevalence - IgG,,0.0,Percentage (%),48.0,77.0,,,,,,,,,,,,False,,,False,False,Endemic,,,Method,True,True,,,,,,Both,Hospital based,Other,,,92.0,Nigeria,"Abakaliki, Owo",,Oct 10,2018.0,,Oct 10,2020.0,,False,,,False,False,,Seroprevalence,48 - 77,,
4a72bcc3746fb9257527302306bffc7c,5013303b0148adac07139b17600237ce,2611,Lassa mammarenavirus,Severity - case fatality rate (CFR),60.0,0.0,Percentage (%),,,Unspecified,,,,,,3.0,5.0,,,,False,,,False,False,Endemic,Unspecified,,,False,False,,,,,,Unspecified,Hospital based,Persons under investigation,,,5.0,Sierra Leone,Tonkolili,30.0,Oct 10,2019.0,16.0,Nov 11,2019.0,,False,,,False,False,,Severity,,,
62332f18a631d2cdaafc5c5a500caea5,c533d4d5ebb49a519b441a35325afb61,2617,Lassa mammarenavirus,Severity - case fatality rate (CFR),4.9,0.0,Percentage (%),,,Unspecified,,,0.0,5.4,95% CrI,,,,,,False,,,False,False,Endemic,Unspecified,,,False,False,,,,,,Unspecified,Hospital based,Persons under investigation,,,,Nigeria,,,,2016.0,,,2018.0,,False,,,False,False,,Severity,,95% CrI,0 - 5.4
62332f18a631d2cdaafc5c5a500caea5,19e85df645251140f30901ab756d8b17,2617,Lassa mammarenavirus,Human delay - incubation period,12.8,0.0,Days,,,Mean,,,,,,,,Gamma,12.8,Mean,True,4.6,Standard deviation,True,False,Endemic,,,,False,False,,,,,,Unspecified,Hospital based,Persons under investigation,,,,Nigeria,,,,2016.0,,,2018.0,,False,,,False,False,,Human delay,,,
62332f18a631d2cdaafc5c5a500caea5,af38f20d4f78053031b7988812f5d727,2617,Lassa mammarenavirus,Human delay - symptom onset>death,13.8,0.0,Days,,,Mean,,,,,,,,Gamma,13.8,Mean,True,7.6,Standard deviation,True,False,Endemic,,,,False,False,,,,,,Unspecified,Hospital based,Persons under investigation,,,,Nigeria,,,,2016.0,,,2018.0,,False,,,False,False,,Human delay,,,
70972a0f92ffc8c44f9fd60bc568444f,6eeeb61b4fbf838ee80520eb24bce2e1,2627,Lassa mammarenavirus,"Reproduction number (Effective, Re)",,0.0,No units,1.05,1.62,,,,,,,,,,,,False,,,False,False,Endemic,,Growth rate,"Method, Other, Region, Time",True,True,,,,,,Unspecified,Population based,General population,,,,Nigeria,"Edo, Ondo, Ebonyi, Bauchi, Plateau",,Jan 01,2016.0,,Mar 03,2019.0,,False,,,False,False,Other,Reproduction number,1.05 - 1.62,,
70972a0f92ffc8c44f9fd60bc568444f,042be31f409044cc12c21be257a88a14,2627,Lassa mammarenavirus,Risk factors,,0.0,,,,,,,,,,,,,,,False,,,False,False,Endemic,,,,False,False,Reproduction Number,Other,,Significant,Not adjusted,Unspecified,Population based,General population,,,,Nigeria,,,,,,,,,False,,,False,False,,Risk factors,,,
9281955f06f8ff5d6cff8fa01b973a0f,28d541503d8b53d541ff3598dca7679e,2636,Lassa mammarenavirus,Severity - case fatality rate (CFR),67.3,0.0,Percentage (%),42.4,89.5,Unspecified,,,,,,165.0,245.0,,,,False,,,False,False,Endemic,Adjusted,,"Method, Time",True,False,,,,,,Unspecified,Hospital based,Persons under investigation,,,245.0,Sierra Leone,Kenema District,,,2008.0,,,2016.0,,False,,,False,False,,Severity,42.4 - 89.5,,
9281955f06f8ff5d6cff8fa01b973a0f,56d1cd3017c4a8d854ffdb0389daa6f6,2636,Lassa mammarenavirus,Seroprevalence - IgM,,0.0,Percentage (%),18.0,22.0,,,,,,,,,,,,False,,,False,False,Endemic,,,"Disease generation, Time",True,True,,,,,,Unspecified,Hospital based,Persons under investigation,,,,Sierra Leone,Kenema District,,,2008.0,,,2016.0,,False,,,False,False,,Seroprevalence,18 - 22,,
e71ba673af93ca9d7f0dc5db790d808d,a3f909521bb75f08726fa6bb72627ccc,2648,Lassa mammarenavirus,Seroprevalence - IgG,5.2,0.0,Percentage (%),,,Unspecified,,,3.6,7.2,95% CI,34.0,657.0,,,,False,,,False,False,Unspecified,,,"Age, Other, Sex",True,False,,,,,,Both,Population based,General population,18.0,98.0,657.0,Ghana,"Ankaakur, Ehiawenwu, Amomaso, Menkwo, Mangoase, Jirandogo, Bowena, Natorduori, Teanoba, Doniga Naveransa",,Aug 08,2010.0,,Aug 08,2011.0,,False,,,False,False,,Seroprevalence,,95% CI,3.6 - 7.2
b6f7bbca62bd7d2ccf131cc6d79bc1b1,a0957e1e0f7d5d0ba7c469d71d36181b,2651,Lassa mammarenavirus,Severity - case fatality rate (CFR),44.0,0.0,Percentage (%),,,Unspecified,,,,,,8.0,18.0,,,,False,,,False,False,Mid outbreak,Adjusted,,Other,True,False,,,,,,Both,Hospital based,Persons under investigation,0.0,60.0,18.0,Benin,"Borgou, Donga,Collines, Alibori, Plateau, Ouémé, Atlantique, Litoral",,Dec 12,2015.0,,Mar 03,2016.0,,False,,,False,False,,Severity,,,
b6f7bbca62bd7d2ccf131cc6d79bc1b1,c7db9f2fc12fc41a5b1d1b2389e748bd,2651,Lassa mammarenavirus,Human delay - other human delay (go to section),7.0,0.0,Days,,,Median,,,0.0,19.0,Range,,,,,,False,,,False,False,Mid outbreak,,,Other,True,False,,,,,,Both,Hospital based,Persons under investigation,0.0,60.0,21.0,Benin,"Borgou, Donga,Collines, Alibori, Plateau, Ouémé, Atlantique, Litoral",,Dec 12,2015.0,,Mar 03,2016.0,,False,Symptom Onset/Fever,Other: Sample collection/Diagnosis,False,False,,Human delay,,Range,0 - 19
02482c54b6c83242f52458dcf268062c,6b8324804597f22dd7a764626e560d38,2655,Lassa mammarenavirus,Mutations – substitution rate,8.4,-4.0,Substitutions/site/year,,,Unspecified,,,7.6,9.2,HPDI 95%,,,,,,False,,,False,False,Unspecified,,,,False,False,,,,,,Unspecified,,,,,,,,,,,,,,L segment,True,,,False,False,,Mutations,,HPDI 95%,7.6 - 9.2
02482c54b6c83242f52458dcf268062c,291526f042e32e1f1b0a6f5ed25091ce,2655,Lassa mammarenavirus,Mutations – substitution rate,8.2,-4.0,Substitutions/site/year,,,Unspecified,,,7.2,9.1,HPDI 95%,,,,,,False,,,False,False,Unspecified,,,,False,False,,,,,,Unspecified,,,,,,,,,,,,,,S segment,True,,,False,False,,Mutations,,HPDI 95%,7.2 - 9.1
05f2333638e0f2442edd63494fe002c7,90e304098798639c5e516a2c25abb297,2656,Lassa mammarenavirus,Severity - case fatality rate (CFR),31.6,0.0,Percentage (%),,,Unspecified,,,,,,5.0,16.0,,,,False,,,False,False,Start outbreak,Adjusted,,"Occupation, Sex",True,False,,,,,,Both,Hospital based,Healthcare workers,20.0,51.0,16.0,Nigeria,,28.0,Dec 12,2017.0,,,2018.0,,False,,,False,False,,Severity,,,
5d1a495578819ea9285178d45ad491d2,a1f1de4ecd91fdf6c025610a248dccdb,2661,Lassa mammarenavirus,Risk factors,,0.0,,,,,,,,,,,,,,,False,,,False,False,Endemic,,,Region,True,False,Occurrence,Other,,Significant,Adjusted,Both,Population based,General population,,,3096.0,Nigeria,,,,2016.0,,,2019.0,,False,,,False,False,,Risk factors,,,
5d1a495578819ea9285178d45ad491d2,71a874534a29d77e9f75af66986dae49,2661,Lassa mammarenavirus,Risk factors,,0.0,,,,,,,,,,,,,,,False,,,False,False,Endemic,,,Region,True,False,Incidence,Other,,Significant,Adjusted,Both,Population based,General population,,,3096.0,Nigeria,,,,2016.0,,,2019.0,,False,,,False,False,,Risk factors,,,
bea6f6c5a63f452b8b000cf83cd18539,83972975c511fa9047dbf525c6828f63,2662,Lassa mammarenavirus,Risk factors,,0.0,,,,,,,,,,,,,,,False,,,False,False,Endemic,,,,False,False,Death,Age;Other,,Significant,Not adjusted,Both,Hospital based,Persons under investigation,,,510.0,Nigeria,Ondo State,5.0,Apr 04,2018.0,15.0,Mar 03,2020.0,,False,,,False,False,,Risk factors,,,
bea6f6c5a63f452b8b000cf83cd18539,128db3d0866bc298d4c66bb5091db264,2662,Lassa mammarenavirus,Risk factors,,0.0,,,,,,,,,,,,,,,False,,,False,False,Endemic,,,,False,False,Death,Sex,,Not significant,Adjusted,Both,Hospital based,Persons under investigation,,,510.0,Nigeria,Ondo State,5.0,Apr 04,2018.0,15.0,Mar 03,2020.0,,False,,,False,False,,Risk factors,,,
bea6f6c5a63f452b8b000cf83cd18539,661bba899ded5a1a80ff2b8dcf651f1e,2662,Lassa mammarenavirus,Risk factors,,0.0,,,,,,,,,,,,,,,False,,,False,False,Endemic,,,,False,False,Death,Age;Other,,Significant,Adjusted,Both,Hospital based,Persons under investigation,,,510.0,Nigeria,Ondo State,5.0,Apr 04,2018.0,15.0,Mar 03,2020.0,,False,,,False,False,,Risk factors,,,
bea6f6c5a63f452b8b000cf83cd18539,939dc92ec56c5fab1a477f32e9f1e573,2662,Lassa mammarenavirus,Human delay - symptom onset>admission to care,8.0,0.0,Days,,,Median,,,7.0,13.0,IQR,,,,,,False,,,False,False,Endemic,,,,False,False,,,,,,Both,Hospital based,Persons under investigation,,,510.0,Nigeria,Ondo State,5.0,Apr 04,2018.0,15.0,Mar 03,2020.0,,False,,,False,False,,Human delay,,IQR,7 - 13
bea6f6c5a63f452b8b000cf83cd18539,b3466fae8a94a287a6472d29a5d3fcbe,2662,Lassa mammarenavirus,Human delay - other human delay (go to section),8.0,0.0,Days,,,Median,,,7.0,13.0,IQR,,,,,,False,,,False,False,Endemic,,,,False,False,,,,,,Both,Hospital based,Persons under investigation,,,510.0,Nigeria,Ondo State,5.0,Apr 04,2018.0,15.0,Mar 03,2020.0,,False,Symptom Onset/Fever,Other: Start of ribavirin treatment,False,False,,Human delay,,IQR,7 - 13
bea6f6c5a63f452b8b000cf83cd18539,e8af84f189b2a804175a20aab3a5b10e,2662,Lassa mammarenavirus,Human delay - other human delay (go to section),10.0,0.0,Days,,,Median,,,9.0,13.0,IQR,,,,,,False,,,False,False,Endemic,,,,False,False,,,,,,Both,Hospital based,Persons under investigation,,,510.0,Nigeria,Ondo State,5.0,Apr 04,2018.0,15.0,Mar 03,2020.0,,False,Other: Start of ribavirin treatment,Other: End of ribavirin treatment,False,False,,Human delay,,IQR,9 - 13
bea6f6c5a63f452b8b000cf83cd18539,a900c77e77511fdcf398abf324e7bfc8,2662,Lassa mammarenavirus,Human delay - admission to care>death,3.0,0.0,Days,,,Median,,,1.0,6.0,IQR,,,,,,False,,,False,False,Endemic,,,,False,False,,,,,,Both,Hospital based,Persons under investigation,,,61.0,Nigeria,Ondo State,5.0,Apr 04,2018.0,15.0,Mar 03,2020.0,,False,,,False,False,,Human delay,,IQR,1 - 6
bea6f6c5a63f452b8b000cf83cd18539,8a12373db304eb258ef62f427961b0cf,2662,Lassa mammarenavirus,Human delay - admission to care>discharge/recovery,11.0,0.0,Days,,,Median,,,10.0,15.0,IQR,,,,,,False,,,False,False,Endemic,,,,False,False,,,,,,Both,Hospital based,Persons under investigation,,,449.0,Nigeria,Ondo State,5.0,Apr 04,2018.0,15.0,Mar 03,2020.0,,False,,,False,False,,Human delay,,IQR,10 - 15
bea6f6c5a63f452b8b000cf83cd18539,dc44eec55afe94ba129759952ce7706c,2662,Lassa mammarenavirus,Human delay - other human delay (go to section),3.0,0.0,Days,,,Median,,,2.0,7.0,IQR,,,,,,False,,,False,False,Endemic,,,,False,False,,,,,,Both,Hospital based,Persons under investigation,,,92.0,Nigeria,Ondo State,5.0,Apr 04,2018.0,15.0,Mar 03,2020.0,,False,Other: Start of oxygen therapy,Other: End of oxygen therapy,False,False,,Human delay,,IQR,2 - 7
bea6f6c5a63f452b8b000cf83cd18539,defa553e4d4027d117b503a095ffd79c,2662,Lassa mammarenavirus,Human delay - other human delay (go to section),8.0,0.0,Days,,,Median,,,7.0,10.0,IQR,,,,,,False,,,False,False,Endemic,,,,False,False,,,,,,Both,Hospital based,Persons under investigation,,,459.0,Nigeria,Ondo State,5.0,Apr 04,2018.0,15.0,Mar 03,2020.0,,False,Other: Start of antibacterial therapy,Other: End of antibacterial therapy,False,False,,Human delay,,IQR,7 - 10
bea6f6c5a63f452b8b000cf83cd18539,4f127f47545da9866f0ca411ecf59c64,2662,Lassa mammarenavirus,Severity - case fatality rate (CFR),12.0,0.0,Percentage (%),,,Unspecified,,,,,,62.0,510.0,,,,False,,,False,False,Endemic,Adjusted,,"Age, Other, Sex",True,False,,,,,,Both,Hospital based,Persons under investigation,,,510.0,Nigeria,Ondo State,5.0,Apr 04,2018.0,15.0,Mar 03,2020.0,,False,,,False,False,,Severity,,,
bea6f6c5a63f452b8b000cf83cd18539,1e4aa7cc4497bd1f45beb476ebba3442,2662,Lassa mammarenavirus,Risk factors,,0.0,,,,,,,,,,,,,,,False,,,False,False,Endemic,,,,False,False,Death,Cormobidity;Other;Sex,,Not significant,Not adjusted,Both,Hospital based,Persons under investigation,,,510.0,Nigeria,Ondo State,5.0,Apr 04,2018.0,15.0,Mar 03,2020.0,,False,,,False,False,,Risk factors,,,
21842415f5f889a7557ead4b4306e922,8f6a668c7a71e9c9c7aaa0e194ad5a30,2676,Lassa mammarenavirus,Seroprevalence - Unspecified,36.1,0.0,Percentage (%),9.1,58.7,Unspecified,,,,,,84.0,233.0,,,,False,,,False,False,Endemic,,,"Level of exposure, Occupation, Other, Region",True,False,,,,,,Both,Mixed settings,Mixed groups,,,233.0,Nigeria,Owo And Ose Lgas,,Mar 03,2018.0,,Apr 04,2019.0,,False,,,False,False,,Seroprevalence,9.1 - 58.7,,
21842415f5f889a7557ead4b4306e922,828153846f722d6912010dba0a27c93e,2676,Lassa mammarenavirus,Seroprevalence - IgM,8.6,0.0,Percentage (%),1.9,63.6,Unspecified,,,,,,20.0,233.0,,,,False,,,False,False,Endemic,,,"Level of exposure, Occupation, Other, Region",True,False,,,,,,Both,Mixed settings,Mixed groups,,,233.0,Nigeria,Owo And Ose Lgas,,Mar 03,2018.0,,Apr 04,2019.0,,False,,,False,False,,Seroprevalence,1.9 - 63.6,,
21842415f5f889a7557ead4b4306e922,a735726ce8f16e1b7a3ac39b4c94e59b,2676,Lassa mammarenavirus,Seroprevalence - IgM,0.0,0.0,Percentage (%),,,Unspecified,,,,,,0.0,12.0,,,,False,,,False,False,Endemic,,,,False,False,,,,,,Unspecified,Hospital based,Other,,,12.0,Nigeria,,,,,,,,,False,,,False,False,,Seroprevalence,,,
21842415f5f889a7557ead4b4306e922,aedc392047434c3bb759ee1db5f0fc37,2676,Lassa mammarenavirus,Seroprevalence - IgG,0.0,0.0,Percentage (%),,,Unspecified,,,,,,0.0,12.0,,,,False,,,False,False,Endemic,,,,False,False,,,,,,Unspecified,Hospital based,Other,,,12.0,Nigeria,,,,,,,,,False,,,False,False,,Seroprevalence,,,
479b80b166dceb7c45116c864d5db567,b81524cc1c4dc06a14456d6d31a6925b,2679,Lassa mammarenavirus,Seroprevalence - Unspecified,81.7,0.0,Percentage (%),,,Unspecified,,,,,,58.0,71.0,,,,False,,,False,False,Endemic,,,,False,False,,,,,,Both,Unspecified,Other,,,71.0,Sierra Leone,Kenema District,3.0,Jun 06,2019.0,28.0,Sep 09,2019.0,,False,,,False,False,,Seroprevalence,,,
479b80b166dceb7c45116c864d5db567,5db4d1c437da6210fdb3a2aa67db9d51,2679,Lassa mammarenavirus,Seroprevalence - Unspecified,,0.0,,,,,,,,,,12.0,72.0,,,,False,,,False,False,Unspecified,,,,False,False,,,,,,Both,School based,General population,,,72.0,Sierra Leone,Freetown,20.0,May 05,2019.0,24.0,May 05,2019.0,,False,,,False,False,,Seroprevalence,,,
479b80b166dceb7c45116c864d5db567,7069ee56e2963ac8f43778a578eb951e,2679,Lassa mammarenavirus,Risk factors,,0.0,,,,,,,,,,,,,,,False,,,False,False,Endemic,,,,False,False,Serology,Age;Other,,Significant,Not adjusted,Both,Unspecified,Other,,,71.0,Sierra Leone,Kenema District,3.0,Jun 06,2019.0,28.0,Sep 09,2019.0,,False,,,False,False,,Risk factors,,,
479b80b166dceb7c45116c864d5db567,c7b0dff660d71abde3bd955a9322d65e,2679,Lassa mammarenavirus,Risk factors,,0.0,,,,,,,,,,,,,,,False,,,False,False,Endemic,,,,False,False,Serology,Household contact;Other,,Significant,Adjusted,Both,School based,General population,,,72.0,Sierra Leone,Freetown,20.0,May 05,2019.0,24.0,May 05,2019.0,,False,,,False,False,,Risk factors,,,
479b80b166dceb7c45116c864d5db567,0cf250eeb40726c113533ff8a5fd3d15,2679,Lassa mammarenavirus,Human delay - symptom onset>admission to care,7.0,0.0,Days,,,Median,,,5.0,9.0,IQR,,,,,,False,,,False,False,Endemic,,,,False,False,,,,,,Both,Hospital based,Other,,,71.0,Sierra Leone,Kenema District,3.0,Jun 06,2019.0,28.0,Sep 09,2019.0,,False,,,False,False,,Human delay,,IQR,5 - 9
f7de7cc47e0444ac455ad4a1ef568c34,1b0db17cd022f5025630b082f7dd2f18,2684,Lassa mammarenavirus,Human delay - symptom onset>admission to care,7.5,0.0,Days,,,Mean,4.9,Standard Deviation,,,,,,,,,False,,,False,False,Endemic,,,,False,False,,,,,,Both,Hospital based,Persons under investigation,,,103.0,Liberia,,,Jan 01,2019.0,,Dec 12,2020.0,,False,,,False,False,,Human delay,,Standard Deviation,4.9
f7de7cc47e0444ac455ad4a1ef568c34,3eb70599c3906abe6806f6219b464a0b,2684,Lassa mammarenavirus,Severity - case fatality rate (CFR),39.8,0.0,Percentage (%),34.6,45.1,Unspecified,,,,,,41.0,103.0,,,,False,,,False,False,Endemic,Unspecified,,Time,True,False,,,,,,Both,Hospital based,Persons under investigation,,,103.0,Liberia,,,Jan 01,2019.0,,Dec 12,2020.0,,False,,,False,False,,Severity,34.6 - 45.1,,
f7de7cc47e0444ac455ad4a1ef568c34,a78615f0b65bb4b0513a8b3a174dff3e,2684,Lassa mammarenavirus,Risk factors,,0.0,,,,,,,,,,,,,,,False,,,False,False,Endemic,,,,False,False,Death,Age;Other,,Significant,Adjusted,Both,Hospital based,Persons under investigation,,,103.0,Liberia,,,Jan 01,2019.0,,Dec 12,2020.0,,False,,,False,False,,Risk factors,,,
f7de7cc47e0444ac455ad4a1ef568c34,dbd2c15c8f493137ec3daa63cbb4995e,2684,Lassa mammarenavirus,Risk factors,,0.0,,,,,,,,,,,,,,,False,,,False,False,Endemic,,,,False,False,Death,Occupation;Sex,Healthcare,Not significant,Adjusted,Both,Hospital based,Persons under investigation,,,103.0,Liberia,,,Jan 01,2019.0,,Dec 12,2020.0,,False,,,False,False,,Risk factors,,,
1df528a6a1495b82945f05c40f2fc809,a7bab829e377e7683c21861c38e6a673,2707,Lassa mammarenavirus,Growth rate (r),0.51,0.0,Per day,,,Unspecified,,,0.17,1.06,95% CI,,,,,,False,,,False,False,Endemic,,,,False,False,,,,,,Unspecified,Population based,Persons under investigation,,,,Nigeria,,31.0,Oct 10,2016.0,23.0,Jan 01,2017.0,,False,,,False,False,,Growth rate,,95% CI,0.17 - 1.06
1df528a6a1495b82945f05c40f2fc809,5189ecf991550f1b3d6b0583e35bf278,2707,Lassa mammarenavirus,Growth rate (r),0.43,0.0,Per day,,,Unspecified,,,0.23,0.72,95% CI,,,,,,False,,,False,False,Endemic,,,,False,False,,,,,,Unspecified,Population based,Persons under investigation,,,,Nigeria,,30.0,Oct 10,2017.0,22.0,Jan 01,2018.0,,False,,,False,False,,Growth rate,,95% CI,0.23 - 0.72
1df528a6a1495b82945f05c40f2fc809,6afbc929c19f6ce6f518818df0ee49fd,2707,Lassa mammarenavirus,Growth rate (r),0.32,0.0,Per day,,,Unspecified,,,0.23,0.64,95% CI,,,,,,False,,,False,False,Endemic,,,,False,False,,,,,,Unspecified,Population based,Persons under investigation,,,,Nigeria,,29.0,Oct 10,2018.0,21.0,Jan 01,2019.0,,False,,,False,False,,Growth rate,,95% CI,0.23 - 0.64
6ac766f6cb8b797bc3471194dfb77fbf,bec4228e920583e84ee982e99ab0b2aa,2714,Lassa mammarenavirus,Severity - case fatality rate (CFR),36.7,0.0,Percentage (%),,,Unspecified,,,,,,11.0,30.0,,,,False,,,False,False,Endemic,Unspecified,,,False,False,,,,,,Female,Hospital based,Pregnant women,16.0,39.0,30.0,Nigeria,Irrua,,,2009.0,,,2018.0,,False,,,False,False,,Severity,,,
6ac766f6cb8b797bc3471194dfb77fbf,4c5bc0d6fd160a31f40630e36e7953b0,2714,Lassa mammarenavirus,Human delay - symptom onset>admission to care,6.0,0.0,Days,,,Mean,3.1,Standard Deviation,,,,,,,,,False,,,False,False,Endemic,,,,False,False,,,,,,Female,Hospital based,Other,16.0,39.0,19.0,Nigeria,Irrua,,,2009.0,,,2018.0,,False,,,False,False,,Human delay,,Standard Deviation,3.1
6ac766f6cb8b797bc3471194dfb77fbf,9e31f5838232addfc253f3261fe05af7,2714,Lassa mammarenavirus,Human delay - symptom onset>admission to care,10.0,0.0,Days,,,Mean,3.5,Standard Deviation,,,,,,,,,False,,,False,False,Endemic,,,,False,False,,,,,,Female,Hospital based,Other,24.0,37.0,11.0,Nigeria,Irrua,,,2009.0,,,2018.0,,False,,,False,False,,Human delay,,Standard Deviation,3.5
a635f53dbb5630212d73a991f03f32cf,ad921483709ea5189d1a07aca0dbf60e,2739,Lassa mammarenavirus,Seroprevalence - IgG,49.6,0.0,Percentage (%),,,Unspecified,,,43.3,55.9,95% CI,119.0,240.0,,,,False,,,False,False,Endemic,,,"Other, Time",True,False,,,,,,Female,Hospital based,Pregnant women,20.0,46.0,240.0,Nigeria,Irrua,,Feb 02,2019.0,,Dec 12,2019.0,,False,,,False,False,,Seroprevalence,,95% CI,43.3 - 55.9
a635f53dbb5630212d73a991f03f32cf,c612e69d80c4d7103600e97322ff807f,2739,Lassa mammarenavirus,Risk factors,,0.0,,,,,,,,,,,,,,,False,,,False,False,Endemic,,,,False,False,Serology,Contact with animal;Other,,Significant,Adjusted,Female,Hospital based,Pregnant women,20.0,46.0,240.0,Nigeria,Irrua,,Feb 02,2019.0,,Dec 12,2019.0,,False,,,False,False,,Risk factors,,,
a635f53dbb5630212d73a991f03f32cf,6bea13614ceca979d3538be7bcc79d99,2739,Lassa mammarenavirus,Risk factors,,0.0,,,,,,,,,,,,,,,False,,,False,False,Endemic,,,,False,False,Serology,Other,,Not significant,Adjusted,Female,Hospital based,Pregnant women,20.0,46.0,240.0,Nigeria,Irrua,,Feb 02,2019.0,,Dec 12,2019.0,,False,,,False,False,,Risk factors,,,
bab0f6f6d7f9066be95e97fa1bac5712,f9fa4d8cdf781683436a8c5dabf3521c,2759,Lassa mammarenavirus,Risk factors,,0.0,,,,,,,,,,,,,,,False,,,False,False,Endemic,,,,False,False,Serology,Sex,,Not significant,Adjusted,Both,Community based,Other,6.0,99.0,702.0,Guinea,Basse-Guinee,,,2016.0,,,2016.0,,False,,,False,False,,Risk factors,,,
bab0f6f6d7f9066be95e97fa1bac5712,7794afa41ca791f5cebc1009bf04d592,2759,Lassa mammarenavirus,Risk factors,,0.0,,,,,,,,,,,,,,,False,,,False,False,Endemic,,,,False,False,Serology,Age;Sex,,Not significant,Adjusted,Both,Community based,Mixed groups,17.0,90.0,584.0,Guinea,Guniee Forestiere,,,2017.0,,,2018.0,,False,,,False,False,,Risk factors,,,
bab0f6f6d7f9066be95e97fa1bac5712,6235e07c4f59dd0bed45cb31df0ae7d4,2759,Lassa mammarenavirus,Risk factors,,0.0,,,,,,,,,,,,,,,False,,,False,False,Endemic,,,,False,False,Serology,Other,,Significant,Adjusted,Both,Community based,Mixed groups,17.0,90.0,584.0,Guinea,Guniee Forestiere,,,2017.0,,,2018.0,,False,,,False,False,,Risk factors,,,
bab0f6f6d7f9066be95e97fa1bac5712,ea325a7f8f7ba3e3c2e65877d92813a2,2759,Lassa mammarenavirus,Seroprevalence - IgG,11.9,0.0,Percentage (%),0.0,20.0,Mean,,,9.7,14.5,95% CI,84.0,702.0,,,,False,,,False,False,Endemic,,,Region,True,False,,,,,,Both,Community based,Other,6.0,99.0,702.0,Guinea,Basse-Guinee,,,2016.0,,,2016.0,,False,,,False,False,,Seroprevalence,0 - 20,95% CI,9.7 - 14.5
bab0f6f6d7f9066be95e97fa1bac5712,65f31e0af1b6389fad9ef529a515b76c,2759,Lassa mammarenavirus,Seroprevalence - IgG,59.6,0.0,Percentage (%),16.9,86.84,Mean,,,55.5,63.5,95% CI,348.0,584.0,,,,False,,,False,False,Endemic,,,Region,True,False,,,,,,Both,Community based,Mixed groups,17.0,90.0,584.0,Guinea,Guniee Forestiere,,,2017.0,,,2018.0,,False,,,False,False,,Seroprevalence,16.9 - 86.84,95% CI,55.5 - 63.5
bab0f6f6d7f9066be95e97fa1bac5712,8c34694491d7134115de19f063c5fd5d,2759,Lassa mammarenavirus,Risk factors,,0.0,,,,,,,,,,,,,,,False,,,False,False,Endemic,,,,False,False,Serology,Age;Other,,Significant,Adjusted,Both,Community based,Other,6.0,99.0,702.0,Guinea,Basse-Guinee,,,2016.0,,,2016.0,,False,,,False,False,,Risk factors,,,
3d37539ad71fef4043d01f657b76d239,ee18e5bfeffd873387c68a0ca689a442,2760,Lassa mammarenavirus,Severity - case fatality rate (CFR),29.9,0.0,Percentage (%),,,Unspecified,,,,,,20.0,67.0,,,,False,,,False,False,Endemic,Adjusted,,,False,False,,,,,,Both,Hospital based,Persons under investigation,,,69.0,Nigeria,Ebonyi State,,Dec 12,2017.0,,Apr 04,2018.0,,False,,,False,False,,Severity,,,
3d37539ad71fef4043d01f657b76d239,43272dfb1534c37cf2066dc26fb05a6a,2760,Lassa mammarenavirus,Severity - case fatality rate (CFR),85.7,0.0,Percentage (%),,,Unspecified,,,,,,12.0,14.0,,,,False,,,False,False,Endemic,Adjusted,,,False,False,,,,,,Both,Hospital based,Persons under investigation,,,14.0,Nigeria,Ebonyi State,,Aug 08,2018.0,,Dec 12,2018.0,,False,,,False,False,,Severity,,,
3d37539ad71fef4043d01f657b76d239,cf8ceef7348dc97c9b48cc6ce1d485cc,2760,Lassa mammarenavirus,Human delay - symptom onset>admission to care,7.0,0.0,Days,7.0,12.0,Median,,,4.0,13.0,IQR,,,,,,False,,,False,False,Endemic,,,Method,True,False,,,,,,Both,Hospital based,Persons under investigation,,,67.0,Nigeria,Ebonyi State,,Dec 12,2017.0,,Apr 04,2018.0,,False,,,False,False,,Human delay,7 - 12,IQR,4 - 13
3d37539ad71fef4043d01f657b76d239,3e05552b480e560290879d5f226588c4,2760,Lassa mammarenavirus,Human delay - symptom onset>admission to care,10.0,0.0,Days,8.0,14.0,Median,,,7.0,12.0,IQR,,,,,,False,,,False,False,Endemic,,,Method,True,False,,,,,,Both,Hospital based,Persons under investigation,,,9.0,Nigeria,Ebonyi State,,Aug 08,2018.0,,Dec 12,2018.0,,False,,,False,False,,Human delay,8 - 14,IQR,7 - 12
3d37539ad71fef4043d01f657b76d239,a7565cfaa82f3f278ff3eeddcb622ed2,2760,Lassa mammarenavirus,Risk factors,,0.0,,,,,,,,,,,,,,,False,,,False,False,Endemic,,,,False,False,Death,Age;Sex,,Not significant,Unspecified,Both,Hospital based,Persons under investigation,,,83.0,Nigeria,Ebonyi State,,Dec 12,2017.0,,Dec 12,2018.0,,False,,,False,False,,Risk factors,,,
3d37539ad71fef4043d01f657b76d239,67dc98f9aa4a072ae94f067874c14494,2760,Lassa mammarenavirus,Risk factors,,0.0,,,,,,,,,,,,,,,False,,,False,False,Endemic,,,,False,False,Death,Other,,Significant,Adjusted,Both,Hospital based,Persons under investigation,,,83.0,Nigeria,Ebonyi State,,Dec 12,2017.0,,Dec 12,2018.0,,False,,,False,False,,Risk factors,,,
5f3360ae52f4a2deaeb5cd644dfaff5b,83fa0c9533255954ef14d9ceba1c87dd,2772,Lassa mammarenavirus,Seroprevalence - IgG,20.12,0.0,Percentage (%),0.0,83.25,Unspecified,,,,,,1040.0,5168.0,,,,False,,,False,False,Endemic,,,Region,True,False,,,,,,Both,Population based,General population,,,5168.0,Sierra Leone,Kenema,,Jul 07,2015.0,,Jun 06,2018.0,,False,,,False,False,,Seroprevalence,0 - 83.25,,
5f3360ae52f4a2deaeb5cd644dfaff5b,4c3e655b30e294f027dcb8c795595d10,2772,Lassa mammarenavirus,Seroprevalence - IgG,10.61,0.0,Percentage (%),0.0,88.33,Unspecified,,,,,,339.0,3196.0,,,,False,,,False,False,Unspecified,,,Region,True,False,,,,,,Both,Community based,General population,,,3196.0,Sierra Leone,Tonkolili,,Jul 07,2015.0,,Jun 06,2018.0,,False,,,False,False,,Seroprevalence,0 - 88.33,,
5f3360ae52f4a2deaeb5cd644dfaff5b,de306a5cd695ecaeff3d30e5ec2ad7bb,2772,Lassa mammarenavirus,Seroprevalence - IgG,14.14,0.0,Percentage (%),0.0,74.39,Unspecified,,,,,,322.0,2278.0,,,,False,,,False,False,Unspecified,,,Region,True,False,,,,,,Both,Community based,General population,,,2278.0,Sierra Leone,Port Loko,,Jul 07,2015.0,,Jun 06,2018.0,,False,,,False,False,,Seroprevalence,0 - 74.39,,
ea5e1757b611b55eaf481e7a9c3ec178,92339b5f0ed2cbd7ac8c78c8af900433,2791,Lassa mammarenavirus,Severity - case fatality rate (CFR),,0.0,Percentage (%),22.0,36.0,,,,,,,,,,,,False,,,False,False,Endemic,Unspecified,,Time,True,True,,,,,,Unspecified,Population based,Persons under investigation,,,,Nigeria,,1.0,Jan 01,2017.0,28.0,Apr 04,2019.0,,False,,,False,False,,Severity,22 - 36,,
260a37bdb18178b8d67be7e445d711fc,128587754654e460c03774070052463b,2818,Lassa mammarenavirus,Risk factors,,0.0,,,,,,,,,,,,,,,False,,,False,False,Endemic,,,,False,False,Death,Other,,Significant,Adjusted,Unspecified,Hospital based,Persons under investigation,,,201.0,Nigeria,Irrua,,Jan 01,2014.0,,Apr 04,2017.0,,False,,,False,False,,Risk factors,,,
260a37bdb18178b8d67be7e445d711fc,a423fa2c6aad6674b262bfe7fa4bd50b,2818,Lassa mammarenavirus,Severity - case fatality rate (CFR),37.6,0.0,Percentage (%),24.0,37.6,Unspecified,,,,,,115.0,306.0,,,,False,,,False,False,Endemic,Unspecified,,Other,True,False,,,,,,Unspecified,Hospital based,Persons under investigation,,,306.0,Nigeria,Irrua,,Jan 01,2014.0,,Apr 04,2017.0,,False,,,False,False,,Severity,24 - 37.6,,
b0cb7f28ca6093ffed8cf98b8ae2147f,a097d387f3bb6a4a6143b0931363d38f,2826,Lassa mammarenavirus,Seroprevalence - IgG,45.7,0.0,Percentage (%),,,Unspecified,,,38.4,53.1,95% CI,77.0,170.0,,,,False,,,False,False,Endemic,,,,False,False,,,,,,Female,Hospital based,Pregnant women,20.0,46.0,170.0,Nigeria,Edo State,12.0,Feb 02,2019.0,20.0,Dec 12,2019.0,,False,,,False,False,,Seroprevalence,,95% CI,38.4 - 53.1
217f8f970c783587d1d95f2ff66a80ce,7d7e82a5f5ae713d625e08340bc3d74a,3147,Lassa mammarenavirus,Severity - case fatality rate (CFR),28.0,0.0,Percentage (%),3.5,82.0,Unspecified,,,,,,16.0,57.0,,,,False,,,False,False,Endemic,Unspecified,,"Age, Disease generation, Symptoms",True,False,,,,,,Both,Hospital based,Children,0.0,15.0,57.0,Nigeria,Irrua,,Jan 01,2009.0,,Aug 08,2017.0,,False,,,False,False,,Severity,3.5 - 82,,
217f8f970c783587d1d95f2ff66a80ce,6b2032bd15d31785cd042a958854a61f,3147,Lassa mammarenavirus,Risk factors,,0.0,,,,,,,,,,,,,,,False,,,False,False,Endemic,,,,False,False,Death,Other,,Significant,Unspecified,Both,Hospital based,Children,0.0,15.0,57.0,Nigeria,Irrua,,Jan 01,2009.0,,Aug 08,2017.0,,False,,,False,False,,Risk factors,,,
44cbc7e81ddc4e41ce7eaab9079a275f,c953f96faa3e9e19be55852566498267,3153,Lassa mammarenavirus,Human delay - symptom onset>admission to care,6.0,0.0,Days,3.0,10.0,Median,,,4.0,10.0,IQR,,,,,,False,,,False,False,Endemic,,,"Age, Disease generation, Occupation, Other, Region, Sex",True,False,,,,,,Unspecified,Population based,Persons under investigation,,,389.0,Nigeria,"Edo, Ondo, Cross River, Nasarawa",,Dec 12,2018.0,,Apr 04,2019.0,,False,,,False,False,,Human delay,3 - 10,IQR,4 - 10
44cbc7e81ddc4e41ce7eaab9079a275f,c8c2e989bacf8071b866fd7586c012f8,3153,Lassa mammarenavirus,Risk factors,,0.0,,,,,,,,,,,,,,,False,,,False,False,Endemic,,,,False,False,Onset-Admission Delay,Age;Close contact;Funeral;Household contact;Non-household contact;Occupation;Other;Sex,Healthcare;Other;Public Transport,Not significant,Not adjusted,Unspecified,Population based,Persons under investigation,,,389.0,Nigeria,"Edo, Ondo, Cross River, Nasarawa",,Dec 12,2018.0,,Apr 04,2019.0,,False,,,False,False,,Risk factors,,,
f2d5c6a48f380fa9782210d5d1340112,3f01805ba2efa2e49ffe08cb960ae888,3210,Lassa mammarenavirus,Severity - case fatality rate (CFR),,0.0,Percentage (%),16.7,33.3,,,,,,,,,,,,False,,,False,False,Endemic,Naive,,Symptoms,True,True,,,,,,Both,Hospital based,Children,,,58.0,Nigeria,Irrua Specialist Teaching Hospital,,,2009.0,,,2017.0,,False,,,False,False,,Severity,16.7 - 33.3,,
f2d5c6a48f380fa9782210d5d1340112,4d8dad6155b597b40ec058b7a86e6a50,3210,Lassa mammarenavirus,Risk factors,,0.0,,,,,,,,,,,,,,,False,,,False,False,Endemic,,,,False,False,Death,Other,,Significant,Not adjusted,Both,Hospital based,Children,,,58.0,Nigeria,Irrua Specialist Teaching Hospital,,,2009.0,,,2017.0,,False,,,False,False,,Risk factors,,,
f2d5c6a48f380fa9782210d5d1340112,088b8643a46bf7925447ef0e8a3b40e6,3210,Lassa mammarenavirus,Risk factors,,0.0,,,,,,,,,,,,,,,False,,,False,False,Endemic,,,,False,False,Death,Other,,Not significant,Not adjusted,Both,Hospital based,Children,,,58.0,Nigeria,Irrua Specialist Teaching Hospital,,,2009.0,,,2017.0,,False,,,False,False,,Risk factors,,,
f2d5c6a48f380fa9782210d5d1340112,4b217a2b2966e1c019d4686644ce619b,3210,Lassa mammarenavirus,Severity - case fatality rate (CFR),28.1,0.0,Percentage (%),,,Unspecified,,,,,,16.0,57.0,,,,False,,,False,False,Endemic,Adjusted,,,False,False,,,,,,Both,Hospital based,Children,,,57.0,Nigeria,Irrua Specialist Teaching Hospital,,,2009.0,,,2017.0,,False,,,False,False,,Severity,,,
294111f7af455a48f3afbff8947a361d,391e377ece1c8e1fad79120a7acc6545,3215,Lassa mammarenavirus,Severity - case fatality rate (CFR),37.2,0.0,Percentage (%),14.3,71.4,Unspecified,,,,,,42.0,113.0,,,,False,,,False,False,Endemic,Unspecified,,"Age, Sex",True,False,,,,,,Both,Hospital based,Persons under investigation,,,113.0,Nigeria,Ebonyi,1.0,Jan 01,2018.0,31.0,Mar 03,2019.0,,False,,,False,False,,Severity,14.3 - 71.4,,
b8516a2631cd0039e808ea3f25e92376,7ef6c1fd0150e2f35009e7407e71f4eb,3258,Lassa mammarenavirus,Risk factors,,0.0,,,,,,,,,,,,,,,False,,,False,False,Endemic,,,,False,False,Infection,Age;Occupation;Other;Sex,Education;Healthcare;Livestock and animal herders;Other,Significant,Not adjusted,Both,Hospital based,Persons under investigation,,,20027.0,Nigeria,,,,2018.0,,,2021.0,,False,,,False,False,,Risk factors,,,
b8516a2631cd0039e808ea3f25e92376,9a27c6d53d0c723b59db8635536a8a36,3258,Lassa mammarenavirus,Risk factors,,0.0,,,,,,,,,,,,,,,False,,,False,False,Endemic,,,,False,False,Infection,Age;Occupation;Other,Education;Healthcare;Other,Not significant,Not adjusted,Both,Hospital based,Persons under investigation,,,20027.0,Nigeria,,,,2018.0,,,2021.0,,False,,,False,False,,Risk factors,,,
b8516a2631cd0039e808ea3f25e92376,8e98a7a9175c3a4a95b63cc4ce56a7ed,3258,Lassa mammarenavirus,Risk factors,,0.0,,,,,,,,,,,,,,,False,,,False,False,Endemic,,,,False,False,Infection,Age;Occupation;Other;Sex,Education;Healthcare;Livestock and animal herders;Other,Significant,Adjusted,Both,Hospital based,Persons under investigation,,,20027.0,Nigeria,,,,2018.0,,,2021.0,,False,,,False,False,,Risk factors,,,
b8516a2631cd0039e808ea3f25e92376,f5a310c705e061fab882e731d65daeb8,3258,Lassa mammarenavirus,Risk factors,,0.0,,,,,,,,,,,,,,,False,,,False,False,Endemic,,,,False,False,Infection,Age;Occupation;Other,Other,Not significant,Adjusted,Both,Hospital based,Persons under investigation,,,20027.0,Nigeria,,,,2018.0,,,2021.0,,False,,,False,False,,Risk factors,,,
bfae56165b38ab91bc614f3f3034813d,3be7f3dee0c6e53036d3f9ad3fb719bf,3395,Lassa mammarenavirus,Seroprevalence - IFA,0.0,0.0,Percentage (%),0.0,0.0,Unspecified,,,,,,0.0,486.0,,,,False,,,False,False,Unspecified,,,Region,True,False,,,,,,Unspecified,School based,Children,8.0,10.0,486.0,Zimbabwe,"Omay, Ndowoyo, Maranke, Cbiweshe",,,1980.0,,,1980.0,,False,,,False,False,,Seroprevalence,0 - 0,,
0da91575e19ea339f0e94f45a7e74110,794c2930be9e8eea40119b2e1fb76b8c,3530,Lassa mammarenavirus,Seroprevalence - IgG,33.2,0.0,Percentage (%),21.6,44.0,Unspecified,,,,,,682.0,2051.0,,,,False,,,False,False,Endemic,,,"Other, Time",True,False,,,,,,Both,Hospital based,Persons under investigation,,,2051.0,Sierra Leone,Kenema Government Hospital,1.0,Jan 01,2012.0,31.0,Dec 12,2019.0,,False,,,False,False,,Seroprevalence,21.6 - 44,,
0da91575e19ea339f0e94f45a7e74110,08cb918dd73d7aa96dc5bf15356d24b2,3530,Lassa mammarenavirus,Seroprevalence - IgM,25.6,0.0,Percentage (%),16.5,36.4,Unspecified,,,,,,838.0,3277.0,,,,False,,,False,False,Endemic,,,"Other, Time",True,False,,,,,,Both,Hospital based,Persons under investigation,,,3277.0,Sierra Leone,Kenema Government Hospital,1.0,Jan 01,2012.0,31.0,Dec 12,2019.0,,False,,,False,False,,Seroprevalence,16.5 - 36.4,,
0da91575e19ea339f0e94f45a7e74110,2bf70247f59714f87074abbe951ccf62,3530,Lassa mammarenavirus,Severity - case fatality rate (CFR),78.5,0.0,Percentage (%),31.0,100.0,Unspecified,,,,,,106.0,135.0,,,,False,,,False,False,Endemic,Adjusted,,"Other, Time",True,False,,,,,,Both,Hospital based,Persons under investigation,,,135.0,Sierra Leone,Kenema Government Hospital,1.0,Jan 01,2012.0,31.0,Dec 12,2019.0,,False,,,False,False,,Severity,31 - 100,,
0da91575e19ea339f0e94f45a7e74110,e23da13e6c18b021ce4f65d7d2c5846c,3530,Lassa mammarenavirus,Risk factors,,0.0,,,,,,,,,,,,,,,False,,,False,True,Endemic,,,,False,False,Serology,Age;Hospitalisation;Other,,Significant,Not adjusted,Both,Hospital based,Persons under investigation,,,,Sierra Leone,Kenema Government Hospital,1.0,Jan 01,2012.0,31.0,Dec 12,2019.0,,False,,,False,False,,Risk factors,,,
0da91575e19ea339f0e94f45a7e74110,449d31f64720c66aba2f3cbec0be3eb6,3530,Lassa mammarenavirus,Risk factors,,0.0,,,,,,,,,,,,,,,False,,,False,True,Endemic,,,,False,False,Serology,Other;Sex,,Not significant,Not adjusted,Both,Hospital based,Persons under investigation,,,,Sierra Leone,Kenema Government Hospital,1.0,Jan 01,2012.0,31.0,Dec 12,2019.0,,False,,,False,False,,Risk factors,,,
0da91575e19ea339f0e94f45a7e74110,5a2f4a716599892f041239e41e55efd3,3530,Lassa mammarenavirus,Risk factors,,0.0,,,,,,,,,,,,,,,False,,,False,True,Endemic,,,,False,False,Death,Other,,Significant,Not adjusted,Both,Hospital based,Persons under investigation,,,,Sierra Leone,Kenema Government Hospital,1.0,Jan 01,2012.0,31.0,Dec 12,2019.0,,False,,,False,False,,Risk factors,,,
0da91575e19ea339f0e94f45a7e74110,0bc16c06a7049fe23655a1ca5b99b7d6,3530,Lassa mammarenavirus,Risk factors,,0.0,,,,,,,,,,,,,,,False,,,False,True,Endemic,,,,False,False,Death,Age;Hospitalisation;Other;Sex,,Not significant,Not adjusted,Both,Hospital based,Persons under investigation,,,,Sierra Leone,Kenema Government Hospital,1.0,Jan 01,2012.0,31.0,Dec 12,2019.0,,False,,,False,False,,Risk factors,,,
0da91575e19ea339f0e94f45a7e74110,b08457b22e62991710c8ca7a00b6db98,3530,Lassa mammarenavirus,Risk factors,,0.0,,,,,,,,,,,,,,,False,,,False,False,Endemic,,,,False,False,Infection,Age;Hospitalisation;Other,,Significant,Not adjusted,Both,Hospital based,Persons under investigation,,,,Sierra Leone,Kenema Government Hospital,1.0,Jan 01,2012.0,31.0,Dec 12,2019.0,,False,,,False,False,,Risk factors,,,
0da91575e19ea339f0e94f45a7e74110,205a6c920a0c7788de630ba64f549f59,3530,Lassa mammarenavirus,Risk factors,,0.0,,,,,,,,,,,,,,,False,,,False,False,Endemic,,,,False,False,Infection,Other;Sex,,Not significant,Not adjusted,Both,Hospital based,Persons under investigation,,,,Sierra Leone,Kenema Government Hospital,1.0,Jan 01,2012.0,31.0,Dec 12,2019.0,,False,,,False,False,,Risk factors,,,
3efeb894f639574d3043e3dfa69b304c,6243b91b077463fedc0e3d113918dc2e,3634,Lassa mammarenavirus,Severity - case fatality rate (CFR),,0.0,Percentage (%),9.3,29.2,,,,,,,,,,,,False,,,False,False,Endemic,Unspecified,,Time,True,True,,,,,,Both,Population based,Persons under investigation,,,,Nigeria,,,Jan 01,2015.0,26.0,Sep 09,2021.0,,False,,,False,False,,Severity,9.3 - 29.2,,
0db8faf852447230548f66dda6881c6b,45db30e6d6ef784f96eb0346df756199,3635,Lassa mammarenavirus,Severity - case fatality rate (CFR),21.0,0.0,Percentage (%),,,Unspecified,,,,,,174.0,833.0,,,,False,,,False,False,Mid outbreak,Unspecified,,,False,False,,,,,,Both,Population based,Mixed groups,,,833.0,Nigeria,,1.0,Jan 01,2019.0,29.0,Dec 12,2019.0,,False,,,False,False,,Severity,,,
c76d543ba3ba0a89ffd86c8e33d9b7b9,d54f6046f92386b29bc0bb09a0bdb6c3,3670,Lassa mammarenavirus,Seroprevalence - IgG,0.1,0.0,Percentage (%),,,Unspecified,,,,,,2.0,1744.0,,,,False,,,False,False,Unspecified,,,,False,False,,,,,,Unspecified,Population based,Other,,,1744.0,Uganda,"Fort Portal, Mbarara, Kampala, Mabale, Gulu",,,2006.0,,,2007.0,,False,,,False,False,,Seroprevalence,,,
242d0c4f51bb272ffe22cef60532a398,8a5c7fb8fc825eed2e526b6aa886adbc,3716,Lassa mammarenavirus,Severity - case fatality rate (CFR),27.9,0.0,Percentage (%),15.3,93.7,Unspecified,,,,,,362.0,1298.0,,,,False,,,False,False,Endemic,Naive,,Time,True,False,,,,,,Unspecified,Hospital based,Persons under investigation,,,1298.0,Nigeria,Irrua,,,2008.0,,,2018.0,,False,,,False,False,,Severity,15.3 - 93.7,,
242d0c4f51bb272ffe22cef60532a398,5259d8b16aafb2c6e8f2a2aae3e1e69b,3716,Lassa mammarenavirus,Risk factors,,0.0,,,,,,,,,,,,,,,False,,,False,False,Endemic,,,,False,False,Death,Other,,Significant,Not adjusted,Unspecified,Hospital based,Persons under investigation,,,1298.0,Nigeria,Irrua,,,2008.0,,,2018.0,,False,,,False,False,,Risk factors,,,
d9af1f8c5d991e8997c113d032175435,569ce5a1e39769393feebb0abe71423b,3841,Lassa mammarenavirus,Severity - case fatality rate (CFR),57.0,0.0,Percentage (%),,,Unspecified,,,,,,25.0,44.0,,,,False,,,False,False,Endemic,Adjusted,,,False,False,,,,,,Both,Hospital based,Persons under investigation,5.0,73.0,44.0,Nigeria,Plateau State,,,2016.0,,,2018.0,,False,,,False,False,,Severity,,,
5c5ffbe66a43c846fd20725dd3e4ad45,9a8627473eb176cec88aa3f0d78c0b44,3991,Lassa mammarenavirus,Severity - case fatality rate (CFR),13.8,0.0,Percentage (%),,,Unspecified,,,,,,100.0,724.0,,,,False,,,False,False,Endemic,Adjusted,,,False,False,,,,,,Both,Population based,Persons under investigation,,,724.0,Nigeria,,,Jan 01,2018.0,,Jun 06,2019.0,,False,,,False,False,,Severity,,,
5c5ffbe66a43c846fd20725dd3e4ad45,3726258982d17e93bfc68c54a2334ae2,3991,Lassa mammarenavirus,Risk factors,,0.0,,,,,,,,,,,,,,,False,,,False,False,Endemic,,,,False,False,Infection,Age;Occupation;Other;Sex,Healthcare;Livestock and animal herders;Other,Significant,Not adjusted,Both,Population based,Persons under investigation,,,1991.0,Nigeria,,,Jan 01,2018.0,,Jun 06,2019.0,,False,,,False,False,,Risk factors,,,
5c5ffbe66a43c846fd20725dd3e4ad45,deb4f2ee5b16f2d4fa5266576e5f1dd8,3991,Lassa mammarenavirus,Risk factors,,0.0,,,,,,,,,,,,,,,False,,,False,False,Endemic,,,,False,False,Infection,Age;Other,,Not significant,Not adjusted,Both,Population based,Persons under investigation,,,1991.0,Nigeria,,,Jan 01,2018.0,,Jun 06,2019.0,,False,,,False,False,,Risk factors,,,
5c5ffbe66a43c846fd20725dd3e4ad45,3a67f58cd6aacf8961d6b46b1aa7ea0e,3991,Lassa mammarenavirus,Risk factors,,0.0,,,,,,,,,,,,,,,False,,,False,False,Endemic,,,,False,False,Infection,Occupation;Other;Sex,Livestock and animal herders;Other,Significant,Adjusted,Both,Population based,Persons under investigation,,,1991.0,Nigeria,,,Jan 01,2018.0,,Jun 06,2019.0,,False,,,False,False,,Risk factors,,,
5c5ffbe66a43c846fd20725dd3e4ad45,ae4b62a575028b3b4187e1c0cc4e817a,3991,Lassa mammarenavirus,Risk factors,,0.0,,,,,,,,,,,,,,,False,,,False,False,Endemic,,,,False,False,Infection,Age;Occupation;Other,Healthcare;Other,Not significant,Adjusted,Both,Population based,Persons under investigation,,,1991.0,Nigeria,,,Jan 01,2018.0,,Jun 06,2019.0,,False,,,False,False,,Risk factors,,,
5c5ffbe66a43c846fd20725dd3e4ad45,bac4550ea8eb9540a0d28cf1023ec831,3991,Lassa mammarenavirus,Risk factors,,0.0,,,,,,,,,,,,,,,False,,,False,False,Endemic,,,,False,False,Death,Age;Occupation;Other,Livestock and animal herders;Other,Significant,Not adjusted,Both,Population based,Persons under investigation,,,724.0,Nigeria,,,Jan 01,2018.0,,Jun 06,2019.0,,False,,,False,False,,Risk factors,,,
5c5ffbe66a43c846fd20725dd3e4ad45,fbbed09e6d4a71069f968abd416399ab,3991,Lassa mammarenavirus,Risk factors,,0.0,,,,,,,,,,,,,,,False,,,False,False,Endemic,,,,False,False,Death,Occupation;Other;Sex,Healthcare;Other,Not significant,Not adjusted,Both,Population based,Persons under investigation,,,724.0,Nigeria,,,Jan 01,2018.0,,Jun 06,2019.0,,False,,,False,False,,Risk factors,,,
5c5ffbe66a43c846fd20725dd3e4ad45,897d3bb2e7e3c0004758da80206a7d75,3991,Lassa mammarenavirus,Risk factors,,0.0,,,,,,,,,,,,,,,False,,,False,False,Endemic,,,,False,False,Death,Age;Other,,Significant,Adjusted,Both,Population based,Persons under investigation,,,724.0,Nigeria,,,Jan 01,2018.0,,Jun 06,2019.0,,False,,,False,False,,Risk factors,,,
5c5ffbe66a43c846fd20725dd3e4ad45,b9566366a59b6b78a34a0816f0cc09c0,3991,Lassa mammarenavirus,Risk factors,,0.0,,,,,,,,,,,,,,,False,,,False,False,Endemic,,,,False,False,Death,Other,,Not significant,Adjusted,Both,Population based,Persons under investigation,,,724.0,Nigeria,,,Jan 01,2018.0,,Jun 06,2019.0,,False,,,False,False,,Risk factors,,,
9f6622db6a31bc5d28564c20f314d4ef,11557a5a2c34408a757c0d99ae3dc445,4144,Lassa mammarenavirus,Reproduction number (Basic R0),1.1868,0.0,No units,,,Unspecified,,,,,,,,,,,False,,,False,False,Endemic,,Next generation matrix,,False,False,,,,,,Unspecified,Population based,Persons under investigation,,,,Nigeria,,,,2018.0,,,2022.0,,False,,,False,False,Other,Reproduction number,,,
5da1e6fb63d7dd0f9a7e4d0b2df3a21a,24a7776911d3ef304e62d6c0ab38a44e,4207,Lassa mammarenavirus,Reproduction number (Basic R0),1.1299,0.0,No units,,,Unspecified,,,,,,,,,,,False,,,False,False,Unspecified,,Next generation matrix,,False,False,,,,,,Unspecified,Population based,Persons under investigation,,,,Nigeria,,3.0,Jan 01,2021.0,19.0,May 05,2021.0,,False,,,False,False,Other,Reproduction number,,,
d7d8fa31fe3fbe2936d94b520ae2bf31,a5ff5d0fe7b4bc72f1f52ea904f9259c,4314,Lassa mammarenavirus,Severity - case fatality rate (CFR),19.0,0.0,Percentage (%),16.0,31.0,Unspecified,,,,,,12.0,62.0,,,,False,,,False,False,Endemic,Unspecified,,"Occupation, Other",True,False,,,,,,Both,Population based,Persons under investigation,,,62.0,Nigeria,Ebonyi State,1.0,Jan 01,2018.0,31.0,Mar 03,2018.0,,False,,,False,False,,Severity,16 - 31,,
d7d8fa31fe3fbe2936d94b520ae2bf31,d3baac40ad90f6315ba7f3c0cb4afcb1,4314,Lassa mammarenavirus,Human delay - incubation period,7.0,0.0,Days,,,Unspecified,,,,,,,,,,,False,,,False,False,Endemic,,,,False,False,,,,,,Both,Population based,Persons under investigation,,,62.0,Nigeria,Ebonyi State,1.0,Jan 01,2018.0,31.0,Mar 03,2018.0,,False,,,False,False,,Human delay,,,
7d2b6923efb6a15cba79119c1c605a5f,b8aadacb91bb14661859d78d76981a86,4595,Lassa mammarenavirus,Seroprevalence - Unspecified,15.5,0.0,Percentage (%),,,Unspecified,,,,,,15.0,97.0,,,,False,,,False,False,Unspecified,,,"Age, Occupation, Sex",True,False,,,,,,Both,Trade / business based,Mixed groups,3.0,56.0,97.0,Nigeria,"Pankshin, Plateau State",,Aug 08,1976.0,,Aug 08,1976.0,,False,,,False,False,,Seroprevalence,,,
f1344dc6df29b20cb88578fa1dcdcf0f,574678ece5c5fcc7272c1bd492b49744,4684,Lassa mammarenavirus,Seroprevalence - IFA,,0.0,Percentage (%),0.0,52.0,,,,,,,,,,,,False,,,False,False,Endemic,,,"Age, Region, Sex",True,True,,,,,,Both,Community based,General population,,,,Sierra Leone,"Palima, Semewabu, Konia, Tongola, Njakundoma, Niahun, Kpandebu, Neama, Lowoma, Landoma, Bomie, Yengema, Kamethe, Kamabunyele, Kathumpe",,,,,,,,False,,,False,False,,Seroprevalence,0 - 52,,
53fd4f518d3caba6ee4f713b5699c0f8,8c834a575d6c0e3ca28cc3b8bced9239,4727,Lassa mammarenavirus,Severity - case fatality rate (CFR),63.0,0.0,Percentage (%),,,Unspecified,,,,,,36.0,57.0,,,,False,,,False,False,Endemic,Unspecified,,,False,False,,,,,,Both,Hospital based,Children,0.0,18.0,57.0,Sierra Leone,Kenema District Of Eastern Province,1.0,Jan 01,2012.0,31.0,Dec 12,2018.0,,False,,,False,False,,Severity,,,
53fd4f518d3caba6ee4f713b5699c0f8,e128ed0d302b4c5ae13ee121da91fe71,4727,Lassa mammarenavirus,Risk factors,,0.0,,,,,,,,,,,,,,,False,,,False,False,Endemic,,,,False,False,Death,Age;Other;Sex,,Not significant,Not adjusted,Both,Hospital based,Children,0.0,18.0,57.0,Sierra Leone,Kenema District Of Eastern Province,1.0,Jan 01,2012.0,31.0,Dec 12,2018.0,,False,,,False,False,,Risk factors,,,
53fd4f518d3caba6ee4f713b5699c0f8,f61c422f27548b419fac71874afc3ad7,4727,Lassa mammarenavirus,Risk factors,,0.0,,,,,,,,,,,,,,,False,,,False,False,Endemic,,,,False,False,Death,Other,,Significant,Not adjusted,Both,Hospital based,Children,0.0,18.0,57.0,Sierra Leone,Kenema District Of Eastern Province,1.0,Jan 01,2012.0,31.0,Dec 12,2018.0,,False,,,False,False,,Risk factors,,,
23eb68904ae4f092f0f7310d85c13cad,45932c057e7687540552a9906b6f1ae8,4745,Lassa mammarenavirus,Severity - case fatality rate (CFR),36.0,0.0,Percentage (%),,,Unspecified,,,,,,4.0,11.0,,,,False,,,False,False,Unspecified,Naive,,,False,False,,,,,,Unspecified,Hospital based,Persons under investigation,20.0,56.0,11.0,Liberia,Zorzor,,Mar 03,1972.0,,Apr 04,1972.0,,False,,,False,False,,Severity,,,
23eb68904ae4f092f0f7310d85c13cad,3993b9ea5d6d48468016a329eacbdd9c,4745,Lassa mammarenavirus,Human delay - incubation period,,0.0,Days,1.0,24.0,,,,,,,,,,,,False,,,False,False,Unspecified,,,,False,False,,,,,,Unspecified,Hospital based,Persons under investigation,20.0,56.0,11.0,Liberia,Zorzor,,Mar 03,1972.0,,Apr 04,1972.0,,False,,,False,False,,Human delay,1 - 24,,
23eb68904ae4f092f0f7310d85c13cad,bab38b1b81a3f5a43a4d718b4f8d2d36,4745,Lassa mammarenavirus,Human delay - symptom onset>admission to care,4.0,0.0,Days,,,Mean,,,0.0,7.0,Range,,,,,,False,,,False,False,Unspecified,,,,False,False,,,,,,Unspecified,Hospital based,Persons under investigation,20.0,56.0,11.0,Liberia,Zorzor,,Mar 03,1972.0,,Apr 04,1972.0,,False,,,False,False,,Human delay,,Range,0 - 7
23eb68904ae4f092f0f7310d85c13cad,9b9018b05ab0d6caaa31cfe6554a1f7b,4745,Lassa mammarenavirus,Human delay - symptom onset>discharge/recovery,14.0,0.0,Days,,,Mean,,,11.0,21.0,Range,,,,,,False,,,False,False,Unspecified,,,,False,False,,,,,,Unspecified,Hospital based,Persons under investigation,20.0,56.0,11.0,Liberia,Zorzor,,Mar 03,1972.0,,Apr 04,1972.0,,False,,,False,False,,Human delay,,Range,11 - 21
23eb68904ae4f092f0f7310d85c13cad,3142477f64e4376e821f433b98e395c2,4745,Lassa mammarenavirus,Human delay - symptom onset>death,12.0,0.0,Days,,,Mean,,,12.0,15.0,Range,,,,,,False,,,False,False,Unspecified,,,,False,False,,,,,,Unspecified,Hospital based,Persons under investigation,20.0,56.0,11.0,Liberia,Zorzor,,Mar 03,1972.0,,Apr 04,1972.0,,False,,,False,False,,Human delay,,Range,12 - 15
270970f4f0b4024e727158b6b377c804,203523b76e4a005cfe22c0da20085ed5,5419,Lassa mammarenavirus,Severity - case fatality rate (CFR),,0.0,,,,,,,,,,54.0,400.0,,,,False,,,False,False,Unspecified,Adjusted,,,False,False,,,,,,Both,Population based,Persons under investigation,,,400.0,Nigeria,"Edo, Ebonyi, Ondo, Kebbi",,,2017.0,,,2020.0,,False,,,False,False,,Severity,,,
270970f4f0b4024e727158b6b377c804,ffb33abd4e9295c46dacb81f1c537b2d,5419,Lassa mammarenavirus,Risk factors,,0.0,,,,,,,,,,,,,,,False,,,False,False,Unspecified,,,,False,False,Death,Other,,Significant,Not adjusted,Both,Population based,Persons under investigation,,,,Nigeria,"Edo, Ebonyi, Ondo, Kebbi",,,2017.0,,,2020.0,,False,,,False,False,,Risk factors,,,
270970f4f0b4024e727158b6b377c804,6100706687c28ae4402b4b5e8fcce3a0,5419,Lassa mammarenavirus,Risk factors,,0.0,,,,,,,,,,,,,,,False,,,False,False,Unspecified,,,,False,False,Death,Age;Other;Sex,,Not significant,Not adjusted,Both,Population based,Persons under investigation,,,,Nigeria,"Edo, Ebonyi, Ondo, Kebbi",,,2017.0,,,2020.0,,False,,,False,False,,Risk factors,,,
270970f4f0b4024e727158b6b377c804,438e8f4c2b9b19fc555ec449bdddf64e,5419,Lassa mammarenavirus,Risk factors,,0.0,,,,,,,,,,,,,,,False,,,False,False,Unspecified,,,,False,False,Death,Other,,Significant,Adjusted,Both,Population based,Persons under investigation,,,,Nigeria,"Edo, Ebonyi, Ondo, Kebbi",,,2017.0,,,2020.0,,False,,,False,False,,Risk factors,,,
270970f4f0b4024e727158b6b377c804,441abaf709cbf24c271425dacdf15e7b,5419,Lassa mammarenavirus,Risk factors,,0.0,,,,,,,,,,,,,,,False,,,False,False,Unspecified,,,,False,False,Death,Age;Other,,Not significant,Adjusted,Both,Population based,Persons under investigation,,,,Nigeria,"Edo, Ebonyi, Ondo, Kebbi",,,2017.0,,,2020.0,,False,,,False,False,,Risk factors,,,
9f41be4d27eb43acef1139ff52801f67,9ca08195dff2165713aa3b1cfeadfc07,5423,Lassa mammarenavirus,Mutations - evolutionary rate,,0.0,,,,,,,,,,,,,,,False,,,False,False,Unspecified,,,,False,False,,,,,,Unspecified,Unspecified,Unspecified,,,151.0,"Benin, Côte d'Ivoire, Ghana, Guinea, Liberia, Mali, Nigeria, Sierra Leone, Togo",,,,1974.0,,,2018.0,L segment,False,,,False,True,,Mutations,,,
9f41be4d27eb43acef1139ff52801f67,53f29cf35c56fec1fea367a716f20690,5423,Lassa mammarenavirus,Mutations - evolutionary rate,,0.0,,,,,,,,,,,,,,,False,,,False,False,Unspecified,,,,False,False,,,,,,Unspecified,Unspecified,Unspecified,,,151.0,"Benin, Côte d'Ivoire, Ghana, Guinea, Liberia, Mali, Nigeria, Sierra Leone, Togo",,,,1974.0,,,2018.0,S segment,False,,,False,True,,Mutations,,,
9f41be4d27eb43acef1139ff52801f67,7c66e3f22bbfa85f2a2e56e7898335d4,5423,Lassa mammarenavirus,Mutations - evolutionary rate,,0.0,,,,,,,,,,,,,,,False,,,False,False,Unspecified,,,,False,False,,,,,,Unspecified,Unspecified,Unspecified,,,151.0,"Benin, Côte d'Ivoire, Ghana, Guinea, Liberia, Mali, Nigeria, Sierra Leone, Togo",,,,1974.0,,,2018.0,GPC,False,,,False,True,,Mutations,,,
9f41be4d27eb43acef1139ff52801f67,d3e94ae3c50fdf735884300d0938ef55,5423,Lassa mammarenavirus,Mutations - evolutionary rate,,0.0,,,,,,,,,,,,,,,False,,,False,False,Unspecified,,,,False,False,,,,,,Unspecified,Unspecified,Unspecified,,,151.0,"Benin, Côte d'Ivoire, Ghana, Guinea, Liberia, Mali, Nigeria, Sierra Leone, Togo",,,,1974.0,,,2018.0,L,False,,,False,True,,Mutations,,,
9f41be4d27eb43acef1139ff52801f67,55e78ccaf77a5a4caf375ba5020af41d,5423,Lassa mammarenavirus,Mutations - evolutionary rate,,0.0,,,,,,,,,,,,,,,False,,,False,False,Unspecified,,,,False,False,,,,,,Unspecified,Unspecified,Unspecified,,,151.0,"Benin, Côte d'Ivoire, Ghana, Guinea, Liberia, Mali, Nigeria, Sierra Leone, Togo",,,,1974.0,,,2018.0,NP,False,,,False,True,,Mutations,,,
9f41be4d27eb43acef1139ff52801f67,5556866d6ad9646b021624b1e0fa3f82,5423,Lassa mammarenavirus,Mutations - evolutionary rate,,0.0,,,,,,,,,,,,,,,False,,,False,False,Unspecified,,,,False,False,,,,,,Unspecified,Unspecified,Unspecified,,,151.0,"Benin, Côte d'Ivoire, Ghana, Guinea, Liberia, Mali, Nigeria, Sierra Leone, Togo",,,,1974.0,,,2018.0,Z,False,,,False,True,,Mutations,,,
1974978eefae521d909c47e28a125537,92e1c27f535c972a799d746b774e8227,5439,Lassa mammarenavirus,Seroprevalence - IgG,25.9,0.0,Percentage (%),,,Unspecified,,,,,,,751.0,,,,False,,,False,False,Unspecified,,,Age,True,False,,,,,,Both,Other,Other,,,751.0,Nigeria,,,,2011.0,,,2018.0,,False,,,False,False,,Seroprevalence,,,
1974978eefae521d909c47e28a125537,6d2ba92993d2ec5e5e6e773527bf1b1c,5439,Lassa mammarenavirus,Seroprevalence - IgG,49.6,0.0,Percentage (%),,,Unspecified,,,,,,,589.0,,,,False,,,False,False,Unspecified,,,Age,True,False,,,,,,Both,Other,Other,,,589.0,Sierra Leone,,,,2011.0,,,2018.0,,False,,,False,False,,Seroprevalence,,,
1974978eefae521d909c47e28a125537,4e058d678622152caf1bdb04052af44e,5439,Lassa mammarenavirus,Seroprevalence - IgG,,0.0,,,,,,,,,,0.0,117.0,,,,False,,,False,False,Unspecified,,,,False,False,,,,,,Unspecified,Unspecified,Unspecified,,,117.0,United States,,,,,,,,,False,,,False,False,,Seroprevalence,,,
1974978eefae521d909c47e28a125537,036cef6567c6d91b12492d15a7aa7036,5439,Lassa mammarenavirus,Risk factors,,0.0,,,,,,,,,,,,,,,False,,,False,False,Unspecified,,,,False,False,Serology,Age,,Significant,Not adjusted,Both,Other,Other,,,,"Nigeria, Sierra Leone",,,,2011.0,,,2018.0,,False,,,False,False,,Risk factors,,,
1974978eefae521d909c47e28a125537,9999e460f4793759ec8b958a25c9069a,5439,Lassa mammarenavirus,Severity - case fatality rate (CFR),35.3,0.0,Percentage (%),19.4,42.9,Unspecified,,,,,,107.0,,,,,False,,,False,False,Unspecified,Adjusted,,Age,True,False,,,,,,Both,Hospital based,Persons under investigation,,,,Nigeria,Isth,,,2011.0,,,2018.0,,False,,,False,False,,Severity,19.4 - 42.9,,
1974978eefae521d909c47e28a125537,3943dfb481939a499663a99b3ef292a6,5439,Lassa mammarenavirus,Severity - case fatality rate (CFR),64.8,0.0,Percentage (%),45.8,73.3,Unspecified,,,,,,70.0,108.0,,,,False,,,False,False,Unspecified,Adjusted,,Age,True,False,,,,,,Both,Hospital based,Persons under investigation,,,108.0,Sierra Leone,Kgh,,,2011.0,,,2016.0,,False,,,False,False,,Severity,45.8 - 73.3,,
1974978eefae521d909c47e28a125537,8a600332acf522ea47cb1ebf7708dac5,5439,Lassa mammarenavirus,Risk factors,,0.0,,,,,,,,,,,,,,,False,,,False,False,Unspecified,,,,False,False,Death,Other,,Significant,Not adjusted,Both,Hospital based,Persons under investigation,,,,"Nigeria, Sierra Leone","Isth, Kgh",,,2011.0,,,2018.0,,False,,,False,False,,Risk factors,,,
1974978eefae521d909c47e28a125537,04e74c993c94a298c58795d2471166e7,5439,Lassa mammarenavirus,Risk factors,,0.0,,,,,,,,,,,,,,,False,,,False,False,Unspecified,,,,False,False,Death,Age;Other,,Not significant,Not adjusted,Both,Hospital based,Persons under investigation,,,,"Nigeria, Sierra Leone","Isth, Kgh",,,2011.0,,,2018.0,,False,,,False,False,,Risk factors,,,
1974978eefae521d909c47e28a125537,3ee541b4df399aacfb26eec5eab31a7b,5439,Lassa mammarenavirus,Risk factors,,0.0,,,,,,,,,,,,,,,False,,,False,False,Unspecified,,,,False,False,Infection,Age;Other;Sex,,Significant,Not adjusted,Both,Mixed settings,Mixed groups,,,,"Nigeria, Sierra Leone",,,,2011.0,,,2018.0,,False,,,False,False,,Risk factors,,,
1974978eefae521d909c47e28a125537,50fcf6d88c40b2a36bc8881e9eafe265,5439,Lassa mammarenavirus,Risk factors,,0.0,,,,,,,,,,,,,,,False,,,False,False,Unspecified,,,,False,False,Infection,Other;Sex,,Not significant,Not adjusted,Both,Mixed settings,Mixed groups,,,,"Nigeria, Sierra Leone",,,,2011.0,,,2018.0,,False,,,False,False,,Risk factors,,,
f7a9b1a823a53514e8e49cf22d5e34d5,8a69451581ff1eea1c4794bb5328a166,5443,Lassa mammarenavirus,"Reproduction number (Effective, Re)",1.82,-2.0,No units,,,Median,,,0.311,3.09,90% CrI,,,,,,False,,,False,True,Endemic,,Next generation matrix,,False,False,,,,,,Unspecified,Population based,Persons under investigation,,,,Nigeria,,7.0,Jan 01,2018.0,12.0,Jul 07,2020.0,,False,,,False,False,Human-human,Reproduction number,,90% CrI,0.311 - 3.09
da03b4023b34946ba8584ee6da95d270,ccd1f0e08dc5a11654bad75345831259,5450,Lassa mammarenavirus,Human delay - symptom onset>admission to care,6.0,0.0,Days,,,Median,,,3.0,9.0,IQR,,,,,,False,,,False,False,Endemic,,,,False,False,,,,,,Both,Population based,Persons under investigation,,,192.0,Liberia,,,,2016.0,,,2021.0,,False,,,False,False,,Human delay,,IQR,3 - 9
da03b4023b34946ba8584ee6da95d270,df117f901c7fb72200ced8a0313567ff,5450,Lassa mammarenavirus,Severity - case fatality rate (CFR),44.8,0.0,Percentage (%),0.0,77.8,Unspecified,,,,,,86.0,192.0,,,,False,,,False,False,Endemic,Adjusted,,"Age, Other, Region, Sex, Time",True,False,,,,,,Both,Population based,Persons under investigation,,,192.0,Liberia,,,,2016.0,,,2021.0,,False,,,False,False,,Severity,0 - 77.8,,
da03b4023b34946ba8584ee6da95d270,193cc8ee916ef7ab5e2ee9d7959069f8,5450,Lassa mammarenavirus,Risk factors,,0.0,,,,,,,,,,,,,,,False,,,False,False,Endemic,,,,False,False,Death,Age;Other,,Significant,Not adjusted,Both,Population based,Persons under investigation,,,192.0,Liberia,,,,2016.0,,,2021.0,,False,,,False,False,,Risk factors,,,
da03b4023b34946ba8584ee6da95d270,4a47ce3b50579ab98b3a513dd7c6bfe2,5450,Lassa mammarenavirus,Risk factors,,0.0,,,,,,,,,,,,,,,False,,,False,False,Endemic,,,,False,False,Death,Other;Sex,,Not significant,Not adjusted,Both,Population based,Persons under investigation,,,192.0,Liberia,,,,2016.0,,,2021.0,,False,,,False,False,,Risk factors,,,
da03b4023b34946ba8584ee6da95d270,42e0323c990b9309e2267dcf2f383ebe,5450,Lassa mammarenavirus,Risk factors,,0.0,,,,,,,,,,,,,,,False,,,False,False,Endemic,,,,False,False,Death,Age;Other,,Significant,Adjusted,Both,Population based,Persons under investigation,,,192.0,Liberia,,,,2016.0,,,2021.0,,False,,,False,False,,Risk factors,,,
da03b4023b34946ba8584ee6da95d270,3fafba16ea287defb381ccadc3254880,5450,Lassa mammarenavirus,Risk factors,,0.0,,,,,,,,,,,,,,,False,,,False,False,Endemic,,,,False,False,Death,Other;Sex,,Not significant,Adjusted,Both,Population based,Persons under investigation,,,192.0,Liberia,,,,2016.0,,,2021.0,,False,,,False,False,,Risk factors,,,
418ad164b5fd29d0cc5f438d29315ae3,1ec283923372da36bdc3c7601d54a0bb,5529,Lassa mammarenavirus,Reproduction number (Basic R0),1.395,0.0,No units,,,Unspecified,,,,,,,,,,,False,,,False,False,Endemic,,Next generation matrix,,False,False,,,,,,Unspecified,Population based,Persons under investigation,,,,Nigeria,,,Jan 01,2019.0,,Dec 12,2019.0,,False,,,False,False,Other,Reproduction number,,,
34dc3562026063fc2dfcd068d05e1bd8,315980f8f20a954a28aa83f48e6a7c0e,5619,Lassa mammarenavirus,Seroprevalence - IFA,,0.0,,,,,,,,,,8.0,1898.0,,,,False,,,False,False,Unspecified,,,,False,False,,,,,,Unspecified,Unspecified,Unspecified,,,1898.0,Central African Republic,Savannah And Forest Galley Areas,,,,,,,,False,,,False,False,,Seroprevalence,,,
cfd18e253209e4e15fdf325a4c958caa,c802d0e724ca48ae8d26f9feeafbef4c,5622,Lassa mammarenavirus,Human delay - symptom onset>admission to care,11.0,0.0,Days,,,Mean,,,,,,,,,,,False,,,False,False,Endemic,,,,False,False,,,,,,Unspecified,Hospital based,Persons under investigation,,,81.0,Sierra Leone,,,,1977.0,,,1977.0,,False,,,False,False,,Human delay,,,
cfd18e253209e4e15fdf325a4c958caa,59907a6cc6a879e763832ebf636a14bb,5622,Lassa mammarenavirus,Human delay - symptom onset>admission to care,8.0,0.0,Days,,,Mean,,,,,,,,,,,False,,,False,False,Endemic,,,,False,False,,,,,,Unspecified,Hospital based,Persons under investigation,,,56.0,Sierra Leone,,,,1977.0,,,1977.0,,False,,,False,False,,Human delay,,,
cfd18e253209e4e15fdf325a4c958caa,1972230a32c90142ec6bd382c4280851,5622,Lassa mammarenavirus,Severity - case fatality rate (CFR),,0.0,Percentage (%),12.5,78.0,,,,,,,56.0,137.0,,,,False,,,False,False,Endemic,Adjusted,,Other,True,False,,,,,,Unspecified,Hospital based,Persons under investigation,,,137.0,Sierra Leone,,,,1977.0,,,1977.0,,False,,,False,False,,Severity,12.5 - 78,,
cfd18e253209e4e15fdf325a4c958caa,0a9d07a94d6ac0ecfeeb3f80273bc543,5622,Lassa mammarenavirus,Risk factors,,0.0,,,,,,,,,,,,,,,False,,,False,False,Endemic,,,,False,False,Death,Other,,Significant,Unspecified,Unspecified,Hospital based,Persons under investigation,,,137.0,Sierra Leone,,,,1977.0,,,1977.0,,False,,,False,False,,Risk factors,,,
cfd18e253209e4e15fdf325a4c958caa,46f3be0589a0d1c082610b86b560984b,5622,Lassa mammarenavirus,Risk factors,,0.0,,,,,,,,,,,,,,,False,,,False,False,Endemic,,,,False,False,Death,Other,,Not significant,Unspecified,Unspecified,Hospital based,Persons under investigation,,,137.0,Sierra Leone,,,,1977.0,,,1977.0,,False,,,False,False,,Risk factors,,,
cfd18e253209e4e15fdf325a4c958caa,cb426a049be734f1f51a18270835cd3d,5622,Lassa mammarenavirus,Seroprevalence - IgM,67.0,0.0,Percentage (%),,,Unspecified,,,,,,,137.0,,,,False,,,False,False,Endemic,,,,False,False,,,,,,Unspecified,Hospital based,Persons under investigation,,,137.0,Sierra Leone,,,,1977.0,,,1977.0,,False,,,False,False,,Seroprevalence,,,
cfd18e253209e4e15fdf325a4c958caa,8ba5c7dcd9d4c0c987575f978389bce2,5622,Lassa mammarenavirus,Seroprevalence - IgG,53.0,0.0,Percentage (%),,,Unspecified,,,,,,,137.0,,,,False,,,False,False,Endemic,,,,False,False,,,,,,Unspecified,Hospital based,Persons under investigation,,,137.0,Sierra Leone,,,,1977.0,,,1977.0,,False,,,False,False,,Seroprevalence,,,
73acbbf9fab54e3c24e4695a9ce1038f,ab1b7725b7f96bdc62ac15cf3b18d33d,5623,Lassa mammarenavirus,Human delay - admission to care>discharge/recovery,11.0,0.0,Days,,,Mean,,,,,,,,,,,False,,,False,False,Endemic,,,,False,False,,,,,,Both,Hospital based,Persons under investigation,1.0,60.0,27.0,Nigeria,"Atbuth, Bauchi",,Oct 10,2016.0,,Apr 04,2018.0,,False,,,False,False,,Human delay,,,
73acbbf9fab54e3c24e4695a9ce1038f,906db947e19c048bb2a2de5f74a64000,5623,Lassa mammarenavirus,Severity - case fatality rate (CFR),44.4,0.0,Percentage (%),,,Unspecified,,,,,,12.0,27.0,,,,False,,,False,False,Endemic,Unspecified,,,False,False,,,,,,Both,Hospital based,Persons under investigation,1.0,60.0,27.0,Nigeria,"Atbuth, Bauchi",,Oct 10,2016.0,,Apr 04,2018.0,,False,,,False,False,,Severity,,,
887aa55dc0cb680ad661ec0feaae1aec,1bf72a6bd1c141bd0b897900124b7510,5628,Lassa mammarenavirus,Reproduction number (Basic R0),1.32,0.0,No units,,,Unspecified,,,,,,,,,,,False,,,False,False,Endemic,,Next generation matrix,,False,False,,,,,,Unspecified,Population based,Persons under investigation,,,,Nigeria,,,Jan 01,2020.0,,,2021.0,,False,,,False,False,Other,Reproduction number,,,
