article_id,source,pmid,pmcid,doi,title,authors,journal,year,abstract,url,openalex_id,openalex_pdf_url,pathogen,query,harvested_at,downloaded,downloaded_path,download_attempted_at,download_source,download_error
PMID_42554035,PubMed,42554035,,10.1002/smll.75081,Gastrointestinal In Situ Self-Assembled Gastrodia Elata Polysaccharide Hydrogel Enables Parkinson's Disease Therapy via Gut-Brain Axis Modulation.,"Lei, Tong; Yang, Xiaoyu; Fu, Gaoshuang; Li, Gaifeng; Wu, Yuanhua; Xue, Xin; Zhao, Yukun; Zhang, Shuai; Li, Tingyu; Yang, Hongjun","Small (Weinheim an der Bergstrasse, Germany)",2026,"Parkinson's disease (PD) is closely associated with abnormal α-synuclein propagation along the gut-brain axis and progressive dopaminergic neuronal loss. Traditional oral preparations suffer from weak gastrointestinal resistance, rapid degradation and poor gut-brain axis regulation. Here, we constructed a gastrodia elata polysaccharide-functionalized dual-network GEPH hydrogel via thiol-maleimide click crosslinking. GEPH possesses favorable biocompatibility, regular porous microstructure and tailored rheological properties suitable for gastrointestinal delivery, showing outstanding erosion resistance and structural stability in simulated intestinal fluid. It achieves in situ gelation in the gastrointestinal tract and maintains 24 h long-term retention after oral administration. GEPH modulates gut microbiota composition and metabolite profiles, repairs intestinal barrier and neuronal injury in PD mice such as Corynebacterium, CAG_95, and Akkermansia, while regulated metabolite abundance such as 3-methyl-4-cis-hydroxy-2-butenal, Nicotinic acid, Linolenate. By regulating the TLR4/NF-κB pathway and gut-brain axis, it inhibits abnormal aggregation and spread of intestinal and cerebral α-synuclein, alleviates neuroinflammation and neuronal apoptosis, protects dopaminergic neurons and ameliorates motor dysfunction. This study proposes GEPH as a new type of oral functionalized dual-network hydrogel formulation that regulates the gut-brain axis, promoting the clinical application of a new strategy for oral drug administration for gastrointestinal prevention and treatment of PD.",https://pubmed.ncbi.nlm.nih.gov/42554035/,,,parkinsons,(Parkinson Disease[MeSH] OR Parkinson[tiab] OR dopamine[tiab] OR alpha-synuclein[tiab]) AND (treatment[tiab] OR intervention[tiab] OR therapy[tiab]),2026-08-05T17:22:15+00:00,,,,,
PMID_42553791,PubMed,42553791,PMC6167921,10.7759/cureus.112096,Exploring the Link Between Obstructive Sleep Apnea and Neuropsychiatric Disorders: Role of Neuroinflammatory Mechanisms.,"Mehdi, Mohammad Raza; Al-Qassab, Zahraa Munaf Shakir; Sabuni, Omar; Rai, Mriganka; Patel, Tirath; Patel, Rishil; Iftikhar, Laraib",Cureus,2026,"Obstructive sleep apnea syndrome (OSAS) is a prevalent sleep-related breathing disorder characterized by recurrent episodes of upper airway obstruction during sleep, resulting in intermittent reductions or complete cessation of airflow. These interruptions reduce oxygen saturation and disrupt normal sleep architecture, frequently resulting in daytime fatigue and adverse health outcomes. Recent research has provided increasing evidence that OSAS may be associated with neuroinflammation, defined as inflammation within the brain and nervous system. Such neuroinflammation may contribute to the development of conditions including depression, anxiety, Alzheimer's disease, and Parkinson's disease. This narrative review examines the association between OSAS and neuroinflammation and outlines the potential biological mechanisms involved. Intermittent hypoxemia and recurrent sleep fragmentation are thought to promote oxidative stress, neuroinflammation, and neuronal injury, ultimately contributing to impaired memory, executive function, emotional regulation, and overall neurological function. Over time, these processes can impair memory, executive function, emotional regulation, and overall neurological function. The review also highlights key risk factors and clinical manifestations and emphasizes the importance of early diagnosis and intervention for OSAS. Evidence from both experimental animal studies and human clinical studies is discussed to highlight current understanding while distinguishing established findings from emerging hypotheses. In summary, this review indicates that neuroinflammation may represent an important mechanistic pathway linking OSAS with depression, anxiety, cognitive impairment, and neurodegenerative disorders. However, much of the available evidence remains associative, and further longitudinal and biomarker-driven studies are required to clarify causal relationships and determine the long-term impact of interventions such as continuous positive airway pressure (CPAP) therapy. Improved understanding of these mechanisms may facilitate earlier diagnosis, risk stratification, and the development of targeted therapeutic strategies for individuals with OSAS.",https://pubmed.ncbi.nlm.nih.gov/42553791/,,,parkinsons,(Parkinson Disease[MeSH] OR Parkinson[tiab] OR dopamine[tiab] OR alpha-synuclein[tiab]) AND (treatment[tiab] OR intervention[tiab] OR therapy[tiab]),2026-08-05T17:22:15+00:00,,,,,
PMID_42553297,PubMed,42553297,PMC10382535,10.1038/s41467-023-40280-3,Targeting mitochondria for the treatment of neurodegenerative diseases.,"Li, Qian; You, Ming",Frontiers in neuroscience,2026,"Mitochondria are central regulators of cellular metabolism, redox balance, calcium signaling, and cell survival, making them essential for neuronal function. Because neurons rely heavily on mitochondrial oxidative phosphorylation to meet their high energetic demands, mitochondrial dysfunction has emerged as a key pathogenic driver in major neurodegenerative diseases, including Alzheimer's disease, Parkinson's disease, Huntington's disease, and amyotrophic lateral sclerosis. Defects in mitochondrial bioenergetics, excessive reactive oxygen species production, impaired mitochondrial dynamics, disrupted mitophagy, and dysregulated calcium handling collectively contribute to neuronal damage, synaptic dysfunction, and neuroinflammation. These insights have prompted growing interest in therapeutic strategies that directly target mitochondria to restore organelle homeostasis. Recent advances in chemical biology and nanomedicine have enabled the development of mitochondria-targeted ligands, peptide-based targeting systems, and carrier or nanotechnology-enabled delivery platforms designed to overcome biological barriers and selectively deliver therapeutic cargos to mitochondria within the central nervous system. In this Review, we summarize mitochondrial pathological mechanisms in neurodegenerative diseases and discuss emerging mitochondria-targeted therapeutic strategies, highlighting delivery technologies, therapeutic modalities, and translational challenges. Although most strategies remain at the preclinical or proof-of-principle stage, these advances are beginning to shape a conceptual framework for precision mitochondrial medicine, with the longer-term goal of developing disease-modifying interventions for neurodegenerative disorders.",https://pubmed.ncbi.nlm.nih.gov/42553297/,,,parkinsons,(Parkinson Disease[MeSH] OR Parkinson[tiab] OR dopamine[tiab] OR alpha-synuclein[tiab]) AND (treatment[tiab] OR intervention[tiab] OR therapy[tiab]),2026-08-05T17:22:15+00:00,,,,,
PMID_42553260,PubMed,42553260,PMC5703859,10.1016/j.biopha.2020.111119,Curcumin attenuates α-synuclein pathology in Parkinson's disease model mice through modulation of UBC9-associated SUMOylation signaling.,"Li, Yao; Zhu, Zhuang; Zhang, Kezhong",Frontiers in neuroscience,2026,"BACKGROUND: Post-translational modifications, particularly SUMOylation, plays a crucial role in α-synuclein (α-syn) aggregation, a key pathological feature of Parkinson's disease (PD). Curcumin, a natural polyphenol, has shown neuroprotective potential, but its effects on SUMOylation-related signaling in PD remain unclear.
OBJECTIVE: This study aimed to investigate whether curcumin modulates α-syn SUMOylation and to elucidate the underlying molecular mechanisms in PD model mice.
METHODS: A PD model was established in male C57BL/6 mice via unilateral intrastriatal injection of α-syn preformed fibrils (PFFs). Six months after α-syn PFFs injection, mice were treated intravenously with curcumin (25 mg/kg/day) or vehicle for 1 month. Behavioral tests (open field, rotarod) assessed motor function. Neuropathology was evaluated by immunohistochemistry and western blotting for tyrosine hydroxylase (TH), phosphorylated α-syn (p-syn), SUMOylation pathway components (SUMO1, SAE2, UBC9, PIAS1/2), and ubiquitin. Striatal dopamine levels were measured by HPLC.
RESULTS: Curcumin treatment ameliorated motor deficits and anxiety-like behaviors in PD mice. It partially preserved dopaminergic neurons and reduced p-syn aggregation in the substantia nigra, accompanied by increased striatal dopamine levels. Mechanistically, curcumin was associated with reduced SUMO1 and increased ubiquitin levels, suggesting modulation of SUMOylation-related signaling. Among SUMOylation enzymes, UBC9 expression was decreased, whereas E1 (SAE2) and E3 (PIAS1/2) components were not substantially affected.
CONCLUSION: Our findings demonstrated that curcumin exerted neuroprotective effects in a PD model by attenuating α-syn pathology. The protective mechanism involves the inhibition of α-syn SUMOylation, primarily through the downregulation of the UBC9 enzyme. This study identifies UBC9-mediated SUMOylation as a potential target for curcumin and highlight a promising strategy for modifying α-syn-associated pathology in PD.",https://pubmed.ncbi.nlm.nih.gov/42553260/,,,parkinsons,(Parkinson Disease[MeSH] OR Parkinson[tiab] OR dopamine[tiab] OR alpha-synuclein[tiab]) AND (treatment[tiab] OR intervention[tiab] OR therapy[tiab]),2026-08-05T17:22:15+00:00,,,,,
PMID_42552767,PubMed,42552767,,10.1002/mdc3.70759,"Longitudinal Associations between Depression, Daytime Sleepiness, and Caregiver Strain in Parkinson's Disease.","Holden, Sarah; Lane, Sean P; Christopher, Madison; Mann, Lisa; Carter, Julie H; Quinn, Joseph; Xu, Jiayun",Movement disorders clinical practice,2026,"OBJECTIVE: Examine the longitudinal relationship between caregiver strain and Parkinson's patient depression, daytime sleepiness, and treatment with dopamine agonists and antidepressants.
BACKGROUND: Parkinson's disease (PD) is a neurodegenerative disorder, in which family caregivers play an integral role in patient care. Depression and daytime sleepiness in PD patients have been shown to influence caregiver strain.
METHODS: This study was a longitudinal analysis of PD patient sleep and depression measures, and a measure of caregiver strain. Strain scores were modeled as a function of: accumulated time between visits, PD patient depression and sleep scores, and their interactions with time.
RESULTS: Caregiver strain increased over time, with patient depression and daytime sleepiness positively associated with greater caregiver strain.
CONCLUSIONS: Patient depressive symptoms consistently predicted caregiver strain, highlighting the central role of patient depression in caregiver well-being. Routine caregiver evaluations during patient visits facilitate timely interventions that benefit patients and caregivers.",https://pubmed.ncbi.nlm.nih.gov/42552767/,,,parkinsons,(Parkinson Disease[MeSH] OR Parkinson[tiab] OR dopamine[tiab] OR alpha-synuclein[tiab]) AND (treatment[tiab] OR intervention[tiab] OR therapy[tiab]),2026-08-05T17:22:15+00:00,,,,,
PMID_42552610,PubMed,42552610,,10.1111/1460-6984.70308,Better Conversations With Parkinson's: Feasibility and Acceptability of a Novel Communication Partner Training Telehealth Intervention.,"Clay, Philippa; Beeke, Suzanne; Hogger, Lucie; Brix, Ida; Massé, Emma; Hunt, Hannah; Dangerfield, Lynn; Bloch, Steven",International journal of language & communication disorders,2026,"BACKGROUND: Communication Partner Training (CPT) has an established evidence base in aphasia, dementia and traumatic brain injury. It has been shown to improve the skills, attitudes and knowledge of the communication partner, and improve communicative participation and confidence of the person with communication difficulties. CPT therefore holds potential value for people living with Parkinson's and their everyday conversation partners who report significant impact of communication changes on their day-to-day lives. However, the CPT evidence base is less well established in this population. People living with Parkinson's and their communication partners report wanting support with everyday communication. They also describe online intervention as acceptable.
AIMS: The primary aim was to evaluate the feasibility and acceptability of a novel CPT intervention, Better Conversations with Parkinson's (BCP), when delivered via telehealth in an NHS setting. Feasibility was explored in terms of completion of BCP intervention and assessment data when delivered via telehealth, and the ability to recruit and retain participants in an NHS trial. Acceptability was investigated for: (1) dyads completing the therapy (people with a diagnosis of Parkinson's and their communication partners) and (2) the speech and language therapist (SLT) delivering it.
METHODS AND PROCEDURES: This feasibility study recruited dyads comprising a person living with Parkinson's and a familiar communication partner. Participants were involved for 6 weeks of direct BCP intervention, delivered remotely by one SLT, and completed pre- and post-intervention measures. Descriptive statistics were used to report on recruitment, attendance, and attrition. Feasibility was further explored using logs and a focus group with study recruiters. Acceptability was evaluated using participant interviews, analysed using reflexive thematic analysis, and the SLT's reflective diary and interview feedback, which were analysed using qualitative content analysis.
RESULTS AND OUTCOMES: Seven dyads were recruited to the study, with an overall recruitment rate of 10%. Participants completed all therapy sessions and data collection for all outcome measures was achieved. Qualitative themes reflected a high degree of acceptability from dyads concerning their own agency, the therapeutic alliance, methods used, and expectations/beliefs. The acceptability for the SLT delivering the therapy was also high.
CONCLUSIONS AND IMPLICATIONS: The results indicated the BCP programme was feasible in terms of online delivery within an NHS setting, and acceptable for clients and the SLT. These results pave the way for a large-scale study that will evaluate the effectiveness of a BCP programme.
WHAT THIS PAPER ADDS: What is already known on the subject Despite an identified need for treatments beyond the impairment level, communication partner training (CPT) for people living with Parkinson's lacks evidence for acceptability or feasibility. What this study adds to the existing knowledge This study suggests that CPT for people living with Parkinson's is feasible to deliver via telehealth and acceptable to people living with Parkinson's, their communication partners, and SLTs. What are the clinical implications of this work? UK NHS speech and language therapy services could feasibly run online CPT programmes for people living with Parkinson's. Further work is required to move toward a full-scale trial of CPT for people living with Parkinson's and to establish whether such programmes may be most effectively run alongside impairment-based approaches or independently.",https://pubmed.ncbi.nlm.nih.gov/42552610/,,,parkinsons,(Parkinson Disease[MeSH] OR Parkinson[tiab] OR dopamine[tiab] OR alpha-synuclein[tiab]) AND (treatment[tiab] OR intervention[tiab] OR therapy[tiab]),2026-08-05T17:22:15+00:00,,,,,
PMID_42552442,PubMed,42552442,PMC13248603,10.1126/scitranslmed.abp9352,"XunZi, an AI biologist, reveals disease-modifying targets.","Huang, Xinhe; Qin, Junhong; Tang, Fei; Yang, Chenyu; Xu, Linhua; Wei, Junfen; Liu, Dan; Chen, Kang; Zhang, Chi; Chen, Miaomiao; Gou, Yujie; Zhang, Jiayi; Ma, Yongze; Zhao, Lin; Tu, Yingfeng; Lei, Peng; Xue, Yu; Jia, Da",Nature biomedical engineering,2026,"Hypothesis generation in biomedicine is constrained by human cognitive limitations in synthesizing insights from fragmented biomedical knowledge and multimodal data sources. Here we introduce XunZi, an AI biologist that integrates logical reasoning and multimodal data fusion to autonomously generate de novo therapeutic target hypotheses with testable mechanisms. XunZi has been trained on 24.4 million publications and 613.6 TB of multisource data spanning 21,008 human genes and 5,850 diseases, and outperforms existing methods in both accuracy and interpretability across diverse disease contexts. In Parkinson's disease (PD), where complex mechanisms and limited targets hamper therapy development, XunZi identifies aberrant activation of CHK2 and IRAK4 kinases across multiple models. Pharmacological or genetic inhibition of Chk2 rescues dopaminergic neuron loss and motor deficits in PD mice. We further demonstrate XunZi's broad versatility in diseases such as non-small-cell lung cancer. XunZi establishes a paradigm-shifting framework to translate fragmented biomedical knowledge and data into actionable therapeutics.",https://pubmed.ncbi.nlm.nih.gov/42552442/,,,parkinsons,(Parkinson Disease[MeSH] OR Parkinson[tiab] OR dopamine[tiab] OR alpha-synuclein[tiab]) AND (treatment[tiab] OR intervention[tiab] OR therapy[tiab]),2026-08-05T17:22:15+00:00,,,,,
PMID_42552042,PubMed,42552042,,10.1016/bs.irn.2026.05.016,Brain energy crisis in Alzheimer's and Parkinson's disease: Nanotechnology as a therapeutic strategy.,"Milmile, Mohini; Singh, Shweta; Pandey, Ajay; Pawar, Gajanan; Petkar, Pradnya; Chander, Yogesh; Mishra, Ranjan; Chawla, Ruchi",International review of neurobiology,2026,"Alzheimer's disease and Parkinson's disease are increasingly recognized as disorders marked not only by protein aggregation but by a sustained failure of brain energy metabolism. Years before overt cognitive or motor symptoms emerge, neurons begin to experience impaired glucose utilization, mitochondrial dysfunction, and declining ATP production. Because the brain is highly energy-dependent, even subtle metabolic disturbances can disrupt synaptic function, impair neuronal signaling, and trigger oxidative stress. As mitochondrial efficiency declines, reactive oxygen species accumulate, inflammatory pathways become chronically activated, and damaged cellular components are insufficiently cleared, creating a vicious cycle that accelerates neurodegeneration. Conventional metabolic therapies, including antioxidants and mitochondrial cofactors, have produced limited clinical success, largely due to poor penetration across the blood-brain barrier and lack of specificity for vulnerable neuronal populations and intracellular targets such as mitochondria. Nanotechnology introduces a more precise therapeutic strategy by enabling targeted delivery of metabolic modulators directly to the brain. Engineered nanocarriers can be designed to cross biological barriers, enhance drug stability, and release therapeutic agents in a controlled or stimuli-responsive manner within diseased regions. Advanced systems including polymeric nanoparticles, lipid-based carriers, intranasal nano formulations, biomimetic vesicles, and catalytic nanozymes offer the ability to simultaneously modulate oxidative stress, restore mitochondrial function, and regulate neuroinflammation. By integrating delivery precision with metabolic intervention, neuro-nanomedicine shifts the therapeutic focus from symptomatic management toward addressing the underlying bioenergetic crisis. Although challenges remain in safety validation, scalability, and clinical translation, targeted nanotherapeutic strategies hold significant promise for transforming the treatment landscape of these debilitating neurodegenerative disorders.",https://pubmed.ncbi.nlm.nih.gov/42552042/,,,parkinsons,(Parkinson Disease[MeSH] OR Parkinson[tiab] OR dopamine[tiab] OR alpha-synuclein[tiab]) AND (treatment[tiab] OR intervention[tiab] OR therapy[tiab]),2026-08-05T17:22:15+00:00,,,,,
PMID_42551778,PubMed,42551778,,10.1016/j.amjmed.2026.06.034,Association between PCSK9 targeted therapy and the risk of stroke and dementia: A Meta-Analysis of Randomized Controlled Trials.,"Jaiswal, Vikash; Deb, Novonil; Latif, Fakhar; Shrestha, Abhigan Babu; Garimella, Vamsi; Shama, Nishat; Jitta, Sahas Reddy; Naz, Sidra; Kumar, Tushar; Khan, Shazia; Perone, Francesco; Mattumpuram, Jishanth; Ang, Song Peng",The American journal of medicine,2026,"BACKGROUND: Proprotein convertase subtilisin/kexin type 9 (PCSK9) targeted therapies have been shown to reduce low-density lipoprotein cholesterol (LDL-C) levels and circulating PCSK9. However, its effect on cerebrovascular outcomes, especially stroke and dementia, has not been well established to date.
METHODS: We conducted a systematic literature search of electronic databases for relevant randomized controlled trials (RCTs) from inception through January 2025. Odds ratios (OR) and 95% confidence intervals (CI) were pooled using a random-effect model, and a p-value of <0.05 was considered statistically significant.
RESULTS: A total of 22 RCTs with 64,116 patients were included in the study. Pooled analysis showed that PCSK9-targeted therapy significantly reduced the risk of all-cause stroke (OR, 0.78 (95% CI: 0.68-0.90), P < 0.001) and ischemic stroke (OR, 0.77 (95% CI: 0.63-0.94), P=0.01). However, no significant association was observed for the risk of hemorrhagic stroke (OR, 1.16 (95%CI: 0.70-1.93), P=0.56), transient ischemic attack (OR, 0.98 (95%CI: 0.48-2.06), P= 0.95), dementia (OR, 0.77 (95%CI: 0.14-4.28), P=0.76), dementia of Alzheimer's type (OR, 0.81 (95%CI: 0.14-4.70), P=0.82), and Parkinson's disease (OR, 0.82 (95%CI: 0.11-6.37), P=0.85).
CONCLUSION: PCSK9 targeted therapies appear to reduce the risk of stroke; however, no significant association was observed for the risk of dementia and Parkinson's disease.",https://pubmed.ncbi.nlm.nih.gov/42551778/,,,parkinsons,(Parkinson Disease[MeSH] OR Parkinson[tiab] OR dopamine[tiab] OR alpha-synuclein[tiab]) AND (treatment[tiab] OR intervention[tiab] OR therapy[tiab]),2026-08-05T17:22:15+00:00,,,,,
PMID_42551755,PubMed,42551755,,10.1016/j.mayocp.2026.07.024,Treatment of Parkinson Disease.,"Jackson, Lauren M; Klassen, Bryan T; Ruether, Emily; Savica, Rodolfo",Mayo Clinic proceedings,2026,"Parkinson disease (PD) is a progressive neurodegenerative disorder affecting 2% of the population over 70 with onset typically between 65 and 70 years. A group of proteins (principally alpha-synuclein in insoluble plaques) deposited in the central nervous system throughout the lifespan of patients are responsible for PD and related diseases. The clinical presentation of PD varies among individuals with differences in symptoms, severity, progression, and prognosis. In addition, PD bears a social stigma that presents a number of difficulities in disease management. Recent changes in PD management have created further challenges for general internal medicine providers. The goal of this review is to update general practitioners on current state-of-the-art diagnostic tools and practice strategies for PD.",https://pubmed.ncbi.nlm.nih.gov/42551755/,,,parkinsons,(Parkinson Disease[MeSH] OR Parkinson[tiab] OR dopamine[tiab] OR alpha-synuclein[tiab]) AND (treatment[tiab] OR intervention[tiab] OR therapy[tiab]),2026-08-05T17:22:15+00:00,,,,,
PMID_42550256,PubMed,42550256,PMC12639294,10.1002/mds.22875,Add-on safinamide and amantadine in Filipino Parkinson's disease patients with motor fluctuations: a retrospective exploratory cohort study.,"Sermense, Yvone Noelle A; Rosales, Raymond L; Tanglao, Michelle J","Journal of neural transmission (Vienna, Austria : 1996)",2026,"To describe and compare short-term motor fluctuation-related outcomes among ambulatory Filipino patients with Parkinson's disease receiving dopamine replacement therapy alone or with add-on safinamide or amantadine. This single-center retrospective exploratory cohort study included adult Filipino patients with idiopathic Parkinson's disease and motor fluctuations lasting > 1.5 h, excluding morning akinesia. Eligible patients had at least three follow-up clinic visits, were receiving dopamine replacement therapy, and had a stable Levodopa-equivalent dose for at least 4 weeks before screening. Patients were grouped according to physician-directed treatment received in routine clinical practice: dopamine replacement therapy alone, dopamine replacement therapy plus amantadine, or dopamine replacement therapy plus safinamide. Outcomes assessed after 8 weeks included change in ON time, Unified Parkinson's Disease Rating Scale parts III and IV, and modified Hoehn and Yahr stage. Thirty patients were included, with 10 patients in each treatment group. Significant baseline differences were observed in age (p = 0.01), age at Parkinson's disease onset (p = 0.02), baseline Unified Parkinson's Disease Rating Scale part IV score (p = 0.04), and Levodopa-equivalent dose per day (p < 0.001). In unadjusted analyses, change in ON time and Unified Parkinson's Disease Rating Scale part IV score differed significantly across groups, while Unified Parkinson's Disease Rating Scale part III score and modified Hoehn and Yahr stage did not. In exploratory adjusted models, the group effect for ON time change was not statistically significant after adjustment for age (p = 0.052) and Levodopa-equivalent dose per day (p = 0.093), but remained significant after separate adjustment for age at Parkinson's disease onset (p = 0.014) and disease duration (p = 0.008). Adverse events were reported in 16 patients (53%) and were summarized descriptively. One patient in the safinamide group discontinued add-on therapy during follow-up but completed the 8-week outcome assessment. In this small retrospective exploratory cohort, short-term changes in ON time and motor complication scores were observed among Filipino patients with Parkinson's disease receiving dopamine replacement therapy alone or with add-on safinamide or amantadine. However, baseline imbalances, small sample size, non-randomized treatment allocation, and limitations in outcome assessment preclude conclusions regarding comparative treatment efficacy. These findings should be interpreted as preliminary and hypothesis-generating.",https://pubmed.ncbi.nlm.nih.gov/42550256/,,,parkinsons,(Parkinson Disease[MeSH] OR Parkinson[tiab] OR dopamine[tiab] OR alpha-synuclein[tiab]) AND (treatment[tiab] OR intervention[tiab] OR therapy[tiab]),2026-08-05T17:22:15+00:00,,,,,
PMID_42550252,PubMed,42550252,PMC10141126,10.1016/j.intimp.2021.107498,Comparative pharmacovigilance of Levodopa and Pramipexole: a disproportionality analysis of the FAERS database.,"Hu, Longtao; Ren, Yaolong; Li, Yingchao; Cai, Fangni",Neurological sciences : official journal of the Italian Neurological Society and of the Italian Society of Clinical Neurophysiology,2026,"PURPOSE: This study aimed to comprehensively characterize and compare the safety profiles of Levodopa and Pramipexole, two cornerstone therapies for Parkinson's disease (PD), using real-world data from the FDA Adverse Event Reporting System (FAERS).
METHODS: A disproportionality analysis was conducted on FAERS data from Q1 2004 to Q2 2025. Reports listing Levodopa or Pramipexole as the 'primary suspect' drug were extracted and deduplicated. Four established algorithms (ROR, PRR, BCPNN, and EBGM) were employed for signal detection at both the System Organ Class (SOC) and Preferred Term (PT) levels. A sensitivity analysis excluding restless legs syndrome (RLS)-indicated Pramipexole reports was performed to assess indication bias.
RESULTS: The analysis included 5,410 Levodopa and 6,894 Pramipexole reports. Distinct demographic and reporting patterns were observed. At the SOC level, Levodopa's strongest signal was in ""Respiratory, thoracic and mediastinal disorders"" (EBGM05 = 4.46), while Pramipexole's was in ""Psychiatric disorders"" (EBGM05 = 5.85). At the PT level, Levodopa was strongly associated with ""Saliva discolouration"" (EBGM05 = 769.94) and previously unhighlighted events like ""Choking sensation"" (EBGM05 = 71.68). Pramipexole showed extreme signals for ""Restless legs augmentation syndrome"" (EBGM05 = 1092.07) and ""Gambling disorder"" (EBGM05 = 610.24). A high frequency (31.47%) of Levodopa-associated events occurred within the first 30 days of treatment. The sensitivity analysis confirmed that Pramipexole's neuropsychiatric signals remained robust after excluding RLS-indicated reports.
CONCLUSION: This large-scale study confirms the well-established risks of both drugs and identifies potential new safety signals for Levodopa, particularly concerning respiratory manifestations. The fundamentally distinct risk profiles underscore the necessity for drug-specific monitoring strategies and caution in combination therapy. These findings provide critical real-world evidence for optimizing risk-benefit management in PD.",https://pubmed.ncbi.nlm.nih.gov/42550252/,,,parkinsons,(Parkinson Disease[MeSH] OR Parkinson[tiab] OR dopamine[tiab] OR alpha-synuclein[tiab]) AND (treatment[tiab] OR intervention[tiab] OR therapy[tiab]),2026-08-05T17:22:15+00:00,,,,,
PMID_42550250,PubMed,42550250,PMC12737128,10.3390/sports13120458,"Psychological and neurological benefits of physical activity: impact on mental health, Parkinson's disease, and Alzheimer's disease.","Li, Gang; Li, Yating",Brain structure & function,2026,"This review synthesizes current evidence on the psychological and neurological benefits of physical activity, with emphasis on mental health, Parkinson's disease (PD), and Alzheimer's disease (AD). Physical inactivity is increasingly recognized as a modifiable risk factor that may exacerbate neuroinflammatory and metabolic dysfunctions associated with these conditions. Structured exercise has been shown to activate muscle-brain signaling pathways, including neurotrophic factors (BDNF, IGF-1, VEGF), immune modulation (IL-6, IL-10), metabolic regulators (PGC-1α, SIRT1), and peripheral mediators such as myokines and gut-brain axis components. For mental health, exercise is associated with reductions in depressive, anxiety, and stress-related symptoms, potentially through HPA-axis recalibration, neurotransmitter remodeling (serotonin, dopamine), and enhanced endocannabinoid signaling. These changes are supported by fMRI and EEG studies showing improved prefrontal-limbic connectivity and cognitive resilience. In PD, exercise interventions are linked to improvements in motor control, balance, and mood, likely mediated by dopaminergic integrity, neurotrophic support, and anti-inflammatory effects, with multimodal programs (aerobic, resistance, and dance-based) often demonstrating superior outcomes. In AD, mid-life physical activity has been associated with reduced dementia risk in epidemiological studies; proposed mechanisms include enhanced amyloid/tau clearance, glymphatic function, and synaptic adaptation, with some RCTs reporting hippocampal volume preservation and improved network connectivity. Shared mechanisms across conditions include neurotrophic upregulation and anti-inflammatory effects, whereas distinct pathways involve dopaminergic circuit remodeling in PD and glymphatic facilitation in AD. Clinical translation through FITT principles (frequency, intensity, time, type) requires personalized prescriptions, strong adherence strategies, and multidisciplinary integration. Despite methodological heterogeneity and limitations in the existing trials, structured physical activity emerges as a scalable, non-pharmacological intervention with potential for prevention, symptom management, and neuroprotection. Larger, well-designed studies are needed to optimize its application and clarify long-term disease-modifying effects.",https://pubmed.ncbi.nlm.nih.gov/42550250/,,,parkinsons,(Parkinson Disease[MeSH] OR Parkinson[tiab] OR dopamine[tiab] OR alpha-synuclein[tiab]) AND (treatment[tiab] OR intervention[tiab] OR therapy[tiab]),2026-08-05T17:22:15+00:00,,,,,
PMID_42549611,PubMed,42549611,,10.2340/jrm.v58.46068,Outcomes of rehabilitation following device-aided therapy start in parkinson's disease: a randomized controlled trial.,"Björkdahl, Ann; Khalif, Annika; Gustafsson, Marie; Lindström, Ann-Charlotte; Bergquist, Filip",Journal of rehabilitation medicine,2026,"OBJECTIVE: To determine whether adding tailored primary care rehabilitation to Device-Aided Therapy in Parkinson's disease improves outcomes more than Device-Aided Therapy alone.
DESIGN: Open randomized controlled intervention trial.
SUBJECTS/PATIENTS: Parkinson's patients initiating Device-Aided Therapy.
METHODS: Participants were randomized to receive standard care either with or without 3 months of tailored primary care rehabilitation. The primary outcome was Assessment of Motor and Process Skills, while secondary outcomes included cognitive measures and overall treatment efficacy.
RESULTS: The study was completed by 45 of 54 included patients. The primary outcome variable indicated that rehabilitation resulted in better maintenance of patient motor skills at 6 and 12 months. However, among several secondary measures, only perceived health improved more in the intervention group. Motor fluctuations improved in both groups and several other disease-specific scales demonstrated non-significant improvements. The rehabilitation group showed better cognitive performance at 12 months.
CONCLUSION: Motor skills and perceived health were improved by a 3-month rehabilitation period after the start of Device-Aided Therapy for advanced Parkinson's disease. An observed positive effect of rehabilitation on cognition in the first year after the therapy requires further confirmation.",https://pubmed.ncbi.nlm.nih.gov/42549611/,,,parkinsons,(Parkinson Disease[MeSH] OR Parkinson[tiab] OR dopamine[tiab] OR alpha-synuclein[tiab]) AND (treatment[tiab] OR intervention[tiab] OR therapy[tiab]),2026-08-05T17:22:15+00:00,,,,,
PMID_42549269,PubMed,42549269,PMC10941507,10.1016/j.celrep.2025.115865,Examining the Effects of Bright Light Therapy on Sleep and Resting-State Brain Activity in Parkinson's Disease: A Randomized Crossover Pilot Study.,"Li, Han-Xing; Tang, Ming-Hui; Zhou, Qin-Jie; Dai, Jin; Xie, Wei-Ye; Tao, Meng-Xing; Liu, Chun-Feng; Shen, Yun",Nature and science of sleep,2026,"PURPOSE: Sleep disturbances are highly prevalent in patients with Parkinson's disease (PD). Bright light therapy (BLT) seems to be a promising non-pharmacological intervention for sleep disturbance in PD. However, the neural mechanisms underlying BLT remain unclear. In this pilot study, we aimed to explore the clinical effects of BLT on sleep and to explore potential accompanying changes in brain activity and functional connectivity.
PATIENTS AND METHODS: In this randomized, crossover, self-controlled pilot study, BLT was delivered using bright light at 10,000 lux, and dim light at 200 lux served as the control condition. Twenty-seven patients with PD were assigned to receive 30 days of BLT and 30 days of dim light therapy (DLT) in counterbalanced order, separated by a 30-day washout period. Clinical assessments of sleep, polysomnography (PSG) and resting-state functional magnetic resonance imaging (rs-fMRI) were performed at four time points: baseline, following the first intervention phase, following the washout period, and following the second intervention phase.
RESULTS: Compared with DLT, BLT was associated with a significantly greater reduction in Epworth Sleepiness Scale (ESS) scores (P=0.012) and tonic REM sleep without atonia (RWA) (P=0.002). In resting-state fMRI, no clusters showed significant alterations in fractional amplitude of low-frequency fluctuation (fALFF) or dynamic fALFF (dfALFF) after BLT compared to DLT. Functional connectivity (FC) analyses using the bilateral thalamus, bilateral calcarine cortex, and bilateral posterior cingulate cortex as seed ROIs revealed no clusters with significant between-intervention connectivity differences after multiple comparison correction.
CONCLUSION: BLT improved excessive daytime sleepiness and reduced tonic RWA relative to control light in PD, but did not lead to detectable alterations in intrinsic activity or FC within a priori hypothesized thalamo-cortical or visual pathways. These findings warrant further validation in larger, long-term studies.",https://pubmed.ncbi.nlm.nih.gov/42549269/,,,parkinsons,(Parkinson Disease[MeSH] OR Parkinson[tiab] OR dopamine[tiab] OR alpha-synuclein[tiab]) AND (treatment[tiab] OR intervention[tiab] OR therapy[tiab]),2026-08-05T17:22:15+00:00,,,,,
PMID_42549265,PubMed,42549265,PMC8762500,10.3988/jcn.2022.18.1.33,Machine learning-based prediction of excessive daytime sleepiness in patients with Parkinson's disease: findings from the PPMI cohort with external validation.,"Li, Min; Xu, An; Luo, Xiaoguang",Frontiers in medicine,2026,"BACKGROUND: Excessive daytime sleepiness (EDS) is a common non-motor symptom in Parkinson's disease (PD). Predicting EDS risk enables early intervention. This study aimed to develop and externally validate an explainable machine learning model for EDS prediction in PD.
METHODS: A total of 676 patients with Hoehn and Yahr (H&Y) stage 1 PD from the Parkinson's Progression Markers Initiative (PPMI) were retrospectively included as the development cohort, randomly split into training and internal validation sets (7:3). An external validation cohort comprised 180 H&Y stage 1 patients from our clinical center. Least absolute shrinkage and selection operator (LASSO) regression and Boruta feature selection identified predictive variables. Four machine learning models were compared, and the optimal model was interpreted using Shapley Additive exPlanations (SHAP).
RESULTS: Five features were selected: Geriatric Depression Scale (GDS), State-Trait Anxiety Index (STAI), Scales for Outcomes in Parkinson's Disease-Autonomic (SCOPA), Unified Parkinson's Disease Rating Scale parts I (UPDRS I) and II (UPDRS II). The logistic regression model achieved the best performance, with an area under the receiver operating characteristic curve (AUC) of 0.732 (95% CI: 0.641-0.823) in the internal validation set and 0.673 (95% CI: 0.552-0.793) in the external validation set. SHAP analysis identified key contributors.
CONCLUSION: We developed and externally validated an explainable machine learning model for EDS prediction in H&Y stage 1 PD. This tool may facilitate early risk stratification and personalized management of sleep problems in this subgroup.",https://pubmed.ncbi.nlm.nih.gov/42549265/,,,parkinsons,(Parkinson Disease[MeSH] OR Parkinson[tiab] OR dopamine[tiab] OR alpha-synuclein[tiab]) AND (treatment[tiab] OR intervention[tiab] OR therapy[tiab]),2026-08-05T17:22:15+00:00,,,,,
PMID_42549163,PubMed,42549163,PMC11860970,10.4103/tjo.tjo-d-25-00206,Time outdoors and the prevention of myopia: School-based implementation works.,"French, Amanda; Ashby, Regan; Karouta, Cindy; Rose, Kathryn; Morgan, Ian Geoge",Taiwan journal of ophthalmology,2026,"Increased time outdoors has been convincingly associated with less myopia in observational studies. School-based interventions using increased time outdoors have been shown to reduce myopia onset, even in large-scale implementation. While each of the studies on which these conclusions are based has limitations, the consistent evidence has established that increasing time outdoors provides a powerful approach to controlling the current epidemic of myopia. A causal pathway for protection has been confirmed in studies on experimental myopia in animals, involving increased release of retinal dopamine by brighter outdoor light during daylight hours. This does not preclude involvement of other mechanisms, and initial results suggest that interventions to increase lighting in classrooms, or to provide environments rich in higher spatial frequencies similar to natural environments outdoors, may provide synergistic benefits. Whether increased time outdoors slows myopia progression is more controversial. Observational epidemiology and intervention trials have given inconsistent evidence, but studies on seasonal variations suggest that progression may also be regulated by light exposures and near workloads. At present, the evidence is sufficient to consider increased time outdoors as an adjunct therapy for myopia control, but primary control should be based on well-validated interventions. As increased time outdoors is increasingly used, one research priority should be to establish optimal protocols for school-based interventions. Another should be to explore the impact of these interventions on learning outcomes, since modern educational theory suggests that more play-based learning in the early years may lead to better long-term educational outcomes. The broader impacts on student mental and physical health should also be investigated. Little attention has so far been paid to how to reduce myopiagenic pressures associated with schooling, without compromising educational outcomes. This is an important area for future research, which should involve collaboration between experts in vision and ophthalmology and experts in education.",https://pubmed.ncbi.nlm.nih.gov/42549163/,,,parkinsons,(Parkinson Disease[MeSH] OR Parkinson[tiab] OR dopamine[tiab] OR alpha-synuclein[tiab]) AND (treatment[tiab] OR intervention[tiab] OR therapy[tiab]),2026-08-05T17:22:15+00:00,,,,,
PMID_42549100,PubMed,42549100,PMC9205973,10.1093/brain/102.1.1,Applications of dynamic gratings in neuro-ophthalmic disorders.,"Zhou, Xinzuo; Wang, Yuexin",Frontiers in medicine,2026,"Traditional static vision-based assessment evaluate only stationary, spatial modulated resolution, leaving early and pathway-specific visual impairments undetected. Dynamic gratings are periodically modulating bright-dark stripe stimuli with precisely controllable spatiotemporal parameters that preferentially engage magnocellular and parvocellular visual pathways. Despite this, dynamic grating has not been applied in routine practice due to a lack of standardized protocols, normative databases, and clearly defined clinical indications. This is a narrative review which comprehensively summarizes the motion patterns of dynamic gratings and their clinical utility in neuro-ophthalmic disorders. The five primary motion patterns include phase-alternating oscillation, drift, translation, appearance-disappearance, and rapid serial visual presentation. Through parameter modulation of dynamic gratings, psychophysical and neurophysiological responses are collected, to provide multidimensional evidence for disease mechanism elucidation, diagnosis, and treatment evaluation. These applications are reviewed spanning a spectrum of ophthalmic and neuro-ophthalmic conditions, including glaucoma, amblyopia, strabismus, Graves' ophthalmopathy, diabetic retinopathy, multiple sclerosis, Parkinson's disease, and schizophrenia. The current research provided a foundation for the application of dynamic gratings in clinical ophthalmology. Potential future research should focus on establishing disease-specfic parameter sets and developing an integrated platform to enable standardized clinical implementation.",https://pubmed.ncbi.nlm.nih.gov/42549100/,,,parkinsons,(Parkinson Disease[MeSH] OR Parkinson[tiab] OR dopamine[tiab] OR alpha-synuclein[tiab]) AND (treatment[tiab] OR intervention[tiab] OR therapy[tiab]),2026-08-05T17:22:15+00:00,,,,,
PMID_42548869,PubMed,42548869,PMC5752838,10.1038/cr.2017.133,Pharmacological modulation of p75 neurotrophin receptor in microglial cells improves resilience to rotenone cytotoxicity.,"Valenza, Alessio; Pensabene, Daniele; Rendina, Francesca; Muzzi, Maurizio; Fracassi, Anna; Moreno, Sandra; Segatto, Marco",Frontiers in pharmacology,2026,"INTRODUCTION: Parkinson's disease (PD) is a progressive neurodegenerative disorder, characterized by dopaminergic neuronal loss, mitochondrial dysfunction, oxidative stress, and chronic neuroinflammation. Microglial activation plays a primary role in disease progression, by amplifying inflammatory response and redox imbalance. The low-affinity neurotrophin receptor p75NTR has recently emerged as a potential therapeutic target in neurodegenerative disorders, due to its involvement in cell survival, apoptosis, and inflammatory signaling. In the present study, we investigated whether pharmacological modulation of p75NTR by LM11A-31 could protect microglial cells against Rotenone (Rot)-induced toxicity, a widely used tool to mimic PD.
METHODS: BV2 microglial cells were exposed to 50 nM Rot in the presence or absence of 0.5 μM LM11A-31. Cell viability, apoptotic signaling, oxidative stress, inflammatory response, and cytoskeletal organization were evaluated using immunofluorescence, Western blotting, TUNEL assay, and Scanning Electron Microscopy (SEM).
RESULTS: Rot exposure significantly increased p75NTR expression and induced marked microglial dysfunction, characterized by activation of apoptosis, oxidative stress, and inflammatory phenotype. LM11A-31 treatment improved cell survival and reduced apoptotic features, as shown by decreased TUNEL+ cells and cleaved caspase-3 immunoreactivity. In parallel, LM11A-31 restored microglial morphology and cytoskeletal integrity, also reducing ultrastructural alterations induced by Rot. Moreover, p75NTR modulation significantly blunted microglial activation markers, including Iba1 and CD68. LM11A-31 also reduced oxidative stress by limiting NOX-related signaling and lipid peroxidation, while partially restoring antioxidant defenses through modulation of Nrf2, PPARα, and glutathione-associated pathways.
CONCLUSION: Our findings demonstrate that pharmacological modulation of p75NTR by LM11A-31 protects microglial cells against Rot-induced cytotoxicity and inflammatory activation. These protective effects involve the rescue of redox balance, suppression of pro-inflammatory signaling, preservation of cytoarchitecture, also resulting in increased cell survival. Overall, targeting p75NTR may represent a promising therapeutic strategy to counteract microglial dysfunction and neuroinflammatory processes associated with Parkinson's disease.",https://pubmed.ncbi.nlm.nih.gov/42548869/,,,parkinsons,(Parkinson Disease[MeSH] OR Parkinson[tiab] OR dopamine[tiab] OR alpha-synuclein[tiab]) AND (treatment[tiab] OR intervention[tiab] OR therapy[tiab]),2026-08-05T17:22:15+00:00,,,,,
PMID_42548156,PubMed,42548156,,10.1002/mds.70452,Real-World Evaluation of Bilateral Magnetic Resonance-Guided Focused Ultrasound Thalamotomy in Essential Tremor.,"Vilas, Dolores; Gonzalez, Antonio; Tardáguila, Manel; Ispierto, Lourdes; Gea, Mireia; Pérez, José Antonio; García, Raquel; Álvarez, Ramiro; Muñoz, Jorge",Movement disorders : official journal of the Movement Disorder Society,2026,"BACKGROUND: Magnetic resonance-guided focused ultrasound (MRgFUS) thalamotomy is effective in treating essential tremor (ET) with an adequate safety profile.
OBJECTIVE: The aim of the study was to evaluate the real-world safety and efficacy of staged bilateral MRgFUS thalamotomy in ET and its impact on patient's quality of life (QoL) and patient-reported outcomes (PROs).
METHODS: This prospective cohort study included patients with ET who underwent staged bilateral thalamotomy. The primary endpoint was the change in the total Clinical Rating Scale for Tremor (CRST) score from baseline (prior to the first thalamotomy) to after the second treatment. Secondary endpoints included CRST subscales, QoL scales assessed using QoL in ET questionnaire (QUEST), EuroQol-5 Dimension-5-level questionnaire (EQ-5D-5L), and patient-reported outcomes (PROs). Adverse events (AEs) were documented.
RESULTS: Fifty-five patients were included. The CRST total score improved 66.6% from baseline to 6 months after staged bilateral thalamotomy. QUEST score improved by 35.3 points. After the second treatment, 60% of patients reported having at most a mild tremor and 69.2% considered that their tremor was ""much improved"" or ""very much improved."" Six-months after staged bilateral thalamotomy, 15 (45,4%) patients had at least one adverse event, sensory disturbances being the most frequent (27.3%), followed by instability (12.1%) and dysarthria (12.1%). All AEs were mild, except in one case in which the patient showed moderate perioral paresthesia.
CONCLUSIONS: Staged bilateral MRgFUS thalamotomy provides significant improvement in tremor severity, functional outcomes, and QoL among patients with ET, although controlled studies should be conducted to confirm these results. The safety profile is adequate, although AEs are slightly higher than after the unilateral treatment. © 2026 The Author(s). Movement Disorders published by Wiley Periodicals LLC on behalf of International Parkinson and Movement Disorder Society.",https://pubmed.ncbi.nlm.nih.gov/42548156/,,,parkinsons,(Parkinson Disease[MeSH] OR Parkinson[tiab] OR dopamine[tiab] OR alpha-synuclein[tiab]) AND (treatment[tiab] OR intervention[tiab] OR therapy[tiab]),2026-08-05T17:22:15+00:00,,,,,
PMID_42547893,PubMed,42547893,PMC6195608,10.1123/jab.2013-0319,Parkinsonian gait improvement through vibratory stride parameter feedback.,"Kirsch, Paul; Helbig, Miriam; Rupar, Dominic; Baudrexel, Simon; Kell, Christian A",Journal of neuroengineering and rehabilitation,2026,"BACKGROUND: Hypokinetic gait increases morbidity and mortality of persons with Parkinson's disease and constitutes a major target symptom for therapy. Feedback on gait quality, e.g. by a physiotherapist, improves stride length and reduces shuffling. Wearable devices measuring gait parameters and providing feedback could improve parkinsonian gait during everyday life when no physiotherapist is available. Here, we report on the efficacy of a new device providing discreet vibratory feedback upon decreased stride length and increased shuffling.
METHODS: 33 persons with Parkinson's disease, in two cohorts, received automatic vibratory feedback administered via a newly developed sensor-equipped insole when their stride length and heel strike angle decreased while walking a 730 m walking course. Gait of 14 persons with Parkinson's disease in the first cohort was investigated in OFF and ON medication state to allow for a comparison of the feedback effect with the effect of medication on stride length, heel strike angle and gait variability. In both cohorts, the effect of feedback on gait parameters was compared against a control walk without stimulation and was subjectively evaluated by the study participants. In the second cohort of 19 participants, the effect of feedback was additionally compared with vibration at random time points to investigate the efficacy of context-adequate feedback.
RESULTS: Both stride length and heel strike angle improved upon feedback to a degree that, on average, was close to the medication effect on parkinsonian gait. Stimulation at random time points showed intermediate values with non-significant improvements in gait parameters compared to control walks. Closed-loop feedback resulted in a less variable gait pattern compared to control walks. Persons with Parkinson's disease rated the feedback mode as subjectively useful.
CONCLUSIONS: Our results demonstrate the use of closed-loop feedback can improve parkinsonian gait and suggest such a device could effectively complement the available approaches in the treatment of persons with Parkinson's disease.
TRIAL REGISTRATION: This trial was retrospectively registered in the German Clinical Trials Register (DRKS00038516) on 9 December 2025.",https://pubmed.ncbi.nlm.nih.gov/42547893/,,,parkinsons,(Parkinson Disease[MeSH] OR Parkinson[tiab] OR dopamine[tiab] OR alpha-synuclein[tiab]) AND (treatment[tiab] OR intervention[tiab] OR therapy[tiab]),2026-08-05T17:22:15+00:00,,,,,
PMID_42546060,PubMed,42546060,,10.3791/70263,Effect of Piribedil on the Gut Microbiota of Patients with Parkinson's Disease.,"Wang, Ruru; Li, Jingjing; Li, Yumeng; Li, Shuangping; Ye, Qingping; Liu, Xinyao; Li, Huining; Duan, Xianchun",Journal of visualized experiments : JoVE,2026,"This study aimed to determine whether piribedil therapy alters the gut microbiota of patients with Parkinson's disease (PD), providing a theoretical reference for understanding gut microbiota alterations induced by piribedil and their potential clinical implications. Fecal samples were analyzed using 16S ribosomal RNA (16S rRNA) gene sequencing. Comparisons were made between patients with PD who took piribedil (piribedil group), patients with PD who did not take piribedil (PD group), and healthy controls (blank group). Compared with the blank group, the relative abundance of Staphylococcus, Rhodococcus, and other genera was higher in the PD group, whereas the relative abundance of Achromobacter and Delftia was lower. Furthermore, the relative abundance of Achromobacter, Delftia, and Stenotrophomonas was higher in the piribedil group compared to the PD group, whereas the relative abundance of Staphylococcus, Rhodococcus, and other species was lower. Compared to healthy individuals, the gut microbiota of patients with PD exhibited significant changes. The gut microbiota of patients taking piribedil significantly differs from that of untreated patients. These results suggest an association between piribedil and altered gut microbiota in patients with PD.",https://pubmed.ncbi.nlm.nih.gov/42546060/,,,parkinsons,(Parkinson Disease[MeSH] OR Parkinson[tiab] OR dopamine[tiab] OR alpha-synuclein[tiab]) AND (treatment[tiab] OR intervention[tiab] OR therapy[tiab]),2026-08-05T17:22:15+00:00,,,,,
PMID_42545957,PubMed,42545957,,10.1159/sfn/aeuag001,Management Patterns in Deep Brain Stimulator Hardware Infection: Is Hardware Sparing Feasible?,"Venkatesan, Subeikshanan; Zakare-Fagbamila, Rasheedat T; Sriram, Sai; Reddy, Ramya; Foote, Kelly; Hilliard, Justin D",Stereotactic and functional neurosurgery,2026,"INTRODUCTION: Deep brain stimulation (DBS) hardware infection is a serious complication with heterogeneous presentations and no standardized management guidelines. Management ranges from hardware-sparing (HS) washout to partial (PE) or complete explantation (CE). This study aimed to evaluate outcomes of initial management strategies and identify factors associated with treatment failure and escalation.
METHODS: We conducted a single-center retrospective review of adult DBS patients (2002-2020) who required surgery for first-time and recurrent hardware infection or wound erosion. Treatment success was defined as infection clearance without further surgical intervention. Treatment failure was defined as escalation or conversion to a more extensive procedure among those who did not clear the infection.Outcomes were characterized using two complementary definitions - infection clearance success rate defined as absence of recurrent DBS-related infection or wound erosion after index management and non-escalation success rate, defined as avoidance to progression of a more advanced surgical strategy after index procedure. Recurrence freedom was evaluated using Kaplan-Meier analysis, and predictors of recurrence were assessed using multivariable Cox proportional hazards regression.
RESULTS: Ninety-eight patients were included. Initial management consisted of HS in 39 patients, PE in 37, and CE in 22. Using the infection-clearance definition, success was observed in 38% of HS cases, 62% of PE cases, and 59% of CE cases. When success was defined by avoidance of escalation, HS achieved non-escalation success in 49% of cases and PE in 78%. Recurrence freedom differed significantly by management strategy, with PE and CE demonstrating greater durability than HS (log-rank χ² = 23.98, p < 0.001). In multivariable Cox regression, PE and CE were associated with significantly lower recurrence hazard compared with HS, while erosion at presentation independently predicted recurrence. Disease category was associated with conversion/escalation, with Parkinson's disease patients less likely to undergo escalation, but PD status did not predict recurrence freedom. Despite lower infection-control durability, HS preserved stimulation for a clinically meaningful interval in selected patients.
CONCLUSION: DBS infection outcomes reflect the interaction between infection phenotype, management aggressiveness, and patient-centered goals of therapy. PE and CE provide greater recurrence freedom than HS, particularly when infection control is the primary objective. However, HS remains clinically relevant in selected patients because it may preserve therapeutic stimulation and delay or avoid escalation, even when definitive infection clearance is not achieved.",https://pubmed.ncbi.nlm.nih.gov/42545957/,,,parkinsons,(Parkinson Disease[MeSH] OR Parkinson[tiab] OR dopamine[tiab] OR alpha-synuclein[tiab]) AND (treatment[tiab] OR intervention[tiab] OR therapy[tiab]),2026-08-05T17:22:15+00:00,,,,,
PMID_42545868,PubMed,42545868,,10.3390/jpm11060525,Initiating Apomorphine Therapy Without Antiemetic Pretreatment: Real-World Data From a Nurse-led Parkinson Disease Support Program.,"Happel, Cindy; Grall, Mindy; Formella, Andrea",The Journal of neuroscience nursing : journal of the American Association of Neuroscience Nurses,2026,"BACKGROUND: Trimethobenzamide has been the antiemetic of choice in the United States for people with Parkinson disease initiating subcutaneous apomorphine injection (SC-APO) therapy to rapidly manage OFF episodes. Following a cessation of trimethobenzamide production in 2021, SC‑APO was increasingly initiated without antiemetic pretreatment.
METHODS: Data from the SC-APO Clinical Nurse Navigator support program were analyzed for new patient starts between January 2019 and March 2024, spanning periods before and after trimethobenzamide absence and SC-APO labeling changes. SC-APO starting dose patterns and 90-day treatment continuation were compared between patients who started with and without antiemetic pretreatment.
RESULTS: Among 2634 patients, SC-APO initiations without trimethobenzamide increased from 32.8% before cessation of production (2019-2020) to nearly 100% by the end of 2021. During 2021, most prescribers (56.7%) continued to use the 0.2 mL (2.0 mg) starting dose; following a 2022 labeling update, use of the 0.1 mL (1.0 mg) starting dose increased to 86% by early 2024. The 90-day SC-APO continuation rates increased from 75.4% when used with trimethobenzamide pretreatment to 83.1% without it.
CONCLUSION: SC-APO is now routinely started without antiemetic pretreatment, with higher overall rates of early treatment continuation. Flexible starting doses and titration, together with nurse‑led patient education and support, may facilitate successful treatment initiation and continuation in contemporary clinical practice.",https://pubmed.ncbi.nlm.nih.gov/42545868/,,,parkinsons,(Parkinson Disease[MeSH] OR Parkinson[tiab] OR dopamine[tiab] OR alpha-synuclein[tiab]) AND (treatment[tiab] OR intervention[tiab] OR therapy[tiab]),2026-08-05T17:22:15+00:00,,,,,
PMID_42545552,PubMed,42545552,PMC11106264,10.1038/s41746-024-01065-0,Transition dynamics modeling of pre-trained accelerometry representations for time to diagnosis of Parkinson's disease.,"Xie, Huiming; Xue, Fei; Wang, Xiao",Lifetime data analysis,2026,"Early identification of Parkinson's disease is critical for timely intervention. Disruptions in sleep architecture and changes in physical activity patterns have been reported years before motor symptom onset, yet prodromal behavioral changes spanning sleep and daytime activity patterns are subtle and difficult to detect with conventional clinical tools. Wearable sensors provide a scalable means of monitoring these behaviors in natural settings, but extracting meaningful, interpretable features from high-frequency, unlabeled time series remains a major challenge. We present an end-to-end framework for assessing Parkinson's disease risk from wrist-worn accelerometry via automated feature extraction and survival modeling of time to diagnosis. Behavioral states are derived from unlabeled data using pretrained models including random forests with hidden Markov models for physical activity classification and a self-supervised learning based sleep staging model. We jointly model both sleep stage and physical activity sequences using hierarchical nonstationary Markov chains stratified by time of day and temporal resolution, characterizing individual-level behavioral rhythms and transition dynamics. Gradient-boosted Cox proportional hazards models are then used to estimate Parkinson's disease risk from these transition-based features. Applied to accelerometer data from the UK Biobank, our approach outperforms baselines that exclude dynamic modeling or rely on traditional functional data analysis, while providing interpretable predictors from long sequences of wearable sensor data. This demonstrates the potential of integrating pretrained AI models, temporal sequence modeling, and survival analysis to detect early behavioral signatures of neurodegeneration.",https://pubmed.ncbi.nlm.nih.gov/42545552/,,,parkinsons,(Parkinson Disease[MeSH] OR Parkinson[tiab] OR dopamine[tiab] OR alpha-synuclein[tiab]) AND (treatment[tiab] OR intervention[tiab] OR therapy[tiab]),2026-08-05T17:22:15+00:00,,,,,
PMID_42545444,PubMed,42545444,PMC8983808,10.1016/j.biopha.2022.114120,Site-selective blocking of a bioactive peptide driving neurodegeneration in the rat brain by its cyclised analogue.,"Hasan, Sibah; Garcia-Ratés, Sara; Greenfield, Susan A",Molecular neurobiology,2026,"The substantia nigra (SN) is a primary site of vulnerability in neurodegenerative disorders, where a bioactive peptide 'T14' has been implicated in driving neuronal dysfunction, upstream of the more widely recognised marker, amyloid. T14 acts exclusively at α7 nicotinic acetylcholine receptors (α7 nAChRs / α7 receptors) where its cyclised variant NBP14 has previously been shown to block T14-induced effects in vitro, ex vivo, and in vivo. Here, using an ex vivo slice preparation, we investigated whether NBP14 alters levels of endogenous T14 and α7 receptor content across defined anterior-posterior levels of the rat SN, a region rich in α7 receptors. This was then benchmarked against effects on the striatum (ST), a region with variable α7 receptor density. NBP14 produced a significant but highly site-specific modulation of T14 in the SN, with certain coronal sections showing T14 levels reduced by over threefold. By contrast, no consistent treatment effect was detected in the ST. Total α7 receptor content remained unaltered in both regions. These findings extend previous work by demonstrating that NBP14 preferentially influences T14 within the SN, while sparing the ST, highlighting anatomical and receptor specificity within the nigrostriatal system. These results strengthen the rationale for further investigation of NBP14 as a potential therapeutic strategy in neurodegenerative disease.",https://pubmed.ncbi.nlm.nih.gov/42545444/,,,parkinsons,(Parkinson Disease[MeSH] OR Parkinson[tiab] OR dopamine[tiab] OR alpha-synuclein[tiab]) AND (treatment[tiab] OR intervention[tiab] OR therapy[tiab]),2026-08-05T17:22:15+00:00,,,,,
PMID_42544983,PubMed,42544983,,10.1212/cont.0000000000001741,Restless Legs Syndrome and Periodic Limb Movements.,"Gorantla, Sasikanth","Continuum (Minneapolis, Minn.)",2026,"OBJECTIVE: This article describes the diagnostic criteria of restless legs syndrome (RLS) and periodic limb movements. The pathophysiology of RLS and its management are discussed. The approach to address RLS augmentation is also reviewed.
LATEST DEVELOPMENTS: In the 2025 American Academy of Sleep Medicine RLS treatment guidelines, long-term dopamine agonist therapy for RLS was downgraded because of the accumulating evidence of augmentation. In this context, it is important to optimally use IV iron therapy in patients with RLS. Ferric carboxymaltose is more likely to cause hypophosphatemia compared with other IV iron therapy formulations. Bilateral peroneal nerve stimulation demonstrated efficacy and safety, and it can be used as adjunct therapy in patients with refractory RLS. Data from the National RLS Opioid Registry demonstrated reassuring findings, reiterating the role of opioids in the treatment of patients with RLS. An increased periodic limb movement index can often be seen in patients with RLS.
ESSENTIAL POINTS: Dopamine agonists are no longer considered first-line pharmacologic therapy in patients with RLS. The mainstay of treatment is α2δ calcium channel ligands.",https://pubmed.ncbi.nlm.nih.gov/42544983/,,,parkinsons,(Parkinson Disease[MeSH] OR Parkinson[tiab] OR dopamine[tiab] OR alpha-synuclein[tiab]) AND (treatment[tiab] OR intervention[tiab] OR therapy[tiab]),2026-08-05T17:22:15+00:00,,,,,
PMID_42544821,PubMed,42544821,,10.1002/mds.70403,Epilepsy-Dyskinesia Syndromes: The Venn Diagram of Genetic Epilepsy and Movement Disorders.,"Bernardi, Katerina; Alecu, Julian E; Achkar, Christelle Moufawad El; Tochen, Laura; Pearl, Phillip L; Ebrahimi-Fakhari, Darius",Movement disorders : official journal of the Movement Disorder Society,2026,"Epilepsy-dyskinesia syndromes cover a broad spectrum of neurogenetic disorders defined by the co-occurrence of epileptic and movement disorder phenotypes. Advances in next-generation sequencing have demonstrated more than 100 causative genes converging on shared molecular pathways regulating neuronal excitability, synaptic transmission, and neurodevelopment. Despite their clinical relevance, movement disorders in these conditions remain underrecognized and incompletely characterized. This review integrates recent clinical and molecular evidence to delineate the landscape of genetic epilepsy-dyskinesia syndromes, highlighting key mechanisms, including ion channel dysfunction, G-protein-coupled signaling, transcriptional regulation, synaptic vesicle cycling, and autophagy pathways, that underlie combined epilepsy-movement disorder phenotypes. We synthesize current knowledge of genotype-phenotype correlations, emphasizing phenotypic pleiotropy and recurrent variant hot spots that modulate disease severity and dominant movement phenomenology. Building on this framework, we propose complementary categorical and phenomenology-based classification systems to guide diagnosis and management. Finally, we discuss therapeutic implications, ranging from conventional pharmacological approaches and deep brain stimulation to emerging gene-directed and RNA-based precision therapies. Recognizing epilepsy-dyskinesia syndromes as a unified nosological spectrum provides a foundation for mechanistic understanding, improved diagnostic accuracy, and the development of targeted interventions addressing both seizures and movement disorders. © 2026 International Parkinson and Movement Disorder Society.",https://pubmed.ncbi.nlm.nih.gov/42544821/,,,parkinsons,(Parkinson Disease[MeSH] OR Parkinson[tiab] OR dopamine[tiab] OR alpha-synuclein[tiab]) AND (treatment[tiab] OR intervention[tiab] OR therapy[tiab]),2026-08-05T17:22:15+00:00,,,,,
PMID_42544783,PubMed,42544783,,10.1002/mds.70389,A Gap Analysis of Deep Brain Stimulation for Childhood-Onset Movement Disorders.,"Munoz-Chesta, Daniela; Gorodetsky, Carolina; Herrington, Todd M; Hewitt, Angela L; Lumsden, Daniel E; O'Malley, Jennifer; Sanger, Terence",Movement disorders : official journal of the Movement Disorder Society,2026,"BACKGROUND: Deep brain stimulation (DBS) is an established and increasingly utilized therapy for childhood-onset movement disorders. However, pediatric DBS poses unique challenges that are not adequately addressed by adult-derived paradigms.
OBJECTIVE: To identify key gaps in the current use of DBS in childhood-onset movement disorders and to highlight emerging pediatric-specific strategies across the care pathway, including patient selection, targeting, surgical approaches, programming, and outcome assessment.
METHODS: This educational review represents the opinions of seven clinicians and clinical researchers with extensive experience in pediatric DBS and was informed by a focused literature review of key domains identified by the authors as current gaps in the field.
CONCLUSIONS: Despite substantial progress, important gaps persist across multiple domains of pediatric DBS, including the lack of standardized, pediatric-specific selection frameworks, limited biomarkers to guide therapy, challenges in defining meaningful outcomes, and significant global disparities in access. Emerging approaches, including individualized and genotype-informed strategies, advances in neuromodulation technology, and international collaboration, offer potential pathways to address these limitations. © 2026 The Author(s). Movement Disorders published by Wiley Periodicals LLC on behalf of International Parkinson and Movement Disorder Society.",https://pubmed.ncbi.nlm.nih.gov/42544783/,,,parkinsons,(Parkinson Disease[MeSH] OR Parkinson[tiab] OR dopamine[tiab] OR alpha-synuclein[tiab]) AND (treatment[tiab] OR intervention[tiab] OR therapy[tiab]),2026-08-05T17:22:15+00:00,,,,,
PMID_42543892,PubMed,42543892,,10.1177/1877718x261442857,Beyond motor fluctuations: Understanding the clinical correlates of OFF burden in Parkinson's disease.,"Ledingham, David; Sathyanarayana, Sahana; Iredale, Robyn; Stewart, Charlotte B; Foster, Victoria; Galley, Debra; Baker, Mark R; Pavese, Nicola",Journal of Parkinson's disease,2026,"BackgroundHistorically, OFF burden in Parkinson's disease has been primarily attributed to motor features. Recent studies highlight that non-motor symptoms, and the predictability of OFF episodes also drive functional impairment, yet they are rarely measured in clinical practice.ObjectiveTo identify which clinical features are most closely associated with OFF time and OFF impact, and to quantify the added explanatory value of temporal predictability, non-motor, and behavioural domains beyond a core motor model.MethodsWe analysed 1252 OFF-only visits from 430 PPMI participants. Outcomes were MDS-UPDRS IV 4.3 (OFF time) and 4.4 (OFF impact). Linear mixed-effects models with a participant random intercept were fitted. The core motor model included OFF-state motor severity, freezing, tremor, levodopa responsiveness, and dyskinesia, plus covariates. Predictability (IV 4.5), non-motor (mood, fatigue/sleep, autonomic/GI), and behavioural (impulse-control behaviours) domains were then added to assess added influence beyond motor. Analyses were stratified by time since diagnosis (Pooled; ≤ 4 y; ≥ 6 y).ResultsClinical features explained more variance in OFF impact than OFF time (25.9% vs 8.1%). OFF time was primarily linked to OFF-state motor severity/freezing, with levodopa responsiveness important early. For OFF impact, predictability produced the largest increment in marginal R2 beyond the core motor model (pooled and Late). Within the core motor model, tremor was the largest contributor to OFF impact.ConclusionsPredictability is a prominent correlate of OFF impact. Asking about predictability may help tailor therapy, from timing optimisation to on-demand rescue for unpredictable episodes.",https://pubmed.ncbi.nlm.nih.gov/42543892/,,,parkinsons,(Parkinson Disease[MeSH] OR Parkinson[tiab] OR dopamine[tiab] OR alpha-synuclein[tiab]) AND (treatment[tiab] OR intervention[tiab] OR therapy[tiab]),2026-08-05T17:22:15+00:00,,,,,
PMID_42543832,PubMed,42543832,,10.3881/j.issn.1000-503x.16937,Comparative Bibliometric Analysis of Chinese and English Articles on Freezing of Gait in Parkinson's Disease.,"Liu, Jie; Wang, Qiu-Qin; Chen, Meng-Yuan; Zhang, Xin-Yue; Wang, Qing; Weng, Heng; Chen, Ju-Ping; Xu, Gui-Hua",Zhongguo yi xue ke xue yuan xue bao. Acta Academiae Medicinae Sinicae,2026,"Objective To compare research hotspots and development trends regarding freezing of gait in Parkinson's disease between Chinese and English articles,thus providing reference for related studies in China. Methods The articles about freezing of gait in Parkinson's disease that were published from 2001 to 2025 was retrieved from the China National Knowledge Infrastructure,Wanfang Data,VIP,and Web of Science Core Collection.Visual analyses were conducted on the distribution of countries,authors,institutions,and keywords. Results A total of 177 Chinese articles and 1 095 English articles were included.The global annual number of published articles showed an overall upward trend with fluctuations.The articles in Chinese maintained steady growth while those in English slightly declined over the past three years.The United States led in the number of published articles,followed by China and Italy.The authors and institutions of Chinese articles exhibited greater independence than those of English articles.Current research hotspots on freezing of gait in Parkinson's disease focus on pathogenesis,assessment methods,and treatment strategies.Chinese articles emphasize clinical interventions,while English articles prioritize mechanism exploration and emerging physical therapies. Conclusions The research on freezing of gait in Parkinson's disease remains active,though differences exist in research focus between Chinese and English articles.Compared with Chinese articles,English articles reported early on freezing of gait in Parkinson's disease.In the future,China should deepen international exchanges and cooperation to actively draw on advanced findings and experience and work jointly to achieve breakthrough progress in both research and clinical practice,ultimately improving patients' quality of life.",https://pubmed.ncbi.nlm.nih.gov/42543832/,,,parkinsons,(Parkinson Disease[MeSH] OR Parkinson[tiab] OR dopamine[tiab] OR alpha-synuclein[tiab]) AND (treatment[tiab] OR intervention[tiab] OR therapy[tiab]),2026-08-05T17:22:15+00:00,,,,,
PMID_42543698,PubMed,42543698,,10.2169/internalmedicine.7515-26,"Multicenter Retrospective Study of LCIG Therapy in Japan: Efficacy, Factors Associated with Discontinuation, and Case-based Insights.","Fujioka, Shinsuke; Mishima, Takayasu; Yasutaka, Yuki; Inoue, Kotoe; Watari, Mari; Miyagi, Yasushi; Hashiguchi, Akihiro; Okubo, Ryuichi; Tokashiki, Takashi; Tsuruta, Kazuhito; Kurisaki, Ryoichi; Matsuse, Dai; Uozumi, Takenori; Tsuboi, Yoshio","Internal medicine (Tokyo, Japan)",2026,"Introduction Levodopa-carbidopa intestinal gel (LCIG) reduces the ""off"" time and improves the quality of life in people with Parkinson's disease (PwPD). However, real-world data from Asian populations, particularly Japan, are limited. Methods We retrospectively collected clinical data from PwPD who received LCIG across nine institutions in Kyushu, Japan. Patients who were assessed for key clinical parameters, including MDS-UPDRS Part III scores, Hoehn and Yahr (HY) stage, the daily ""off"" time, dyskinesia, and hallucinations, before LCIG initiation and at the latest available follow-up assessment at each participating institution were included in the study. The motor outcomes, daily ""off"" time, and neuropsychiatric complications were evaluated at baseline and at the latest available follow-up assessment. Statistical analyses were performed using the appropriate parametric and nonparametric tests. Results Thirty-seven PwPD were included based on the study criteria. LCIG therapy significantly reduced the MDS-UPDRS Part III scores (p=0.003) and HY stage during ""off"" states (p<0.001), as well as daily ""off"" time (p<0.001). No significant changes were observed during the ""on"" state. Compared with patients who continued LCIG, those who discontinued had significantly higher HY stages in the ""on"" state both before and after LCIG, and hallucinations were also significantly more frequent after LCIG initiation. Although no statistically significant differences were detected, PwPD who experienced tube-related complications were characterized by higher ages at disease onset and LCIG initiation and a greater HY stage during the ""on"" state following LCIG initiation. Conclusion This study provides region-specific real-world insights into LCIG therapy. Together with lessons from five instructive cases, these findings may help optimize LCIG management in clinical settings.",https://pubmed.ncbi.nlm.nih.gov/42543698/,,,parkinsons,(Parkinson Disease[MeSH] OR Parkinson[tiab] OR dopamine[tiab] OR alpha-synuclein[tiab]) AND (treatment[tiab] OR intervention[tiab] OR therapy[tiab]),2026-08-05T17:22:15+00:00,,,,,
PMID_42543375,PubMed,42543375,,10.19540/j.cnki.cjcmm.20260408.901,[Study on mechanism of Zhenwu Decoction against heart-kidney Yang deficiency-induced heart failure via cAMP/PKA signaling pathway].,"Li, Ya-Shu; Zhao, Jing; Li, Jian-Bei; Zhang, Xin-Ting; Liang, Jun-Yu; Hu, Qing-Xi; Liu, Kang-Lin; Liu, Jiao; Cheng, Jie",Zhongguo Zhong yao za zhi = Zhongguo zhongyao zazhi = China journal of Chinese materia medica,2026,"This study aimed to investigate the effects of Zhenwu Decoction(ZWT) on cardiac fibrosis in mice with heart-kidney Yang deficiency-induced chronic heart failure(CHF). The research further explored the therapeutic mechanisms of ZWT in CHF treatment in the hope of providing novel insights for TCM approaches to managing heart-kidney Yang deficiency-induced heart failure. Sixty C57BL/6 mice were randomly divided into the following groups: the control group(normal untreated mice),the DOX group(doxorubicin-induced CHF model),the low-dose ZWT group(ZWT-L,4.7 g·kg~(-1)),the medium-dose ZWT group(ZWT-M,9.3 g·kg~(-1)),the high-dose ZWT group(ZWT-H,18.6 g·kg~(-1)),and the dopamine group(DA,positive control). The CHF mouse model was established over a 4-week period, which was followed by an additional 4-week treatment regimen. After 8 weeks, the spontaneous locomotor activity of mice was assessed, and TCM syndrome scoring was performed. Mouse serum samples were collected and analyzed to measure the levels of cardiac-specific biomarkers including cardiac troponin Ⅰ(cTn-Ⅰ),brain natriuretic peptide(BNP), creatine kinase-MB isoenzyme(CK-MB), creatine kinase(CK),lactate dehydrogenase(LDH),triiodothyronine(T3),succinate dehydrogenase(SDH) and myocardial cyclic adenosine monophosphate(cAMP). Cardiac tissue was collected for pathological examination. Western blot and real-time quantitative polymerase chain reaction(RT-PCR) were used to detect the expression of myocardial cAMP-dependent protein kinase catalytic subunit(PKA C),protein kinase A(PKA),ryanodine receptor 2(RyR2),phospholamban(PLB),B-cell lymphoma-2(Bcl-2),caspase-3,cleaved caspase-3 and Bcl-2-associated X protein(Bax). The experimental results indicated that, compared with the control group, the DOX group exhibited significantly elevated TCM syndrome scores accompanied by decreased heart rate, reduced body weight, and increased cardiac index(P&lt;0.05); serum levels of CK, CK-MB, BNP, cTn-Ⅰ, LDH and myocardial cAMP were significantly increased(P&lt;0.05), while SDH and T3 levels were decreased(P&lt;0.05); meanwhile, myocardial interstitial fibrosis was aggravated and myocardial hypertrophy appeared; the expression of PKA C, PKA, caspase-3, cleaved caspase-3, Bax and phosphorylation of RyR2 were increased(P&lt;0.05), the expression of Bcl-2 and phosphorylation of PLB were decreased compared with the DOX group, the ZWT treated groups demonstrated reduced TCM syndrome scores, increased heart rate, improved body weight, and decreased cardiac index. Additionally, serum levels of CK, CK-MB, BNP, cTn-Ⅰ, LDH and myocardial cAMP were decreased(P&lt;0.05), while SDH and T3 levels were increased(P&lt;0.05); myocardial hypertrophy and fibrosis were also improved; the expression of PKA C, PKA, Bax, caspase-3, cleaved caspase-3 and phosphorylation of RyR2 was reduced(P&lt;0.05), and the expression of Bcl-2 and phosphorylation of PLB were increased(P&lt;0.05). These findings suggested that ZWT may exert therapeutic effects on CHF by regulating sarcoplasmic reticulum calcium-related proteins, reducing apoptosis, and improving cardiac function.",https://pubmed.ncbi.nlm.nih.gov/42543375/,,,parkinsons,(Parkinson Disease[MeSH] OR Parkinson[tiab] OR dopamine[tiab] OR alpha-synuclein[tiab]) AND (treatment[tiab] OR intervention[tiab] OR therapy[tiab]),2026-08-05T17:22:15+00:00,,,,,
PMID_42543311,PubMed,42543311,,10.19540/j.cnki.cjcmm.20260312.701,[Mechanism of Tianma Gouteng Yin in treating early-stage Parkinson's disease based on 16S rRNA sequencing and metabolomics].,"Lin, Ya-Si; Ma, Ren-Zhi; Jiang, Ting-Yue; Zhu, Hong-Mei; Ni, Hao; Wang, Yu; Zhang, Ge; Li, Jia-Yuan; Shi, Jin-Li",Zhongguo Zhong yao za zhi = Zhongguo zhongyao zazhi = China journal of Chinese materia medica,2026,"Based on an early-stage Parkinson's disease(PD) rat model, this study employed 16S rRNA sequencing and untargeted metabolomics to investigate the action mechanism of Tianma Gouteng Yin(TGY) in treating early-stage PD. The early-stage PD rat models were established by subcutaneous injection of rotenone for seven days and were randomly divided into a control group, a model group, a positive drug group(levodopa, 50 mg·kg~(-1)), and TGY groups with low, medium, and high doses(9.82, 19.64, and 39.28 g·kg~(-1)), with intragastric administration for seven days during modeling. Behavioral indicators of rats(open field, inclined plane, and pole tests) were determined. The pathological morphology of brain tissue and the expressions of tyrosine hydroxylase(TH) and α-synuclein(α-syn) were detected. The levels of neurotransmitters including dopamine(DA), 5-hydroxytryptamine(5-HT), 3,4-dihydroxyphenylacetic acid(DOPAC), levodopa, and homovanillic acid(HVA) were measured. The inflammatory factors including tumor necrosis factor-α(TNF-α), interleukin-6(IL-6), and interleukin-1β(IL-1β) were detected. 16S rRNA sequencing and untargeted metabolomics were conducted on colonic contents to explore the pharmacodynamic effects of TGY and its regulatory mechanisms on gut microbiota and metabolism. RESULTS:: show that TGY can significantly improve motor dysfunction in early-stage PD rats, increase the number of TH-positive cells, inhibit the abnormal aggregation of α-synuclein(α-syn), up-regulate the levels of neurotransmitters, reduce the levels of inflammatory factors in the colon and striatum, thereby exerting a neuroprotective effect. Gut microbiota analysis reveals that TGY can reverse the trends of reduced α-diversity of gut microbiota, increased Firmicutes/Bacteroidetes(F/B) ratio, and increased abundance of pro-inflammatory genera(e.g., Ruminococcus), restore the abundance of beneficial genera(e.g., Bacteroides), and reshape the gut microbiota structure. Metabolomic analysis demonstrates that TGY intervention significantly reverses the differential metabolites in the model group, mainly involving energy and amino acid metabolic pathways such as pyruvate metabolism, β-alanine metabolism, and aminoacyl-tRNA biosynthesis. In conclusion, TGY may exert therapeutic effects on early-stage PD by regulating the axis of microbiota, inflammation, and neuronal injury, with energy and amino acid metabolism as the hub, through these metabolic pathways.",https://pubmed.ncbi.nlm.nih.gov/42543311/,,,parkinsons,(Parkinson Disease[MeSH] OR Parkinson[tiab] OR dopamine[tiab] OR alpha-synuclein[tiab]) AND (treatment[tiab] OR intervention[tiab] OR therapy[tiab]),2026-08-05T17:22:15+00:00,,,,,
PMID_42543118,PubMed,42543118,,10.1016/j.nbd.2026.107556,"Lineage-calibrated peripheral monocyte-derived myeloid states in neurodegenerative disease: Recruitment, lesion decoding, and state persistence.","Du, Linke; Yan, Junqiang",Neurobiology of disease,2026,"Peripheral monocytes and monocyte-derived macrophages are increasingly implicated in neurodegenerative disease, yet interpretation remains limited by phenotypic convergence with resident microglia, inconsistent lineage attribution, and strong dependence on experimental model and disease stage. We present a structured, lineage-calibrated framework that separates three linked processes: a recruitment gate controlling access to CNS borders and lesions; a lesion-decoding hub through which aggregate, lipid, cytokine, complement, antigenic, hypoxic, and danger-associated inputs are interpreted; and a state-persistence layer in which metabolic and epigenetic reinforcement stabilizes inflammatory, repair-supportive, or hybrid repair-restrictive programs. To make the framework operational, we first provide a cross-disease synthesis and then map representative models of Alzheimer's disease, Parkinson's disease, amyotrophic lateral sclerosis, and multiple sclerosis to their specific recruitment routes, lesion cues, lineage confidence, and functional outcomes. We also distinguish what single-cell or spatial data can infer from what only origin-resolving approaches can establish, and propose practical terminology for studies that cannot perform fate mapping or parabiosis. A worked therapeutic example illustrates why the same recruitment pathway may be harmful during lesion expansion but useful during debris clearance and recovery. The central question is therefore not whether monocytes are present, but which model, compartment, time point, evidentiary tier, and stabilized state justify a disease-modifying claim. This framework links mechanistic evidence to biomarkers, patient stratification, and stage-aware intervention while reducing over-attribution of peripheral origin.",https://pubmed.ncbi.nlm.nih.gov/42543118/,,,parkinsons,(Parkinson Disease[MeSH] OR Parkinson[tiab] OR dopamine[tiab] OR alpha-synuclein[tiab]) AND (treatment[tiab] OR intervention[tiab] OR therapy[tiab]),2026-08-05T17:22:15+00:00,,,,,
PMID_42543115,PubMed,42543115,,10.1016/j.neuropharm.2026.111131,Dual hypocretin receptor antagonism reduces oxycodone seeking and attenuates aberrant dopamine transporter function during abstinence.,"Samson, Kyle R; Bashford, Alison R; España, Rodrigo A",Neuropharmacology,2026,"A major barrier in the treatment of opioid use disorder is persistent drug craving during abstinence. While opioid-based medications have been used to treat opioid use disorder for decades, there is an urgent need for novel, non-opioid-based pharmacotherapies. The hypocretin/orexin (hypocretin) system is a promising target for treating opioid use disorder due to its influence on motivation for drugs of abuse through actions on dopamine transmission. We recently showed that intermittent access to oxycodone promoted sustained oxycodone seeking and alterations in dopamine transmission during abstinence. In the current studies, we investigated to what extent suvorexant, an FDA-approved dual hypocretin receptor antagonist, reduces oxycodone seeking and restores dopamine function during abstinence in female and male Long Evans rats. Results indicated that intermittent access to oxycodone produced sustained cue-induced oxycodone seeking after a 14-day abstinence period, which was associated with reduced dopamine uptake in the nucleus accumbens core as we have previously shown. Treatment with suvorexant 24 h prior to a cue-induced seeking test significantly reduced oxycodone seeking and attenuated aberrant dopamine uptake. These findings suggest that targeting hypocretin receptors could be a promising strategy for reducing opioid craving and associated neuroadaptations, thus lowering the risk of relapse.",https://pubmed.ncbi.nlm.nih.gov/42543115/,,,parkinsons,(Parkinson Disease[MeSH] OR Parkinson[tiab] OR dopamine[tiab] OR alpha-synuclein[tiab]) AND (treatment[tiab] OR intervention[tiab] OR therapy[tiab]),2026-08-05T17:22:15+00:00,,,,,
PMID_42542288,PubMed,42542288,,10.1016/j.pnpbp.2026.111870,Behavioral and neuronal dynamics in a rat model of obsessive-compulsive disorder.,"Hanzlík, Adam-František; Szczurowska, Ewa; Rydzyková, Tereza; Kelemen, Eduard",Progress in neuro-psychopharmacology & biological psychiatry,2026,"While cognitive and behavioral manifestations of obsessive-compulsive disorder (OCD) are well known, the neuronal dynamics underlying these symptoms remain poorly understood. Theoretical work suggests that changes in the attractor dynamics of neuronal networks towards increased stability and decreased flexibility might cause behavioral and cognitive symptoms of OCD. We used chronic treatment with the D2 and D3 dopamine receptor agonist quinpirole as a rat model of the disease. In this model, we examined changes in behavioral dynamics and, in a parallel experiment, changes in organization of neuronal activity in the hippocampus and anterior cingulate cortex (ACC). At the behavioral level, we observed increased locomotion and repetitive stereotypical trajectories in quinpirole-treated rats, with frequency of repetitions increasing over the course of the session. At the level of neuronal activity, a gradual increase in the firing rate of ACC neurons within a session paralleled the dynamics of behavioral stereotypy after quinpirole treatment. In quinpirole-treated rats, we observed increased stability in the temporal organization of hippocampal neuronal firing, but no increase in the stability of the spatial organization of discharge. The increased stability of hippocampal firing was observed at both the level of single neurons and coordinated activity of neuronal pairs, and was connected to modulation of activity by theta rhythm. Studying neuronal activity changes underlying behavioral and cognitive manifestations of brain disorders is crucial for understanding and treating brain pathologies.",https://pubmed.ncbi.nlm.nih.gov/42542288/,,,parkinsons,(Parkinson Disease[MeSH] OR Parkinson[tiab] OR dopamine[tiab] OR alpha-synuclein[tiab]) AND (treatment[tiab] OR intervention[tiab] OR therapy[tiab]),2026-08-05T17:22:15+00:00,,,,,
PMID_42541586,PubMed,42541586,PMC10326294,10.1016/j.apsb.2023.03.011,Research progress of traditional Chinese medicine interventions for aging-related nervous system diseases.,"Du, Xingyuan; Shen, Ziheng; Xu, Yuanhao; Song, Weichu; Guo, Yanan; Kou, Junping; Gong, Shuaishuai; Ren, Qianqian",Biogerontology,2026,"Aging-related neurological disorders, including stroke, Alzheimer's disease (AD), Parkinson's disease (PD), epilepsy, and various neuroinflammatory conditions, affect over three billion individuals worldwide and constitute leading causes of morbidity, disability, and socioeconomic burdens. Aging contributes not only to the increased incidence of these disorders but also to their progression through interconnected mechanisms, including endothelial dysfunction, oxidative stress, chronic inflammation, mitochondrial dysfunction, cellular senescence, metabolic imbalance, and gut microbiota dysbiosis. These processes collectively impair neuronal survival, synaptic plasticity, and cognitive and motor functions. Traditional Chinese medicine (TCM), with its characteristic multi-component and multi-target therapeutic strategies, has emerged as a promising approach to counteract age-associated neurological decline. Accumulating preclinical studies suggest that TCM interventions may exert neuroprotective, anti-inflammatory, and antioxidant effects, modulate autophagy, restore metabolic homeostasis, and potentially delay cellular senescence. However, high-quality clinical evidence on safety and efficacy remains limited. This review summarizes current insights into the molecular interplay between aging and neurological disorders and highlights the therapeutic potential of TCM in targeting hallmarks of aging, providing perspectives for integrative prevention and treatment strategies for neurodegenerative and neurovascular diseases.",https://pubmed.ncbi.nlm.nih.gov/42541586/,,,parkinsons,(Parkinson Disease[MeSH] OR Parkinson[tiab] OR dopamine[tiab] OR alpha-synuclein[tiab]) AND (treatment[tiab] OR intervention[tiab] OR therapy[tiab]),2026-08-05T17:22:15+00:00,,,,,
PMID_42541557,PubMed,42541557,PMC11226684,10.1038/s41467-024-49949-9,What's in a name? reframing advanced Parkinson's disease as a multidimensional state.,"Phokaewvarangkul, Onanong; Jost, Wolfgang H; Bhidayasiri, Roongroj","Journal of neural transmission (Vienna, Austria : 1996)",2026,"""What's in a name?"" is more than a literary question for advanced Parkinson's disease (APD). Although APD is widely used in clinical practice, what constitutes ""advanced"" remains poorly defined and inconsistently applied. Existing definitions have often anchored APD to motor complications, treatment complexity, or eligibility for device-aided therapies (DATs). These approaches are useful for referral and treatment planning, but they risk mistaking a treatment phenotype for the whole disease state. They also fail to capture the broader burden of progression, including non-motor symptoms, cognitive decline, functional dependence, psychosocial consequences, caregiver burden, frailty, and biological heterogeneity. We argue that APD is best understood as a multidimensional state reflecting cumulative neurodegeneration and its lived, functional, and therapeutic consequences, rather than a single stage, motor phenotype, or treatment milestone. This narrative review reframes APD through five interconnected axes: clinical symptom burden; perceived disease impact; functional consequences and participation restriction; therapeutic complexity, refractoriness, and treatment-related complications; and markers associated with disease progression. We propose that APD is a multidimensional clinical state that emerges as PD progresses, when cumulative burden across these five domains exceeds the capacity of patients and caregivers to compensate, adapt, and maintain independence, resulting in progressive disability and reduced quality of life. This framework distinguishes DAT-eligible PD, late-stage PD, and overlapping intermediate phenotypes, while accommodating emerging markers without replacing clinical judgement. By making the name APD correspond more closely to clinical reality, this framework may support earlier recognition, appropriate referral, patient-centred therapeutic planning, and more consistent research stratification.",https://pubmed.ncbi.nlm.nih.gov/42541557/,,,parkinsons,(Parkinson Disease[MeSH] OR Parkinson[tiab] OR dopamine[tiab] OR alpha-synuclein[tiab]) AND (treatment[tiab] OR intervention[tiab] OR therapy[tiab]),2026-08-05T17:22:15+00:00,,,,,
PMID_42541556,PubMed,42541556,PMC11082280,10.3389/fnagi.2024.1363115,Non-pharmacological and non-surgical therapies in advanced Parkinson's disease: a narrative review and call to action.,"Fearon, Conor; Jost, Wolfgang H; Roth, Jan; Rožanković, Petra Bago; Schrag, Anette","Journal of neural transmission (Vienna, Austria : 1996)",2026,"Non-pharmacological and non-surgical interventions are increasingly recognised as essential components of management of Parkinson's disease (PD). However, as PD progresses to its advanced stages, limited mobility, cognitive impairment, treatment-refractory symptoms, and increasing dependence on care partners dominate. However, the evidence base for therapies in this stage becomes scarce. Most clinical practice guidelines and systematic reviews address PD as a whole, without highlighting specific recommendations tailored to advanced disease stage. This narrative review examines the current evidence for non-pharmacological and non-surgical therapies specifically in the context of advanced PD. This includes physiotherapy and exercise, freezing of gait management, dysphagia rehabilitation, nutrition and dietetics, neuropsychiatric care, autonomic dysfunction, pain management, and palliative care. We synthesised evidence from recent systematic reviews of clinical practice guidelines, scoping reviews of rehabilitation interventions in advanced PD, systematic reviews and meta-analyses of non-pharmacological treatments for specific symptom domains, the published literature on advanced PD management, and expert consensus. A recent systematic review identified 40 summary statements for non-pharmacological interventions in PD, yet these were developed without stage-specific differentiation. A scoping review of rehabilitation interventions specifically targeting advanced PD identified only 13 studies, predominantly focused on physical functioning. On the other hand, while interventions for freezing of gait, swallowing therapies, cognitive behavioural therapy for neuropsychiatric symptoms, non-invasive brain stimulation, non-pharmacological autonomic management, and multimodal exercise have demonstrated promise in PD, robust evidence for advanced PD remains largely absent. People with advanced PD represent a neglected population in non-pharmacological therapy research. There is a clear need for inclusion of people with advanced PD in guideline development and a holistic approach addressing factors such as demoralisation, caregiver strain, autonomic dysfunction, and spiritual wellbeing alongside physical rehabilitation.",https://pubmed.ncbi.nlm.nih.gov/42541556/,,,parkinsons,(Parkinson Disease[MeSH] OR Parkinson[tiab] OR dopamine[tiab] OR alpha-synuclein[tiab]) AND (treatment[tiab] OR intervention[tiab] OR therapy[tiab]),2026-08-05T17:22:15+00:00,,,,,
PMID_42541416,PubMed,42541416,,10.1177/1877718x261474705,Burst deep brain stimulation for Parkinson's disease: A systematic review of efficacy and safety.,"Hendriks, Martijn; Lokar, Matej; Arnts, Hisse; Mestrom, Rob Mc; Georgiev, Dejan; Vinke, R Saman",Journal of Parkinson's disease,2026,"BackgroundBurst deep brain stimulation (DBS) is a promising alternative to conventional deep brain stimulation (cDBS), incorporating paradigms such as theta burst stimulation (TBS), burst cycling (BC), and coordinated reset (CR). Findings from transcranial magnetic stimulation, spinal cord stimulation and focused ultrasound neuromodulation inspire its potential application in Parkinson's disease (PD).ObjectiveThis review evaluates the evidence on the efficacy and safety of burst DBS in PD.MethodsA systematic literature search was conducted in PubMed, Embase, and Web of Science. Inclusion criteria encompassed peer-reviewed primary preclinical or clinical studies in English, reporting motor outcomes and burst stimulation parameters. Methodological quality was assessed using SYRCLE and a modified Newcastle-Ottawa Scale. Data extraction was performed systematically, and findings were synthesized narratively.Results19 studies met inclusion criteria: nine preclinical and ten clinical studies. Eight focused on BC (three including safety), four examined TBS (two including safety), and seven addressed CR (one including safety). Burst DBS showed mostly similar acute efficacy to cDBS, with distinct post-stimulation effects. No major adverse events were reported. However, stimulation settings varied widely, with no consensus on optimal parameters.ConclusionEfficacy and safety of burst DBS appear to be comparable to cDBS, with potential benefits such as post-stimulation effects. However, the risk of bias, variability in stimulation settings, inconsistent terminology, and other methodological considerations limit the interpretation of previous research. Further randomized studies are crucial to better refine the stimulation parameters and establish standardized clinical protocols that can be used to compare burst DBS with cDBS.",https://pubmed.ncbi.nlm.nih.gov/42541416/,,,parkinsons,(Parkinson Disease[MeSH] OR Parkinson[tiab] OR dopamine[tiab] OR alpha-synuclein[tiab]) AND (treatment[tiab] OR intervention[tiab] OR therapy[tiab]),2026-08-05T17:22:15+00:00,,,,,
PMID_42541020,PubMed,42541020,PMC6536166,10.1159/000552712,Deep Brain Stimulation Withdrawal Syndrome in Parkinson's Disease: Clinical Features and Outcomes of Two New Cases.,"Ottela, Emma; Rönkä, Jaana; Kaasinen, Valtteri; Joutsa, Juho",Case reports in neurology,2026,"INTRODUCTION: Deep brain stimulation (DBS) withdrawal syndrome is a rare but potentially fatal complication in Parkinson's disease (PD), manifesting as akinetic crisis with severe rigidity, fever, autonomic instability, altered mental status, and elevated creatinine kinase (CK) levels. The syndrome is strongly associated with older age, long duration of the disease (>15 years), and the duration of DBS therapy (>5 years), with most reported cases having at least two of these risk factors. However, all available evidence comes from a limited number of case reports.
CASE PRESENTATIONS: We report two cases of DBS withdrawal syndrome, including a patient without any of the currently acknowledged risk factors. This patient, in their late 50s with young-onset PD, was treated with bilateral subthalamic nucleus DBS with a good response, although requiring high stimulation amplitude (4.1 V bilaterally). The first patient developed an akinetic crisis after battery depletion at a PD duration of 11 years and a DBS duration of 4 years. Implantable pulse generator (IPG) replacement was performed 14 days later, resulting in permanent disability and, eventually, death. The second patient, in their mid-60s with long-standing PD and DBS therapy for 14 years, presented with a severe akinetic crisis and markedly elevated CK. IPG replacement within 2 days led to full recovery.
CONCLUSION: DBS withdrawal syndrome can occur without the typical risk profile, and high stimulation amplitude may represent an additional risk factor. Early recognition and immediate DBS therapy restoration are critical to prevent severe, potentially fatal outcomes.",https://pubmed.ncbi.nlm.nih.gov/42541020/,,,parkinsons,(Parkinson Disease[MeSH] OR Parkinson[tiab] OR dopamine[tiab] OR alpha-synuclein[tiab]) AND (treatment[tiab] OR intervention[tiab] OR therapy[tiab]),2026-08-05T17:22:15+00:00,,,,,
PMID_42540732,PubMed,42540732,PMC8802938,10.1093/braincomms/fcag287,Plasma proteomics reveals molecular overlap between physical activity and dementia risk.,"Saloner, Rowan; Paolillo, Emily W; VandeBunte, Anna M; Cadwallader, Claire J; Chen, Coty; Steffen, Brian T; Bennett, David A; Boeve, Bradley F; Rosen, Howard J; Boxer, Adam L; Kramer, Joel H; Casaletto, Kaitlin B",Brain communications,2026,"Physical activity (PA) is a modifiable lifestyle behaviour associated with lower dementia risk; however, molecular pathways bridging PA-related dementia prevention are poorly understood. We leveraged large-scale plasma proteomics to identify biological signatures of objectively monitored PA and cognitive ageing in functionally intact older adults, cross-validated these signatures in independent exercise cohorts and tested associations with both symptomatic and presymptomatic stages of neurodegeneration across multiple Alzheimer's disease and related dementias (ADRD) cohorts. We analysed large-scale plasma proteomics data (SomaScan 7k) across three cohorts including naturalistic, objective PA monitoring (University of California, San Francisco Brain Aging Network for Cognitive Health cohort, n = 65), self-reported PA (Atherosclerosis Risk In Communities study, n = 10 644) and PA intervention (Health Risk Factors, Exercise Training and Genetics study, n = 654). Differential regression models examined individual protein correlates of PA, adjusting for age and sex. Weighted gene co-expression network analysis assembled proteins into unbiased modules of protein co-expression, which were annotated for gene ontology and cell-type enrichment. To test clinical relevance to ADRD, we examined PA-related protein levels across-cohorts of symptomatic Alzheimer's disease and Parkinson's disease (Stanford Alzheimer's Disease Research Center), as well as frontotemporal dementia-spectrum disorders (ARTFL/LEFFTDS Longitudinal Frontotemporal Lobar Degeneration consortium). PA-related plasma proteins were also tested as predictors of antemortem cognitive change and post-mortem brain tissue mass spectrometry proteomic signatures in brain donors from the Religious Orders Study and Rush Memory and Aging Project (ROSMAP) cohort. Differential regression and network analyses identified PA plasma proteomic signatures linked to cell adhesion/extracellular matrix (ECM), immune response and lipid metabolism. Protein co-expression module M12 ECM/neurodevelopment harboured growth factor, cell adhesion and vascular remodelling proteins that (i) were positively associated with PA across exercise cohorts, (ii) positively associated with cognitive function and (iii) negatively associated with Alzheimer's disease, Parkinson's disease and frontotemporal dementia. Furthermore, M12 was enriched for proteins from Alzheimer's disease risk genes and antemortem plasma abundance of anthrax toxin receptor cell adhesion molecule 2 (ANTXR2), an M12 'hub' protein and top PA hit across-cohorts, forecasted longitudinal global cognitive decline and post-mortem brain tissue signatures of synaptic function and proteolysis in ROSMAP. Collectively, our integrated systems biology analysis of six independent plasma proteomic datasets facilitated discovery and validation of blood-detectable molecular signatures of PA and neurodegenerative disease, including PA-related proteins with clinical and biological relevance to early stages of disease. Circulating levels of PA-related proteins reflecting ECM biology (e.g. ANTXR2) may represent key molecular targets for dementia prevention.",https://pubmed.ncbi.nlm.nih.gov/42540732/,,,parkinsons,(Parkinson Disease[MeSH] OR Parkinson[tiab] OR dopamine[tiab] OR alpha-synuclein[tiab]) AND (treatment[tiab] OR intervention[tiab] OR therapy[tiab]),2026-08-05T17:22:15+00:00,,,,,
PMID_42540084,PubMed,42540084,PMC10213648,10.1093/skinhd/vzag081,Immunological aspects and quality of life among patients with lichen sclerosus.,"Chmielnicki, Witold; Sidor, Agata; Grykin, Magdalena; Kasprowicz-Furmańczyk, Marta; Owczarczyk-Saczonek, Agnieszka",Skin health and disease,2026,"Lichen sclerosus (LS) is a chronic, inflammatory dermatosis that predominantly affects the anogenital region. The ethology of LS is currently regarded as multifactorial, encompassing genetic, autoimmune and tissue remodelling factors, as well as oxidative stress or urine occlusion. Clinical manifestations such as white plaques, atrophic skin, erythema, erosions or varying degrees of sclerosis substantially impair patients' quality of life. It has been indicated that individuals with LS frequently experience feelings of embarrassment, anxiety and social stigma, often resulting from the incorrect association of LS with sexually transmitted diseases. Moreover, the occurrence of sexual dysfunction in this group represents an important clinical concern: patients often refrain from sexual activity due to embarrassment caused by the appearance of the disease, as well as the discomfort associated with it. Recent research indicates that the diminished quality of life observed in patients with LS may arise not only from the direct physical manifestations of the disease, but also from the persistent inflammatory state associated with it. Proinflammatory cytokines, such as interleukin-1, interferon-γ and tumour necrosis factor-α, produced in excessive amounts may adversely influence neurotransmission, thereby contributing to a higher prevalence of psychiatric disorders among patients with LS. The impact appears to involve effects on the metabolism of dopamine, serotonin and noradrenaline. These mechanisms provide a basis for analysing the impact of biologic treatment on patients' mental health. This association highlights the potential for improving patients' outcomes, with regard to somatic symptoms and mental health, through the implementation of targeted anti-inflammatory therapeutic strategies.",https://pubmed.ncbi.nlm.nih.gov/42540084/,,,parkinsons,(Parkinson Disease[MeSH] OR Parkinson[tiab] OR dopamine[tiab] OR alpha-synuclein[tiab]) AND (treatment[tiab] OR intervention[tiab] OR therapy[tiab]),2026-08-05T17:22:15+00:00,,,,,
PMID_42539935,PubMed,42539935,PMC12625146,10.1002/mdc3.70143,Onset of Motor Complications and Medication Dose in Newly Diagnosed and Treated Parkinson's Disease.,"Osaki, Yasushi; Morita, Yukari; Ohtsuru, Sho; Shogase, Tomohiro; Yoshimoto, Daiji; Ikeda, Tatsuya; Kabeya, Sayomi; Hashimoto, Yu; Matsushita, Takuya",Parkinson's disease,2026,"BACKGROUND: Parkinson's disease (PD) patients under medical treatment experience motor complications (MCs), namely, ON/OFF fluctuations (ON/OFF) and dyskinesias.
METHODS: We assessed 120 newly diagnosed PD patients after the initiation of medical treatment who were followed up for at least 24 months. We reviewed the latency of ON/OFF or dyskinesias by months and calculated the levodopa dose (LD), levodopa dose divided by daily intake (LDdiv), and levodopa equivalent dose (LED). We estimated cumulative incidence and median latency by Kaplan-Meier survival analysis. We classified patients with MCs into four groups and patients with ON/OFF or dyskinesias into three groups, according to latency.
RESULTS: Seventy-six patients experienced MCs with a median latency of 28 months. Fifty-seven patients experienced ON/OFF and 19 experienced dyskinesias with a median latency of 28 and 50 months, respectively. The medication dose at which each patient experienced ON/OFF or dyskinesias varied widely. The median LD, LDdiv, and LED was 300 (237.5-350), 100 (79-111), and 300 (250-450) mg at the onset of MCs; 300 (200-300), 100 (83-125), and 300 (249-400) mg at the onset of ON/OFF; and 400 (375-500), 125 (105-133), and 600 (466-722.75) mg at the onset of dyskinesias, respectively. Consistently, the shortest latency group had the lowest medication dose, while the longest latency group had the highest. Five patients experienced dyskinesias before ON/OFF, with similar medication doses at the onset of ON/OFF and dyskinesias. Some patients experienced ON/OFF but have not yet developed dyskinesias under a comparable medication dose as patients who experienced dyskinesias; the latter had a significantly younger age at onset.
CONCLUSIONS: The pathophysiological backgrounds and changes causing ON/OFF or dyskinesias are not the same for all patients. The presence of ON/OFF and higher medication doses does not always cause dyskinesias. A younger age at onset may be associated with the occurrence of dyskinesias.",https://pubmed.ncbi.nlm.nih.gov/42539935/,,,parkinsons,(Parkinson Disease[MeSH] OR Parkinson[tiab] OR dopamine[tiab] OR alpha-synuclein[tiab]) AND (treatment[tiab] OR intervention[tiab] OR therapy[tiab]),2026-08-05T17:22:15+00:00,,,,,
PMID_42539816,PubMed,42539816,PMC6836460,10.3233/jpd-150568,Effectiveness of mixed reality-based rehabilitation on motor function in Parkinson's disease. A two-arm randomized trial.,"Elena, Papamichael; Michailidou, Christina; Giannaki, Christoforos",Digital health,2026,"UNLABELLED: Parkinson's disease is a progressive neurodegenerative disorder characterized by motor signs affecting balance and activities of daily living. Mixed reality is a technological tool that projects digital elements in real time and space, enabling continuous, interactive, and functional motor tasks in a repetitive manner.
OBJECTIVE: The purpose of this study was to examine the use of a mixed reality interventional tool for the rehabilitation of balance, postural control, and hand dexterity in people with Parkinson's disease compared to traditional physiotherapy.
METHODS: In this 3-month intervention study, 30 people with Parkinson's disease (Hoehn and Yahr: 1-3) were randomly assigned to receive mixed reality (n=15) or traditional physiotherapy (n=15), while 15 healthy elderly participants were included as a control group. Participants completed 36 sessions of 30 minutes, three days per week for 12 weeks. Assessments were conducted at baseline, post-intervention, and at 4-week follow-up.
RESULTS: Analysis of the Mini-BESTest showed no statistically significant differences between the two interventional groups over time (p=0.72), while both intervention groups differed significantly from the control group at post-intervention (mixed reality: p<0.001; traditional physiotherapy: p=0.002). For the Multi-Directional Reach Test, the rightward reach showed a significant Time × Group interaction (p=0.04), indicating that the pattern of change differed across groups, with significant between-group differences (p<0.001) reflecting superior performance of the mixed reality group. Similar results were obtained for leftward reach, with a significant Time × Group interaction (p=0.007) and between-group differences (p=0.005). Analysis of the 9-Hole Peg Test demonstrated significant improvements in both non-dominant (p=0.008) and dominant hand performance (p<0.001) in favour of mixed reality.
CONCLUSSION: These findings suggest that mixed reality is a safe and engaging rehabilitation option that can support improvements in functional performance in people with Parkinson's disease. Further research with larger samples is needed to clarify its comparative effectiveness across different domains of balance and hand function.",https://pubmed.ncbi.nlm.nih.gov/42539816/,,,parkinsons,(Parkinson Disease[MeSH] OR Parkinson[tiab] OR dopamine[tiab] OR alpha-synuclein[tiab]) AND (treatment[tiab] OR intervention[tiab] OR therapy[tiab]),2026-08-05T17:22:15+00:00,,,,,
PMID_42539673,PubMed,42539673,PMC10298716,10.3390/ijms24129881,Adjunctive EGb 761 treatment in patients with Parkinson's disease: a case series.,"Krasnienkov, Dmytro; Karaban, Iryna; Barsukov, Olexiy; Korcheva, Veronika; Karasevych, Nina; Melnyk, Nataliia; Khodakovskaya, Maryna; Papurina, Tetiana; Falarin, Bohdan; Kukharskyy, Vitaly; Midlovets, Kostiantyn",Frontiers in aging neuroscience,2026,"BACKGROUND: Parkinson's disease (PD) is the second most common neurodegenerative disease. It is based on a gradual decrease in the number of dopaminergic neurons in the midbrain. Since various pathological processes, including oxidative stress, neuroinflammation, and impaired neuroplasticity, are involved in PD pathogenesis, there is increasing interest in adjunctive therapies that target multiple pathways. This study aims to provide a preliminary assessment of the effects of adjunctive EGb 761 on motor, cognitive, and molecular markers in patients with Parkinson's disease, to gain insights valuable for the design of future controlled and randomized clinical trials.
METHODS: The study included 17 patients with Parkinson's disease who received EGb 761 for 1 month in the context of baseline antiparkinsonian therapy. Standard clinical and neurophysiological tests were performed: UPDRS, MMSE, MoCA, FAB, BDI-I, Spielberger-Hanin Anxiety Scale and Hoehn and Yahr scale, motor tempo and sensorimotor response; the following molecular genetic markers were determined: relative average telomere length, relative mtDNA copy number; and biochemical markers: LDH, SOD and CAT activity, as well as AGEs, GSH/GSSG and MDA concentrations were determined.
RESULTS: Statistically significant changes in the relative number of mtDNA copies (decrease), GSH/GSSG (decrease) and MDA (increase), as well as a trend towards telomere elongation were observed.
CONCLUSION: EGb 761 administration in combination with basic symptomatic therapy is associated with improved cognitive and motor functions, and the molecular findings (a decrease in mtDNA copy number alongside a trend toward telomere elongation) are consistent with, though not proof of, the activation of mitophagy. Our preliminary results provide the basis for designing sufficiently powered, randomized and controlled clinical trials with clearly defined primary and secondary endpoints to assess the efficacy and safety of Ginkgo biloba extract in the adjunctive treatment of Parkinson's disease.",https://pubmed.ncbi.nlm.nih.gov/42539673/,,,parkinsons,(Parkinson Disease[MeSH] OR Parkinson[tiab] OR dopamine[tiab] OR alpha-synuclein[tiab]) AND (treatment[tiab] OR intervention[tiab] OR therapy[tiab]),2026-08-05T17:22:15+00:00,,,,,
PMID_42539598,PubMed,42539598,PMC8970315,10.1212/wnl.0b013e31823152b1,Botulinum toxin A for sialorrhea in adults with neurological disorders: a narrative review of aspiration pneumonia risk.,"Alzarouni, Sultan; Sati, Krishab; Reddy, Prashanth; Qamar, Mubasher A",Frontiers in neurology,2026,"BACKGROUND: Aspiration pneumonia (AP), a serious condition resulting from the inhalation of foreign materials into the lungs, is a significant concern for patients with compromised swallowing mechanisms, especially those with neurological disorders. Sialorrhea (hypersalivation) exacerbates the risk of aspiration, and botulinum neurotoxin type A (BoNT-A) has been identified as a potential treatment to manage sialorrhea. However, the direct impact of BoNT-A on reducing AP risk remains inadequately explored, particularly in adult populations. BoNT-A works by inhibiting the release of acetylcholine at the neuromuscular junction, thereby reducing salivary gland stimulation and saliva production.
OBJECTIVE: This review aims to evaluate the current state of research on the use of BoNT-A for managing sialorrhea and its potential to reduce AP risk, with a specific focus on the adult population.
METHODS: A comprehensive review of existing literature was conducted, focusing on the efficacy of BoNT-A in treating sialorrhea in both pediatric and adult populations. Studies were assessed for their findings on the impact of BoNT-A on drooling and related complications, including the risk of AP. Meta-analyses and individual studies were reviewed to summarize the current knowledge and identify research gaps.
RESULTS: In pediatric patients, BoNT-A has been shown to effectively reduce sialorrhea, with several studies and meta-analyses demonstrating its efficacy in managing drooling associated with neurological conditions such as cerebral palsy. However, evidence linking BoNT-A directly to reduced AP risk is limited. In adults, while BoNT-A has been beneficial in managing sialorrhea associated with conditions such as Parkinson's disease and brain injuries, studies specifically exploring its impact on AP risk are lacking.
CONCLUSION: Current evidence supports the efficacy of BoNT-A in managing neurological sialorrhea across both adult and pediatric populations. However, a critical gap exists in studies directly investigation whether BoNT-A reduces AP risk in adults with neurological disease.",https://pubmed.ncbi.nlm.nih.gov/42539598/,,,parkinsons,(Parkinson Disease[MeSH] OR Parkinson[tiab] OR dopamine[tiab] OR alpha-synuclein[tiab]) AND (treatment[tiab] OR intervention[tiab] OR therapy[tiab]),2026-08-05T17:22:15+00:00,,,,,
PMID_42538614,PubMed,42538614,,10.1002/mds.70453,SPG4 Hereditary Spastic Paraplegia: From Etiology to Therapy.,"Piermarini, Emanuela; Baas, Peter W",Movement disorders : official journal of the Movement Disorder Society,2026,"Hereditary spastic paraplegias (HSPs) comprise a heterogeneous group of heritable neurodegenerative disorders resulting from mutations in a wide variety of genes. HSP locomotor symptoms include lower limb weakness and spasticity that arise from progressive degeneration of corticospinal axons projecting from the motor cortex to the distal spinal cord. Ensuing gait defects typically lead to wheelchair dependence. Degeneration of other tracts can also occur, expanding the constellation of symptoms to potentially include urinary, fecal, and speech problems, as well as intellectual disability. SPG4-HSP, the most common variant, is caused by mutations in the SPAST gene, which encodes spastin, a microtubule-severing protein with membrane-related properties. Significant progress has been made in developing preclinical models for SPG4-HSP and in elucidating its mechanistic etiology. On this basis, progress is being made on developing a flexible therapeutic regimen for patients at all stages of disease progression. © 2026 The Author(s). Movement Disorders published by Wiley Periodicals LLC on behalf of International Parkinson and Movement Disorder Society.",https://pubmed.ncbi.nlm.nih.gov/42538614/,,,parkinsons,(Parkinson Disease[MeSH] OR Parkinson[tiab] OR dopamine[tiab] OR alpha-synuclein[tiab]) AND (treatment[tiab] OR intervention[tiab] OR therapy[tiab]),2026-08-05T17:22:15+00:00,,,,,
PMID_42538451,PubMed,42538451,PMC5557886,10.29090/psa.2019.04.018.0037,Laccase-manganese dioxide nanoflowers with enhanced catalytic activity: colorimetric analysis platform for neurotransmitters.,"Dadi, Seyma",Analytical and bioanalytical chemistry,2026,"Neurotransmitters (NTs) play crucial roles in brain function by mediating communication between neurons at synaptic junctions and are considered an indicator for determining neurological diseases. Therefore, early and sensitive detection and monitoring are critical for maximizing the effectiveness of treatment. For this purpose, a highly active nanoflower (NF)-based colorimetric sensor system was developed for the determination of neurotransmitters. Herein, laccase@manganese dioxide NFs (lac@MnO2 NFs) were successfully synthesized via an in situ approach by the incorporation of manganese dioxide nanoparticles (MnO2 NPs) into laccase nanoflowers (lac NFs). The lac@MnO2 NFs retained 100% relative activity at pH 7, while lac NFs showed negligible activity (below 1%) under identical conditions, which is attributed to the synergistic integration of MnO2 NPs that exhibit laccase-like activity and facilitate rapid electron transport. Lac@MnO2 NFs were applied for the colorimetric detection of various neurotransmitters (NTs) including epinephrine (EP), dopamine (DA), and levodopa (L-DOPA). The analytical performance of the developed colorimetric sensor was evaluated, demonstrating a limit of detection (LOD) of 1.376 μM for EP, 0.891 μM for DA, and 0.825 μM for L-DOPA, with relative standard deviation values less than 7%. In addition, to broaden the application of NFs in colorimetric sensors, a lac@MnO2 NF-based portable agarose gel kit was designed. The developed sensing platform can be utilized for on-site detection of DA, demonstrating a low LOD of 3.33 μM and a wide detection range of 5-400 μM. These findings suggest that lac@MnO2 NF-based colorimetric sensors hold substantial potential for future clinical and biomedical applications.",https://pubmed.ncbi.nlm.nih.gov/42538451/,,,parkinsons,(Parkinson Disease[MeSH] OR Parkinson[tiab] OR dopamine[tiab] OR alpha-synuclein[tiab]) AND (treatment[tiab] OR intervention[tiab] OR therapy[tiab]),2026-08-05T17:22:15+00:00,,,,,
PMID_42537824,PubMed,42537824,,10.1016/j.ijpharm.2026.127259,Chitosan-based hydrogel for intranasal drug delivery; current advances in the brain diseases treatment.,"Abouali, Omar; Mokabber, Aysan; Naderpour, Saghi; Vojoudi, Elham; Sefat, Farshid; Saeinasab, Morvarid; Rahimzadegan, Milad; Nosrati, Rahim",International journal of pharmaceutics,2026,"Neurodegenerative diseases represent a growing health concern that is projected to become more prevalent and affect more people in the upcoming decades. One of the most complicated components of recent neurodegenerative disease therapies is the penetration and delivery of therapeutics to the central nervous system (CNS), which are hindered via the blood-brain barrier (BBB). In response, innovative treatment approaches leveraging noninvasive techniques including nanosized drug delivery systems and intranasal (IN) administration with higher treatment efficacy and patient satisfaction are developing as potential options. IN administration delivers medications directly to the brain through both the olfactory and trigeminal pathways, with the olfactory pathway representing the primary route for nose-to-brain transport. Among various IN platforms, chitosan (CS)-based hydrogels have attracted considerable attention because of their excellent biocompatibility, biodegradability, mucoadhesive properties, and ability to enhance drug permeation by prolonging nasal residence time and transiently modulating epithelial tight junctions. This review critically summarizes recent advances in CS-based hydrogels for IN drug delivery for the treatment of brain diseases including Alzheimer's disease (AD), Parkinson's disease (PD), depressive manifestations, ischemia,brain tumors,epilepsy, seizures, and schizophrenia. In addition, the review discusses the relationships between hydrogel design and therapeutic performance, highlights current translational challenges, and outlines future perspectives for the clinical development of CS-based IN hydrogel systems.",https://pubmed.ncbi.nlm.nih.gov/42537824/,,,parkinsons,(Parkinson Disease[MeSH] OR Parkinson[tiab] OR dopamine[tiab] OR alpha-synuclein[tiab]) AND (treatment[tiab] OR intervention[tiab] OR therapy[tiab]),2026-08-05T17:22:15+00:00,,,,,
PMID_42537805,PubMed,42537805,,10.1016/j.peptides.2026.171508,Altered gastrointestinal function and neurotensin signaling in experimental type 2 diabetes.,"Öztürk, Sudenaz; Kum, Hilal; Sunuç, Şevval; Köse, Helin; İleri̇ Meşe, Öykü; Kayali, Damla Gökçeoğlu; Ülker, Gökay; Yüksel, Meral; Gören, Zafer; Çi̇li̇ngi̇r Kaya, Özlem Tuğce; Memi, Gülsün; Ozdemir Kumral, Zarife Nigar",Peptides,2026,"BACKGROUND: Type 2 diabetes (T2D) often leads to diabetic gastroenteropathy characterized by gastrointestinal motility disorders, mucosal damage, and oxidative stress. Neurotensin (NT), a gastrointestinal peptide, modulates mucosal healing and metabolic regulation, but its role in diabetic GI dysfunction remains unclear.
METHODS: A streptozotocin (STZ) + nicotinamide (NAD) rat model was used to induce a non-obese T2D phenotype. Male Sprague Dawley rats were assigned to four groups (n = 8/group): Control, STZ, STZ + NT, and STZ + NT + SR-48692 (NTR1 antagonist). Systemic metabolic parameters, serum biochemical markers, gastric and ileal histopathology, oxidative stress markers (MDA, GSH, MPO, luminol and lucigenin chemiluminescence), and neurotransmitter levels (dopamine, serotonin, norepinephrine) were evaluated. Gastrointestinal function was assessed by intestinal transit, visceromotor reflex responses, and isolated organ bath analysis of gastric and ileal smooth muscle contractility.
RESULTS: Diabetes induction caused significant hyperglycemia, dyslipidemia, hepatic and renal dysfunction, accompanied by marked gastric and ileal structural injury, including mucosal disruption, reduced glycoprotein content, and altered NT immunoreactivity. These changes were associated with increased oxidative stress, inflammatory activity, and disturbances in monoaminergic signaling. Functionally, diabetic rats exhibited impaired intestinal transit, reduced visceral sensory responses, and diminished cholinergic contractility in gastric and ileal smooth muscle. NT treatment significantly attenuated hyperglycemia, improved serum metabolic abnormalities, restored mucosal architecture, reduced oxidative stress, and improved gastrointestinal motility and contractile function. Most protective effects were abolished by SR-48692 co-administration, supporting a predominantly NTR1-dependent mechanism.
CONCLUSION: NT ameliorates diabetes-induced GI dysfunction and systemic metabolic disturbances primarily via NTR1 signaling, suggesting the NT/NTR1 axis as a potential therapeutic target for diabetic gastroenteropathy.",https://pubmed.ncbi.nlm.nih.gov/42537805/,,,parkinsons,(Parkinson Disease[MeSH] OR Parkinson[tiab] OR dopamine[tiab] OR alpha-synuclein[tiab]) AND (treatment[tiab] OR intervention[tiab] OR therapy[tiab]),2026-08-05T17:22:15+00:00,,,,,
PMID_42537743,PubMed,42537743,,10.1016/j.expneurol.2026.115942,Transcranial magnetic stimulation recalibrates levodopa response by attenuating neuroinflammation and glial reactivity in experimental parkinsonism.,"Natale, Giuseppina; De Carluccio, Maria; Campanelli, Federica; Marino, Gioia; Nutarelli, Sofia; Servillo, Federica; Canonichesi, Jacopo; Lentini, Nicolò; Pastorino, Roberta; Chiurchiù, Valerio; Viscomi, Maria Teresa; Picconi, Barbara; Calabresi, Paolo; Ghiglieri, Veronica",Experimental neurology,2026,"In experimental models of Parkinson's disease (PD), chronic Levodopa (L-DOPA) induces abnormal involuntary movements (AIMs) similar to L-DOPA-induced dyskinesias (LIDs) and psychiatric disturbances associated with a lack of homeostatic synaptic downscaling in striatal spiny projection neurons (SPNs) and dysfunctional neuroimmune responses. Continuous Theta-Burst Stimulation (cTBS), a transcranial magnetic stimulation protocol that inhibits neuronal activity, is a promising non-invasive brain stimulation treatment for LIDs and addiction, whose mechanisms are still unclear. In this study, we investigated the subcortical effects of chronic cTBS during a two-week pulsatile L-DOPA treatment in 6-hydroxydopamine-lesioned rats, a well-established PD model. Six weeks post-lesion, axial, limb, and orolingual AIMs were measured using a validated scoring scale. Synaptic depotentiation of striatal SPNs was investigated ex vivo using the whole-cell patch-clamp recording technique in the dorsolateral striatum. Cytokine levels in the cerebrospinal fluid (CSF) were quantified with magnetic Luminex multiplex assays. Glial reactivity was assessed by immunofluorescence and confocal microscopy, while RNAscope in situ hybridization identified cytokine-expressing glial cells. Chronic cTBS reduced L-DOPA-induced AIMs incidence and intensity, restored long-term potentiation and synaptic depotentiation in striatal SPNs, and prevented excessive increases in glial reactivity associated with pulsatile L-DOPA. In CSF, proinflammatory cytokines were downregulated, with the most substantial reduction observed for Interleukin-1β (IL-1β), while the anti-inflammatory cytokine IL-10 was increased. RNAscope shows that IL-1β upregulation mainly originated from dysregulated microglia. These findings highlight the critical role of microglial activation and IL-1β signaling in LIDs development and support cTBS as an effective strategy to mitigate L-DOPA-induced motor complications while preserving corticostriatal synaptic integrity.",https://pubmed.ncbi.nlm.nih.gov/42537743/,,,parkinsons,(Parkinson Disease[MeSH] OR Parkinson[tiab] OR dopamine[tiab] OR alpha-synuclein[tiab]) AND (treatment[tiab] OR intervention[tiab] OR therapy[tiab]),2026-08-05T17:22:15+00:00,,,,,
PMID_42537603,PubMed,42537603,,10.1016/j.parkreldis.2026.108906,Retinal neurovascular signatures in response to 6-month yoga exercise in patients with Parkinson's Disease.,"Hoover, Andrew; Virgets, Amanda; Martinez, Kylie J; Levin, Bonnie; Lam, Byron L; Haq, Ihtsham; Navia, Fabiana; Signorile, Joseph F; Wang, Jianhua; Jiang, Hong",Parkinsonism & related disorders,2026,"PURPOSE: To characterize retinal neurovascular signatures in response to a 24-week yoga intervention in patients with Parkinson's disease (PD).
METHODS: Seventeen patients with PD (mean age: 71.4 ± 6.7 years; 8 females) were enrolled and participated in three 1-h yoga sessions per week for 24 consecutive weeks. Retinal neurovascular parameters were assessed at baseline and at 6-month follow-up. Retinal blood flow (RBF) was measured using a Retinal Function Imager. Retinal vessel density (RVD), retinal vessel length density (RVLD), and retinal tissue volume (RTV) were assessed using optical coherence tomography angiography (OCTA). Retinal capillary function (RCF) and retinal tissue perfusion (RTP) were calculated based on these variables.
RESULTS: RBF significantly increased following 6 months of yoga training (P = 0.049). Changes in RVD were significantly correlated with disease duration (r = -0.67; P = 0.007) and Hoehn and Yahr (H&Y) stage (r = -0.77; P < 0.001). Patients with disease duration <5 years demonstrated greater improvements in RVD compared with those whose duration was ≥5 years (P = 0.004). Similarly, patients at H&Y stage 1 exhibited greater RVD improvements compared to those at H&Y stage ≥2 (P = 0.002).
CONCLUSION: This study is the first to investigate retinal neurovascular responses to yoga training in patients with PD. While RBF marginally increased, RVD exhibited disease-severity and duration-dependent variations, suggesting RBF and RVD are potential biomarkers for monitoring disease progression and the efficacy of aerobic interventions such as yoga in PD.",https://pubmed.ncbi.nlm.nih.gov/42537603/,,,parkinsons,(Parkinson Disease[MeSH] OR Parkinson[tiab] OR dopamine[tiab] OR alpha-synuclein[tiab]) AND (treatment[tiab] OR intervention[tiab] OR therapy[tiab]),2026-08-05T17:22:15+00:00,,,,,
PMID_42536231,PubMed,42536231,PMC10135494,10.1016/j.neurobiolaging.2010.11.010,Oleuropein regulates neuronal survival and Histone acetylation in Parkinson's disease: cellular and epigenetic insights.,"Singh, Richa; Rathore, Aaina Singh; Shah, Arunim; Keshri, Priyanka Kumari; Dilnashin, Hagera; Gupta, Nitesh Kumar; Satyaprakash, Singh Ankit; Singh, Shekhar; Chaturvedi, Chandra Prakash; Singh, Surya Pratap",Metabolic brain disease,2026,"The complex physiology of Parkinson's disease (PD) and its limited response to conventional therapies make it a challenging condition to manage. Evidence suggests that both environmental and genetic variables play essential roles in the progression of PD. However, the possible interplay between environment and genetics in PD etiology remains mostly unresolved. Brain-derived neurotrophic factor (BDNF) is a neurotrophin widely distributed and intensively investigated in the mammalian brain. BDNF modulates dopaminergic neurotransmission via neuronal differentiation regulation. BDNF communicates with the Tropomyosin receptor kinase B (TrkB) and activates Extracellular Signal-Regulated Kinase 1/2 (ERK1/2) which can subsequently phosphorylate downstream CREB protein at ser133 residue. Research suggests that numerous health advantages, including significant protections for PD, have been linked to olives, a specific component of the Mediterranean diet. OLE is effective in the treatment of a variety of neurological conditions, including PD. Changes in gene expression patterns induced by aberrant histone acetylation can also aid in the causes of PD. Thus, in the context of neurological diseases, comprehending the epigenetic regulation of the neuronal survival gene is thought to be essential. OLE was first administered intraperitoneally as a pretreatment for seven days. Thereafter, OLE was administered one hour after the rotenone injection for 5 weeks. Herein, we have observed the neuroprotective role of OLE in the cellular signalling cascade associated with neuronal survival through the BDNF/ERK/CREB pathway. Subsequently, we examined the effect of OLE on the enrichment of histone acetylation AcH3K9 in the neuro-survival gene promoter region in PD cases. The data suggest that OLE regulates at both cellular and epigenomic levels by promoting the enrichment of acetylated H3K9 on the neuro-survival gene promoter region in the nigrostriatal region of PD mice.",https://pubmed.ncbi.nlm.nih.gov/42536231/,,,parkinsons,(Parkinson Disease[MeSH] OR Parkinson[tiab] OR dopamine[tiab] OR alpha-synuclein[tiab]) AND (treatment[tiab] OR intervention[tiab] OR therapy[tiab]),2026-08-05T17:22:15+00:00,,,,,
PMID_42536137,PubMed,42536137,PMC9075516,10.1016/j.dld.2022.12.005,UCHL1-mediated deubiquitination of PARK7 suppresses ferroptosis and enhances tumor progression in triple-negative breast cancer.,"Chen, Shaojun; Liang, Na; Zhang, Yiming; Li, Zhuoying; Hou, Haiqin; Li, Huan; Zhang, Wenxia",Molecular and cellular biochemistry,2026,"Triple-negative breast cancer (TNBC) has a poor prognosis due to the lack of targeted treatment. Previous studies have shown that the deubiquitinase UCHL1 is significantly upregulated in TNBC tissues and positively correlated with shorter overall survival in patients, suggesting that UCHL1 may drive TNBC progression. The latest research suggests that ferroptosis deficiency can promote tumor metastasis, but it is still unclear whether UCHL1 affects TNBC by regulating ferroptosis. Based on the potential role of UCHL1 in ferroptosis, we propose the hypothesis that UCHL1 enhances the survival and invasion ability of TNBC cells by inhibiting ferroptosis. We downloaded the single-cell RNA sequencing dataset for breast cancer (GSE176078) from the Gene Expression Omnibus database and integrated it with The Cancer Genome Atlas data to conduct bioinformatics analysis, focusing on identifying key genes related to TNBC. We performed gene set enrichment analysis (GSEA) to explore the pathways associated with UCHL1. After that, we validated the expression of UCHL1 in TNBC tissues and cell lines and examined its influence on cell proliferation, migration, and invasion through functional experiments. Finally, we explored the downstream targets of UCHL1, utilizing co-immunoprecipitation, western blot, immunofluorescence colocalization, and establishing TNBC xenograft models in nude mice to elucidate its mechanisms in TNBC progression. Public database analysis revealed high levels of UCHL1 in TNBC. Additional research confirmed its overexpression in TNBC tissues and cells, along with significantly increased TNBC cell proliferation, migration, and invasion associated with high UCHL1 expression. GSEA further identified UCHL1 as being predominantly enriched in pathways related to ferroptosis. UCHL1 interacted with Parkinson's disease-related glycosylation enzyme PARK7 and reduced the degradation of PARK7 protein, which was mediated through the ubiquitin-proteasome pathway. Lastly, both in vitro and in vivo studies revealed that the UCHL1-PARK7 axis fostered tumor progression in TNBC by inhibiting ferroptosis. UCHL1 deubiquitinates and stabilizes PARK7, thereby inhibiting ferroptosis and boosting tumor progression in TNBC, indicating the potential of UCHL1 and PARK7 as therapeutic targets for TNBC patients.",https://pubmed.ncbi.nlm.nih.gov/42536137/,,,parkinsons,(Parkinson Disease[MeSH] OR Parkinson[tiab] OR dopamine[tiab] OR alpha-synuclein[tiab]) AND (treatment[tiab] OR intervention[tiab] OR therapy[tiab]),2026-08-05T17:22:15+00:00,,,,,
PMID_42535851,PubMed,42535851,PMC8765495,10.1002/advs.76738,Trafficking Deficiency of TMEM175 Variants in Parkinson's Disease Pathogenesis and the Prospects of Precision Medicine.,"Luo, Ting; He, Yu; Li, Shuyao; Guan, Haoyu; Cui, Ruili; Shi, Yu; Jiang, Zhongwen; Wang, Siyu; Li, Xuan; Li, Jiyuan; Hu, Mei; Zhou, Yupeng; Tang, Beisha; Zhang, Yanyan; Gao, Zhaobing; Zhou, Yu; Liu, Zhenhua; Li, Ping","Advanced science (Weinheim, Baden-Wurttemberg, Germany)",2026,"The transmembrane protein 175 (TMEM175) is a high-risk gene for Parkinson's disease (PD) and encodes an ion channel in lysosomes. Many PD-associated variants in TMEM175 lead to the loss of ion channel function. In this study, we identified the PD-associated TMEM175-L156P variant is a missense mutation with trafficking deficiency. Using imaging, biochemical, and whole-endolysosomal electrophysiological approaches, we identified that L156P abolished the lysosomal expression of TMEM175; instead, it accumulates in the endoplasmic reticulum (ER). The cytosolic segment of the fourth transmembrane helix (TM4-1), where the L156 resides, determined the lysosomal localization of TMEM175. Having understood the structural basis, we evaluated wild-type (WT) TMEM175 and pharmacological chaperones previously used in cystic fibrosis treatment. We elucidated that WT partially rescued the aberrant expression of L156P. Moreover, the chaperones substantially reduced the ER-retained L156P and facilitated its trafficking to lysosomes. We further screened and identified a bifunctional chemical molecule that both corrected the trafficking defects and potentiated the ion channel function of L156P. Notably, the chemical-restored L156P is functional, as it relieves the lysosomal over-acidification. Conclusively, we establish the relationship between aberrant trafficking and pathogenesis in PD, demonstrating the potential of utilizing ""chaperone plus agonist"" bifunctional chemical molecules as personalized treatment for PD.",https://pubmed.ncbi.nlm.nih.gov/42535851/,,,parkinsons,(Parkinson Disease[MeSH] OR Parkinson[tiab] OR dopamine[tiab] OR alpha-synuclein[tiab]) AND (treatment[tiab] OR intervention[tiab] OR therapy[tiab]),2026-08-05T17:22:15+00:00,,,,,
PMID_42535142,PubMed,42535142,PMC12485583,10.1055/s-0046-1819607,Neuropsychological Outcomes of Long-Term STN-DBS in Parkinson's Disease: A Multidomain Study in a Turkish Cohort.,"Yavuz, Zehra; Önder, Halil; Ülker, Aycan C; Çomoğlu, Selim S",Asian journal of neurosurgery,2026,"OBJECTIVE: This study aimed to evaluate the long-term neuropsychological outcomes and cognitive safety of bilateral subthalamic nucleus deep brain stimulation (STN-DBS) compared with standard medical therapy (MED) in patients with Parkinson's disease (PD).
MATERIALS AND METHODS: This single-center, cross-sectional study included 56 patients with idiopathic PD (STN-DBS = 32; MED = 24), all evaluated in the on-medication state under stable treatment conditions. A concise multidomain neuropsychological battery was administered, including phonemic and semantic verbal fluency, Stroop test (time, errors, corrections), forward and backward digit span, judgment of line orientation, clock drawing, and Mini-Mental State Examination. Clinical assessments comprised Unified PD Rating Scale part III, Hoehn-Yahr stage, PD Questionnaire-39, and Hamilton Anxiety and Depression scales. The two groups were matched for age, sex, education level, motor phenotype, and on-state motor severity, while disease duration was considered in comparative analyses.
RESULTS: Compared with the MED group, patients with STN-DBS demonstrated lower phonemic verbal fluency, shorter forward digit span, and higher Stroop error counts. Differences in forward digit span and Stroop performance persisted after considering disease duration, whereas the phonemic fluency difference was attenuated. Semantic fluency, visuospatial abilities, and global cognitive performance did not differ between groups. Within the STN-DBS cohort, higher motor severity was associated with poorer semantic fluency and clock drawing performance, while no associations were observed between DBS duration and neuropsychological outcomes.
CONCLUSION: Long-term STN-DBS is associated with selective modulation of attention and executive control functions, while global cognition, semantic fluency, and visuospatial abilities remain largely preserved. These findings support the relative cognitive safety of chronic STN-DBS and underscore the importance of routine executive function monitoring during long-term follow-up.",https://pubmed.ncbi.nlm.nih.gov/42535142/,,,parkinsons,(Parkinson Disease[MeSH] OR Parkinson[tiab] OR dopamine[tiab] OR alpha-synuclein[tiab]) AND (treatment[tiab] OR intervention[tiab] OR therapy[tiab]),2026-08-05T17:22:15+00:00,,,,,
PMID_42535139,PubMed,42535139,PMC11306754,10.7759/cureus.111830,Pituitary Apoplexy Without Chiasmal Compression Presenting With Radiographic Oculomotor Nerve Compression in a Prolactinoma: A Case Report.,"Holz, Emily A; Imran, Manal; Reyes, Nicole; Izquierdo-Pretel, Guillermo",Cureus,2026,"Pituitary apoplexy is a rare but potentially life-threatening complication of pituitary macroadenomas that classically presents with acute headache, visual field deficits, and signs of optic chiasm compression. However, atypical neuro-ophthalmologic presentations without chiasmal involvement may delay recognition and treatment. This report highlights an unusual presentation of pituitary apoplexy associated with radiographic oculomotor nerve compression secondary to cavernous sinus extension in a patient with prolactinoma. We report the case of a 29-year-old Hispanic woman who presented to the emergency department (ED) with acute right-sided headache, dizziness, and transient blurry vision after the reinitiation of cabergoline therapy for a previously diagnosed prolactinoma. The patient had a prolonged history of migraine-like headaches, amenorrhea, intermittent galactorrhea, and inconsistent adherence to dopamine agonist therapy due to medication intolerance. Magnetic resonance imaging (MRI) revealed a 1.5 cm right sellar macroadenoma with intralesional hemorrhage consistent with pituitary apoplexy. Imaging demonstrated extension into the right cavernous sinus with compression and lateral displacement of the oculomotor nerve, without contact or compression of the optic chiasm or optic nerves. Endocrine evaluation demonstrated hyperprolactinemia and secondary adrenal insufficiency. The patient underwent endoscopic transsphenoidal resection with subsequent clinical stabilization and normalization of prolactin levels. Pathology confirmed a lactotroph pituitary adenoma. This case highlights an atypical presentation of pituitary apoplexy without classic chiasmal syndrome and emphasizes the importance of recognizing cavernous sinus cranial neuropathy as a potential presenting feature. Clinicians should maintain suspicion for pituitary apoplexy in patients with prolactinoma presenting with acute headache and cranial nerve (CN) abnormalities, even in the absence of visual field defects or optic pathway compression.",https://pubmed.ncbi.nlm.nih.gov/42535139/,,,parkinsons,(Parkinson Disease[MeSH] OR Parkinson[tiab] OR dopamine[tiab] OR alpha-synuclein[tiab]) AND (treatment[tiab] OR intervention[tiab] OR therapy[tiab]),2026-08-05T17:22:15+00:00,,,,,
PMID_42535092,PubMed,42535092,PMC9198747,10.3233/jpd-213031,"Omics research in Parkinson's disease: evolution, integrated analysis, pathogenic mechanisms, biomarkers, and therapeutic targets.","Cao, Ruizhe; Bai, Xue; Zhong, Huan",Frontiers in molecular neuroscience,2026,"Parkinson's Disease (PD) is a common neurodegenerative disorder that has been widely investigated using omics approaches over 2020-2025. This review focuses on the transition from single-omics to integrative multi-omics analysis, which helps overcome the constraints of individual omics strategies and provides a more systematic understanding of PD pathogenesis. Key topics include the elucidation of core mechanisms (mitochondrial dysfunction, lipid metabolic disturbance, α-synucleinopathy, and gut-brain axis impairment), the development of biomarkers (shifting from invasive cerebrospinal fluid samples to less invasive plasma/urine panels with improved performance), and the identification of potential interventional targets (signaling pathways, key molecules, and gut microbiota). Technical advances include refined single-omics detection, AI-assisted multi-omics integration, and the emergence of multi-center large cohorts. Despite notable progress, major challenges remain, including limited sample diversity, insufficient technical standardization, and gaps between basic research and clinical translation. Future directions should prioritize the establishment of multi-center longitudinal biobanks, high-sensitivity detection methods, and clinical translation through precision subtyping and targeted intervention. Integrative multi-omics has significantly advanced PD research from fragmented studies to a more systematic framework, providing a foundation for early diagnosis and precision therapy. Further efforts are needed to address current limitations and translate findings into clinical benefit for PD patients.",https://pubmed.ncbi.nlm.nih.gov/42535092/,,,parkinsons,(Parkinson Disease[MeSH] OR Parkinson[tiab] OR dopamine[tiab] OR alpha-synuclein[tiab]) AND (treatment[tiab] OR intervention[tiab] OR therapy[tiab]),2026-08-05T17:22:15+00:00,,,,,
PMID_42535066,PubMed,42535066,PMC3065923,10.1002/mds.26510,"Gait and balance outcomes of group-based music therapy, physiotherapy, and simplified dance training in patients with Parkinson's disease.","Pedak, Kirsti; Toomsoo, Toomas; Rannama, Indrek; de Magalhaes Cardoso de Oliveira Margato, Maria Ines; Pehk, Alice",Frontiers in rehabilitation sciences,2026,"INTRODUCTION: To compare the effects of group-based music therapy, physiotherapy, and simplified dance training on gait, balance, and lower limb force production in individuals with moderate Parkinson's disease.
METHODS: Forty-eight participants (Hoehn & Yahr stages 2.0-3.0) were randomly allocated to music therapy (n = 14), physiotherapy (n = 14), simplified dance training (n = 10), or control (n = 10). All active groups completed two 60-minute group sessions per week for eight weeks. Outcome measures included static balance assessed via force-plate Centre of Pressure (CoP) metrics, the Five Times Sit-to-Stand test (5STS), and the Timed Up and Go test (TUG) with OptoJump gait analysis. Between-group differences were analyzed using baseline-adjusted analysis of covariance (ANCOVA), with Benjamini-Hochberg false discovery rate correction applied within each outcome family.
RESULTS: Significant baseline-adjusted between-group effects were observed. Physiotherapy showed a lower adjusted center-of-pressure sway area than control (53% lower, q = 0.027) and lower weight-distribution asymmetry (62% lower, q = 0.050). Both music therapy and simplified dance training had shorter adjusted five-times sit-to-stand times than control (25% and 26% shorter, q = 0.036), with no between-group differences in peak force or rate of force development. All three interventions had shorter adjusted Timed Up and Go times than control (q = 0.005), the largest difference in simplified dance training (-2.5 s); simplified dance training alone had a shorter adjusted turning time than control (q = 0.047), and music therapy alone had a lower adjusted double support time (q = 0.030).
DISCUSSION: Each modality produced a distinct, modality-specific pattern of benefit. Physiotherapy improved static postural control and weight-bearing symmetry; both music therapy and simplified dance training improved sit-to-stand performance; and all three improved overall mobility, with the greatest gains in dance training for gait and turning. These findings support a personalized, potentially multimodal approach to Parkinson's disease rehabilitation. The study was registered retrospectively in the World Health Organization International Clinical Trials Registry Platform (Registration No. DRKS00039213). All participants provided written informed consent.",https://pubmed.ncbi.nlm.nih.gov/42535066/,,,parkinsons,(Parkinson Disease[MeSH] OR Parkinson[tiab] OR dopamine[tiab] OR alpha-synuclein[tiab]) AND (treatment[tiab] OR intervention[tiab] OR therapy[tiab]),2026-08-05T17:22:15+00:00,,,,,
PMID_42534730,PubMed,42534730,PMC3986937,10.1186/1742-2094-11-59,Polyphenols and microglial dynamics in neurodegenerative diseases: mechanistic advances and therapeutic perspectives.,"Liu, Luping; Xiao, Huan; Zhou, Jinhong; Zhang, Muxi; Duan, Junguo",PeerJ,2026,"Neuroinflammation plays a central role in multiple neurological and neurodegenerative disorders, including ischemic brain injury, Alzheimer's disease (AD), and Parkinson's disease (PD). Microglia, the principal immune cells with in the central nervous system (CNS) are pivotal mediators of neuroinflammatory responses via their dynamic transition across a spectrum of polarization states, broadly delineated by pro-inflammatory M1-like and anti-inflammatory M2-like phenotypic profiles. A pathological skew towards pro-inflammatory microglial activation drives and exacerbates disease progression, thereby rendering the modulation of microglial polarization states a promising therapeutic target for neuroprotective intervention. Natural polyphenols have garnered increasing interest owing to their capacity to traverse the blood-brain barrier (BBB), confer neuroprotective effects, and mitigate neuroinflammation. Despite challenges in clinical translation stemming from poor bioavailability and rapid in vivo metabolism, innovative delivery systems are being developed to address these limitations. This review consolidates current evidence regarding the mechanisms by which polyphenols modulate microglial phenotypic balance and polarization states and examines advanced delivery strategies designed to enhance their therapeutic efficacy in neuroinflammatory disorders. By synthesizing these perspectives, we offer novel insights into the potential application of polyphenols in neuroprotective therapies targeting pathological neuroinflammation.",https://pubmed.ncbi.nlm.nih.gov/42534730/,,,parkinsons,(Parkinson Disease[MeSH] OR Parkinson[tiab] OR dopamine[tiab] OR alpha-synuclein[tiab]) AND (treatment[tiab] OR intervention[tiab] OR therapy[tiab]),2026-08-05T17:22:15+00:00,,,,,
PMID_42534268,PubMed,42534268,PMC12975800,10.1177/17562864261469017,The evolving treatment landscape of restless legs syndrome.,"Mogavero, Maria P; Lanza, Giuseppe; Tondo, Pasquale; Bruni, Oliviero; Ferri, Raffaele",Therapeutic advances in neurological disorders,2026,"Restless legs syndrome (RLS) is a chronic sensorimotor disorder with a substantial impact on sleep, quality of life, and long-term neurological health. Because RLS has long required longitudinal clinical management in many patients, the major recent change is not the recognition of chronicity itself, but the reordering of treatment priorities as long-term evidence and clinical experience have clarified the risks of dopaminergic augmentation. This review synthesizes the progression of treatment paradigms from 2015 to 2026, focusing on how increasing recognition of augmentation has reshaped clinical decision-making. Historically, dopaminergic agents dominated RLS treatment because of robust short-term efficacy; however, their long-term risk-benefit profile has been reconsidered as augmentation became recognized as a major treatment-related complication. This led to a rebalancing of treatment strategies, with greater emphasis on iron metabolism and non-dopaminergic therapies. Iron deficiency is now considered a core pathophysiological and therapeutic target, with both oral and intravenous supplementation playing a key role even in the absence of overt anemia. Contemporary guidelines, culminating in the 2025 American Academy of Sleep Medicine recommendations, formalize this shift by endorsing α2δ ligands (gabapentin, pregabalin, and gabapentin enacarbil) and intravenous iron as first-line treatments, while discouraging routine use of dopamine agonists due to long-term risks. The modern approach is therefore augmentation-aware, iron-conscious, and phenotype-oriented, incorporating structured pathways for refractory disease that may include opioids and emerging non-dopaminergic or device-based therapies. Despite these advances, however, important gaps remain, including limited evidence for augmentation management, lack of disease-specific pharmacotherapies, and insufficient data in special populations such as children and pregnant individuals. Future directions will likely depend on mechanism-based drug development, improved biomarkers, and precision medicine approaches. Overall, the evolution of RLS treatment reflects a broader transition toward sustainable, individualized care in chronic neurological disorders.",https://pubmed.ncbi.nlm.nih.gov/42534268/,,,parkinsons,(Parkinson Disease[MeSH] OR Parkinson[tiab] OR dopamine[tiab] OR alpha-synuclein[tiab]) AND (treatment[tiab] OR intervention[tiab] OR therapy[tiab]),2026-08-05T17:22:15+00:00,,,,,
PMID_42533668,PubMed,42533668,,10.1093/brain/awag256,Movement dependent neural substates within levodopa-induced dyskinesia in Parkinson's disease.,"Habets, Jeroen G V; Merk, Timon; Mathiopoulou, Varvara; Kaplan, Jonathan; Lofredi, Roxanne; Busch, Johannes L; Binns, Thomas S; Köhler, Richard M; Memarpouri, Arian; Al-Fatly, Bassam; Faust, Katharina; Krause, Patricia; Schneider, Gerd-Helge; Neumann, Wolf-Julian; Tovote, Philipp; Kühn, Andrea A",Brain : a journal of neurology,2026,"Parkinson patients suffer from levodopa-induced dyskinesia, which occur adversely to chronic dopaminergic treatment. These abnormal involuntary movements can only partly be actively suppressed and affect quality of life. A lowered motor inhibition during hyperdopaminergic states, associated with structural and plasticity changes in the cortico-basal-ganglia motor network, is hypothesized to enable dyskinesia. Multiple oscillatory cortico-subthalamic patterns associated with dyskinesia have been described but their dependence on behavioral states such as movement presence remains unknown, which is crucial for its use in real-life application of adaptive neuromodulation. We studied invasive cortico-subthalamic oscillations in 22 patients with Parkinson's disease during dyskinesia-evoking protocols. Clinical assessments differentiated between non-dyskinetic and dyskinetic periods, and kinematic monitoring detected movement presence, leading to four behavioral states containing rest, voluntary movements, movement suppression during dyskinesia, and dyskinetic movements. Data-driven methods reduced data dimensionalities and optimized frequency-specific signal-to-noise ratios in the neural recordings and allowed feature extraction of spectral magnitudes, variances, and inter-subthalamic and cortico-subthalamic coherences. Subthalamic theta-activity and attenuated beta-activity were elevated during both dyskinetic movement suppression and execution, while cortico-subthalamic gamma-activity was only increased during dyskinetic movement execution. The subthalamic oscillations predicted dyskinesia presence, but varying behavioral states containing fluctuating movement presence affected the predictive performance. Movement-aware classifications improved dyskinesia detection based on cortical and on gamma oscillations. Introducing a movement-aware classification which considered the current behavioral state improved the neural detection of therapeutic states. We propose movement execution during dyskinesia should be considered as a distinct behavioral and neural microstate within a dopamine-depending hyperdopaminergic macrostate. Integrating this state concept may inform future adaptive neuromodulation and enhance its naturalistic robustness during every-day life.",https://pubmed.ncbi.nlm.nih.gov/42533668/,,,parkinsons,(Parkinson Disease[MeSH] OR Parkinson[tiab] OR dopamine[tiab] OR alpha-synuclein[tiab]) AND (treatment[tiab] OR intervention[tiab] OR therapy[tiab]),2026-08-05T17:22:15+00:00,,,,,
PMID_42533644,PubMed,42533644,PMC12481425,10.1002/mds.23294,Predictive Models for Motor Outcomes From Deep Brain Stimulation in Parkinson's Disease: A Systematic Review.,"Wilde, Maya; Kiakou, Dimitra; Bakstein, Eduard; Filip, Pavel; Novak, Daniel",The European journal of neuroscience,2026,"Deep brain stimulation (DBS) is an effective treatment for Parkinson's disease, but the extent of improvement in motor symptoms varies. A tool which accurately predicts patient outcomes based on data available pre-surgery would be useful for clinical decision-making and patient expectation management. Such data includes clinical and cognitive measures, neuroimaging, kinematics, functional connectivity and genetics. In this systematic review, we assess predictive models of motor outcomes from DBS. We searched the databases Web of Science, PubMed and Scopus for primary research articles that tested predictions from models based on pre-surgical data and focused on motor outcomes from DBS for Parkinson's disease. We identified 19 studies fitting these criteria. The studies with high statistical power and generalisability use only clinical data and have limited accuracy. Studies including other types of data, such as magnetic resonance imaging, may have high accuracy but are under-powered. Predictions are mostly limited to the first year after surgery, subthalamic nucleus-targeted DBS and sum scores of motor performance. Following the results of the systematic search, we discuss candidate input and output variables and validation strategies to produce predictive models that are ready for translation to clinical practice. Ideally, models would predict scores for several motor domains, over a range of time after surgery, with confidence intervals. They should also be generalisable to clinics worldwide. To achieve this goal, models and datasets should be made publicly available to enable wider validation. These recommendations provide a framework to achieve predictive models for DBS outcomes that can be used clinically.",https://pubmed.ncbi.nlm.nih.gov/42533644/,,,parkinsons,(Parkinson Disease[MeSH] OR Parkinson[tiab] OR dopamine[tiab] OR alpha-synuclein[tiab]) AND (treatment[tiab] OR intervention[tiab] OR therapy[tiab]),2026-08-05T17:22:15+00:00,,,,,
PMID_42533232,PubMed,42533232,PMC12405258,10.3389/fnins.2025.1639911,Efficacy and safety of fecal microbiota transplantation in Parkinson's disease: a systematic review and meta-analysis of randomized controlled trials with GRADE assessment.,"Siam, Aya Magdy; Moubarak, Elsayed S; Mahmoud, Nour-Eldin; Khelifa, Hamza; Aljalawy, Fatma; Hassan, Abdelrahman A; Ahmed, Nour Aldin T; Wagdy, Mohamed; Heikal, Youssef; Abbas, Omar Fayez",Neurological sciences : official journal of the Italian Neurological Society and of the Italian Society of Clinical Neurophysiology,2026,"BACKGROUND: Parkinson's disease (PD) is a common neurodegenerative disease that is a growing public health challenge. Recent evidence showed that gut microbiota dysbiosis is involved in the pathogenesis of PD, prompting interest in fecal microbiota transplantation (FMT) as a potential disease-modifying intervention. This systematic review and meta-analysis aim to evaluate the efficacy and safety of FMT in patients with PD.
METHODS: We conducted a systematic literature review using PubMed, Scopus, Web of Science, and the Cochrane Library till June 4, 2026, to identify RCTs comparing FMT with placebo or control interventions in PD. After removal of duplicates alongside title and abstract screening, followed by full-text screening, seven randomized controlled trials were included in this systematic review and meta-analysis.
RESULTS: A total of seven randomized controlled trials (RCTs) with 318 subjects were analyzed. FMT was delivered via oral capsules, nasojejunal tubes, or colonoscopy, with follow-up periods ranging from 12 to 52 weeks. The meta-analysis indicated a notable short-term enhancement in daily motor activities, as assessed by MDSUPDRS Part II, after one month (mean difference - 2.19, 95% confidence interval - 4.32 to -0.06; P = 0.044). Nevertheless, no significant estimates were noted for MDS-UPDRS Part III, aggregate MDS-UPDRS scores, motor complications, non-motor symptoms, or overall life quality at any assessed time frame. Some individual studies reported gains in cognitive ability, anxious feelings, quality of life related to constipation, and certain PDQ-39 categories, although these improvements were not uniformly observed. Overall, FMT was well tolerated by participants, with adverse reactions mostly comprising mild, self-resolving gastrointestinal issues and no major safety risks.
CONCLUSIONS: FMT is a safe treatment for individuals with PD and may offer modest short-term advantages in performing daily motor tasks. However, current evidence does not indicate lasting enhancements in overall motor capabilities, non-motor symptoms, or life quality. More extensive and sufficiently powered trials utilizing standardized FMT procedures and longer observation periods are necessary to elucidate the therapeutic benefits of FMT in Parkinson's disease.",https://pubmed.ncbi.nlm.nih.gov/42533232/,,,parkinsons,(Parkinson Disease[MeSH] OR Parkinson[tiab] OR dopamine[tiab] OR alpha-synuclein[tiab]) AND (treatment[tiab] OR intervention[tiab] OR therapy[tiab]),2026-08-05T17:22:15+00:00,,,,,
PMID_42533035,PubMed,42533035,PMC12163591,10.1093/ijnp/pyaf034,A cortical insula-orbitofrontal circuit drives stress-induced dopamine system dysfunction.,"Yang, Olivia J; Reiley, Hannah B; Boley, Angela M; Perez, Stephanie M; Lodge, Daniel J",Molecular psychiatry,2026,"Stress is a major risk factor for psychiatric disorders, including post-traumatic stress disorder (PTSD), depression, and psychosis, and is closely linked to dysregulation of the dopamine system. Psychosis is characterized by aberrant salience processing driven by elevated striatal dopamine transmission, and both clinical and preclinical studies demonstrate that acute stress increases dopamine release and induces behavioral alterations associated with psychosis. A key physiological substrate of this dysregulation is increased dopamine neuron population activity in the ventral tegmental area (VTA); however, the upstream circuits through which stress drives this pathological dopamine state remain poorly defined. Human neuroimaging studies implicate the insular cortex (IC), a core node of the salience network, with hyperactivity reported in PTSD. Preclinical studies similarly demonstrate that IC activity contributes to stress-induced fear and anxiety-like behaviors. Yet, whether the IC modulates dopamine neuron population activity has not been established. Here, we identified a previously unrecognized insula-orbitofrontal circuit (IC-OFC) that powerfully regulates VTA dopamine neuron population activity. Using in vivo extracellular electrophysiology in rats, we demonstrate that activation of the IC selectively increases VTA dopamine neuron population activity. This effect is replicated by selective, chemogenetic activation of the IC-OFC circuit. Importantly, inactivation of this pathway reverses stress-induced elevations in dopamine population activity and normalizes associated behavioral disruptions. Together, these findings identify an IC-OFC-VTA circuit through which stress drives pathological dopamine system activation, providing new mechanistic insight into stress-induced dopamine dysregulation and revealing a novel circuit target for intervention in stress-related psychiatric disorders.",https://pubmed.ncbi.nlm.nih.gov/42533035/,,,parkinsons,(Parkinson Disease[MeSH] OR Parkinson[tiab] OR dopamine[tiab] OR alpha-synuclein[tiab]) AND (treatment[tiab] OR intervention[tiab] OR therapy[tiab]),2026-08-05T17:22:15+00:00,,,,,
PMID_42532744,PubMed,42532744,,10.1016/j.parkreldis.2026.108439,Management of non-motor symptoms in Parkinson's disease: Lessons through a cultural lens.,"Subramanian, Indu; Agarwal, Pinky; Bruno, Michiko K",Parkinsonism & related disorders,2026,"Parkinson's disease (PD) affects individuals across diverse cultural, linguistic, and socioeconomic backgrounds worldwide. While non-motor symptoms (NMS) are among the most disabling features of PD, the influence of culture on their recognition, reporting, and management remains underexplored. This review examines cultural factors that shape the experience and care of NMS in PD, with particular attention to Asian populations, which have historically received limited focus in health disparities literature. Drawing on evidence from diverse global populations, we explore how cultural beliefs, stigma, family dynamics, spirituality, language, and trust in healthcare systems influence symptom interpretation, help-seeking behaviors, treatment engagement, caregiving, and end-of-life decision-making. Sensitive symptoms such as bladder, bowel and sexual dysfunction, as well as mental health symptoms may be underreported because of stigma, shame, or cultural norms. Immigrant populations may avoid ""bothering"" healthcare providers, while language barriers and mistrust can further impede communication and access to care. Cultural values also influence decision-making preferences. In contrast to Western models that prioritize individual autonomy, some patients prefer family-centered decision-making, with designated family members guiding healthcare choices. Concepts such as filial piety, ""familismo"", and culturally defined gender roles (superwoman schema and stoic masculinity) shape caregiving and acceptance of treatment recommendations. Culturally enabled care is essential to equitable and person-centered PD management and can improve communication, reduce disparities, foster trust, and enhance quality of life for people living with PD and their families. Further research is urgently needed to better understand how culture intersects with NMS management and to develop culturally enabled models of care.",https://pubmed.ncbi.nlm.nih.gov/42532744/,,,parkinsons,(Parkinson Disease[MeSH] OR Parkinson[tiab] OR dopamine[tiab] OR alpha-synuclein[tiab]) AND (treatment[tiab] OR intervention[tiab] OR therapy[tiab]),2026-08-05T17:22:15+00:00,,,,,
PMID_42532138,PubMed,42532138,,10.1016/j.expneurol.2026.115946,Pramipexole ameliorates cognitive deficits in aged mice after sevoflurane anesthesia by upregulating dopamine D2 receptors in parvalbumin interneuron of the hippocampus.,"Fu, Qun; Li, Shuming; Fu, Zihui; Jiao, Yang; Tang, Dongliang; Yin, Xiali; Wang, Leiyuan; Ma, Zhengliang; Jiang, Ming",Experimental neurology,2026,"Pramipexole (PPX), dopamine D2/D3 receptor agonist, exhibits neuroprotective effects in patients with restless legs syndrome and Parkinson's disease. The present study aimed to investigate the cellular and molecular mechanisms underlying PPX treatment in memory and cognitive impairments induced by sevoflurane anesthesia in the aged mice. Aged mice received 2-h daily exposures to 60% oxygen, either with or without 3% sevoflurane, for three consecutive days. For interventional evaluation, PPX was administered intraperitoneally 1 h before sevoflurane exposure on three consecutive days. After the behavioral tests, hippocampal tissues were harvested from the mice for histochemical and biochemical examinations. Ex vivo electrophysiology was used to assess the activity of pyramidal neurons, while in vivo electrophysiology to evaluate changes in neural oscillations in the hippocampus of mice. PPX attenuated glial cell activation, reversed the downregulation of parvalbumin (PV) expression, rescued the reduction in the activity of PV interneuron and the imbalance of local neuronal excitatory/inhibitory, reversed the reduction in gamma oscillations, and ameliorated the downregulation of dopamine D2 receptors in the hippocampus after repeated sevoflurane exposure in aged mice. Our findings suggest that PPX confers neuroprotection, at least in part, by attenuating neuroinflammation and PV interneuron dysfunction via upregulation of hippocampal dopamine D2 receptors, thereby ameliorating memory and cognitive deficits.",https://pubmed.ncbi.nlm.nih.gov/42532138/,,,parkinsons,(Parkinson Disease[MeSH] OR Parkinson[tiab] OR dopamine[tiab] OR alpha-synuclein[tiab]) AND (treatment[tiab] OR intervention[tiab] OR therapy[tiab]),2026-08-05T17:22:15+00:00,,,,,
PMID_42531346,PubMed,42531346,,10.4103/ant.ant-d-25-00052,When Psychosis Conceals a Motor Crisis: A Misleading Case of Catatonia Unveiling Parkinson's Disease off Phenomenon.,"Tsai, Wen-Wen; Kao, Pei-Hsin; Lu, Kuan-Hsien; Yang, Sheng-Hsiang",Acta neurologica Taiwanica,2026,"Psychosis is a frequent comorbidity in Parkinson's disease (PD) and often complicates the evaluation of motor and behavioral fluctuations. Distinguishing between psychosis-related catatonia and a PD off phenomenon presents a significant diagnostic challenge. We describe the case of a 48-year-old male with PD and depression who was admitted to a psychiatric ward following an episode of aggressive behavior and persecutory delusions. During hospitalization, he developed mutism, rigidity, and immobility - initially interpreted as catatonia. A Bush-Francis Catatonia Rating Scale score of 16 was documented, but a lorazepam challenge failed to elicit improvement. These symptoms coincided with the tapering of dopaminergic therapy, particularly pramipexole. Neurological consultation on hospital day 11 identified the presentation as a severe PD off state. Restoration of dopaminergic therapy, focusing on extended-release formulations and optimized timing, resulted in marked clinical improvement within 1 week. Dopamine agonists were avoided due to concern for exacerbating psychosis. This case highlights the importance of distinguishing catatonia from PD off states in patients with overlapping motor and psychiatric symptoms. Careful medication history, response to benzodiazepines, and interdisciplinary collaboration are critical to diagnostic accuracy and treatment success.",https://pubmed.ncbi.nlm.nih.gov/42531346/,,,parkinsons,(Parkinson Disease[MeSH] OR Parkinson[tiab] OR dopamine[tiab] OR alpha-synuclein[tiab]) AND (treatment[tiab] OR intervention[tiab] OR therapy[tiab]),2026-08-05T17:22:15+00:00,,,,,
PMID_42530887,PubMed,42530887,,10.1177/1877718x261470302,Full recovery after severe bacterial encephalitis and brain abscess following deep brain stimulation surgery for Parkinson's disease.,"Rouleau, Eline Amy; Falck, Debby Eic; Hoffmann, Carel Fe; Geraedts, Victor J; Zutt, Rodi; van der Gaag, Niels A; Contarino, M Fiorella",Journal of Parkinson's disease,2026,"Encephalitis and cerebral abscesses are rare, serious complications of deep brain stimulation (DBS) surgery. We report on two patients with Parkinson's disease (PD) who developed a critical condition with focal neurological symptoms and decreased consciousness, after an initially uncomplicated subthalamic nucleus DBS implantation. Because of the clinical and radiological suspicion of encephalitis and brain abscess, DBS was explanted and the abscess drained. After prolonged antibiotic treatment they gradually fully recovered, with persistently improved PD symptoms in patient 1. Concluding, patients with DBS-related encephalitis or brain abscesses in a critical condition can have a favourable prognosis with proper and timely treatment.",https://pubmed.ncbi.nlm.nih.gov/42530887/,,,parkinsons,(Parkinson Disease[MeSH] OR Parkinson[tiab] OR dopamine[tiab] OR alpha-synuclein[tiab]) AND (treatment[tiab] OR intervention[tiab] OR therapy[tiab]),2026-08-05T17:22:15+00:00,,,,,
PMID_42530626,PubMed,42530626,PMC11411832,10.1186/s12883-024-03859-x,The role of botulinum toxin in the multimodal management of pain in Parkinson's disease: a scoping review.,"Biering-Sørensen, Bo; Wissel, Jörg; Gurevich, Tanya; Kaelin-Lang, Alain; Petrovic, Igor N; Pirtošek, Zvezdan; Markovic, Vladana; Rudzińska-Bar, Monika; Milanov, Ivan","Journal of neural transmission (Vienna, Austria : 1996)",2026,"Pain is among the most prevalent, disabling, and underrecognized non-motor symptoms of Parkinson's disease (PD), affecting approximately 40-85% of patients across cohorts. It is heterogeneous, often multifactorial, and may occur at any stage of disease, including the prodromal phase. Pain in PD can reflect musculoskeletal strain, dystonia, neuropathic/radicular mechanisms, altered central nociceptive processing, or combinations thereof, and it frequently fluctuates with motor state, mood, sleep, and overall non-motor burden. Over time, the field has moved from purely clinical classifications toward mechanism-based systems, including the Parkinson's Disease Pain Classification System, which may better guide individualized treatment. Management should therefore be multimodal rather than sequential, integrating optimization of dopaminergic therapy, targeted pharmacological and non-pharmacological interventions, rehabilitation, psychological support, and device-aided therapies where indicated. Botulinum toxin represents a shift from systemic pharmacological escalation to precision, mechanism-directed local therapy and may be a first line treatment choice in selected focal pain syndromes, especially painful dystonia and focal musculoskeletal pain and reduce polypharmacy burden and systemic adverse effects by replacing chronic oral symptomatic medications. This review summarizes the evolving classification of pain in PD, its clinical presentation across the disease continuum, and the rationale for an individualized, multidisciplinary, and mechanism-based treatment strategy, with special emphasis on botulinum toxin within multimodal care.",https://pubmed.ncbi.nlm.nih.gov/42530626/,,,parkinsons,(Parkinson Disease[MeSH] OR Parkinson[tiab] OR dopamine[tiab] OR alpha-synuclein[tiab]) AND (treatment[tiab] OR intervention[tiab] OR therapy[tiab]),2026-08-05T17:22:15+00:00,,,,,
PMID_42530397,PubMed,42530397,PMC11512442,10.1016/j.jneumeth.2022.109677,Natural Frequencies of Levodopa-Induced Dyskinesia in Parkinson's Disease.,"Isaias, Ioannis U; Avantaggiato, Federica; Pezzoli, Gianni; Canessa, Andrea",Annals of clinical and translational neurology,2026,"OBJECTIVES: Abnormal involuntary movements, known as dyskinesias, are common complications of levodopa treatment in patients with Parkinson's disease and can significantly impair quality of life. The underlying pathophysiology remains unclear, and current therapeutic options are limited. This study aimed to investigate the oscillatory dynamics of the supplementary motor area during levodopa administration and the emergence of dyskinesias.
METHODS: We applied transcranial magnetic stimulation to directly perturb the supplementary motor area and used high-density electroencephalography to measure its natural oscillatory frequency during levodopa administration and the emergence of dyskinesias.
RESULTS: Levodopa intake increased cortical excitability in both dyskinetic and non-dyskinetic parkinsonian patients. Transcranial magnetic stimulation consistently evoked dominant beta-gamma oscillations in both groups. Notably, dyskinetic patients exhibited a shift of event-related spectral perturbation toward beta low frequencies, paralleling the clinical manifestation of peak-of-dose dyskinesias.
INTERPRETATION: These findings support the view of dyskinesias as disorders of oscillatory local and network activity and suggest that targeted neuromodulation strategies could be developed to mitigate these motor complications.",https://pubmed.ncbi.nlm.nih.gov/42530397/,,,parkinsons,(Parkinson Disease[MeSH] OR Parkinson[tiab] OR dopamine[tiab] OR alpha-synuclein[tiab]) AND (treatment[tiab] OR intervention[tiab] OR therapy[tiab]),2026-08-05T17:22:15+00:00,,,,,
PMID_42530052,PubMed,42530052,,10.31083/jin51543,"Neurotrophic Factors in Stroke, Traumatic Brain Injury, and Neurodegeneration: A Convergent Pathophysiological and Translational Perspective.","Shcheblykina, Olesya V; Kostina, Darya A; Pokrovskii, Mikhail V; Korokin, Mikhail V",Journal of integrative neuroscience,2026,"Neurotrophic factors (NTFs), including nerve growth factor (NGF), brain-derived neurotrophic factor (BDNF), neurotrophin-3 (NT-3), glial cell line-derived neurotrophic factor (GDNF), ciliary neurotrophic factor (CNTF), and vascular endothelial growth factor (VEGF), play a central role in neuronal survival, plasticity, and regeneration. Despite their distinct etiologies and temporal profiles, stroke (both ischemic and hemorrhagic), traumatic brain injury (TBI), and neurodegenerative diseases (NDDs), including Alzheimer's disease (AD) and Parkinson's disease (PD), converge on a common pathophysiological phenotype characterized by excitotoxicity, oxidative stress, mitochondrial dysfunction, neuroinflammation, blood-brain barrier (BBB) disruption, and neuronal apoptosis. Neurotrophic factors modulate these pathological cascades through tropomyosin receptor kinase (Trk) receptors, p75 neurotrophin receptor (p75NTR), and related signaling pathways, thereby supporting neuroprotection, neurogenesis, and synaptogenesis. Experimental evidence from preclinical models demonstrates robust beneficial effects of neurotrophin-based interventions in stroke, TBI, AD, and PD across protein, gene, and cell-based strategies. However, clinical translation remains severely limited. Early-phase clinical trials of adeno-associated virus (AAV)-mediated GDNF and neurturin gene therapy for PD, ex vivo NGF gene therapy for AD, and BDNF gene therapy for AD have confirmed acceptable safety profiles but yielded modest or inconsistent efficacy, largely due to constraints in brain delivery, the need for invasive neurosurgical procedures, restricted target coverage, suboptimal control of expression, and marked patient heterogeneity. Consequently, the principal barrier to clinical success is not biological validity, but the lack of safe, effective and scalable delivery platforms capable of bypassing or functionally modulating the BBB. In this review we synthesize shared pathophysiological mechanisms linking stroke, TBI and NDDs; examine the biology, receptor systems, and signaling pathways of key neurotrophic factors; summarize preclinical evidence for their therapeutic potential; and critically evaluate current delivery strategies, including viral vectors, lipid nanoparticles, exosomes, cell-based therapies, small-molecule mimetics, and intranasal administration. We conclude that overcoming delivery barriers through development of improved viral and non-viral platforms, minimally invasive administration routes, controllable expression systems, and rational patient stratification based on disease stage and biomarkers will be essential to fully realize the neuroprotective and neuroregenerative potential of neurotrophin-based therapies for acute and chronic brain disorders.",https://pubmed.ncbi.nlm.nih.gov/42530052/,,,parkinsons,(Parkinson Disease[MeSH] OR Parkinson[tiab] OR dopamine[tiab] OR alpha-synuclein[tiab]) AND (treatment[tiab] OR intervention[tiab] OR therapy[tiab]),2026-08-05T17:22:15+00:00,,,,,
PMID_42530044,PubMed,42530044,,10.31083/jin50932,Extracellular Vesicle-Mediated Delivery of VEGF and NGF Protects Dopaminergic Neurons in 6-OHDA-Induced Parkinson's Disease Models.,"Yan, Wenyu; Meng, Xianyue; Wang, Yan; Wei, Chuanfei; Han, Fabin; Li, Xueli",Journal of integrative neuroscience,2026,"BACKGROUND: Parkinson's disease (PD) is a neurodegenerative disorder marked by motor dysfunction. No definitive methods exist to repair damaged neurons. Vascular endothelial growth factor (VEGF) and nerve growth factor (NGF) are two neuroprotective agents that work synergistically. However, these large molecular proteins have difficulty crossing the blood-brain barrier (BBB). Extracellular vesicles (EVs) offer superior targeting and low immunogenicity, making them excellent carriers. In this study we examined the protective effects of VEGF and NGF in a cell model and evaluated the therapeutic potential of VEGF-NGF contained within EVs in PD rats.
METHODS: EVs were isolated using sequential differential centrifugation and characterized using transmission electron microscopy, nanoparticle tracking analysis, and western blotting (WB). VEGF and NGF were loaded into the EVs using a saponin-assisted method to create VEGF@EVs, NGF@EVs, and VEGF/NGF@EVs. The viability of 6-hydroxydopamine hydrochloride (6-OHDA)-induced SH-SY5Y cells was measured using the cell counting kit-8 assay before and after treatment with VEGF and NGF. Autophagy levels were assessed using WB, and the role of autophagy was further explored using the autophagy inhibitor chloroquine. Unilateral PD rat models were established via stereotactic injection of 6-OHDA into male Sprague-Dawley rats. Behavioral changes were monitored before and after treatment. Neuronal recovery, neurotransmitter levels, and autophagy levels in the rat brains were evaluated using immunohistochemistry, enzyme-linked immunosorbent assay, and WB.
RESULTS: VEGF/NGF@EVs significantly enhanced the viability of 6-OHDA-induced SH-SY5Y cells. A complete autophagic process was identified as essential for this protective effect. The intranasal administration of VEGF/NGF@EVs improved motor behavior in PD rats, with performance better than that of single growth factor treatments. The number of tyrosine hydroxylase (TH)-positive neurons, TH protein expression, and dopamine content were significantly increased. In addition, the level of autophagy in the rat substantia nigra was elevated.
CONCLUSIONS: VEGF/NGF@EVs exert protective effects in both in vitro and in vivo 6-OHDA-induced PD models by promoting autophagy, demonstrating greater efficacy than either growth factor alone. By transplanting VEGF/NGF@EVs into PD rats, we showed that these vesicles can effectively cross the BBB and deliver targeted therapy to the central nervous system. This study highlights the significant potential of EV-mediated protein transplantation strategies for treating neurological disorders.",https://pubmed.ncbi.nlm.nih.gov/42530044/,,,parkinsons,(Parkinson Disease[MeSH] OR Parkinson[tiab] OR dopamine[tiab] OR alpha-synuclein[tiab]) AND (treatment[tiab] OR intervention[tiab] OR therapy[tiab]),2026-08-05T17:22:15+00:00,,,,,
PMID_42530039,PubMed,42530039,,10.31083/jin50683,"Sarsasapogenin Improves Pathological Phenotypes in MPTP/MPP+-Induced Parkinson's Disease Models: Synergistic Actions of Neurite Outgrowth, Neurotransmitter Modulation, and Anti-Inflammation.","Deng, Wendi; Hong, Jinfeng; Li, Weixia; Zhang, Yi; Zhang, Yongping; Yang, Zhiyou",Journal of integrative neuroscience,2026,"BACKGROUND: Parkinson's disease (PD) is a prevalent neurodegenerative disorder hallmarked by progressive loss of midbrain dopaminergic (DA) neurons, neurite atrophy, neurotransmitter imbalance, and motor dysfunction. Therapeutic strategies targeting neuronal integrity and neuroinflammation hold translational value beyond conventional symptomatic therapies for PD. Sarsasapogenin, a natural steroidal saponin, exhibits documented neuroprotective properties in multiple neurological diseases. However, its therapeutic potential and underlying mechanisms in PD remain to be elucidated.
METHODS: The neuroprotective efficacy of sarsasapogenin was assessed in a subacute 1-methyl-4-phenyl-1,2,3,6-tetrahydropyridine (MPTP)-induced mouse PD model and 1-methyl-4-phenylpyridinium ion (MPP+)-insulted primary cortical and dopaminergic neuronal cultures. Motor function was evaluated via a variety of behavioral tests. Survival of dopaminergic neurons was quantified using tyrosine hydroxylase (TH) immunostaining. Levels of monoamine neurotransmitters and their metabolites were measured using high-performance liquid chromatography (HPLC), while serum proinflammatory cytokines were determined using enzyme-linked immunosorbent assay (ELISA). Neurite outgrowth and neuronal viability were examined under both preventive and therapeutic treatment regimens in vitro. Potential molecular targets of sarsasapogenin were screened and identified via Drug Affinity Responsive Target Stability (DARTS) coupled with molecular docking.
RESULTS: Twenty-one-day sarsasapogenin intervention mitigated aberrant motor deficits in MPTP-treated mice, rescued TH+ dopaminergic neurons in the substantia nigra, restored homeostasis of dopamine and norepinephrine, normalized the turnover of monoamines, and decreased peripheral levels of the proinflammatory cytokines tumor necrosis factor-α (TNF-α) and interleukin-1β (IL-1β). In primary neuronal cultures, sarsasapogenin significantly ameliorated MPP+-triggered neurite atrophy and neuronal loss in both cortical and ventral mesencephalic dopaminergic neurons. DARTS screening combined with molecular docking identified serpin family H member 1 (Serpin) H1 as a candidate binding protein of sarsasapogenin, with a favorable binding affinity of -8.6 kcal/mol.
CONCLUSIONS: Sarsasapogenin exerts comprehensive neuroprotective effects in preclinical PD models via synergistic modulation of dopaminergic neuronal survival, neurotransmitter balance, inflammatory inhibition, and neurite outgrowth. These findings highlight sarsasapogenin as a promising multi-target candidate for PD intervention, whereas the precise functional role of Serpin H1 in mediating its neuroprotective actions warrants further in-depth investigation.",https://pubmed.ncbi.nlm.nih.gov/42530039/,,,parkinsons,(Parkinson Disease[MeSH] OR Parkinson[tiab] OR dopamine[tiab] OR alpha-synuclein[tiab]) AND (treatment[tiab] OR intervention[tiab] OR therapy[tiab]),2026-08-05T17:22:15+00:00,,,,,
PMID_42529883,PubMed,42529883,PMC4532865,10.1155/2015/567386,Advances in biomarkers for Parkinson's disease: from molecular pathology to precision diagnostics.,"Li, Xiang; Chen, Honglin; Wang, Xu; Hu, Yuhe; Yang, Zhaofei; Wei, Min",Journal of Zhejiang University. Science. B,2026,"Parkinson's disease (PD) is the second most common neurodegenerative disorder, and continues to present significant challenges in early diagnosis, precise subtyping, and prognosis assessment. In recent years, the field of biomarker research has undergone a profound paradigm shift from static concentration measurements to functional activity detection. The most revolutionary breakthrough is the α-synuclein seed amplification assay (α-Syn-SAA), which enables ultrasensitive and specific detection of pathological α-Syn in both clinical and prodromal stages, thus providing an unprecedented window for early intervention. Substantial progress has also been made in the development of biomarkers such as neurofilament light chain (NfL), Alzheimer's disease-related biomarkers, and genetic biomarkers, as well as in detection technologies based on peripheral samples. The integrated application of cutting-edge technologies, such as real-time quaking-induced conversion (RT-QuIC), high-resolution mass spectrometry, and high-field magnetic resonance imaging (MRI), is advancing the field into a new stage characterized by a focus on pathological activity, multi-omics integration, and non- or minimally invasive approaches. In this review, we explore recent advances in PD biomarkers, focusing on core pathophysiological markers. We examine the potential of multi-omics and artificial intelligence (AI) to enhance diagnostic, subtyping, and prognostic accuracy, while also outlining the pivotal role and future directions of biomarkers in advancing precision medicine for PD.",https://pubmed.ncbi.nlm.nih.gov/42529883/,,,parkinsons,(Parkinson Disease[MeSH] OR Parkinson[tiab] OR dopamine[tiab] OR alpha-synuclein[tiab]) AND (treatment[tiab] OR intervention[tiab] OR therapy[tiab]),2026-08-05T17:22:15+00:00,,,,,
PMID_42529862,PubMed,42529862,PMC8277946,10.1002/mds.10137,"Beyond the role in motor function, entopeduncular nucleus, a critical neural hub in psychiatric disorders and sleep regulation.","Wang, Huaizhi; Saeed, Saboor; Yan, Nana; Wang, Dan",Annals of medicine,2026,"BACKGROUND: The entopeduncular nucleus (EP) is a major output nucleus of the basal ganglia and plays a critical role in integrating motor, emotional, and behavioral processes. Although traditionally linked to motor control, accumulating evidence indicates that the EP is deeply involved in psychiatric disorders, sleep regulation, addiction, and mood-related behaviors. As the rodent homolog of the human internal Globus pallidus (GP) the EP represents a key translational structure bridging preclinical and clinical neuroscience.
METHODS: This narrative review was conducted following established narrative review methodology. Relevant literature was identified through a structured search of major biomedical databases. Peer-reviewed experimental and clinical studies investigating EP anatomy, connectivity, neurotransmitter systems, and functional roles were included. The review synthesizes findings from mouse and rat models employing optogenetic and chemogenetic manipulation, electrophysiological recording, neuroanatomical tracing, molecular approaches, and behavioral assays, alongside human neuroimaging, lesion, and deep brain stimulation studies.
RESULTS: Evidence from rodent models demonstrates that the EP functions as a convergence hub integrating GABAergic, glutamatergic, dopaminergic, serotonergic, and endocannabinoid signaling. EP projections to the lateral habenula regulate aversive processing, addiction-related behaviors, and mood states. Cell-type-specific mouse studies identify entopeduncular circuits implicated in anxiety regulation. Dysregulation of EP circuits is implicated in depression, anxiety, and Parkinsonian motor dysfunction. Clinical and preclinical neuromodulation studies further support the therapeutic relevance of targeting EP circuits.
CONCLUSION: The EP is a multifunctional neural hub extending beyond motor control. Integrating evidence from rodent and human studies highlights its importance in psychiatric and sleep disorders and supports its potential as a translational therapeutic target.",https://pubmed.ncbi.nlm.nih.gov/42529862/,,,parkinsons,(Parkinson Disease[MeSH] OR Parkinson[tiab] OR dopamine[tiab] OR alpha-synuclein[tiab]) AND (treatment[tiab] OR intervention[tiab] OR therapy[tiab]),2026-08-05T17:22:15+00:00,,,,,
PMID_42529480,PubMed,42529480,PMC8091455,10.1016/j.nrleng.2018.10.007,Comparative efficacy of traditional Chinese medicine qigong exercise on motor and non-motor outcomes in Parkinson's disease: a network meta-analysis.,"Xu, Shaoyue; Sun, Yaohuan; Chen, Wei",Frontiers in neurology,2026,"BACKGROUND: This study employed a network meta-analysis (NMA) to compare the intervention effects of different TCMQE practices on primary outcome measures in PD patients and to rank their efficacy, aiming to provide guidance for clinical practice.
METHOD: A systematic search was conducted in PubMed, Embase, Cochrane Library, Web of Science, China National Knowledge Infrastructure (CNKI), Wanfang Database, and VIP Database to identify randomized controlled trials (RCTs) evaluating traditional Chinese Qigong (QG) exercise interventions for Parkinson's disease patients. The search covered the inception of each database up to April 29, 2026. A Bayesian network meta-analysis was conducted using R software to compare the relative effects of different interventions on primary outcome measures and rank them. Two researchers independently performed literature screening and data extraction. The risk of bias in included studies was assessed using the ROB 2.0 tool.
RESULTS: A total of 59 RCTs (3,743 patients) were included. Compared with conventional treatment, Baduanjin (BDJ), QG, and Tai Chi (TC) were associated with improvements in motor symptoms (UPDRS-III). BDJ, TC, and WQX improved balance (BBS), while BDJ, liuzijue (LZJ), QG, TC, and wuqinxi (WQX) showed benefits in gait performance (TUGT). WQX and Yijingjin (YJJ) were associated with improvements in quality of life (PDQ-39), and TC and BDJ with reductions in depressive symptoms (HAMD).
CONCLUSION: This network meta-analysis suggests that different traditional QG interventions may be associated with improvements in motor and non-motor symptoms in Parkinson's disease. However, most pairwise comparisons showed overlapping confidence intervals, and no statistically significant differences were observed between most QG interventions.
SYSTEMATIC REVIEW REGISTRATION: https://www.crd.york.ac.uk/prospero/, identifier: CRD420251243598.",https://pubmed.ncbi.nlm.nih.gov/42529480/,,,parkinsons,(Parkinson Disease[MeSH] OR Parkinson[tiab] OR dopamine[tiab] OR alpha-synuclein[tiab]) AND (treatment[tiab] OR intervention[tiab] OR therapy[tiab]),2026-08-05T17:22:15+00:00,,,,,
PMID_42529089,PubMed,42529089,PMC6826874,10.2522/ptj.20100050,Which exercise intervention is most promising for Parkinson's balance? A network meta-analysis.,"Li, Ying; Zhao, Meiling; Luo, Zhaojun; Tang, Yanxia",Frontiers in aging neuroscience,2026,"OBJECTIVE: Parkinson's disease (PD) is a chronic, progressive, and disabling neurodegenerative disorder. While bradykinesia, resting tremor, and rigidity are the cardinal motor symptoms, balance impairments and postural instability frequently emerge during disease progression, substantially increasing the risk of falls and diminishing quality of life. Although exercise is a well-established, effective non-pharmacological intervention for improving balance and motor function in individuals with PD, the comparative efficacy of different exercise modalities remains unclear. Therefore, this network meta-analysis aims to evaluate and compare the effects of various exercise therapies on balance outcomes in patients with PD, providing evidence-based guidance for optimizing exercise prescriptions.
METHOD: We searched databases such as PubMed, EMBASE, Cochrane Library, Web of Science, and CNKI from establishing the database until August 2025. We screened literature based on inclusion and exclusion criteria and compared the effects of 30 different exercise interventions on balance ability in people with PD.
RESULTS: Our study included a total of 135 articles and 5948 People with PD. Our study found that Dance exercise (DE) is more effective than Control group (CON) (MD, 6.25; 95% CI, 2.81 to 9.69) and Traditional Rehabilitation (TR) (MD, 7.56; 95% CI, 3.89 to 11.23) in improving Berg Balance Scale (BBS) in Parkinson's disease patients. In terms of reducing the Timed Up and Go Test (TUG) score of people with PD, Biofeedback Balance and Gait Training (BGT) is superior to CON (MD, -10.47; 95% CI, -20.13 to -0.81) and TR (MD, -10.60; 95% CI, -20.05 to -1.15), Stretch exercise (SE) (MD, -14.30; 95% CI, -26.75 to -1.85), Virtual reality balance training (VRB) (MD, -12.85; 95% CI, -23.40 to -2.29) and Yoga (YG) (MD, -13.29; 95% CI, -23.97 to -2.61). Pilates exercise (PE) (MD, -13.47; 95% CI, -25.98 to -0.96).is superior to CON in improving Unified Parkinson's disease rating scale III (UPDRS-III) scores. Qigong (QG) is superior to TR (MD, -6.24; 95% CI, -10.87 to -1.60) and Resistance training (RT) (MD, -8.21; 95% CI, -16.10 to -0.33) and CON (MD, -8.89; 95% CI, -14.35 to -3.42) in improving UPDRS-III.
CONCLUSION: Compared with the CON and TR groups, DE (as measured by the BBS) and BGT (as measured by the TUG) demonstrated superior efficacy in improving balance function in patients with PD. PE and QG showed greater benefits than CON in improving global motor symptoms, as assessed by the UPDRS-III. These findings may provide evidence-based guidance for clinicians, rehabilitation professionals, and patients when selecting exercise interventions tailored to specific therapeutic goals in PD. Nevertheless, the mechanisms underlying these modality-specific effects remain unclear and warrant further investigation. In addition, the observed superiority of BGT for TUG outcomes should be interpreted with caution, as this finding was derived from a single study and requires confirmation in future high-quality randomized controlled trials.",https://pubmed.ncbi.nlm.nih.gov/42529089/,,,parkinsons,(Parkinson Disease[MeSH] OR Parkinson[tiab] OR dopamine[tiab] OR alpha-synuclein[tiab]) AND (treatment[tiab] OR intervention[tiab] OR therapy[tiab]),2026-08-05T17:22:15+00:00,,,,,
PMID_42528864,PubMed,42528864,PMC12482354,10.1186/s12883-025-04437-5,"Effects of wearable devices on gait, balance, and motor function in people with Parkinson's disease: a systematic review and meta-analysis.","Zhong, Qin; Liu, Duanyong; Xu, Yiyong; Xiao, Gui",Frontiers in public health,2026,"OBJECTIVE: This study aimed to evaluate the effects of wearable devices on gait, balance, and motor function in people with Parkinson's Disease (PwPD) through a systematic review and meta-analysis of randomized controlled trials (RCTs).
METHODS: A comprehensive literature search was conducted across international and Chinese databases to identify relevant studies published from database inception through December 2025. Data were independently screened, extracted, and analyzed using RevMan 5.4 and Stata 16. Subgroup analyses were conducted based on the FITT principle, including intervention duration, weekly frequency, feedback modality, and device category.
RESULTS: A total of 13 RCTs comprising 380 participants were included. The meta-analysis revealed that wearable devices were associated with selective improvements in certain gait and motor outcomes among PwPD. Specifically, improvements were observed in several key measures, including walking speed [MD = 0.07, 95% CI (0.01, 0.12), p = 0.02], TUGT [MD = -2.00, 95% CI (-3.57, -0.43), p = 0.01], and UPDRS-III [SMD = -0.33, 95% CI (-0.59, -0.06), p = 0.02]. No significant improvements were observed for stride length, step length, step cadence, FOGQ, BBS, Mini-BESTest, DS time, 6MWT, or PDQ scores. Subgroup analyses suggested that interventions lasting 7-12 weeks and those performed 3-5 times per week may be associated with improvements in walking speed in PwPD, while no significant effects were observed for shorter duration or other frequency categories. Subgroup analyses by device category and feedback modality did not show statistically significant differences in walking speed.
CONCLUSION: These findings suggest that wearable devices may selectively improve gait (walking speed), dynamic balance (TUGT), and motor function (UPDRS-III) in PwPD, but evidence for and quality of life remains limited. Further high-quality randomized controlled trials with standardized protocols are warranted to confirm these findings and guide clinical implementation.
SYSTEMATIC REVIEW REGISTRATION: https://www.crd.york.ac.uk/PROSPERO/view/CRD420251246681, identifier, CRD420251246681.",https://pubmed.ncbi.nlm.nih.gov/42528864/,,,parkinsons,(Parkinson Disease[MeSH] OR Parkinson[tiab] OR dopamine[tiab] OR alpha-synuclein[tiab]) AND (treatment[tiab] OR intervention[tiab] OR therapy[tiab]),2026-08-05T17:22:15+00:00,,,,,
PMID_42528724,PubMed,42528724,PMC11025224,10.1186/s40478-024-01775-2,Analysis of senescence in pituitary tumors from different lineages and the potential role of senolytic drugs as targeted therapies.,"Andonegui-Elguera, Sergio; Gonzalez-Serrano, Maria J; Mercado-Medrez, Sophia; Hinojosa-Alvarez, Silvia; Martinez-Mendoza, Florencia; Ramirez-Ramos, Itzel; Reyna-Coahutle, Leilani A; Sanchez-Carbajal, Arzu Y; Hernandez-Bustos, Stefany R; Alegria-Ortega, Alejandro; Gonzalez-Mejlem, Jose M; Garcia-Saenz, Manuel R; Gomez-Apo, Erick; Escobar-España, Aurea; Gonzalez-Torres, Carolina; Gaytan-Cervantes, Javier; Palma-Guzman, Alam; Guinto, Gerardo; Guinto-Nishimura, Gerardo Y; Lopez-Felix, Blas E; Zepeda-Fernandez, Erick U; Estrada-Estrada, Erick M; Correa-Correa, Victor; Gonzalez-Zavala, Pedro A; Asenscio-Montiel, Marco A; Garcia-Vargas, Miguel A; Cantu-Chavez, Emmanuel; Chavez-Herrera, Victor R; Arreola-Rosales, Rocio L; Vadillo, Eduardo; Chavez-Gonzalez, Antonieta; Fajardo-Orduña, Guadalupe R; Montesinos, Juan Jose; Monroy-Garcia, Alberto; Cortes-Morales, Victor A; Mendez-Rosito, Diego; Garcia-Lopez, Isai; Ramirez-Landeros, Joshua; Garcia-Fuentes, Diego A; Vergara-Lopez, Alma; Torres-Flores, Hugo; Taniguchi-Ponciano, Keiko; Marrero-Rodriguez, Daniel; Mercado, Moisés",Frontiers in endocrinology,2026,"INTRODUCTION: Pituitary tumors (PT) constitute the second most frequent intracranial tumor. A subset of PT can behave aggressively despite multimodal treatment. Hallmarks such as cellular senescence, epithelial-mesenchymal transition (EMT), and stemness have been implicated in tumor progression, but their role in PT pathogenesis remains is unclear.
METHODS: We performed spatial transcriptomics (ST) in dopamine agonist resistant prolactin secreting PT, as well as single nucleus RNAseq (snRNAseq) in growth hormone secreting and non-functioning of gonadotropic differentiation PT to describe the senescence, proliferative and stemness landscapes. Bioinformatic analyses included clustering, senescence scoring (SenePy), cell cycle inference (ccAFv2), differentiation potential (CytoTRACE2), and EMT signature evaluation. Primary tumor cell cultures were established to validate senescence (β-galactosidase activity) and to assess the senolytic effect of dasatinib.
RESULT: All PT included in the study were transcriptomically heterogeneous, showing between three and ten transcriptional clusters. Senescence analysis reveals two main clusters regardless of PT lineage: One with a high and the other one with low senescence score. Most spots contain terminally differentiated cells at phase G1/G0 of the cell cycle. Distinct alteration in different signaling pathways were found in clusters with low senescence score: PI3K-cascade-FGFR1 and inositol phosphate metabolism among prolactin secreting tumors, phosphatidyl inositol signaling system and serine/threonine kinase activity the in GH-secreting PT, sphingolipid signaling pathway and serine/threonine kinase alterations among non-functioning of gonadotropic differentiation PT. Dasatinib treatment of primary cell cultures of pituitary tumors of different lineages showed significant dose-dependent cell death, accompanied by caspase-3/7 activation and morphological changes consistent with apoptosis.
CONCLUSION: Our data show that PT may contain senescent and terminally differentiated cells without any EMT evidence, and dasatinib could represent an alternative for therapy resistant PT.",https://pubmed.ncbi.nlm.nih.gov/42528724/,,,parkinsons,(Parkinson Disease[MeSH] OR Parkinson[tiab] OR dopamine[tiab] OR alpha-synuclein[tiab]) AND (treatment[tiab] OR intervention[tiab] OR therapy[tiab]),2026-08-05T17:22:15+00:00,,,,,
PMID_42528719,PubMed,42528719,PMC12180414,10.3389/fimmu.2025.1538046,The dual pathological roles and targeted therapy of PGE2: from receptor signaling networks to disease microenvironment modulation.,"Yang, Mingming; Gao, Zihui; Zhao, Zihao; Niu, Xinxin; Xue, Fei; Zhang, Jitai; Sun, Hualin; Shen, Yuntian; Liu, Guangliang",Frontiers in pharmacology,2026,"Prostaglandin E2 (PGE2) is a pleiotropic lipid mediator that exerts context-dependent effects via four G protein-coupled receptors (EP1-EP4), playing a pivotal role in the pathogenesis of diverse disorders, including neurodegenerative, cardiovascular, neoplastic, and chronic inflammatory diseases. In this review, we systematically delineate the dualistic functions and mechanisms of PGE2 across these diseases. In neurodegenerative conditions such as Alzheimer's and Parkinson's diseases, PGE2 exacerbates neuroinflammation and neuronal injury in part through EP1 and EP2 in specific cell types, whereas EP4 signaling can confer neuroprotection in certain disease-stage and cellular contexts. Within the tumor microenvironment, PGE2 can drive immunosuppression, angiogenesis, and tumor progression via the EP2/EP4 axis, particularly in colorectal carcinoma, lung adenocarcinoma, and melanoma where this axis is best characterized. In cardiovascular and metabolic diseases, PGE2 exhibits both protective (EP4-mediated) and detrimental (EP3-mediated) effects. Building on this mechanistic framework, we highlight emerging therapeutic strategies designed to overcome the limitations of conventional non-steroidal anti-inflammatory drugs (NSAIDs). These include modulating key enzymes involved in PGE2 synthesis and degradation, developing subtype-selective EP receptor modulators for context-specific intervention, and synergistically targeting downstream pathogenic signaling pathways (e.g., PI3K/Akt/mTOR). By integrating mechanistic and translational perspectives, this review aims to advance next-generation therapies targeting the PGE2 signaling network.",https://pubmed.ncbi.nlm.nih.gov/42528719/,,,parkinsons,(Parkinson Disease[MeSH] OR Parkinson[tiab] OR dopamine[tiab] OR alpha-synuclein[tiab]) AND (treatment[tiab] OR intervention[tiab] OR therapy[tiab]),2026-08-05T17:22:15+00:00,,,,,
PMID_42528465,PubMed,42528465,,10.1080/09638288.2026.2711886,A pickleball program for people living with Parkinson disease: a feasibility and preliminary results study.,"O'Neal, Suzanne K; Nesbit, Jamie; Ayala, Patrice; McIsaac, Tara L",Disability and rehabilitation,2026,"PURPOSE: The purpose was to assess the feasibility and qualitative data of a pickleball program for people living with Parkinson disease. Secondary aims were to assess the effects of pickleball on gait speed, balance, hand function, and quality of life.
MATERIALS AND METHODS: This was a mixed-method, single-group, prospective intervention study. 16 participants with Parkinson disease were enrolled in a 6-week pickleball program, twice a week for 12 sessions. Pre-, post-, and one-month follow-up testing included the 9 Hole Peg Test, shirt buttoning task, grip strength, 10 m Walk Test, Mini-BESTest, Parkinson Disease Questionnaire-8, and Montreal Cognitive Assessment. Feasibility data included attendance and retention rates, adverse and safety events, and resources. Qualitative data were collected via focus groups.
RESULTS: The retention and attendance rates were high (100% and 83.3% respectively). There were significant improvements in the 9 Hole Peg Test for the left hand (F(2,26)=7.36, p=.003, η2p=.36), the shirt buttoning task (χ2=10.0, p=.007), and grip strength of the right hand (F(2,26)=4.51, p=.021, η2p=.26). Qualitative data revealed positive social-emotional connections, transcendence from Parkinson, the program was sustainable, and pickleball addresses motor and non-motor symptoms.
CONCLUSIONS: A pickleball program for people with Parkinson disease is feasible and may improve Parkinson-related symptoms.",https://pubmed.ncbi.nlm.nih.gov/42528465/,,,parkinsons,(Parkinson Disease[MeSH] OR Parkinson[tiab] OR dopamine[tiab] OR alpha-synuclein[tiab]) AND (treatment[tiab] OR intervention[tiab] OR therapy[tiab]),2026-08-05T17:22:15+00:00,,,,,
PMID_42527851,PubMed,42527851,,10.1002/mds.70455,Distal Electroacupuncture Modulates Maladaptive Brainstem and Motor Cortex Plasticity to Alleviate Hemifacial Spasm.,"Li, Sheng; Li, Wenting; Huang, Jianpeng; Zeng, Dian; Lin, Jiahui; Zhang, Hui; Chen, Mingquan; Liu, Xiaoyang; Fu, Wenbin; Xu, Nenggui; Liu, Jianhua",Movement disorders : official journal of the Movement Disorder Society,2026,"BACKGROUND: Hemifacial spasm (HFS) is characterized by maladaptive brain plasticity, yet whether modulating this plasticity can alleviate symptoms remains unclear.
OBJECTIVE: To evaluate the efficacy of electroacupuncture (EA)-a form of peripheral nerve stimulation-for HFS and elucidate its underlying neuroplastic mechanisms.
METHODS: In this randomized, double-blind, sham-controlled trial (conducted 2016-2023), 84 HFS patients and 84 healthy controls were enrolled. Patients received 30 sessions of distal (hand), local (facial), or sham EA over 15 weeks. Clinical outcomes included Jankovic and Global Rating Scales. Physiological markers, including lateral spread response (LSR), synkinetic response (SR), and blink reflex (BR) excitability, were measured by electromyography (EMG). Motor cortex (M1) excitability was quantified via motor evoked potentials (MEPs) induced by transcranial magnetic stimulation (TMS). Parameter-probing experiments in healthy controls identified optimal stimulation characteristics.
RESULTS: At baseline, HFS patients exhibited profound brainstem (BR R1/R2: P < 0.001) and facial M1 hyperexcitability versus controls. Low-frequency, low-intensity hand EA (2 Hz, 0.5-1 mA) significantly reduced Jankovic scores by 3.32 points (95% CI -4.12 to -2.52; P < 0.001; Cohen's d = 1.86) versus sham EA. This clinical improvement was mechanistically linked to a significant suppression of LSR (P < 0.01) and BR amplitude (P < 0.001), a reduction in facial M1 excitability (P < 0.05), and a compensatory increase in hand M1 excitability (P < 0.001). Notably, these neurophysiological and clinical benefits were maintained for 6 months post-treatment.
CONCLUSION: Distal low-frequency, low-intensity peripheral stimulation effectively alleviates HFS by modulating maladaptive brainstem and M1 plasticity. These findings highlight the potential of this approach as a promising neuromodulatory strategy for hyperkinetic movement disorders. © 2026 International Parkinson and Movement Disorder Society.",https://pubmed.ncbi.nlm.nih.gov/42527851/,,,parkinsons,(Parkinson Disease[MeSH] OR Parkinson[tiab] OR dopamine[tiab] OR alpha-synuclein[tiab]) AND (treatment[tiab] OR intervention[tiab] OR therapy[tiab]),2026-08-05T17:22:15+00:00,,,,,
PMID_42527844,PubMed,42527844,,10.1002/mds.70448,Understanding Hereditary Ataxias: A Historical Quest for Definition and Classification.,"Coutinho, Léo; Camargo, Carlos Henrique Ferreira; Teive, Hélio Afonso Ghizoni",Movement disorders : official journal of the Movement Disorder Society,2026,"The classification of hereditary ataxias has evolved over two centuries, from anatomical descriptions to genetically informed frameworks. Initially grounded in clinicopathological observation, early models emphasized familial patterns and structural lesions. Key figures, including Gordon Holmes, Joseph Greenfield, and Anita Harding, shaped the nosology, culminating in Harding's inheritance-based classification in the 1980s. This model enabled significant genetic discoveries, including the identification of spinocerebellar ataxia type 1 (SCA1) and the emergence of the SCA nomenclature. However, despite advances in molecular genetics, current classifications remain limited in clinical practice. They offer little guidance for diagnosis or therapy and often function as expanding gene catalogues rather than coherent clinical tools. Recent efforts to standardize nomenclature for autosomal recessive cerebellar ataxias have improved clarity but have not resolved broader challenges. The overlap between hereditary and secondary forms, phenotypic variability, and inconsistent terminology continue to complicate classification. This review retraces the historical trajectory of hereditary ataxia classification to provide insights for future developments. © 2026 International Parkinson and Movement Disorder Society.",https://pubmed.ncbi.nlm.nih.gov/42527844/,,,parkinsons,(Parkinson Disease[MeSH] OR Parkinson[tiab] OR dopamine[tiab] OR alpha-synuclein[tiab]) AND (treatment[tiab] OR intervention[tiab] OR therapy[tiab]),2026-08-05T17:22:15+00:00,,,,,
PMID_42526929,PubMed,42526929,,10.1136/bmjopen-2026-123017,"Early assessment, diagnosis and treatment of Parkinsonism and Related Syndromes study (ExPRESS): a protocol for an observational study on incident parkinsonism.","Fumi, Riona Giulia; Caraiscos, Isabella; Jabbari, Edwin; Rittman, Timothy; Rowe, James B; Ben-Shlomo, Yoav; Hu, Michele T; Morris, Huw R",BMJ open,2026,"INTRODUCTION: Existing evidence from cohort studies of atypical parkinsonism has demonstrated that median time from symptom onset to diagnosis is 3.4 years for progressive supranuclear palsy (PSP) and 3.1 years for multiple system atrophy (MSA). This compares to only 1.0-1.2 years in Parkinson's disease (PD). Earlier diagnosis is essential to facilitate recruitment to disease-modifying treatment trials. In the Early Assessment, Diagnosis and Treatment of Parkinsonism and Related Syndromes study, we will prospectively assess patients across the UK with incident parkinsonism and determine the best predictors to improve early diagnosis of the 'Parkinson-plus' syndromes (PPS) and build a trial-ready cohort.
METHODS AND ANALYSIS: In this longitudinal prospective clinical cohort study, we will recruit 500 people with incident parkinsonism or syndromes associated with later PPS. Participants must be within 12 months of their first secondary care appointment for either motor disturbance or other symptoms of prodromes to PPS. Participants will return a self-completed questionnaire about their symptoms and have a structured neurological assessment by a clinician capturing key clinical features, clinical diagnostic criteria and quantitative clinical scales. Blood for DNA and plasma will be collected at baseline. 120 participants recruited to a subset of study sites will be invited to undergo detailed biomarker assessments such as additional blood collection, lumbar puncture, skin biopsy, MRI, cognitive assessments and digital biomarker assessments.We will stratify participants according to their most likely clinical diagnosis at 4 years post-baseline as the gold standard clinical diagnosis. This will be supplemented by neuropathological examination where available. We will use multivariable logistic modelling to identify early predictors of atypical PPS versus PD. Lifetime follow-up will be carried out using medical records linkage with participant consent.
ETHICS AND DISSEMINATION: Ethical approvals have been granted by the Queen Square Research Ethics Committee (Ref: 14/LO/1575), with approval from the Health Research Authority and each participating site. Findings from the study will be published in academic journals and presented at UK-wide and international conferences, as well as disseminated via patient advocacy groups and charities including the PSP Association, Cure PSP, Rare Dementia Support and the MSA Trust.",https://pubmed.ncbi.nlm.nih.gov/42526929/,,,parkinsons,(Parkinson Disease[MeSH] OR Parkinson[tiab] OR dopamine[tiab] OR alpha-synuclein[tiab]) AND (treatment[tiab] OR intervention[tiab] OR therapy[tiab]),2026-08-05T17:22:15+00:00,,,,,
PMID_42526801,PubMed,42526801,,10.1016/j.bpsc.2026.07.010,Multivariate Brain Representations of the Traumatic Memory in PTSD: Changes Across Exposure Sessions and Impact of Dopaminergic Manipulation.,"Cisler, Josh M; Jaeb, Michael; Malloy, Luna T; Broski, Paige E; Dunsmoor, Joseph E; Stowe, Zachary N",Biological psychiatry. Cognitive neuroscience and neuroimaging,2026,"BACKGROUND: Understanding how exposure-based trauma treatment modifies neural representations of trauma memory may lead to optimized and targeted interventions for posttraumatic stress disorder. Although exposure therapies reliably reduce symptoms, the neural mechanisms through which repeated trauma memory retrieval and processing reshape representational structure, and whether such changes can be bolstered through pharmacological agents shown to enhance extinction learning, remain poorly understood.
METHODS: Women with PTSD related to interpersonal violence (N=80) completed two days of repeated exposure to an individualized trauma and neutral narrative during fMRI. Immediately after Day 1 exposures, participants were randomized to placebo (n=37) or 100mg Levodopa (L-DOPA; n=43), targeting dopaminergic enhancement of memory consolidation. Support vector machines characterized multivariate neural representations of distinct aversive cognitive states: painful stimulus delivery, trauma memory recall, self-reported anxiety during memory recall. To test generalization of representational changes across contexts, the Day 2 narratives were presented in either the same or different sensory context compared to Day 1.
RESULTS: Across participants, medial prefrontal cortex (mPFC) network representations for each aversive state reduced from Day 1 to Day 2. There was no impact of L-DOPA on self-reported anxiety to the trauma memory or on neural representations of trauma memory recall or painful stimulus delivery. L-DOPA was associated with attenuated anxiety representations in the mPFC under a changed context, potentially consistent with enhanced generalization of representational updating.
CONCLUSIONS: These findings highlight that trauma memory representations in the mPFC are malleable with repeated exposure. The augmenting effect of L-DOPA was mostly null, except for decreased mPFC representations for anxiety in a changed context.",https://pubmed.ncbi.nlm.nih.gov/42526801/,,,parkinsons,(Parkinson Disease[MeSH] OR Parkinson[tiab] OR dopamine[tiab] OR alpha-synuclein[tiab]) AND (treatment[tiab] OR intervention[tiab] OR therapy[tiab]),2026-08-05T17:22:15+00:00,,,,,
PMID_42526408,PubMed,42526408,,10.1016/j.neucli.2026.103190,Muscular torque variability in Parkinson's Disease with and without dopaminergic medication.,"Afsharipour, Babak; Roy, François D; Xie, Haihan; Schindle, Mason; Ba, Fang; Kong, Linglong; Gorassini, Monica; Sankar, Tejas",Neurophysiologie clinique = Clinical neurophysiology,2026,"We examined whether dopaminergic medication improves sustained muscular torque/force steadiness in Parkinson's disease (PD). Ten individuals with PD performed 40 second isometric ankle dorsiflexion contractions at 10%, 20%, and 30% maximum voluntary torque (MVT) in OFF- and ON-medication states. Torque variability was quantified using the coefficient of variation (CoV). In the OFF-medication state, torque CoV increased progressively over time, indicating reduced force steadiness during sustained contraction. Medication significantly reduced overall CoV. Higher contraction intensities were associated with lower variability, whereas age and disease duration were not significant predictors. These findings demonstrate that dopaminergic therapy enhances motor output stability in PD and reduces torque variability during sustained contractions. Torque/muscle force steadiness could potentially be a clinically meaningful marker of treatment response in PD.",https://pubmed.ncbi.nlm.nih.gov/42526408/,,,parkinsons,(Parkinson Disease[MeSH] OR Parkinson[tiab] OR dopamine[tiab] OR alpha-synuclein[tiab]) AND (treatment[tiab] OR intervention[tiab] OR therapy[tiab]),2026-08-05T17:22:15+00:00,,,,,
PMID_42526258,PubMed,42526258,,10.1016/j.biopha.2026.119773,"Enhanced dopamine transporter binding is associated with species-specific 2C-B-induced reinforcement in marmosets, but not in mice.","Zhang, Yong-Qing; Kwon, Hyeokjun; Yoo, Taeyun; Gu, Sun Mi; Lee, Yong Sup; Park, Chun-Woong; Kim, Tae Hwan; Yoon, Seong Shoon; Eom, Heejong; Lee, Dohyun; Yun, Jaesuk",Biomedicine & pharmacotherapy = Biomedecine & pharmacotherapie,2026,"Hallucinogens have been prescribed for the treatment of mental illnesses; however, reports on the dependence potential of hallucinogens across species remain inconsistent. Non-human primate (NHP) self-administration model are suitable for evaluating species-specific reinforcement behavior induced by hallucinogens. In this study, we demonstrated that 4-bromo-2,5-dimethoxyphenethylamine (2C-B) was self-administered orally in freely moving marmoset (Callithrix jacchus). 2C-B-treated mice did not demonstrate reinforcement behavior in self-administration paradigm as well as brain stimulation behavior in intracranial self-stimulation (ICSS) test. Interestingly, 2C-B-induced dopamine neuronal activity was demonstrated only in the brain of marmosets as evidenced by fluorescent false neurotransmitter assessment and measurement of synaptosome dopamine levels. We sought to study possible molecular mechanisms underlying this and docking simulations revealed that 2C-B occupied a binding pocket overlapping the canonical dopamine-binding site in both species but adopted a distinct interaction pattern in marmoset DAT involving Leu321. Pull-down assays demonstrated stronger DAT-associated 2C-B binding in marmosets than in mice. Furthermore, 2C-B produced greater inhibition of DAT-mediated FFN102 uptake in cells expressing marmoset or human DAT than in cells expressing mouse DAT, whereas substitution of Leu321 abolished this effect. Collectively, these findings demonstrate that 2C-B induces reward-related behaviors in marmosets and identify species-specific DAT-2C-B interactions as a potential mechanism underlying differential dopaminergic and behavioral responses across species.",https://pubmed.ncbi.nlm.nih.gov/42526258/,,,parkinsons,(Parkinson Disease[MeSH] OR Parkinson[tiab] OR dopamine[tiab] OR alpha-synuclein[tiab]) AND (treatment[tiab] OR intervention[tiab] OR therapy[tiab]),2026-08-05T17:22:15+00:00,,,,,
PMID_42525600,PubMed,42525600,,10.1159/000553640,Theoretical Evaluation of a Parietal Trajectory for Subthalamic Deep Brain Stimulation.,"McIntyre, Cameron C; Frankemolle-Gilbert, Anneke M; Noecker, Angela M",Stereotactic and functional neurosurgery,2026,"INTRODUCTION: The subthalamic region consists of a complex intersection of many different axonal pathways. Emerging hypotheses in deep brain stimulation (DBS) for Parkinson's disease (PD) suggest that direct stimulation of specific axonal pathways may be linked to the control of specific motor symptoms (e.g. cerebellothalamic (CT) - tremor; motor hyperdirect (mHD) - bradykinesia; pallidothalamic (PT) - rigidity). However, the typical frontal DBS lead trajectory limits opportunities to co-activate all of these pathways.
METHODS: We used advanced biophysical DBS models to evaluate the theoretical utility of a parietal lead trajectory into the subthalamic region that could facilitate activation of the PT, mHD, and CT pathways. We compared a typical frontal DBS lead trajectory with a traditional 8-contact directional DBS lead to the parietal alternative with a 16-contact directional DBS lead. The analyses were performed within the context of the CIT168 human atlas brain populated with the Petersen axonal pathway models.
RESULTS: PT, mHD, and CT fibers are distributed in an anterior-to-posterior fashion within the subthalamic white matter. Given this anatomical feature, traditional frontal trajectories limit opportunities for multi-pathway DBS because the electrode contacts are primarily aligned dorsal-ventrally. Alternatively, the span of DBS contacts along a parietal trajectory can provide better opportunities to activate all of the pathways of interest, while also avoiding unwanted activation of the internal capsule.
CONCLUSION: Parietal DBS trajectories warrant consideration in PD therapy as the research concepts of pathway-targeted stimulation begin migrating into clinical practice.",https://pubmed.ncbi.nlm.nih.gov/42525600/,,,parkinsons,(Parkinson Disease[MeSH] OR Parkinson[tiab] OR dopamine[tiab] OR alpha-synuclein[tiab]) AND (treatment[tiab] OR intervention[tiab] OR therapy[tiab]),2026-08-05T17:22:15+00:00,,,,,
PMID_42525438,PubMed,42525438,PMC12098312,10.1177/23969873251338142,Time course of motor recovery after stroke with and without levodopa: a post hoc 6-month longitudinal analysis of the ESTREL trial.,"Trüssel, Simon; Traenka, Christopher K; Polymeris, Alexandros; Enz, Lukas; Zietz, Annaelle; Altersberger, Valerian L; Wiesner, Karin; Katan, Mira; Lyrer, Philippe A; Goga, Irina; Engelter, Sophia; Luft, Andreas R; Rottenberger, Yannik; Schwarz, Anne; Medlin, Friedrich; Müri, René M; Seiffge, David; Fischer, Urs; Michel, Patrik; Peters, Nils; Kägi, Georg; Politz, Svetlana; Tarnutzer, Alexander; Nedeltchev, Krassen; Bonati, Leo; Schuster-Amft, Corina; Möller, J Carsten; Bujan, Bartosz; Sandor, Peter S; Gonzenbach, Roman; Mylius, Veit; Lienert, Carmen; Held, Jeremia; Schaedelin, Sabine; Hemkens, Lars G; Ford, Gary A; Kaufmann, Josefin E; Gensicke, Henrik; Engelter, Stefan T",European stroke journal,2026,"INTRODUCTION: Levodopa did not enhance early motor recovery at 3 months after stroke in the Enhancement of Stroke Rehabilitation with Levodopa (ESTREL) trial. However, whether levodopa modifies the time course of recovery, leading to a delayed benefit remains unclear. Here, we examined levodopa's effects on the trajectories of motor recovery up to 6 months after stroke.
PATIENTS AND METHODS: The ESTREL trial, a double-blind, randomised controlled clinical trial, compared a 39-day regimen of levodopa/carbidopa (100 mg/25 mg, 3×/day) to placebo alongside standardised task-oriented training. We longitudinally analysed Fugl-Meyer Motor Assessment (FMA) total scores (primary outcome), mRS and NIHSS (secondary outcomes) at baseline (0-7 days post stroke), 5 weeks, 3 and 6 months using linear mixed-effects models including timepoint, treatment allocation and their interaction.
RESULTS: In total, 576 of 610 (94%) participants (median age 73 years; 40% female) were analysed. FMA scores improved over time in both groups (P < .001), with no overall levodopa effect across visits (estimate 0.65 points, 95% CI, -3.3 to 4.6; P = .75). There was no indication that levodopa modified the recovery trajectory (χ2 = 0.52, df = 3, P = .91), and estimated levodopa-placebo differences in FMA changes across visit intervals were small, ranging from -0.7 to +0.8 points, with confidence intervals crossing zero. Secondary outcomes showed similar longitudinal improvement, without evidence of a treatment effect.
CONCLUSION: In this post hoc analysis of ESTREL participants with repeated FMA assessments, motor impairment improved from the first days after stroke up to 6 months. Levodopa added to task-oriented inpatient rehabilitation did not improve motor recovery or alter its trajectory over this period.
CLINICAL TRIAL REGISTRATION: NCT03735901, available at ClinicalTrials.gov: https://clinicaltrials.gov/study/NCT03735901?cond=NCT03735901&rank=1.",https://pubmed.ncbi.nlm.nih.gov/42525438/,,,parkinsons,(Parkinson Disease[MeSH] OR Parkinson[tiab] OR dopamine[tiab] OR alpha-synuclein[tiab]) AND (treatment[tiab] OR intervention[tiab] OR therapy[tiab]),2026-08-05T17:22:15+00:00,,,,,
PMID_42524014,PubMed,42524014,PMC9778004,10.1208/s12249-022-02209-9,Clinical Studies Using Intranasal Therapies for Parkinson's Disease: A Review.,"Vahidi, Ramin; Bukanian, Mahsa; Kachooeian, Maryam",Advanced pharmaceutical bulletin,2026,"Intranasal delivery is a method of administering medications through the nasal cavity. It offers several advantages, such as rapid absorption, bypassing first-pass metabolism, direct nose-to-brain transport and localized effects. These benefits make it a promising approach for drug delivery in Parkinson's disease, a progressive neurological disorder characterized by the degeneration of nerve cells in the brain. This review evaluates the efficacy and safety of intranasal delivery for Parkinson's disease treatment. Several studies on intranasal apomorphine reported rapid clinical response, improved UPDRS motor scores, tapping scores, and median Webster's scores, suggesting its effectiveness as a rescue therapy during ""off"" states. Intranasal recombinant erythropoietin was well tolerated and showed cognitive benefits. intranasal glutathione was safe and showed better bioavailability. Intranasal insulin improved cognitive performance without hypoglycemia, indicating a localized effect. Intranasal cholecystokinin and ipratropium bromide did not show significant benefits. Intranasal desmopressin is a safe and effective medication for nocturnal polyuria in Parkinson disease. Intranasal transplantation of neural stem cells is safe and is associated with functional improvement. Finally, Rivastigmine nasal spray offered better bioavailability and fewer side effects compared with conventional forms. The most common adverse effect was mild transient nasal or throat irritation. This review highlights the potential applications, efficacy, and side effects of various intranasal medications for Parkinson's disease and proposes using new interventions for future studies. The general benefits of nasal administration for Parkinson's disease treatment include localized effects, fewer side effects, faster onset of action, improved bioavailability, and enhanced therapeutic effectiveness.",https://pubmed.ncbi.nlm.nih.gov/42524014/,,,parkinsons,(Parkinson Disease[MeSH] OR Parkinson[tiab] OR dopamine[tiab] OR alpha-synuclein[tiab]) AND (treatment[tiab] OR intervention[tiab] OR therapy[tiab]),2026-08-05T17:22:15+00:00,,,,,
PMID_42523755,PubMed,42523755,PMC9690696,10.3390/ijerph192214748,Cariprazine as a candidate for drug repurposing in anorexia nervosa: a mechanistic hypothesis grounded in neuroimaging evidence.,"Kovacs, Attila; Csapo, Krisztina; Andrassy, Gabor; Papp, Csaba; Gesztelyi, Rudolf; Zsuga, Judit",Frontiers in pharmacology,2026,"Anorexia nervosa (AN) carries the highest mortality of any psychiatric disorder, yet no pharmacological agent has received regulatory approval for its treatment in adults. Multimodal neuroimaging has now revealed a coherent neurobiological architecture: functional MRI documents blunted ventral striatal and amygdalar responses to food, alongside excessive prefrontal-cingulate engagement; PET corroborates trait-level reductions in 5-HT2A binding, elevations in 5-HT1A binding across cingulate, frontal, parietal, temporal, and dorsal raphe regions, and compensatory upregulation of D2/D3 receptors in the anteroventral striatum; SPECT identifies persistent temporal and cingulate hypoperfusion; and EEG reveals attenuated P300 amplitudes, delayed N2 latencies, and parieto-occipital theta hyperarousal. We propose that cariprazine-a dopamine D3-preferring D3/D2 receptor partial agonist with 5-HT1A partial agonism and 5-HT2A/2B antagonism-confers a uniquely matched pharmacological toolkit for this disorder. Cariprazine's D3 partial agonism is predicted to restore mesolimbic dopamine signaling, thereby reinstating incentive salience to food cues; its 5-HT1A stabilizer property attenuates the trait-amplified corticolimbic inhibitory tone underlying harm avoidance and anxiety; its prefrontal glutamate-modulating action attenuates excessive cognitive control over eating, and chronic administration confers substrate-dependent set-point recalibration of the upregulated mesolimbic D3 receptor pool. Furthermore, cariprazine's favorable metabolic profile (number needed to harm for clinically significant weight gain of 34 versus 6 for olanzapine) renders its safety burden meaningfully lower than that of currently used agents. In summary, the receptor pharmacology of cariprazine maps with notable specificity onto the neuroimaging-defined substrate of AN, providing a mechanistically grounded rationale for prospective clinical investigation of cariprazine as a candidate pharmacotherapy for this otherwise intractable disorder.",https://pubmed.ncbi.nlm.nih.gov/42523755/,,,parkinsons,(Parkinson Disease[MeSH] OR Parkinson[tiab] OR dopamine[tiab] OR alpha-synuclein[tiab]) AND (treatment[tiab] OR intervention[tiab] OR therapy[tiab]),2026-08-05T17:22:15+00:00,,,,,
PMID_42523337,PubMed,42523337,PMC13405038,10.64898/2026.07.13.738258,A novel rat model of body first subtype of Parkinson's disease.,"Peshattiwar, Vaibhavi; Swain, Caroline; Pokharel, Dipesh; Le, Khoi; Kennedy, Isabel; Venkiteswaran, Kala; Subramanian, Thyagarajan",bioRxiv : the preprint server for biology,2026,"The recent growing evidence support the existence of two subtypes of Parkinson's disease (PD), a body first and brain first subtype owing to variability in the disease site of onset as well as disease progression. Animal models which could replicate the specific differences of these subtypes are important to explore the pathophysiology as well as to evaluate novel treatment options. Here, we describe an animal model of body first PD subtype developed using repeated low dose exposure of environmental neurotoxin Paraquat (P) and Lectin (L) to characterize its PD-like manifestations. We administered P+L (P+L, p.o.) daily to rats for 90 days. These animals underwent motor and non-motor behavioral tests at various time intervals. After 21 weeks, post-mortem histopathological analysis was performed to assess neurodegeneration. Onset of motor deficits initiated unilaterally from week 4 of P+L followed by gradual progression towards bilateral symptoms that were levodopa responsive. This model also replicates non motor features including cognitive deficits in tests like Novel Object Recognition Test and Y maze as well as sleep abnormalities. The histopathology showed nigrostriatal dopaminergic degeneration and proteinase K resistant S129 alpha-synucleinopathy both in the gut and the brain. The replication of both progressive motor and non-motor features in this rat model corroborates body first subtype of PD therefore making it an attractive option for testing neuroprotective experimental therapeutics and avenue to understand pathophysiological mechanisms.",https://pubmed.ncbi.nlm.nih.gov/42523337/,,,parkinsons,(Parkinson Disease[MeSH] OR Parkinson[tiab] OR dopamine[tiab] OR alpha-synuclein[tiab]) AND (treatment[tiab] OR intervention[tiab] OR therapy[tiab]),2026-08-05T17:22:15+00:00,,,,,
PMID_42523270,PubMed,42523270,PMC13404813,10.64898/2026.07.09.737487,Restoring Parkin Function: An AAV Gene Therapy Approach for Early-Onset Parkinson's Disease.,"Basu, Sambuddha; Demarest, Tyler G; Gattone, Nicholas J; Gilsrud, Alexandra J; Wicks, Brittany; Khatiwada, Apeksha; Nayal, Mohammad; Gentzel, Renee; Cohen, Daniel; Kostuk, Eric W; Narendra, Derek P; Gonzalez-Alegre, Pedro; Biferi, Maria-Grazia; Ramsburg, Elizabeth A",bioRxiv : the preprint server for biology,2026,"BACKGROUND: Biallelic loss-of-function mutations in PRKN gene (encoding Parkin protein) cause early-onset Parkinson's disease (EOPD). Parkin is a crucial component of PINK1-Parkin pathway, which marks damaged mitochondria for degradation via mitophagy. Without functional Parkin, damaged mitochondria accumulate, causing oxidative stress and neurodegeneration.
OBJECTIVE: Investigate Parkin gene replacement via AAV gene therapy as a potential treatment for Parkin-dependent EOPD.
METHODS: We initially validated phosphorylated ubiquitin Ser65 (pUb Ser65 ) as an indicator of Parkin-mediated mitophagy initiation. We evaluated AAV-mediated PRKN replacement (hereafter, AAV-Parkin) in a Parkin knockout neuroblastoma cell line (SH-SY5Y cells) and feasibility of delivery in mouse and rat models.
RESULTS: Our research showed pUb Ser65 signal was reduced in Parkin-KO SH-SY5Y cells when compared to wild-type cells after mitochondrial stress, indicating deficiency in initiation of mitophagy. AAV-mediated human PRKN gene replacement successfully restored these pUb Ser65 levels in knockout cells. We saw restoration in patient-derived fibroblasts following AAV-Parkin overexpression. We developed a translatable gene therapy approach using rodents. We demonstrated the feasibility of delivering AAV-Parkin directly into the substantia nigra (SN) of wild-type rats. Using an AAV1 capsid with Ef1a promoter, we achieved dose-dependent Parkin expression and identified a well-tolerated dose. We also evaluated multiple promoters in a proprietary Spark100 capsid, finding Ef1a and Synapsin1 (Syn1) were most effective for transducing dopaminergic neurons in the SN of mice without causing adverse effects. These findings established a well-tolerated vector dose and an optimal capsid-promoter combination.
CONCLUSIONS: Our results support the potential of AAV-Parkin gene therapy as a disease-modifying approach for Parkin-deficient EOPD.",https://pubmed.ncbi.nlm.nih.gov/42523270/,,,parkinsons,(Parkinson Disease[MeSH] OR Parkinson[tiab] OR dopamine[tiab] OR alpha-synuclein[tiab]) AND (treatment[tiab] OR intervention[tiab] OR therapy[tiab]),2026-08-05T17:22:15+00:00,,,,,
PMID_42522648,PubMed,42522648,,10.2174/011570159x457922260717112524,Global Research Trends of Protein Post-translational Modifications in Alzheimer's Disease: A Bibliometric Analysis.,"Wei, Zixin; Qian, Haifeng; Dai, Chunmei; Wu, Jiali; Li, Yunqiang; Yin, Kai; Li, Mingquan; Yang, Hongmei",Current neuropharmacology,2026,"BACKGROUND: In recent years, a considerable body of research has increasingly underscored the critical roles that protein Post-Translational Modifications (PTMs) play in the pathogenesis of Alzheimer's Disease (AD). However, a comprehensive bibliometric analysis of this field is still lacking. This study aims to systematically map research trends and hotspots and to identify promising directions for future work.
METHODS: The data in this study were extracted from the Web of Science Core Collection (WOSCC) and visualized using CiteSpace, VOSviewer, R-bibliometrix, and Microsoft Excel 2016 to analyze bibliometric indicators including countries, institutions, authors, journals, citations, production categories, and keywords.
RESULTS: A collection of 1,170 articles was retrieved, spanning the publication period from January 1, 1990, to December 31, 2024. The top three countries in terms of publications were the United States, China, and Germany. The most productive institution was the University of California System in the United States, contributing 57 articles. The leading authors identified were Mitkevich Vladimir, Perry George, and Makarov Alexander A. The Journal of Alzheimer's Disease was the top-ranked journal in terms of published papers. The most frequently cited article was ""The NLRP3 Inflammasome: An Overview of Mechanisms of Activation and Regulation,"" published in the International Journal of Molecular Sciences. Finally, the most prolific research category was neuroscience, with 432 papers published. High-frequency keywords included Alzheimer's disease, phosphorylation, tau, and neurodegeneration.
DISCUSSION: The study's findings suggest that PTM research in AD continues to revolve around the core pathological hallmarks represented by Aβ and tau protein. At the same time, some studies have reported aberrant modifications of α-synuclein and its potential role in AD. By systematically cataloging diverse PTM types and the molecular mechanisms involving Aβ and tau throughout AD progression, this analysis paves the way for a reassessment of AD pathogenesis from a ""modification-function-pathology"" perspective and provides a basis for identifying potential PTM-related targets and intervention strategies.
CONCLUSION: This bibliometric analysis highlights the growing scholarly attention devoted to the relationship between PTMs and AD. The significant contributions and emerging trends emphasize the pivotal role of PTMs in the pathogenesis of AD, which may guide future biomarker discovery.",https://pubmed.ncbi.nlm.nih.gov/42522648/,,,parkinsons,(Parkinson Disease[MeSH] OR Parkinson[tiab] OR dopamine[tiab] OR alpha-synuclein[tiab]) AND (treatment[tiab] OR intervention[tiab] OR therapy[tiab]),2026-08-05T17:22:15+00:00,,,,,
PMID_42522602,PubMed,42522602,,10.1177/10600280261470404,Clinical Evaluation of Bysanti: A New Atypical Antipsychotic for Schizophrenia and Bipolar I Disorder.,"Phillips, Bradley; Horta, Melanie; Santini, Nicole; Chapman, Derek",The Annals of pharmacotherapy,2026,"OBJECTIVE: To review the pharmacology, pharmacokinetics, efficacy, safety, and clinical role of milsaperidone (Bysanti), a newly approved atypical antipsychotic for schizophrenia and acute bipolar I disorder.
DATA SOURCES: A comprehensive literature search was conducted using PubMed, Embase, and Google Scholar from database inception through April 2026. Additional data were obtained from Food and Drug Administration prescribing information and pharmacologic references using key terms including milsaperidone, Bysanti, iloperidone, atypical antipsychotics, schizophrenia, and bipolar I disorder.
STUDY SELECTION AND DATA ABSTRACTION: English-language studies evaluating milsaperidone or its parent compound, iloperidone, were included, focusing on pharmacologic properties, clinical efficacy, and safety outcomes. Key trials, reviews, and regulatory data were abstracted and synthesized.
DATA SYNTHESIS: Milsaperidone, the active metabolite of iloperidone, exerts its effects through dopamine D₂ and serotonin 5-HT₂A receptor antagonism, with additional α₁-adrenergic blockade contributing to its safety profile. Clinical evidence demonstrates efficacy in reducing symptoms of schizophrenia and bipolar mania, with low rates of extrapyramidal symptoms and akathisia. However, tolerability concerns include orthostatic hypotension, QTc prolongation, sedation, and weight gain. Pharmacokinetic variability associated with CYP2D6 metabolism and gradual titration remain key considerations.Relevance to Patient Care and Clinical Practice in Comparison With Existing Drugs:Milsaperidone expands available atypical antipsychotic options, offering a potentially favorable tolerability profile for patients with prior intolerance or sensitivity to movement-related adverse effects. Careful patient selection and monitoring are essential.
CONCLUSION: Milsaperidone represents an incremental yet meaningful addition to antipsychotic therapy, supporting individualized strategies in schizophrenia and bipolar I disorder while balancing efficacy and tolerability.",https://pubmed.ncbi.nlm.nih.gov/42522602/,,,parkinsons,(Parkinson Disease[MeSH] OR Parkinson[tiab] OR dopamine[tiab] OR alpha-synuclein[tiab]) AND (treatment[tiab] OR intervention[tiab] OR therapy[tiab]),2026-08-05T17:22:15+00:00,,,,,
PMID_42522567,PubMed,42522567,,10.1093/brain/awag259,Distinct roles of the human cuneiform and pedunculopontine nuclei in gait and freezing of gait.,"Yeche, Mathieu; Collomb-Clerc, Antoine; Lehongre, Katia; Bourilhon, Julie; Mullié, Yannick; George, Nathalie; Grabli, David; Tan, Huiling; Tempier, Nicolas; Romanato, Marco; Olivier, Claire; Belaid, Hayat; Lau, Brian; Karachi, Carine; Welter, Marie-Laure",Brain : a journal of neurology,2026,"Freezing of gait (FOG) in Parkinson's disease (PD) is a major cause of disability, often resistant to dopaminergic therapy and deep brain stimulation (DBS). Its underlying neural mechanisms remain unclear. The mesencephalic locomotor region (MLR) is a critical hub for gait control and a therapeutic target for DBS, but the respective functional roles of its two main nuclei, i.e. the cuneiform nucleus (CuN) and the pedunculopontine nucleus (PPN), remain unclear in human gait. Here, we combined local field potential recordings from both the CuN and PPN with detailed biomechanical analyses of gait initiation in four PD patients suffering from dopa-resistant FOG. Neural activity was aligned to anticipatory postural adjustments (APA) and step execution to characterize the temporal organization of MLR dynamics during gait initiation and to identify alterations preceding freezing episodes. We also examined the effects of CuN, PPN and sham stimulation on gait initiation. During gait initiation, the CuN and PPN exhibited distinct temporal and spectral neuronal activity patterns associated with different phases of gait initiation. Alpha-band activity in the CuN increased prior to APA and correlated with stepping rhythm, whereas the PPN showed prominent beta-band desynchronization during postural adjustments followed by alpha modulation during step execution. When FOG occurred after gait initiation (FOG + trials, n = 38), we observed a breakdown of this spatiotemporal organization. Specifically, freezing was preceded by exaggerated and mistimed alpha-band synchronization across the MLR and abnormal modulation of PPN beta activity compared with non-freezing trials (FOG- trials, n = 115, p < 0.05). CuN stimulation selectively improved gait rhythm, whereas PPN stimulation worsened forward propulsion. Across patients, excessive mesencephalic alpha activity predicted impaired gait initiation and reduced responsiveness to stimulation. Together, these findings reveal a functional dissociation within the human MLR, with CuN activity linked to rhythmic step preparation and PPN activity associated with postural and execution-related processes, and subsequent FOG was associated with disruption of MLR dynamics during gait initiation, rather than a uniform loss of locomotor drive. By clarifying the distinct roles of the CuN and PPN and identifying frequency-specific biomarkers associated with gait failure, this study provides a mechanistic framework for understanding variable outcomes of MLR-DBS and supports the development of spatially and temporally adaptive neuromodulation strategies for gait disorders.",https://pubmed.ncbi.nlm.nih.gov/42522567/,,,parkinsons,(Parkinson Disease[MeSH] OR Parkinson[tiab] OR dopamine[tiab] OR alpha-synuclein[tiab]) AND (treatment[tiab] OR intervention[tiab] OR therapy[tiab]),2026-08-05T17:22:15+00:00,,,,,
PMID_42521741,PubMed,42521741,PMC12431842,10.1053/j.sempedsurg.2017.04.006,Team-based care with early recognition and treatment of cardiac dysfunction for infants with CDH.,"Sloan, Patrick E; Sanning, Lila S; Liviskie, Caren; Clark, Kristen; Bushroe, Kylie; Riley, Melissa; Lijowska, Anna; Vrecenak, Jesse; Najaf, Tasnim",Journal of perinatology : official journal of the California Perinatal Association,2026,"OBJECTIVE: Identify how a core congenital diaphragmatic hernia (CDH) team coupled with early recognition and treatment of cardiac dysfunction changed outcomes for infants with CDH.
METHODS: A retrospective chart review compared a historical cohort from 2015-2019 (n = 51) with a post-guideline cohort from 2020-2025 (n = 53). Statistical analysis was performed with Fisher's exact, unpaired t-test, and Mann Whitney U-test.
RESULTS: Survival improved from 68.6% to 88.7% (p = 0.016) and ECMO utilization decreased, 51.0% to 26.4% (p = 0.015). Infants with cardiac dysfunction had increased survival (47.3% vs. 81.8%, p = 0.014) and less ECMO utilization (68.4% vs. 36.3%, p = 0.043). Vasoactive choices evolved with dopamine replaced by norepinephrine, low-dose epinephrine, or calcium gluconate. Inhaled nitric oxide (iNO) use in the first 48 h decreased significantly while prostaglandin E1 (PGE1) use increased.
DISCUSSION: We implemented a core CDH team focused on a generalizable, physiology-driven approach to identify and treat cardiac dysfunction using standard neonatal echocardiography to improve outcomes.",https://pubmed.ncbi.nlm.nih.gov/42521741/,,,parkinsons,(Parkinson Disease[MeSH] OR Parkinson[tiab] OR dopamine[tiab] OR alpha-synuclein[tiab]) AND (treatment[tiab] OR intervention[tiab] OR therapy[tiab]),2026-08-05T17:22:15+00:00,,,,,
PMID_42519191,PubMed,42519191,PMC6384182,10.1007/978-88-470-0391-0_9,Neurophysiological effects of transcranial alternating current stimulation combined with multidisciplinary rehabilitation in Parkinson's disease.,"Hou, Tingting; Chen, Keke; Zhang, Hongyu; Zhang, Tian; Yin, Xuping; Huang, Rui; Sun, Haodong; Jin, Zhaohui; Fang, Boyan",Frontiers in psychiatry,2026,"INTRODUCTION: Motor impairment in Parkinson's disease (PD) often becomes inadequately controlled as the disease progresses. Rehabilitation therapy combined with noninvasive neuromodulation has shown benefits, yet the neural mechanisms underlying this remain unclear. This study aimed to identify neurophysiological and brain network features associated with motor improvement following high-intensity transcranial alternating current stimulation (Hi-tACS) combined with multidisciplinary intensive rehabilitation therapy (MIRT).
METHODS: This secondary analysis was based on a randomized controlled trial (ChiCTR2300071969). Thirty patients receiving Hi-tACS combined with MIRT were included. Responders were defined as patients achieving a minimal clinically important difference improvement greater than 3.25 points on the Unified Parkinson's Disease Rating Scale part III. Electroencephalographic spectral analysis, resting-state functional connectivity, and dynamic brain states assessed using hidden Markov modeling were performed. Partial correlation analyses were conducted for group-differentiating measures, controlling for age and disease duration.
RESULTS: Compared with non-responders, responders showed increased temporal high beta frequencies relative power (95%CI 0.85(0.01-1.66), P = 0.047), reduced connectivity between the default mode and sensorimotor networks (95%CI -0.89(-1.71-0.05), P = 0.038), and decreased fractional occupancy of state 3 (95%CI 0.03(0.00-0.28), P = 0.033) and 6 (95%CI 0.02(0.00-0.35), P = 0.038). After Bonferroni correction, only changes in temporal high beta frequencies relative power were negatively correlated with changes in total UPDRS part III scores (R = -0.59, P BON = 0.012) and rigidity subscores (R = -0.74, P BON < 0.001).
DISCUSSION: These results suggest that motor improvement following combined Hi-tACS and MIRT in PD patients is associated with alterations in brain oscillations and network connectivity, particularly in high-beta frequencies. The findings contribute to understanding the neural mechanisms underlying rehabilitation and neuromodulation in PD. Future studies should investigate the long-term effects of this intervention and its applicability in larger, more diverse populations. Moreover, exploring additional biomarkers may help identify individuals who are most likely to respond to this treatment.
CLINICAL TRIAL REGISTRATION: https://www.chictr.org.cn, identifer ChiCTR2300071969.",https://pubmed.ncbi.nlm.nih.gov/42519191/,,,parkinsons,(Parkinson Disease[MeSH] OR Parkinson[tiab] OR dopamine[tiab] OR alpha-synuclein[tiab]) AND (treatment[tiab] OR intervention[tiab] OR therapy[tiab]),2026-08-05T17:22:15+00:00,,,,,
PMID_42518684,PubMed,42518684,PMC7228980,10.1007/s13346-020-00740-5,Nanoparticles Navigating the Blood-Brain Barrier for Neurodegenerative Therapy.,"Zhao, Xinming; Sun, Liming; Zhang, Xiaoman; Qi, Xiaochen; Wu, Guangzhen",International journal of nanomedicine,2026,"The blood-brain barrier (BBB) blocks most drugs from entering the brain. Over 98% of small-molecule drugs and nearly all biologics fail to cross this barrier. Nanoparticles (NPs) provide multiple ways to bypass the BBB. These include receptor-mediated transcytosis, adsorptive-mediated transport, and intranasal delivery. NPs can also modify disease-related pathways. For example, they promote amyloid-β clearance, reduce tau phosphorylation, and reprogram neuroimmune responses. Many preclinical studies have shown promising results in Alzheimer's, Parkinson's, and Huntington's diseases. However, no NP-based therapy has moved beyond early-stage clinical trials. Several issues remain unresolved. Direct comparisons between different NP platforms are lacking. The long-term toxicity of NPs in the brain is not well understood. Animal models also do not accurately reflect human disease. We suggest that future work should focus on standardized characterization, better predictive models, and clinical trial designs that address NP diversity. Researchers should also compare NP therapies with existing treatments in a rigorous manner.",https://pubmed.ncbi.nlm.nih.gov/42518684/,,,parkinsons,(Parkinson Disease[MeSH] OR Parkinson[tiab] OR dopamine[tiab] OR alpha-synuclein[tiab]) AND (treatment[tiab] OR intervention[tiab] OR therapy[tiab]),2026-08-05T17:22:15+00:00,,,,,
PMID_42518156,PubMed,42518156,PMC7611735,10.1192/bja.2020.17,Adjunctive Pharmacotherapy for Major Depressive Disorder with Anxiety Symptoms: from Monoamines to Recent Clinical Evidence.,"McIntyre, Roger S; Kato, Masaki; Thase, Michael E; Therrien, François; Marrache, A Marilise; Ikehara, Kenta; Ardic, Ferhat; Boucher, Matthieu",CNS drugs,2026,"Anxiety symptoms are common in patients with major depressive disorder (MDD). The presence of anxiety symptoms can indicate greater depression severity, and is associated with a higher comorbidity burden, suicidality, lower levels of functioning, and poorer quality of life. The presence of anxiety identifies patients who are likely to experience significant burden from MDD despite standard treatment. Although clinical guidelines provide recommendations for adjunctive treatment in patients who have not responded to an antidepressant, there are currently limited recommendations specifically for patients with MDD and anxiety symptoms. Dysregulation of the monoamine system, notably noradrenaline (norepinephrine), serotonin, and dopamine signalling, has been implicated in the pathophysiology of MDD and of anxiety disorders, based mainly on preclinical, mechanistic and translational evidence. This review has two aims: (1) to explore the hypothetical role of monoamine signalling in patients with MDD with anxiety symptoms, and (2) to provide a comprehensive overview of clinical data for pharmacotherapies recommended for the first- and second-line adjunctive treatment of difficult-to-treat MDD, focusing on recent studies and analyses of patients with MDD with anxiety symptoms. Reviewed treatments included atypical antipsychotics (aripiprazole, brexpiprazole, olanzapine, quetiapine XR, risperidone, cariprazine), bupropion, ketamine/esketamine, lithium, mirtazapine/mianserin, modafinil, and triiodothyronine. Clinical data in patients with MDD with anxiety symptoms were scarce or lacking for olanzapine, risperidone, cariprazine, lithium, modafinil, and triiodothyronine. Aripiprazole, brexpiprazole, quetiapine XR, and ketamine/esketamine have been shown to improve depression and/or anxiety symptoms in patients with MDD with anxiety symptoms, although evidence is mainly short-term and derived from exploratory post hoc analyses of trials not designed to assess anxiety outcomes. Treatment decisions for patients with MDD with anxiety symptoms should be based on robust clinical data, and there is an unmet need for prospective clinical trials with anxiety-specific endpoints in this patient population.",https://pubmed.ncbi.nlm.nih.gov/42518156/,,,parkinsons,(Parkinson Disease[MeSH] OR Parkinson[tiab] OR dopamine[tiab] OR alpha-synuclein[tiab]) AND (treatment[tiab] OR intervention[tiab] OR therapy[tiab]),2026-08-05T17:22:15+00:00,,,,,
PMID_42518023,PubMed,42518023,PMC3539045,10.1038/nrcardio.2017.65,Impact of catheter ablation in asymptomatic patients with pre-excitation syndrome - real world evidence.,"Moersdorf, Maximilian; Massad, Christian; Atasi, Mohammad Montaser; Menassa, Yara; Feng, Han; Abou-Khalil, Michel; Darzi, Alex El; Khoury, Carlo El; Marashly, Qussay; Montiel, Rodolfo; Sommer, Philipp; Pandey, Amitabh C; Sohns, Christian; Marrouche, Nassir",Journal of interventional cardiac electrophysiology : an international journal of arrhythmias and pacing,2026,"BACKGROUND: Pre-excitation syndromes such as Wolff-Parkinson-White increase risks of tachyarrhythmias and sudden cardiac death. While symptomatic patients undergo ablation, optimal management of asymptomatic individuals remains debated. This study aims to evaluate long-term outcomes of catheter ablation versus conservative management in asymptomatic patients utilizing real-world data.
METHODS: In this observational cohort study using the U.S. Collaborative Network in TriNetX, patients ≥ 12 to 50 years with asymptomatic pre-excitation between September 1, 2010 and October 1, 2024 were identified. After 1:1 propensity score matching, 5,852 patients were included. The primary endpoint was all-cause mortality. Secondary endpoints included hospitalization, syncope, new onset of heart failure (HF), ventricular tachycardia/fibrillation (VT/VF), atrial fibrillation (AF) and antiarrhythmic drug (AAD) use up to 10 years of follow-up. Outcomes were compared between patients undergoing ablation versus those receiving medical therapy (GDMT).
RESULTS: Over a mean follow-up of 1133 ± 1166 days, ablation was associated with reduced risks of the all-cause mortality (hazard ratio (HR) 0.25, 95%CI:0.13-0.48, p < 0.001), HF onset (HR 0.48, 95%CI:0.26-0.85, p = 0.011) and hospitalization rates (HR 0.47, 95%CI:0.37-0.60, p < 0.001). No significant differences were observed for new onset of VT/VF (HR 0.85, 95%CI:0.51-1.43, p = 0.534), AF (HR 1.61, 95%CI:1.00-2.62, p = 0.051) and syncope (HR 1.50, 95%CI:0.78-2.91, p = 0.224).
CONCLUSION: In asymptomatic patients with pre-excitation, catheter ablation was associated with a reduced mortality, fewer hospitalizations, and HF onset. These findings support considering ablation as a proactive strategy in selected asymptomatic individuals.",https://pubmed.ncbi.nlm.nih.gov/42518023/,,,parkinsons,(Parkinson Disease[MeSH] OR Parkinson[tiab] OR dopamine[tiab] OR alpha-synuclein[tiab]) AND (treatment[tiab] OR intervention[tiab] OR therapy[tiab]),2026-08-05T17:22:15+00:00,,,,,
PMID_42517813,PubMed,42517813,,10.1177/02692155261467914,What do people with Parkinson's think about telerehabilitation? A thematic analysis of patient interviews.,"Simon Myra, Rafaela; Pinto, Camila; Pereira, Francisca; Da Silva, Ana Paula; Medeiros Calegare, Bruna; Souza Pagnussat, Aline",Clinical rehabilitation,2026,"ObjectiveThis study aims to investigate the facilitators and barriers to engagement in telerehabilitation programmes among people with Parkinson's disease. Furthermore, we examined whether the exercise modality (dance or multimodal exercise) influenced participants' perceptions of the telerehabilitation experience, including benefits, challenges and engagement.DesignThis is a qualitative component of a randomised clinical trial.SettingGroup-based telerehabilitation delivered via videoconferencing.ParticipantsSixty-three people with Parkinson's disease.InterventionTwo telerehabilitation groups: (1) Multimodal Exercise and (2) Dance, delivered twice a week, in 60-min sessions for three months.Main measuresSemi-structured interviews were conducted via live videoconferencing. We coded and organised the interviews using Atlas.TI software and applied a structured thematic analysis.ResultsTwo themes emerged: (1) Facilitators to engagement in telerehabilitation, including satisfaction, acceptance of online format, recognition of functional, emotional, cognitive and social benefits, appreciation for a disease-specific programme; and instructor's expertise (2) Barriers were problems in programme design and implementation, timing and scheduling conflicts, motor, cognitive and social barriers. The dance group focused on their experience with telerehabilitation, emphasising the emotional and mind-body aspects, while the multimodal exercise group focused on the motor function of activities of daily living.ConclusionsThis study identified facilitators and barriers to engagement in group-based telerehabilitation among people with Parkinson's disease. People with Parkinson's disease reported satisfaction and recognised telerehabilitation as feasible, and highlighted some motor, cognitive, social, technological and scheduling barriers. Additionally, the type of exercise (dance or exercise) influenced people with Parkinson's disease's perceptions of the telerehabilitation experience.",https://pubmed.ncbi.nlm.nih.gov/42517813/,,,parkinsons,(Parkinson Disease[MeSH] OR Parkinson[tiab] OR dopamine[tiab] OR alpha-synuclein[tiab]) AND (treatment[tiab] OR intervention[tiab] OR therapy[tiab]),2026-08-05T17:22:15+00:00,,,,,
PMID_42517718,PubMed,42517718,,10.1177/1877718x261469682,Social interaction enhances the pleasurable urge to move to music in people with Parkinson's disease.,"Stupacher, Jan; Vuust, Peter; Pando-Naude, Victor",Journal of Parkinson's disease,2026,"BackgroundMusic- and dance-based interventions can improve motor symptoms in people with Parkinson's disease (PD), but two key questions remain: whether the rhythmic complexity of music influences intervention outcomes, and whether social interaction further enhances these effects.ObjectivesTo examine the effects of rhythmic complexity and interpersonal synchronization on subjective and objective movement responses to music in PD.MethodParticipants tapped to the beat of music with varying levels of rhythmic complexity across three cueing conditions: music alone, music with a visual beat cue, and socially with an assistant who also tapped to the beat. We measured pleasurable urge to move to music (PLUMM - or groove), felt synchrony with the music, beat-related movement energy, and synchronization variability in 40 individuals with mild-to-moderate PD and 36 age-matched controls.ResultsCompared to music alone, social interaction increased PLUMM, felt synchrony, beat-related movement, and synchronization stability, with the strongest effects for moderate to high rhythmic complexity. These effects were stronger in participants with PD than in controls. In contrast, visual cues had no effect. Moreover, PLUMM ratings were positively associated with social closeness toward the assistant, trait empathy, and the experience of social reward through music.ConclusionSocial interaction while moving to the beat of music enhanced both the urge to move and objective motor performance. Our findings show that improvements of motor symptoms through music- and dance-based interventions extend beyond enhanced temporal prediction through motor simulation; they also include socio-emotional mechanisms that promote pleasure and strengthen social bonding.",https://pubmed.ncbi.nlm.nih.gov/42517718/,,,parkinsons,(Parkinson Disease[MeSH] OR Parkinson[tiab] OR dopamine[tiab] OR alpha-synuclein[tiab]) AND (treatment[tiab] OR intervention[tiab] OR therapy[tiab]),2026-08-05T17:22:15+00:00,,,,,
PMID_42517422,PubMed,42517422,,10.1177/02698811261464518,The role of aripiprazole in modulating putamen and thalamus functional connectivity in early psychosis patients.,"Chen, Chi; Chen, I-Fei; Chang, Wan-Chen; Liu, Chen-Chung; Hsieh, Ming H; Hwang, Tzung-Jeng; Hwu, Hai-Gwo; Lin, Yi-Ting; Tu, Pei-Chi; Liu, Chih-Min","Journal of psychopharmacology (Oxford, England)",2026,"BACKGROUND: Early psychosis is marked by cortico-striatal and thalamocortical dysconnectivity, yet how aripiprazole modulates these circuits remains unclear.
METHODS: We examined putamen and thalamus functional connectivity (FC) in 30 early psychosis patients (ultra-high-risk, first-episode psychosis, schizophreniform disorder, or first-episode schizophrenia) and 30 matched healthy controls. At baseline, patients were naïve to dopamine receptor-targeting medication or minimally exposed (<12 weeks). All patients received flexible-dose aripiprazole, and symptoms were assessed using the Positive and Negative Syndrome Scale at baseline, days 14 and 28. Baseline resting-state functional MRI was acquired for patients and controls, and follow-up scans for patients after 41.6 ± 13.9 days of treatment.
RESULTS: Compared with controls, patients showed hypoconnectivity within/between bilateral putamen, between putamen and thalamus, and between thalamus and salience network (SN) nodes. In contrast, hyperconnectivity was observed between the putamen and both sensorimotor (SM) and default mode network (DMN) nodes, as well as between the thalamus and SM nodes. After treatment with aripiprazole, FC increased within/between bilateral putamen, between putamen and SN nodes, and between thalamus and SN nodes, and decreased between thalamus and SM nodes and between putamen and SM nodes. At the uncorrected level (p < 0.05), increases in FC between the right ventral rostral putamen and bilateral putamen correlated with improvement in positive symptoms.
CONCLUSION: Findings suggest aripiprazole partially normalizes aberrant striatal-thalamic coupling early in psychosis, and putaminal FC changes may relate to clinical response. Aripiprazole may achieve therapeutic benefits by restoring integration within striatal hubs and their crosstalk with large-scale networks implicated in psychotic symptom expression.",https://pubmed.ncbi.nlm.nih.gov/42517422/,,,parkinsons,(Parkinson Disease[MeSH] OR Parkinson[tiab] OR dopamine[tiab] OR alpha-synuclein[tiab]) AND (treatment[tiab] OR intervention[tiab] OR therapy[tiab]),2026-08-05T17:22:15+00:00,,,,,
PMID_42517140,PubMed,42517140,PMC7916320,10.7189/jogh.11.04009,"Attention-deficit/hyperactivity disorder and chronic pain: a scoping review of epidemiology, clinical phenotypes, mechanisms, and treatment.","Kasahara, Satoshi; Aoki, Shuntaro; Takahashi, Miwako; Motoya, Ryo; Sanpei, Takuma; Morita, Taito; Fukada, Yusaku; Niwa, Shin-Ichi",Frontiers in psychiatry,2026,"INTRODUCTION: Emerging evidence suggests a potential association between attention-deficit/hyperactivity disorder (ADHD) and chronic pain; however, extant findings are dispersed across disciplines and have not yet been comprehensively synthesized. This scoping review aimed to systematically map the epidemiological evidence, clinical phenotypes, proposed neurobiological mechanisms, and reported therapeutic interventions related to comorbid ADHD and chronic pain.
METHODS: A comprehensive literature search was conducted in PubMed, PsycINFO, and the Cochrane Library from database inception to December 28, 2025. Human studies examining the association between ADHD (diagnosed or symptom-defined) and chronic or recurrent pain were also included. Fifty studies met the eligibility criteria, including observational studies (cross-sectional and longitudinal), case reports and series, and one interventional study.
RESULTS: Epidemiological studies have consistently reported significant associations between ADHD symptoms or diagnoses and chronic pain in both the general population and clinical samples. Higher ADHD symptom burden was associated with greater pain severity and pain-related functional impairment. Comorbidity was observed not only in widespread pain syndromes, such as fibromyalgia, but also in site-specific conditions, including chronic low back pain, orofacial pain, and migraine. Proposed mechanisms involve dopaminergic and noradrenergic dysfunction affecting motor regulation, sensory processing, and descending pain modulation systems. Several case-based reports have described improvements in pain outcomes after ADHD-targeted pharmacotherapy. However, controlled trials remain scarce.
DISCUSSION: Current evidence suggests that ADHD traits may be relevant in a subset of individuals with chronic pain, particularly those with treatment-resistant presentations. Although causality and treatment efficacy remain unconfirmed, consideration of neurodevelopmental characteristics may enhance clinical assessments and inform future research on individualized mechanism-based treatment strategies.",https://pubmed.ncbi.nlm.nih.gov/42517140/,,,parkinsons,(Parkinson Disease[MeSH] OR Parkinson[tiab] OR dopamine[tiab] OR alpha-synuclein[tiab]) AND (treatment[tiab] OR intervention[tiab] OR therapy[tiab]),2026-08-05T17:22:15+00:00,,,,,
PMID_42517057,PubMed,42517057,PMC8664088,10.1177/0272989x211014163,Clinicians' views on a patient decision aid for deep brain stimulation in Parkinson's disease.,"King, Hillary S; Blumenthal-Barby, Jennifer; Levi, Benjamin H; De Jesus, Sol; Sarva, Harini; Cabrera, Laura Y",Frontiers in human neuroscience,2026,"INTRODUCTION: For people with Parkinson's disease (PD), deciding whether to pursue deep brain stimulation (DBS) has become increasingly complex. Evidence suggests current approaches to collaborative decision-making may fall short of accepted standards. Thus, a decision support intervention, such as a patient decision aid (PtDA) may be warranted. PtDAs have been shown to improve patients' knowledge, expectations, and participation in decision-making for other, similar healthcare decisions. We therefore sought to assess neurologists' awareness of, and experience using, PtDAs, and to solicit their opinions on the ideal features of a PtDA for PD patients considering DBS.
METHODS: Sixteen United States-based neurology clinicians were interviewed about their experiences in treating and counseling PD patients considering DBS. These semi-structured interviews were analyzed using qualitative content analysis.
RESULTS: Seven general neurologists, eight movement disorders specialists, and one registered nurse in a movement practice participated in interviews. None of the clinicians had experience using a patient decision aid, and many were unfamiliar with the concept altogether. All largely expressed optimism about the potential utility of a PtDA for PD patients considering DBS. There was less consensus about the ideal format, content, and implementation of such a PtDA.
CONCLUSION: Healthcare providers recognize the potential benefits of a PtDA to engage PD patients considering DBS. However, input from other stakeholders-particularly the patients themselves-is essential to validate these findings.",https://pubmed.ncbi.nlm.nih.gov/42517057/,,,parkinsons,(Parkinson Disease[MeSH] OR Parkinson[tiab] OR dopamine[tiab] OR alpha-synuclein[tiab]) AND (treatment[tiab] OR intervention[tiab] OR therapy[tiab]),2026-08-05T17:22:15+00:00,,,,,
PMID_42516801,PubMed,42516801,PMC3827386,10.3233/jpd-191806,Clinical outcomes following a home-based dual-task telerehabilitation program in Parkinson's disease.,"Kaya, Basak Bilir; Ketenci, Pinar Gungor; Oztekin, Ozlem; Ceyhan, Naziye; Memisoglu, Kemal",Northern clinics of Istanbul,2026,"OBJECTIVE: To examine changes in motor and non-motor clinical outcomes following participation in a home-based telerehabilitation program incorporating motor-cognitive dual-task exercises in individuals with Parkinson's disease (PD).
METHODS: This retrospective cohort study analyzed prospectively recorded clinical data obtained from a government-supported telerehabilitation service implemented at a tertiary physical medicine and rehabilitation center in Istanbul, Türkiye. The study included 60 participants with mild-to-moderate PD (Hoehn and Yahr stages 1-3) who completed a 6-week intervention consisting of 30 supervised sessions (60 min/session, 5 days/week). The program combined motor exercises, cognitive tasks, and integrated dual-task activities delivered through synchronous video-based supervision. Clinical assessments included balance (Berg Balance Scale, Mini-BESTest), balance confidence (Activities-specific Balance Confidence Scale), mobility (Timed Up and Go test), manual dexterity (Nine-Hole Peg Test), quality of life (PD Questionnaire-39), depressive symptoms (Beck Depression Inventory), and self-reported urinary/fecal incontinence.
RESULTS: Post-intervention analyses demonstrated statistically significant improvements in all evaluated outcomes (all p<0.001). Participants showed better balance, mobility, and hand dexterity, accompanied by increased balance confidence and improved gait-related performance. Quality-of-life scores improved, while depressive symptom severity decreased following the intervention. The proportion of participants reporting urinary incontinence declined from 40% to 23%, whereas fecal incontinence decreased from 12% to 2%. Effect size analyses demonstrated moderate-to-large improvements across the primary and key secondary outcomes, with the largest effects observed for depressive symptoms, quality of life, and balance-related performance. No intervention-related adverse events were identified during the study period.
CONCLUSION: Participation in a remotely supervised, dual-task-based telerehabilitation program was associated with favorable changes across multiple clinical domains in individuals with PD. The findings suggest that home-based telerehabilitation may represent a feasible and clinically relevant rehabilitation approach within routine practice. Given the retrospective nature of the study and the lack of a control group, the observed findings should be considered preliminary. Prospective randomized controlled trials are needed to confirm these findings and evaluate their long-term clinical significance.",https://pubmed.ncbi.nlm.nih.gov/42516801/,,,parkinsons,(Parkinson Disease[MeSH] OR Parkinson[tiab] OR dopamine[tiab] OR alpha-synuclein[tiab]) AND (treatment[tiab] OR intervention[tiab] OR therapy[tiab]),2026-08-05T17:22:15+00:00,,,,,
PMID_42516772,PubMed,42516772,PMC4442159,10.1136/bcr-2014-208872,Hydromorphone-induced choreiform dyskinesia in a patient with homozygous sickle cell disease: a reversible adverse effect.,"Saife, Sakeena; El Masry, Michael; Rajab, Islam; Rahman, Rayan A; Ghobrial, Nader",Oxford medical case reports,2026,"BACKGROUND: Sickle Cell Disease (SCD) is a type of chronic hemoglobinopathy with vaso-occlusive pain crises that requires aggressive pain management with opioids.Hydromorphone is commonly used in the management of pain in patients with SCD, particularly when vaso-occlusive crises require prolonged opioid therapy. While opioid-induced neurotoxicity is a well-recognized complication, usually presenting as delirium, agitation, or myoclonus, choreiform dyskinesias are rare and only infrequently reported. New-onset involuntary movements in patients with SCD may be concerning for cerebrovascular or metabolic complications, prompting extensive diagnostic evaluations. Recognition of opioid-induced choreiform dyskinesia is important, since symptoms are usually reversible with opioid dose reduction or discontinuation, thus offering early management and the avoidance of unnecessary investigations.
CASE REPORT: A 33-year-old African American woman with homozygous sickle cell disease (HbSS) was admitted for pleuritic chest pain, fever, abdominal pain, and sweating, suspected to be acute chest syndrome or a vaso-occlusive pain crisis. She had a history of recurrent vaso-occlusive crises requiring hospitalizations and opioid therapy. She had no history of cerebrovascular events, movement disorders, psychiatric illness, or exposure to dopamine-modulating medications. She had no significant family history.On day 25 of hospitalization, she developed new, involuntary, non-rhythmic choreiform movements affecting the upper limbs and face while on high-dose IV hydromorphone. She remained alert and oriented without any focal neurologic signs or metabolic issues. The hydromorphone was stopped, and the movements completely resolved within 24 hours. When trying a lower dose, the movements did not recur. Neurology advised that no further imaging or testing was needed given the rapid, full improvement.
CONCLUSIONS: Dyskinesia is a rare but reversible complication of opioid therapy and may be caused by hydromorphone. It is important to recognize this side effect to prevent unnecessary testing, particularly in patients with sickle cell disease, who may otherwise undergo an extensive neurologic workup.",https://pubmed.ncbi.nlm.nih.gov/42516772/,,,parkinsons,(Parkinson Disease[MeSH] OR Parkinson[tiab] OR dopamine[tiab] OR alpha-synuclein[tiab]) AND (treatment[tiab] OR intervention[tiab] OR therapy[tiab]),2026-08-05T17:22:15+00:00,,,,,
PMID_42516577,PubMed,42516577,PMC12802821,10.1126/sciadv.aea3573,Light-Regulated Cancer Immunotherapy Using Individually Encapsulated Synthetic Circuit-Engineered Cells.,"Han, Yirui; Lu, Han; Zhao, Yue; Fu, Kun; Nie, Guangjun; Chen, Yazhou",Bio-protocol,2026,"Cell therapy holds great promise for cancer immunotherapy, but its clinical efficacy is severely hindered by poor post-transplant cell survival, low homing efficiency, and host immune clearance. To address these challenges, this study develops a novel light-controlled immunotherapy strategy that integrates a red/far-red light genetic switch with single-cell encapsulation engineering. The red/far-red light (660/730 nm) reversible regulatory system enables precise spatiotemporal control over the expression of therapeutic proteins in engineered cells (e.g., CAR-T or engineered HEK 293T cells), allowing on-demand activation of anti-tumor immune responses. On this basis, a mild enzyme-mediated single-cell encapsulation technique is further employed to rapidly form a protective hydrogel coating in situ on the cell surface, thereby enhancing the survival of transplanted cells under hostile in vivo microenvironments. This strategy combines precise gene expression regulation with physical protection, improving therapeutic outcomes without the need for genomic modification of the cells. It provides a new paradigm for developing safe, controllable, and efficient cancer immunotherapy. Key features • Using a 660/730 nm red/far-red light reversible switch, deep tissue penetration enables spatiotemporal precise control of tumor-targeted therapeutic proteins. • Achieving rapid and gentle in situ gelation encapsulation of single-cell surfaces through HRP-pHLIP membrane anchoring and HA-dopamine enzymatic crosslinking. • Targeted strategies to overcome post-transplant hypoxia, inflammatory stress, and pulmonary first-pass entrapment, physically enhancing early cell survival prior to reaching the target tissue. • This experimental protocol requires at least three days.",https://pubmed.ncbi.nlm.nih.gov/42516577/,,,parkinsons,(Parkinson Disease[MeSH] OR Parkinson[tiab] OR dopamine[tiab] OR alpha-synuclein[tiab]) AND (treatment[tiab] OR intervention[tiab] OR therapy[tiab]),2026-08-05T17:22:15+00:00,,,,,
PMID_42516549,PubMed,42516549,PMC9587247,10.1038/s41467-022-33843-3,Nucleus accumbens DRD2 receptor agonism attenuates escape behavior.,"Côté, Bridgitte E; Grafelman, Elaine M; Moster, Lisa; Zimolzak, Kara; Hix, Hannah E; Cooper, Matthew; Padula, G Nino; Wheeler, Daniel S; Hearing, Matthew C; Mantsch, John R; Wheeler, Robert A",Frontiers in neuroscience,2026,"Animals learn to approach and escape stimuli in their environment, in part through the representation of rewarding or aversive outcomes in the nucleus accumbens (NAc). The regulation of reward motivation in the NAc by dopamine signaling at DRD1 and DRD2 receptors has been the subject of extensive study. However, the process by which aversive stimuli are signaled within this system to promote motivated escape behavior is less well characterized. Conventional wisdom posits that rewarding and aversive stimuli ultimately affect DRD1 or DRD2-receptor expressing medium spiny neurons (MSNs) in an opposing manner to differentially modulate motivated behavior. However, recent studies have challenged this view and demonstrate the need to better characterize the processes that mediate aversion learning. To determine if DRD2 dopamine receptor activation disrupts escape behavior, 21 male and female Sprague Dawley rats were treated with an intra-NAc core DRD2 receptor agonist, quinpirole, while escape behavior was negatively reinforced by the termination of aversive white noise. This treatment attenuated escape, a result that is consistent with the view that aversion-induced reductions in dopamine promote escape behavior through decreased DRD2 receptor signaling in the NAc, and potential disinhibition of an aversion-sensitive striatal output circuit.",https://pubmed.ncbi.nlm.nih.gov/42516549/,,,parkinsons,(Parkinson Disease[MeSH] OR Parkinson[tiab] OR dopamine[tiab] OR alpha-synuclein[tiab]) AND (treatment[tiab] OR intervention[tiab] OR therapy[tiab]),2026-08-05T17:22:15+00:00,,,,,
PMID_42516014,PubMed,42516014,,10.1177/00031348261472848,Amantadine Use in Severe Traumatic Brain Injury.,"Fincher, Shea E; Battersby, Madison B; Fitzpatrick, Matthew C; Fitzgerald, Zachary T; Lombardozzi, Isabella; Peterson, John; Hamrick, Amy; Frye, Sarah W; Lane, Miles; Lombardozzi, Kristine",The American surgeon,2026,"Amantadine, a weak noncompetitive N-methyl-D-aspartate (NMDA) receptor antagonist with dopaminergic activity, has emerged as a promising adjunctive therapy in the management of traumatic brain injury (TBI), particularly in patients with disorders of consciousness. Although historically utilized for the treatment of Influenza A and Parkinson's disease, growing evidence supports its role in promoting neurocognitive recovery following TBI. This review synthesizes preclinical and clinical literature evaluating the pharmacologic mechanisms, therapeutic efficacy, dosing strategies, and safety profile of amantadine in TBI. Clinical trials demonstrate accelerated recovery of consciousness and improved functional outcomes, particularly during the subacute phase of injury. Despite demonstrated benefits and generally favorable safety profile, significant heterogeneity exists in patient selection, dosing and treatment duration, and the standardization of treatment algorithms. This review serves to consolidate the current evidence base, clarify the mechanistic rationale for amantadine use in TBI, and provide a clinically grounded framework to guide its responsible and effective application within the context of neurological rehabilitation.",https://pubmed.ncbi.nlm.nih.gov/42516014/,,,parkinsons,(Parkinson Disease[MeSH] OR Parkinson[tiab] OR dopamine[tiab] OR alpha-synuclein[tiab]) AND (treatment[tiab] OR intervention[tiab] OR therapy[tiab]),2026-08-05T17:22:15+00:00,,,,,
PMID_42515799,PubMed,42515799,PMC11769730,10.1016/j.pbb.2024.173918,Antidepressants and Road Safety: A Forensic Toxicological Perspective Based on Observational Data and Current Evidence.,"Filardi, Davide; Vernich, Francesca; Mineo, Federico; Mannocchi, Giulio; Tittarelli, Roberta","Pharmaceuticals (Basel, Switzerland)",2026,"Background/Objectives: Antidepressants are widely prescribed medications that may affect psychomotor performance and driving ability depending on their pharmacological profile. This study investigated the prevalence and patterns of antidepressant use among drivers undergoing forensic toxicological evaluation and explored their potential implications for road safety. Methods: An observational study was conducted on n = 6316 drivers undergoing forensic toxicological assessment following licence suspension for driving under the influence (DUI) of alcohol and/or drugs between January 2023 and December 2025. Reported antidepressants were classified into selective serotonin reuptake inhibitors (SSRIs), serotonin-norepinephrine reuptake inhibitors (SNRIs), serotonin antagonist and reuptake inhibitors (SARIs), tricyclic antidepressants (TCAs), norepinephrine-dopamine reuptake inhibitors (NDRIs), noradrenergic and specific serotonergic antidepressants (NaSSAs), and monoamine oxidase inhibitors (MAOIs). Distribution patterns were analysed descriptively and discussed considering the available literature. Results: Antidepressant use was reported by n = 132 participants (2.1%). SSRIs were the most common class (44.0%), followed by SNRIs (26.5%) and SARIs (17.4%). TCAs (6.1%), NDRIs (3.7%), and NaSSAs (2.3%) were less common, while no MAOI use was reported. Among antidepressant users, n = 28 individuals (21.2%) tested positive for other psychoactive substances, including benzodiazepines, cocaine, and cannabinoids. Conclusions: The use of antidepressants was relatively uncommon in the study population. However, clinical evaluation remains important, particularly at the start of treatment and during dose adjustments to determine the potential for an increased risk while driving. Further studies integrating toxicological analyses and clinical data are needed to better define the relationship between antidepressant exposure, polysubstance use, and road safety.",https://pubmed.ncbi.nlm.nih.gov/42515799/,,,parkinsons,(Parkinson Disease[MeSH] OR Parkinson[tiab] OR dopamine[tiab] OR alpha-synuclein[tiab]) AND (treatment[tiab] OR intervention[tiab] OR therapy[tiab]),2026-08-05T17:22:15+00:00,,,,,
PMID_42515380,PubMed,42515380,PMC6647182,10.1007/s00415-019-09348-3,"A Self-Administered, Digitized Approach to Quantifying the Cardinal Motor Symptoms in Parkinson's Disease.","Miller Koop, Mandy; Waltz, Colin; Bazyk, Andrew; Lapin, Brittany; Li, Yadi; Houltham, Stuart; Blum, Dave; Liao, James; Phillips, Oliver; Siddiqui, Junaid; Machado, Andre G; Alberts, Jay L","Sensors (Basel, Switzerland)",2026,"Many people with Parkinson's disease (PwPD) lack optimal care due to limited access to neurologists and a reliance on subjective rating scales for treatment decisions. The Ceraxis Insight platform was designed to provide quantitative measures of the cardinal motor symptoms of Parkinson's disease (PD) through self-administered assessments performed using a tablet paired with a sensor-embedded stylus. The aim of this study was to assess the validity of the Ceraxis Insight outcome metrics against clinical gold-standard measures of PD motor symptoms. Nineteen PwPD completed a clinical examination and the nine Ceraxis Insight assessment modules. Quantitative performance metrics were calculated from the platform's IMU, force transducer, and touchscreen inputs. Mixed-effect models and correlation analyses determined that multiple quantitative metrics from the Ceraxis Insight modules significantly predicted (p < 0.05) and were significantly correlated (correlation coefficients > 0.70) with the MDS-UPDRS III total score, bradykinesia, tremor, rigidity, and postural instability and gait difficulty sub-scores. Logistic regression models determined that multiple Ceraxis Insight metrics discriminated between ON- and OFF-deep brain stimulation (DBS) conditions, with Area Under the Receiver Operating Characteristic Curve (AUC) values exceeding 0.70. The Ceraxis Insight platform provides a validated, objective assessment of PD motor symptoms that may be performed within clinical or remote settings for data-driven evaluation and treatment.",https://pubmed.ncbi.nlm.nih.gov/42515380/,,,parkinsons,(Parkinson Disease[MeSH] OR Parkinson[tiab] OR dopamine[tiab] OR alpha-synuclein[tiab]) AND (treatment[tiab] OR intervention[tiab] OR therapy[tiab]),2026-08-05T17:22:15+00:00,,,,,
PMID_42515329,PubMed,42515329,PMC3080184,10.1519/00139143-200932020-00002,A Smart Shoe System for Gait Analysis and Remote Monitoring in Parkinson's Disease-A Validation Study.,"Maddumage Dona, Shanshika; Sullivan, Karen; Lehn, Alexander; Kalyani, Nadeesha; Prins, Danielle; Kerr, Graham","Sensors (Basel, Switzerland)",2026,"Continuous gait monitoring is important in Parkinson's Disease (PD) as gait deteriorates with disease progression and responses to treatment vary over time. Wearable sensor systems offer a practical alternative to laboratory-based gait assessment for real-world monitoring. This study aimed to (1) validate spatiotemporal gait parameters derived from the NUSHU smart shoe system against the Vicon motion capture system in healthy older adults and individuals with PD, and (2) assess whether measurement agreement was maintained during active vibrotactile feedback delivery. Thirty-two participants (17 with mild to moderate PD and 15 age- and gender-matched healthy older adults; mean age 67 ± 7.4 years) completed overground walking trials under no vibration, stance phase vibration, and swing phase vibration conditions. A total of 4790 strides were analysed using linear mixed effects models. Overall agreement was good for stride length (ICC = 0.894, CCC = 0.926), stride time (ICC = 0.853, CCC = 0.954), and velocity (ICC = 0.885, CCC = 0.940), with moderate agreement for double support time (ICC = 0.752, CCC = 0.477). Agreement remained consistent across vibration conditions in both groups. The NUSHU system demonstrates acceptable validity for stride length, stride time, and velocity under both measurement and active feedback modes.",https://pubmed.ncbi.nlm.nih.gov/42515329/,,,parkinsons,(Parkinson Disease[MeSH] OR Parkinson[tiab] OR dopamine[tiab] OR alpha-synuclein[tiab]) AND (treatment[tiab] OR intervention[tiab] OR therapy[tiab]),2026-08-05T17:22:15+00:00,,,,,
PMID_42514303,PubMed,42514303,PMC9617621,10.1007/s11064-011-0469-3,Neuroprotective Effects of Lycopene in Parkinson's Disease Mice: Potential Modulation of DAT/SLC6A3-Mediated Dopaminergic Pathway.,"Xia, Jun; Fan, Xin-Rui; Lu, Lin-Xia; Jifu, Ci-Li; Xu, Zhen-Yu; Wang, Jing-Tao",Nutrients,2026,"Background/Objectives: Lycopene (LYC), a natural lipid-soluble antioxidant extracted from dietary plants, possesses excellent neuroprotective and metabolic regulatory activities and has shown potential preventive and therapeutic effects on neurodegenerative diseases. However, its precise molecular mechanism against Parkinson's disease (PD) remains incompletely clarified, which limits its further application. Methods: In this study, a PD mouse model was established, and a series of methods, including molecular docking, untargeted metabolomics, behavioral tests, and histopathological analysis, were used. Results: The results showed that LYC intervention not only improved the motor coordination ability of mice and reduced dopaminergic neuron damage but also reversed the metabolic disorders caused by the disease. Importantly, LYC can significantly increase the expression level of DAT/SLC6A3 in the midbrain region, and this is evident at both the gene and protein levels. Computational simulations and surface plasmon resonance results show that LYC can form stable complexes with the DAT/SLC6A3 protein and has a high affinity. Conclusions: This study explored the potential anti-PD effects of LYC from multiple perspectives and observed an association between elevated DAT/SLC6A3 levels and improved dopamine (DA) homeostasis after LYC intervention. These preliminary findings may offer new experimental clues for further mechanistic study and translational research on PD prevention and treatment.",https://pubmed.ncbi.nlm.nih.gov/42514303/,,,parkinsons,(Parkinson Disease[MeSH] OR Parkinson[tiab] OR dopamine[tiab] OR alpha-synuclein[tiab]) AND (treatment[tiab] OR intervention[tiab] OR therapy[tiab]),2026-08-05T17:22:15+00:00,,,,,
PMID_42514173,PubMed,42514173,PMC12155523,10.1016/j.brainres.2007.05.076,Sex-Specific Association of Rasagiline with Motor Progression in GBA1-Associated Parkinson's Disease.,"Saragani, Hodaya; Henner, Rebecca; Becker-Cohen, Michal; Revel-Vilk, Shoshana; Zimran, Ari; Harari, Iris; Eichel, Roni; Yahalom, Gilad; Cohen, Mikhal E","Life (Basel, Switzerland)",2026,"Variants in the glucocerebrosidase gene (GBA1) are the predominant genetic risk factor for Parkinson's disease (PD), often accelerating disease progression. While biological sex modulates PD progression, the longitudinal association between rasagiline (a monoamine oxidase-B [MAO-B] inhibitor) and motor outcomes in GBA1-associated Parkinson's disease (GBA1-PD) remains unclear. This retrospective cohort study (2019-2026) analyzed 259 patients with PD (106 females, 153 males) with a median follow-up of 1.56 years to evaluate the association between rasagiline use and motor decline, emphasizing sex-stratified outcomes. Motor progression was evaluated using the Movement Disorder Society-Unified Parkinson's Disease Rating Scale part III (MDS-UPDRS-III). Rates of change were calculated using sex-stratified Generalized Estimating Equations models, with adjustment for age at diagnosis to evaluate treatment effects and sex-specific associations. Among 259 patients, rasagiline use was associated with a significantly slower annual rate of motor decline (Slope Difference: -0.95; p = 0.03). In the GBA1-PD subgroup, females using rasagiline exhibited a clinically relevant slower rate of progression (approximately 1 point/year on the MDS-UPDRS-III) compared with non-users, although not statistically significant (p = 0.08); no association was observed in males. These findings suggest a potential sex-specific association of rasagiline with motor progression in GBA1-PD. Results highlight the importance of sex-stratified analyses to support personalized therapeutic approaches for PD genetic variants.",https://pubmed.ncbi.nlm.nih.gov/42514173/,,,parkinsons,(Parkinson Disease[MeSH] OR Parkinson[tiab] OR dopamine[tiab] OR alpha-synuclein[tiab]) AND (treatment[tiab] OR intervention[tiab] OR therapy[tiab]),2026-08-05T17:22:15+00:00,,,,,
PMID_42513614,PubMed,42513614,PMC8215113,10.1152/physiol.00019.2024,The Glymphatic System and Neurosurgery: A Comprehensive Narrative Review of Current Concepts and Future Directions.,"Çetinkaya, Kadir; Ünsal, Yaşar",Journal of clinical medicine,2026,"The glymphatic system is a recently defined perivascular waste elimination pathway responsible for the efficient clearance of metabolic waste and neurotoxic proteins in the central nervous system. This system facilitates the entry of cerebrospinal fluid (CSF) into the brain parenchyma via arterial perivascular spaces and its interaction with interstitial fluid (ISF) via glial cell-associated aquaporin-4 (AQP4) channels. It functions particularly actively during sleep. Impairment of glymphatic flow contributes to nerve cell damage and neuroinflammation in various pathologies such as Alzheimer's disease, Parkinson's disease, traumatic brain injury, subarachnoid hemorrhage, and neurological tumors. In neurosurgical practice, surgical positioning, anesthesia regimen, and intracranial pressure changes play a decisive role in glymphatic function, and perioperative modulation of the system can affect postoperative recovery and cognitive outcomes. Today, non-invasive imaging techniques and molecular biological approaches are deepening our understanding of the functioning of the glymphatic system in humans, and this system is emerging as a potential target in the diagnosis and treatment of neurological diseases. This review comprehensively addresses the basic anatomical and physiological principles of the glymphatic system, its role in pathological processes, and its clinical significance in neurosurgical applications.",https://pubmed.ncbi.nlm.nih.gov/42513614/,,,parkinsons,(Parkinson Disease[MeSH] OR Parkinson[tiab] OR dopamine[tiab] OR alpha-synuclein[tiab]) AND (treatment[tiab] OR intervention[tiab] OR therapy[tiab]),2026-08-05T17:22:15+00:00,,,,,
PMID_42513443,PubMed,42513443,PMC4163032,10.1093/brain/awu195,Clinical and Healthcare Disparities in Migrant Patients with Parkinson's Disease: A Matched Cohort Study in a Multiethnic European Population.,"Peral-Quirós, Alejandro; Caballol, Núria; Planas-Ballvé, Anna; Lombardo-Del Toro, Paula; Gómez-Ruiz, Isabel; Balagué-Marmaña, Marta; Pérez-Pellejero, Cristian; Fornés, Cristina; Ávila-Rivera, Asunción",Journal of clinical medicine,2026,"Background/Objectives: Data on Parkinson's disease in immigrant populations are limited despite increasing migration and population aging in Europe. This study aimed to evaluate differences in clinical presentation and healthcare engagement between immigrant and native patients with Parkinson's disease in a multiethnic European setting. Methods: We conducted a retrospective matched cohort study including immigrant patients with Parkinson's disease followed at our Movement Disorders Unit between 2000 and 2025. Immigrant patients were matched 1:1 with native patients by age, sex, and year of diagnosis. Clinical characteristics, prodromal symptoms, motor severity, and healthcare engagement variables were analyzed. Results: Ninety-eight immigrant patients were matched with 98 native patients. Most immigrants originated from Latin America and North Africa. Native patients showed a higher prevalence of hyposmia than immigrant patients (49.0% vs. 26.5%; p = 0.002). No significant differences were observed in disease duration, pattern of motor symptom onset, motor severity, Hoehn and Yahr stage, MDS-UPDRS scores, or antiparkinsonian treatment during follow-up, although native patients had higher postural tremor scores at baseline. Immigrant patients demonstrated lower healthcare engagement, with higher rates of missed follow-up visits (34.7% vs. 16.3%; p = 0.003) and poorer treatment adherence (24.5% vs. 11.2%; p = 0.016). Conclusions: Immigrant patients with Parkinson's disease showed a lower prevalence of hyposmia and reduced healthcare engagement despite otherwise comparable clinical characteristics, motor severity, and treatment patterns. These findings highlight the importance of considering sociocultural determinants and barriers to healthcare utilization when managing Parkinson's disease in increasingly diverse populations.",https://pubmed.ncbi.nlm.nih.gov/42513443/,,,parkinsons,(Parkinson Disease[MeSH] OR Parkinson[tiab] OR dopamine[tiab] OR alpha-synuclein[tiab]) AND (treatment[tiab] OR intervention[tiab] OR therapy[tiab]),2026-08-05T17:22:15+00:00,,,,,
PMID_42512518,PubMed,42512518,PMC8230242,10.3390/ph14060514,Brexpiprazole vs. Aripiprazole in Patients with Schizophrenia with or Without Comorbid Substance Use Disorder: A 12-Month Real-World Naturalistic Study of Efficacy.,"Lombardozzi, Ginevra; Kotzalidis, Georgios D; Trovini, Giada; Amici, Emanuela; Ceccherelli, Alessia; Albanesi, Giuseppe; Giovanetti, Valeria; Martinotti, Giovanni; De Filippis, Sergio",Brain sciences,2026,"Background: Schizophrenia with comorbid substance use disorder (SUD) is associated with greater clinical severity, poorer adherence, and worse functional outcomes. Third-generation antipsychotics, through partial dopamine agonism, may represent a useful strategy in this complex population. This study compared the long-term efficacy of brexpiprazole and aripiprazole in patients with schizophrenia, with or without comorbid SUD. Methods: Patients (N = 243) with DSM-5/DSM-5-TR schizophrenia orally received 4 mg/day brexpiprazole or 30 mg/day aripiprazole for 12 months in a real-world clinical setting. Psychopathology was assessed at baseline and after 1, 3, 6, and 12 months using the Brief Psychiatric Rating Scale (BPRS) and the Positive And Negative Syndrome Scale (PANSS). Analyses were performed on 217 completers, excluding 26 drop-outs. Outcomes were compared according to drug and presence/absence of comorbid SUD. Results: Both brexpiprazole and aripiprazole were associated with psychotic symptom and global psychopathology improvement over 12 months (p < 0.01). In patients without SUD, the two treatments showed comparable efficacy. Among patients with comorbid SUD, brexpiprazole showed greater improvement in BPRS and PANSS outcomes than aripiprazole (p < 0.01). Treatment response to aripiprazole, but not to brexpiprazole, was diminished by substance use. Brexpiprazole was associated with better tolerability and lower rates of subjective agitation-related discontinuation. Conclusions: Both dopamine partial agonists were effective in treating schizophrenia; however, brexpiprazole was superior in patients with comorbid SUD. Findings suggest that brexpiprazole may represent a promising therapeutic option in dual-disorder patients.",https://pubmed.ncbi.nlm.nih.gov/42512518/,,,parkinsons,(Parkinson Disease[MeSH] OR Parkinson[tiab] OR dopamine[tiab] OR alpha-synuclein[tiab]) AND (treatment[tiab] OR intervention[tiab] OR therapy[tiab]),2026-08-05T17:22:15+00:00,,,,,
PMID_42512473,PubMed,42512473,PMC8633325,10.1007/s00415-017-8491-2,Effects of Continuous Infusion Therapies on Non-Motor Symptoms in Advanced Parkinson's Disease: A Systematic Review.,"Rinaldi, Domiziana; De Carolis, Lanfranco; Ledda, Claudia; Galli, Silvia; Giovannelli, Morena; Romagnolo, Alberto; Zibetti, Maurizio; Salvetti, Marco; Lopiano, Leonardo; Imbalzano, Gabriele",Brain sciences,2026,"Background/Objectives: Non-motor symptoms (NMS) are highly prevalent in advanced Parkinson's disease (PD) and substantially affect quality of life. Continuous infusion therapies are established treatment options for motor fluctuations not controlled by oral medication, but their effects on NMS remain incompletely characterized. We aimed to evaluate the effects of continuous infusion therapies on NMS in advanced PD. Methods: A systematic review was conducted according to PRISMA guidelines. PubMed, Embase, and Cochrane were searched for English-language original studies published between January 2005 and 1 March 2026. Eligible studies included patients with PD treated with levodopa-carbidopa intestinal gel (LCIG), continuous subcutaneous apomorphine infusion (CSAI), subcutaneous levodopa formulations, or levodopa-entacapone-carbidopa intestinal gel (LECIG) and reported quantitative NMS outcomes. Due to methodological heterogeneity, results were synthesized qualitatively. Results: Fifty-four studies were included. Most evaluated LCIG (n = 38), followed by CSAI (n = 14), subcutaneous levodopa formulations (n = 6), and LECIG (n = 2). Overall, 4157 patients were assessed at baseline and 2919 at follow-up. Global non-motor burden improved in 33/45 (73.3%) baseline-to-follow-up comparisons. NMSS total score decreased from 84.4 ± 35.2 to 54.9 ± 17.6. The most consistent benefits were observed for sleep/fatigue and gastrointestinal symptoms. Sleep/fatigue outcomes improved in 26/31 (83.9%) baseline-to-follow-up comparisons. Cognitive outcomes were mostly stable, while cardiovascular, urinary, sexual, and mood-specific outcomes showed less consistent benefit. Conclusions: Continuous infusion therapies may be associated with reduced global non-motor burden in advanced PD, particularly sleep/fatigue and gastrointestinal symptoms. Evidence is strongest for LCIG, while data for CSAI, LECIG, and subcutaneous levodopa formulations remain limited.",https://pubmed.ncbi.nlm.nih.gov/42512473/,,,parkinsons,(Parkinson Disease[MeSH] OR Parkinson[tiab] OR dopamine[tiab] OR alpha-synuclein[tiab]) AND (treatment[tiab] OR intervention[tiab] OR therapy[tiab]),2026-08-05T17:22:15+00:00,,,,,
PMID_42512462,PubMed,42512462,PMC7482451,10.1136/bmjopen-2020-037632,Non-Pharmacological Interventions for Managing Apathy in Older Adults with Neurocognitive Disorders: A Systematic Review of Randomized Controlled Trials.,"Siarkos, Kostas; Politis, Antonios M; Politis, Anastasios A; Smyrnis, Nikolaos; Papageorgiou, Charalambos; Prentakis, Andreas; Gournellis, Rossetos; Katirtzoglou, Everina; Theleritis, Christos",Brain sciences,2026,"BACKGROUND/OBJECTIVES: Apathy is among the most common neuropsychiatric features of late-life neurocognitive disorders and predicts functional decline and greater caregiver burden. As no treatment is formally established, identifying effective interventions is a priority. We systematically reviewed non-pharmacological randomized controlled trials (RCTs) targeting apathy in older adults with neurocognitive disorders.
METHODS: We searched PubMed/MEDLINE, PsycInfo, the Cochrane Library, and Google Scholar (final search 23 March 2026). Eligible studies were non-pharmacological RCTs reporting an apathy outcome. Evidence levels were graded with OCEBM and quality with PEDro; two reviewers mapped PEDro items onto Cochrane risk-of-bias domains. Reporting followed PRISMA 2020.
RESULTS: Sixty-two RCTs were included. Physical exercise and music-based interventions showed the most consistent benefit, whereas technology-based and brain stimulation approaches remained experimental. Only 30 trials (48%) showed a significant between-group effect on apathy-most were null, within-group, or had apathy as a secondary outcome. Marked heterogeneity precluded meta-analysis. Most trials were of moderate to high quality, though near-universal performance bias arose from the inability to blind participants and providers.
CONCLUSIONS: Managing apathy in these populations remains challenging, and the certainty of the evidence is limited. Purpose-built, apathy-focused trials reporting effect sizes and durability are needed before disease-specific recommendations can be made.",https://pubmed.ncbi.nlm.nih.gov/42512462/,,,parkinsons,(Parkinson Disease[MeSH] OR Parkinson[tiab] OR dopamine[tiab] OR alpha-synuclein[tiab]) AND (treatment[tiab] OR intervention[tiab] OR therapy[tiab]),2026-08-05T17:22:15+00:00,,,,,
PMID_42512450,PubMed,42512450,PMC12313259,10.1111/bcpt.70107,Molecular Mechanisms of Neurodegenerative Diseases: Emerging Biomarkers and Therapeutic Targets.,"Yogi, Sunanda; Singh, Amit",Brain sciences,2026,"Neurodegenerative diseases (NDs), such as Alzheimer's disease (AD), Parkinson's disease (PD), Amyotrophic lateral sclerosis (ALS), and Huntington's disease (HD), involve the gradual loss of structure or function of neurons in the nervous system and are an increasing threat to the aging population worldwide. Although these disorders have different clinical features which affect cognition, movement and other vital body functions, they share key underlying molecular and cellular processes. This starts with protein misfolding and aggregation, mitochondrial dysfunction, oxidative stress, dysregulated protein homeostasis, neuroinflammation, and disrupted cell death pathways. Recent findings have added disease-specific processes, like amyloid-β and tau aggregates in AD, α-synuclein aggregation and mitophagy failure in PD's, TDP-43-related impaired RNA metabolism in ALS, and mutant huntingtin causing transcription aberrations in HD. Protein interactome network analysis showed mechanistic crosstalk between pathogenic proteins of AD and PD. New evidence highlights how lysosomal dysfunction, endoplasmic reticulum stress, and microglial activation, act as a common axis in neurodegeneration. Advancements in genomics and epigenomics have found shared genetic risk loci and regulatory processes that affect how diseases develop and progress. Simultaneously, new biomarkers like circulating microRNAs, exosome-related pathological proteins, neurofilament light chain, inflammatory cytokines, and microglial activation markers are powering early diagnosis tools and disease variations. New imaging techniques also allow for the identification of protein aggregations before symptoms appear. Overall, these findings are accelerating targeted treatments and personalized medicine aimed at disease progression. This review highlights current insights into the molecular mechanisms of NDs and discusses new biomarkers and treatment targets that help future diagnostic and treatment strategies.",https://pubmed.ncbi.nlm.nih.gov/42512450/,,,parkinsons,(Parkinson Disease[MeSH] OR Parkinson[tiab] OR dopamine[tiab] OR alpha-synuclein[tiab]) AND (treatment[tiab] OR intervention[tiab] OR therapy[tiab]),2026-08-05T17:22:15+00:00,,,,,
PMID_42512251,PubMed,42512251,PMC7314312,10.1038/s41568-019-0216-7,"Interplay of Epigenetic Reprogramming, Mitochondrial Metabolism, and Dopamine Signalling Pathways Uncovers Metabolic Vulnerabilities in Diffuse Midline Glioma.","Shen, Han; Huang, Yizhou; Cook, Kristina M; Hau, Eric",Cancers,2026,"Diffuse midline glioma (DMG) is one of the most aggressive paediatric brain tumours and remains almost universally fatal despite decades of research. The defining molecular feature of approximately 80% of DMG tumours is H3K27M, which disrupts PRC2 activity and profoundly remodels chromatin architecture. Increasing evidence suggests that this epigenetic alteration not only rewires transcriptional programs but also influences tumour metabolism. Several studies indicate that H3K27M-mutant tumours exhibit altered mitochondrial metabolism, oxidative phosphorylation activity, redox regulation, and cellular stress responses, although the extent of oxidative phosphorylation dependence varies between models, tumour subtypes, and cellular states. In parallel, dopaminergic signalling has been implicated in cancer stem cell maintenance, metabolic regulation, and tumour survival across multiple malignancies, including glioma. The imipridone compound ONC201/dordaviprone, initially described as a dopamine receptor D2/3 antagonist and subsequently characterised as a mitochondrial ClpP agonist, demonstrates clinical activity in H3K27M-mutant DMG and induces mitochondrial stress responses. In this review, we examine emerging connections between epigenetic dysregulation, mitochondrial metabolism, and dopamine signalling in DMG. We propose that H3K27M-driven epigenetic reprogramming may impose metabolic constraints that increase tumour reliance on mitochondrial bioenergetics and stress-buffering pathways. Within this context, dopamine signalling may function as a metabolic rheostat that contributes to mitochondrial homeostasis; however, this remains a hypothesis requiring direct experimental validation in DMG models. Pharmacologic disruption of this axis may destabilise tumour metabolism and expose therapeutically exploitable vulnerabilities in this otherwise treatment-resistant disease.",https://pubmed.ncbi.nlm.nih.gov/42512251/,,,parkinsons,(Parkinson Disease[MeSH] OR Parkinson[tiab] OR dopamine[tiab] OR alpha-synuclein[tiab]) AND (treatment[tiab] OR intervention[tiab] OR therapy[tiab]),2026-08-05T17:22:15+00:00,,,,,
PMID_42512116,PubMed,42512116,PMC9556320,10.1038/s41591-022-02026-4,Unconventional Applications of Semaglutide and Tirzepatide: From Oncology to Human Reproduction.,"La Vignera, Sandro; Condorelli, Rosita A",Biomedicines,2026,"Semaglutide and tirzepatide, glucagon-like peptide-1 (GLP-1) and dual glucose-dependent insulinotropic polypeptide (GIP)/GLP-1 receptor agonists, respectively, have revolutionized the management of type 2 diabetes mellitus and obesity. Beyond their established metabolic indications, emerging preclinical and clinical evidence suggests these incretin-based therapies exert pleiotropic effects across multiple organ systems through mechanisms extending beyond glycemic control and weight reduction. This comprehensive review synthesizes current evidence for unconventional applications of semaglutide and tirzepatide across five distinct therapeutic domains: oncology, psychiatry and addiction medicine, orthopedics, aesthetic medicine, and human reproduction. In oncology, both agents demonstrate antitumor activity primarily through immune and metabolic reprogramming rather than direct cytotoxicity, with promising signals in pancreatic, thyroid, breast, and colorectal cancers. In psychiatry, modulation of mesolimbic dopamine reward pathways and GABAergic neurotransmission underlies robust preclinical and observational evidence for reducing alcohol use disorder, substance use, and binge-eating behaviors. Orthopedic applications include clinically meaningful improvements in knee osteoarthritis pain and function, though bone health signals remain mixed. Aesthetic medicine faces the dual challenge of managing GLP-1 receptor agonist-associated facial volume loss while exploring therapeutic potential in inflammatory dermatoses. In reproductive medicine, metabolic improvements translate to benefits in polycystic ovary syndrome and male fertility, though periconception safety concerns persist. Across all domains, evidence derives predominantly from preclinical models, observational cohorts, and pharmacoepidemiologic studies, with randomized controlled trials remaining limited. This review critically evaluates mechanisms, efficacy signals, safety considerations, and research priorities for each application domain, providing a roadmap for translating unconventional uses of semaglutide and tirzepatide into evidence-based clinical practice.",https://pubmed.ncbi.nlm.nih.gov/42512116/,,,parkinsons,(Parkinson Disease[MeSH] OR Parkinson[tiab] OR dopamine[tiab] OR alpha-synuclein[tiab]) AND (treatment[tiab] OR intervention[tiab] OR therapy[tiab]),2026-08-05T17:22:15+00:00,,,,,
PMID_42511874,PubMed,42511874,PMC10497048,10.2147/jir.s414739,"Low-Dose Ionizing Radiation and Myalgic Encephalomyelitis/Chronic Fatigue Syndrome (ME/CFS): A Review of Recent Evidence and Future Research Directions Toward the Elucidation of a Metabolic, Immunologic, and Signaling Cascade.","Rusin, Andrej; Cocchetto, Alan; Mothersill, Carmel",International journal of molecular sciences,2026,"Myalgic encephalomyelitis/chronic fatigue syndrome (ME/CFS) is an idiopathic, multisystem disorder marked by debilitating fatigue, post-exertional malaise, cognitive dysfunction and neuroinflammation. Its etiology remains unclear, yet emerging evidence implicates a complex interplay between immune dysregulation, metabolic impairment, mitochondrial bioenergetics, and environmental stressors such as viral infection or low-dose ionizing radiation (LDIR). To develop treatments for ME/CFS, it is essential to identify suitable targets for therapy. In this narrative review, we discuss recent findings on the overlap of ME/CFS with LDIR effects and examine potential mechanistic links that may arise from LDIR-induced bystander effects (RIBEs). We highlight potential candidate biomarkers that bridge these domains: mitochondrial respiratory dysfunction, altered ornithine transport via SLC25A15 (ORNT1), possible roles of CD38 in the context of immunity and NAD+ depletion, cyclin D1-dependent metabolic reprogramming and modulation of gene expression, and α-synuclein as a potential neuroinflammatory damage-associated molecular pattern (DAMP). While the involvement of these biomarkers in ME/CFS is yet to be confirmed experimentally, evidence from in vitro studies of irradiated cells, exosome profiling, and patient samples suggests that RIBEs can, in theory, produce prominent cellular ME/CFS phenotypes through associated mechanisms, including those exhibiting oxidative stress, impaired ATP production, and immune modulation. We propose a hypothetical, exploratory model wherein LDIR initiates or contributes to adaptive metabolic shifts (including CD38 upregulation and cyclin D1 stabilization) that, coupled with persistent bystander signaling, could potentially culminate in chronic fatigue and neurocognitive symptoms in some reported ME/CFS cases. Finally, we outline a research agenda encompassing the establishment of standardized diagnostic criteria, multi-omics profiling of patient cohorts, exosome analysis, functional mitochondrial assays, and targeted therapeutic trials focusing on possible anti-CD38 antibodies and NAD+ precursor therapy. By integrating recent findings in low-dose radiation biology with ME/CFS pathophysiology, this review aims to promote interdisciplinary investigations that may uncover mechanistic insights and novel biomarkers for diagnosis and treatment of ME/CFS. We further review steps in a proposed model taking us from low-dose radiation exposure to a number of possible targets.",https://pubmed.ncbi.nlm.nih.gov/42511874/,,,parkinsons,(Parkinson Disease[MeSH] OR Parkinson[tiab] OR dopamine[tiab] OR alpha-synuclein[tiab]) AND (treatment[tiab] OR intervention[tiab] OR therapy[tiab]),2026-08-05T17:22:15+00:00,,,,,
PMID_42511714,PubMed,42511714,PMC13360827,10.3390/ijms27135672,Spiramide and Hydroquinidine Inhibit Proliferation and Migration While Promoting Apoptosis and Oxidative Stress in Neuroblastoma Cells.,"Gümüş, Evren; Keskin, İlknur; Yıldırım, Ezgi; Kavak, Servet; Demircan, Turan",International journal of molecular sciences,2026,"Neuroblastoma is an aggressive pediatric malignancy with limited therapeutic options for high-risk disease, underscoring the need for alternative treatment strategies. Drug repurposing offers a promising approach to accelerate the identification of effective anti-cancer agents. In this study, we investigated the anti-carcinogenic effects of hydroquinidine, a class IA antiarrhythmic ion channel blocker, and spiramide, a dopamine D2/serotonin 5-HT2 receptor antagonist and endoplasmic reticulum stress inducer, in SH-SY5Y human neuroblastoma cells. Cells were treated with increasing concentrations of each compound and evaluated using cell viability, colony formation, wound healing, proliferation, apoptosis, and quantitative gene expression assays. Both compounds induced a dose-dependent reduction in cell viability, with spiramide exhibiting greater potency than hydroquinidine. Functional assays revealed significant suppression of clonogenic survival, cell migration, and DNA synthesis, accompanied by increased oxidative stress and cell death. Molecular analyses demonstrated coordinated transcriptional regulation of apoptosis- and cell cycle-related genes, characterized by upregulation of BAX, CDKN1A, and CDKN1B, and downregulation of BCL-2 and CCND1. Notably, spiramide consistently produced stronger cytotoxic and wound-closure inhibitory effects, suggesting a greater contribution of oxidative stress- and apoptosis-associated pathways. Collectively, these findings indicate that hydroquinidine and spiramide disrupt neuroblastoma cell growth through complementary stress- and cell cycle-associated pathways and identify them as promising candidates for further preclinical evaluation.",https://pubmed.ncbi.nlm.nih.gov/42511714/,,,parkinsons,(Parkinson Disease[MeSH] OR Parkinson[tiab] OR dopamine[tiab] OR alpha-synuclein[tiab]) AND (treatment[tiab] OR intervention[tiab] OR therapy[tiab]),2026-08-05T17:22:15+00:00,,,,,
PMID_42511602,PubMed,42511602,PMC9435303,10.1016/j.addicn.2022.100019,Nucleus Accumbens Hyperactivity and mPFC-NAc Circuit Dysfunction Promote Self-Injurious Behavior in Rats.,"Chen, Yanmei; Zuo, Zhonghui; Luo, Di; Ni, Yiling; Yang, Liqiang; Zhu, Shicong; Zhang, Jichuan",International journal of molecular sciences,2026,"Self-injurious behavior (SIB) is a devastating and potentially life-threatening action with high prevalence in adolescents and patients with neuropsychiatric disorders. Accumulating evidence indicates that disruptions in multiple cellular and circuit mechanisms underlie vulnerability to SIB. We used an inducible SIB rat model to study synaptic modification during SIB. At 0.5 and 1 h after bilateral injection of muscimol (1.0 μg/side) into the rat endopeduncular nucleus (EP, a rodent homolog of the internal globus pallidus (GPi)), which induced SIB in rats, expression of the α-amino-3-hydroxy-5-methyl-4-isoxazole-propionic acid receptor (AMPAR) subunit 1 (GluA1) and the phosphorylation of GluA1 at Ser831 and Ser845 were tested in the lateral habenula (LHb), ventral tegmental area (VTA), nucleus accumbens (NAc), amygdala, and medial prefrontal cortex (mPFC) of the rat brain. We also tested if modulation of NAc activity with a GABAA receptor agonist or antagonist or dopamine receptor agonist or antagonist or inhibiting the mPFC-NAc pathway affected SIB in rats. At 1 h after EP inhibition, total GluA1 expression and phosphorylated GluA1 were decreased in the mPFC, VTA, and NAc, but were increased in the amygdala compared with control rats. When the EP was inhibited by 0.2 μg/side muscimol, hyperactivation of the NAc increased SIB in rats. However, if the EP was inhibited by 1.0 μg/side muscimol, hyperactivation of the NAc had no effects on SIB. Inhibiting the mPFC-NAc pathway increased wound areas in rats with SIB. At the onset of SIB, excitatory synaptic transmission is simultaneously dampened in the reward and control circuitry (VTA, NAc, mPFC) and potentiated in the aversion circuitry (amygdala), indicating that SIB is associated with molecular signatures suggestive of a shift from reward to threat processing. Hyperactivation of the NAc increased SIB incidence in rats, but administration of dopamine receptor agonists and antagonists into the NAc did not significantly affect the incidence of SIB in this study. These findings provide a novel mechanistic perspective on SIB, offering a basis for the treatment of SIB.",https://pubmed.ncbi.nlm.nih.gov/42511602/,,,parkinsons,(Parkinson Disease[MeSH] OR Parkinson[tiab] OR dopamine[tiab] OR alpha-synuclein[tiab]) AND (treatment[tiab] OR intervention[tiab] OR therapy[tiab]),2026-08-05T17:22:15+00:00,,,,,
PMID_42510886,PubMed,42510886,PMC12786970,10.3390/ijms27010486,Mitochondrial Quality Control and Pathogenic Signaling Networks in Parkinson's Disease.,"Zhang, Xiaobing; Li, Huiyu; Zhao, Jiaxin; Tang, Jiawen; Li, Xiaoqing; Li, Pengjing; Zhao, Qingyun; Wang, Qi; Zou, Wei",Current issues in molecular biology,2026,"The second most prevalent neurodegenerative illness in the world, Parkinson's disease (PD), currently has no viable treatments. Although it is yet unknown if mitochondrial dysfunction is an initial event or evolves as a result of neurodegeneration, it is thought to be a crucial component of Parkinson's disease etiology. From the perspective of mitochondrial quality control (MQC), which includes PINK1/Parkin-mediated mitophagy, mitochondrial dynamics, and mitochondrial proteostasis, this article examines mitochondrial dysfunction. Together, these processes preserve mitochondrial homeostasis and prevent the buildup of damaged mitochondria. Dysfunctional mitochondria gradually build up and cause oxidative stress and aberrant cellular signaling when mitochondrial quality control is compromised. According to available data, mitochondrial reactive oxygen species (mtROS) primarily worsen pre-existing mitochondrial damage by encouraging α-synuclein aggregation, cardiolipin remodeling, and dopamine oxidation. In addition, innate immune pathways like cGAS-STING and TLR9 signaling can be triggered by mitochondrial damage-associated molecular patterns (mtDAMPs), especially mitochondrial DNA, which can lead to long-term neuroinflammatory reactions in PD. While new research suggests that m6A RNA modification may be involved in the regulation of mitochondrial stress, the PINK1/Parkin pathway is crucial for maintaining mitochondrial homeostasis. Therapeutic approaches that target mitophagy augmentation, neuroinflammatory signaling, and mitochondrial protection have garnered increasing attention. In an attempt to improve mitochondrial function and lessen persistent neuroinflammatory activation, future research will probably need to concentrate on combination treatment techniques.",https://pubmed.ncbi.nlm.nih.gov/42510886/,,,parkinsons,(Parkinson Disease[MeSH] OR Parkinson[tiab] OR dopamine[tiab] OR alpha-synuclein[tiab]) AND (treatment[tiab] OR intervention[tiab] OR therapy[tiab]),2026-08-05T17:22:15+00:00,,,,,
PMID_42510722,PubMed,42510722,PMC7360023,10.1371/journal.pbio.3000410,"Sex-Dependent Brain Plasticity in Neurological Disease: From Biological Variability to Adaptive, Compensatory, and Maladaptive Trajectories.","Avitabile, Alessandro; Rusciano, Dario; Amato, Roberta; Cannizzaro, Ludovica; Gagliano, Caterina",Biology,2026,"Brain plasticity is often described as the capacity of the nervous system to change in response to development, experience, injury, disease, or treatment. That definition is useful, but it can obscure two clinically important points: plasticity is biologically constrained, and change is not always beneficial. This narrative review examines sex-dependent brain plasticity as a context-sensitive process rather than as a simple male-female contrast. We distinguish four operational outcomes of plasticity: (i) reparative plasticity, which restores structure or function; (ii) compensatory plasticity, which preserves performance through alternative or more costly strategies; (iii) insufficient plasticity, in which reorganization is too weak or unstable to sustain function; and (iv) maladaptive plasticity, in which plastic change reinforces dysfunction, pain, excitability, rigidity, or decline. We also define adaptive reserve as the integrated capacity of neural, glial, vascular, immune, metabolic, endocrine, and gene-regulatory systems to support useful reorganization under stress. The review evaluates endocrine, synaptic, neuroimmune, mitochondrial, vascular, stress-related, and epigenetic mechanisms, indicating where evidence for sex-dependent effects is relatively strong and where it remains indirect, inconsistent, or context-dependent. Disease examples include autism spectrum disorder, attention-deficit/hyperactivity disorder, epilepsy, intellectual disability, Alzheimer's disease, Parkinson's disease, amyotrophic lateral sclerosis, Huntington's disease, traumatic and ischemic injury, multiple sclerosis, chronic pain, aging, and systemic metabolic or inflammatory disorders. Throughout, biological sex is separated from gender-related social, diagnostic, and health-care determinants. We conclude that therapeutic strategies should not aim simply to enhance plasticity, but to guide it by matching intervention, timing, dose, biological readiness, and monitoring to the patient's adaptive state.",https://pubmed.ncbi.nlm.nih.gov/42510722/,,,parkinsons,(Parkinson Disease[MeSH] OR Parkinson[tiab] OR dopamine[tiab] OR alpha-synuclein[tiab]) AND (treatment[tiab] OR intervention[tiab] OR therapy[tiab]),2026-08-05T17:22:15+00:00,,,,,
PMID_42510702,PubMed,42510702,PMC12389397,10.3390/ph18081141,"Cinnamic Acid Attenuates Ciprofloxacin-Induced Depression-like Behavior via Modulation of Neuroinflammation, Oxidative Stress, and Neurotransmitter Homeostasis in the Hippocampus-Prefrontal Cortex Axis.","Alizade, Ares; Akman, Nur",Biology,2026,"Ciprofloxacin (CPX) has been associated with neuropsychiatric adverse effects; however, its contribution to depression-like behaviors and the underlying neurobiological mechanisms remain insufficiently characterized. Previous studies have indicated that cinnamic acid (CA) may exert protective actions in the nervous system by modulating oxidative and inflammatory pathways. Nevertheless, its effectiveness in preventing CPX-induced neurobehavioral impairments remains largely unknown. The present study aimed to investigate whether CA attenuates CPX-induced depression-like behaviors through modulation of neuroinflammation and oxidative stress. This study included 60 male Swiss albino mice distributed among six experimental groups (n = 10). Animals were assigned to receive a vehicle, CPX administered at 80 mg/kg, CPX combined with CA at doses of 50, 100, or 200 mg/kg, or CPX together with FLX (20 mg/kg) throughout the 14-day treatment period. Behavioral alterations were assessed using social interaction, forced swimming, tail suspension, and sucrose preference paradigms. In addition, hippocampal and prefrontal cortex tissues were examined for oxidative stress markers (MDA, GSH, and CAT), pro-inflammatory cytokines (TNF-α, IL-1β, and IL-6), and neurotransmitters (serotonin, dopamine, and GABA) using ELISA-based assays. CPX administration induced significant depression-like behaviors, evidenced by reduced social interaction, increased immobility, and anhedonia (p < 0.05). These behavioral alterations were associated with increased lipid peroxidation, impaired antioxidant defense, elevated pro-inflammatory cytokine levels, and decreased monoaminergic and GABAergic neurotransmission in both HIP and PFC regions. CA treatment significantly improved CPX-induced behavioral and neurochemical alterations. Among the tested doses, the 100 mg/kg regimen produced the most consistent response, accompanied by reduced neuroinflammatory activity and restoration of neurotransmitter levels, particularly in the hippocampus. In conclusion, CA mitigated CPX-induced behavioral deficits and neurochemical alterations, an effect that may be attributed to its regulatory influence on oxidative stress, neuroinflammatory processes, and neurotransmitter balance within the HIP-PFC pathway. Collectively, the findings indicate that CA may have therapeutic relevance in reducing the neuropsychiatric consequences associated with CPX exposure.",https://pubmed.ncbi.nlm.nih.gov/42510702/,,,parkinsons,(Parkinson Disease[MeSH] OR Parkinson[tiab] OR dopamine[tiab] OR alpha-synuclein[tiab]) AND (treatment[tiab] OR intervention[tiab] OR therapy[tiab]),2026-08-05T17:22:15+00:00,,,,,
PMID_42510637,PubMed,42510637,PMC8167596,10.1096/fj.202101302rr,Neuroprotective Effects of Polyphenol-Rich Corinthian Currant Against a Rotenone Parkinson's Disease Model: Mitigation of MAO-B and Pro-Inflammatory Cytokines Upregulation in Motor and Limbic Brain Regions.,"Fanarioti, Eleni; Tsarouchi, Martha; Mountaki, Christina; Karathanos, Vaios; Chroni, Angeliki; Dermon, Catherine R","Antioxidants (Basel, Switzerland)",2026,"Parkinson's disease (PD) is a progressive neurodegenerative disorder of motor function, while at advanced stages it includes memory deficits and neuropsychiatric conditions. It is characterized primarily by the loss of dopaminergic neurons in the substantia nigra pars compacta (SNpc) and reduced dopamine levels in the striatum. Accumulating evidence highlights the role of polyphenols against oxidative stress and neuroinflammatory processes, underlying key factors of PD pathogenesis. The present study used a rotenone rat model to determine the involvement of inflammatory cytokines in the basal ganglia, hippocampus, basolateral amygdala, and prefrontal cortex and to evaluate the potential of black Corinthian currant, a fruit abundant in antioxidant polyphenols, to attenuate brain inflammatory responses. Rotenone is known to trigger oxidative stress by inhibiting mitochondrial complex I and thus induce dopaminergic neurodegeneration, further amplified by inflammation. Our findings clearly demonstrated that rotenone treatment resulted in significant increases in pro-inflammatory cytokines as well as MAO-B expression within the rat brain motor and limbic regions. Importantly, dietary supplementation with black Corinthian currant mitigated rotenone-induced overexpression of IL-1β, TNFα, and MAO-B. Moreover, double immunofluorescence suggested the microglial localization of these inflammatory markers in SNpc. Overall, our data highlight the neuroprotective potential of dietary Corinthian currant polyphenols, modulating glial-mediated neuroinflammation in a rotenone PD model.",https://pubmed.ncbi.nlm.nih.gov/42510637/,,,parkinsons,(Parkinson Disease[MeSH] OR Parkinson[tiab] OR dopamine[tiab] OR alpha-synuclein[tiab]) AND (treatment[tiab] OR intervention[tiab] OR therapy[tiab]),2026-08-05T17:22:15+00:00,,,,,
PMID_42510613,PubMed,42510613,PMC12512717,10.1021/acschemneuro.6b00414,Lactobacillus reuteri DSM 17938 and Its Supernatant Ameliorate Parkinson's Disease in Association with Modulation of Gut Microbiota and Its Tryptophan Metabolism.,"Su, Bin; Meng, Fanying; Lu, Yao; Zhang, Yunlong; Wang, Tingting; Zhang, Yuxin; Liu, Jiajia; Lin, Lianbing","Antioxidants (Basel, Switzerland)",2026,"Parkinson's disease (PD) is a neurodegenerative disorder associated with gut dysbiosis and tryptophan metabolism disturbance, but the mechanisms of probiotic action are unclear. We orally administered Lactobacillus reuteri DSM 17938 live bacteria (1.0 × 109 CFU/mL, 0.2 mL) or its fermentation supernatant lyophilized powder at three concentrations to MPTP-induced PD male C57BL/6J mice. Treatments increased locomotor distance and speed, elevated serum SOD and GSH, reduced MDA, TNF-α, IL-6, and IL-1β, promoted neuronal survival, and tended to increase TH expression in the substantia nigra. 16S rRNA sequencing showed that treatments altered gut microbiota composition. PD mice had increased Lactobacillus and Allobaculum but decreased Oscillospira and Helicobacter; treatments restored Oscillospira. Fecal untargeted metabolomics revealed disturbed tryptophan metabolism in PD, with elevated indoleacetic acid and reduced kynurenic acid, xanthurenic acid, indole-3-ethanol, and α-oxo-1H-indole-3-propanoic acid. Treatments significantly restored neuroprotective metabolites including kynurenic acid, xanthurenic acid, and serotonin. PICRUSt2 predicted tryptophan synthesis pathway-associated microbes (Oscillospira, Ruminococcus, Coprococcus). Treatments ameliorated motor deficits, oxidative stress, inflammation, and dopaminergic neuron death, correlating with gut microbiota modulation and accumulation of microbiota-derived tryptophan metabolites. Live bacteria showed superior antioxidant and neuroprotective efficacy compared to supernatant, likely due to sustained colonization and continuous metabolic activity. These findings suggest that targeting key tryptophan-metabolizing bacteria or their metabolites may be a potential PD therapy.",https://pubmed.ncbi.nlm.nih.gov/42510613/,,,parkinsons,(Parkinson Disease[MeSH] OR Parkinson[tiab] OR dopamine[tiab] OR alpha-synuclein[tiab]) AND (treatment[tiab] OR intervention[tiab] OR therapy[tiab]),2026-08-05T17:22:15+00:00,,,,,
PMID_42510553,PubMed,42510553,PMC3692355,10.1111/j.1471-4159.2008.05697.x,Integrin α5β1 Activation by PHSRN Peptide Elicits Neuroprotection and Functional Recovery in Parkinson's Disease Mice.,"Wu, Cheng-Chun; Wang, Hao-Kuang; Su, Yu-Ting; Ho, Yu-Cheng; Hsieh, Yuan-Chin; Liang, Cheng-Loong; Lee, Yung-Kuo; Chu, Tian-Huei; Lin, Yun-Shin; Chen, Jui-Sheng","Antioxidants (Basel, Switzerland)",2026,"Parkinson's disease (PD) is characterized by progressive dopaminergic neurodegeneration driven by oxidative stress, mitochondrial dysfunction, synaptic loss, and impaired neurotrophic signaling; however, the role of integrin α5β1 in neuronal vulnerability remains unclear. Here, the data show that rotenone-induced stress reduces integrin α5 expression in a dose- and time-dependent manner, leading to increased ROS accumulation, glutathione imbalance, synaptic degeneration, senescence-like β-gal activity, and apoptosis, whereas integrin α5 knockdown further exacerbates these deficits, supporting a protective role of α5β1. In contrast, treatment with the fibronectin-derived α5β1-activating peptide Ac-PHSRN-NH2 restores integrin signaling by engaging the FAK-PI3K-AKT/ERK cascade and NRF2-mediated antioxidant responses, thereby reducing oxidative stress, suppressing cell death, and improving redox homeostasis. Moreover, PHSRN enhances NGF and BDNF levels, preserves synaptic integrity, and promotes dopaminergic neuronal activity and dopamine release. Consistently, in MPTP-lesioned mice, PHSRN preserves nigral TH-positive neurons, reduces apoptosis, restores neurotrophic support, and improves motor function. Collectively, these findings identify integrin α5β1 as a critical protective axis and support PHSRN as a potential disease-modifying therapeutic strategy for PD.",https://pubmed.ncbi.nlm.nih.gov/42510553/,,,parkinsons,(Parkinson Disease[MeSH] OR Parkinson[tiab] OR dopamine[tiab] OR alpha-synuclein[tiab]) AND (treatment[tiab] OR intervention[tiab] OR therapy[tiab]),2026-08-05T17:22:15+00:00,,,,,
PMID_42510161,PubMed,42510161,PMC4051758,10.1371/journal.pone.0099271,Serum FGF-23 and α-Klotho Levels in Prolactinoma and Non-Tumoral Hyperprolactinemia: An Exploratory Cross-Sectional Comparative Study.,"Altuğ, Abdullah; Yıldırım Arı, Fatma Zehra; Mızrak, Mithat; Gürsu, Mehmet Ferit; Kaymaz, Tuğçe; Dönder, Emir; Yılmaz, Ahmet","Diagnostics (Basel, Switzerland)",2026,"Background/Objectives: This study aimed to evaluate serum fibroblast growth factor-23 (FGF-23) and α-Klotho levels in patients with prolactinoma and patients with non-tumoral hyperprolactinemia and to explore their discriminatory performance for prolactinoma. Methods: Seventy-three participants were included in this single-center, cross-sectional comparative study: non-tumoral hyperprolactinemia (n = 14), prolactinoma (n = 29), and healthy controls (n = 30). All patients with prolactinoma had received dopamine agonist therapy for at least six months. Serum FGF-23 and α-Klotho were measured by ELISA, and between-group comparisons, correlation analyses, linear regression analyses, and receiver operating characteristic (ROC) analyses were performed. Results: FGF-23 concentrations differed significantly among the groups (overall p < 0.001). Post hoc analysis showed that FGF-23 concentrations were significantly higher in the prolactinoma group [236.10 (107.70-667.90) pg/mL] than in healthy controls [138.75 (49.40-253.60) pg/mL] (adjusted p < 0.001), whereas the difference between the prolactinoma and non-tumoral hyperprolactinemia groups [166.20 (100.30-327.20) pg/mL] was not statistically significant (adjusted p = 0.075). α-Klotho concentrations were significantly higher in the prolactinoma group [2.908 (1.376-6.257) ng/mL] than in both the non-tumoral hyperprolactinemia group [2.244 (1.432-5.139) ng/mL] (adjusted p = 0.038) and healthy controls [2.204 (0.149-4.917) ng/mL] (adjusted p < 0.001). In pooled analyses, both biomarkers showed positive correlations with prolactin and weak negative correlations with hemoglobin. However, prolactin and hemoglobin were not independently associated with either biomarker after multivariable adjustment. The non-tumoral hyperprolactinemia group did not differ significantly from healthy controls for either biomarker. For distinguishing prolactinoma from non-tumoral hyperprolactinemia, the AUCs were 0.741 for FGF-23, 0.732 for α-Klotho, and 0.862 for the exploratory combined model. Conclusions: Dopamine agonist-treated prolactinoma was characterized by higher circulating FGF-23 concentrations than those in healthy controls and by higher α-Klotho concentrations than those in both healthy controls and patients with non-tumoral hyperprolactinemia. Exploratory ROC analyses suggested moderate discriminatory performance for the individual biomarkers and higher apparent performance for the combined model; however, these findings should be interpreted cautiously and require validation in larger, treatment-naïve cohorts.",https://pubmed.ncbi.nlm.nih.gov/42510161/,,,parkinsons,(Parkinson Disease[MeSH] OR Parkinson[tiab] OR dopamine[tiab] OR alpha-synuclein[tiab]) AND (treatment[tiab] OR intervention[tiab] OR therapy[tiab]),2026-08-05T17:22:15+00:00,,,,,
PMID_42509854,PubMed,42509854,PMC9066743,10.1016/j.bbrc.2009.01.162,Lithium as a Potential Neuroprotective Strategy in Glaucoma: Mechanisms and Therapeutic Perspectives.,"Alessio, Martucci; Giulia, Napoleoni; Annagrazia, Adornetto; Francesco, Aiello; Raffaele, Mancino; Massimo, Cesareo; Giacinto, Bagetta; Carlo, Nucci; Romano, Enrico; Rossella, Russo",Biomolecules,2026,"Glaucoma is a major global health concern, identified as the foremost cause of irreversible blindness, affecting nearly 95 million individuals. It is characterized by the progressive degeneration of retinal ganglion cells (RGCs), leading to significant vision-related disabilities and an extensive socio-economic impact. The concept that glaucoma should be viewed not solely as an ocular condition but also as a neurodegenerative disorder, sharing pathophysiological features with diseases like Alzheimer's and Parkinson's, is now widely accepted. This review examines the convergence of molecular mechanisms, including the roles of amyloid precursor proteins and neuroinflammation, that contribute to RGC loss. Notably, lithium, traditionally used as a mood stabilizer, has emerged as a potential neuroprotective agent for the treatment of Alzheimer's disease. In light of the common neurodegenerative mechanisms linking glaucoma with central neurodegenerative diseases, here, we review the current evidence supporting lithium's therapeutic potential in glaucoma, emphasizing the need for further clinical studies to determine its effectiveness in preserving optic nerve health and improving patient outcomes.",https://pubmed.ncbi.nlm.nih.gov/42509854/,,,parkinsons,(Parkinson Disease[MeSH] OR Parkinson[tiab] OR dopamine[tiab] OR alpha-synuclein[tiab]) AND (treatment[tiab] OR intervention[tiab] OR therapy[tiab]),2026-08-05T17:22:15+00:00,,,,,
PMID_42509706,PubMed,42509706,,10.2174/011570159x457429260706102249,Molecular Mechanisms and Therapeutic Strategies in Parkinson's Disease: From Pathogenic Signaling to Drug Development.,"Shen, Zhihui; Cheng, Jiaxin; Wang, Linlin; Hou, Qiongqiong",Current neuropharmacology,2026,"Parkinson's Disease (PD) is the second most common neurodegenerative disease after Alzheimer's Disease (AD), yet no effective disease-modifying therapy is currently available. Its pathogenesis is highly complex, involving multiple interacting pathological processes, which poses substantial challenges for therapeutic intervention. Moreover, PD often has a prolonged prodromal phase and lacks sufficiently sensitive and specific diagnostic methods for early-stage detection, further limiting timely identification and treatment. Current pharmacological therapies mainly provide symptomatic relief, but their long-term use is frequently associated with reduced efficacy and motor complications. Therefore, the development of novel therapeutic strategies and potential disease-modifying agents remains an urgent priority. This review systematically summarizes the molecular mechanisms and biomarkers associated with PD, outlines current symptomatic treatments, and discusses emerging therapeutic candidates in clinical development, with particular emphasis on disease-modifying strategies. By integrating pathogenic mechanisms, diagnostic advances, and therapeutic progress, this review aims to provide a comprehensive perspective to support the development of more effective interventions for PD.",https://pubmed.ncbi.nlm.nih.gov/42509706/,,,parkinsons,(Parkinson Disease[MeSH] OR Parkinson[tiab] OR dopamine[tiab] OR alpha-synuclein[tiab]) AND (treatment[tiab] OR intervention[tiab] OR therapy[tiab]),2026-08-05T17:22:15+00:00,,,,,
PMID_42508713,PubMed,42508713,,10.1016/j.ejphar.2026.179180,"PNU-120596, an α7 nicotinic acetylcholine receptor positive allosteric modulator, attenuates microglial activation and protects dopaminergic neurons from inflammatory injury independently of canonical α7 nicotinic acetylcholine receptor signaling.","Izumi, Yasuhiko; Niwa, Kenta; Kamei, Yuichi; Akaike, Akinori; Koyama, Yutaka; Kume, Toshiaki",European journal of pharmacology,2026,"Neuroinflammation plays an important role in the pathogenesis of Parkinson's disease, with microglial overactivation contributing to dopaminergic neuronal loss. Recent studies indicate that α7 nicotinic acetylcholine (nACh) receptors modulate the inflammatory responses of immune cells. Although α7 nACh receptors are expressed in microglia, their precise role in microglial activation is unclear. In this study, we determined whether α7 nACh receptor stimulation could protect dopaminergic neurons from inflammation-induced injury. Nicotine and PNU-120596, an α7 nACh receptor positive allosteric modulator, significantly attenuated dopaminergic neurotoxicity in primary mesencephalic cultures treated with inflammatory stimuli. However, only PNU-120596 inhibited microglial activation, and this effect was not reversed following treatment with an α7 nACh receptor antagonist, suggesting a mechanism distinct from the classical α7 nACh receptor-mediated signaling. PNU-120596 suppressed inducible nitric oxide synthase (iNOS) expression and signal transducer and activator of transcription 1 (STAT1) phosphorylation, but did not alter the nuclear translocation of nuclear factor-κB. Moreover, in BV2 cells, which lack detectable full-length α7 nACh receptor mRNA, PNU-120596 also suppressed iNOS expression and STAT1 phosphorylation. These results suggest that PNU-120596 exerts anti-inflammatory and neuroprotective effects independently of canonical pathways that are not dependent on classical α7 nACh receptor-mediated signaling.",https://pubmed.ncbi.nlm.nih.gov/42508713/,,,parkinsons,(Parkinson Disease[MeSH] OR Parkinson[tiab] OR dopamine[tiab] OR alpha-synuclein[tiab]) AND (treatment[tiab] OR intervention[tiab] OR therapy[tiab]),2026-08-05T17:22:15+00:00,,,,,
PMID_42508537,PubMed,42508537,,10.1016/j.pbb.2026.174247,Concurrent mGlu2-mGlu4 receptor positive allosteric modulation for L-DOPA-induced treatment-induced complications in the parkinsonian marmoset.,"Frouni, Imane; Kwan, Cynthia; Belliveau, Sébastien; Kang, Woojin; Hamadjida, Adjia; Gourdon, Jim C; Nuara, Stephen G; Bédard, Dominique; Huot, Philippe","Pharmacology, biochemistry, and behavior",2026,"The treatment of advanced Parkinson's disease (PD) remains challenging, with few options to address motor fluctuations and dyskinesia simultaneously. Positive allosteric modulation of metabotropic glutamate 4 (mGlu4) receptors may be a therapeutic option that could alleviate both fluctuations and dyskinesia. mGlu4 receptors form hetero-dimers with metabotropic glutamate 2 (mGlu2) receptors, suggesting that additive anti-parkinsonian and antidyskinetic could be obtained upon dual mGlu2-mGlu4 positive allosteric modulation. Here, the mGlu2 positive allosteric modulator (PAM) LY-487,379 and the mGlu4 PAM ADX-88178 were administered, either alone or together, in combination with L-3,4-dihydroxyphenylalanine (L-DOPA), to 1-methyl-4-phenyl-1,2,3,6-tetrahydropyridine (MPTP)-lesioned marmosets, after which the severity of parkinsonism, dyskinesia and psychosis-like behaviours (PLBs) was assessed. We discovered that each of LY-487,379 and ADX-88178 enhanced the anti-parkinsonian action of L-DOPA and reduced dyskinesia severity when administered separately; when administered concurrently, the resulting anti-parkinsonian (P < 0.001) and anti-dyskinetic (P < 0.01) effects were greater than when both molecules were administered separately. LY-487,379, but not ADX-88178, alleviated L-DOPA-induced PLBs; when the two compounds were administered simultaneously, the resulting anti-psychotic benefit was greater than the effect achieved with LY-487,379 (P < 0.01). Our results indicate that dual mGlu2-mGlu4 positive allosteric modulation results in greater anti-parkinsonian and anti-dyskinetic effects than positive allosteric modulation of either target separately. In addition dual mGlu2-mGlu4 positive allosteric modulation enhances the anti-psychotic effect of selective mGlu2 positive allosteric modulation. Concurrent mGlu2-mGlu4 positive allosteric modulation represents a promising avenue for the treatment of complications in advanced PD.",https://pubmed.ncbi.nlm.nih.gov/42508537/,,,parkinsons,(Parkinson Disease[MeSH] OR Parkinson[tiab] OR dopamine[tiab] OR alpha-synuclein[tiab]) AND (treatment[tiab] OR intervention[tiab] OR therapy[tiab]),2026-08-05T17:22:15+00:00,,,,,
PMID_42508526,PubMed,42508526,,10.1016/j.neuroscience.2026.07.057,Pharmacological potential of wogonin in rotenone induced mice model of Parkinson's disease via targeting GSK-3β.,"Sharma, Kajal; Chib, Shivani; Singh, Thakur Gurjeet; Singh, Randhir",Neuroscience,2026,"Wogonin, a naturally occurring flavonoid derived from Scutellaria species and widely used in traditional East Asian medicine for its anti-inflammatory and antioxidant effects. Although wogonin has demonstrated efficacy against oxidative stress and inflammation, its mechanistic role in Parkinson's disease (PD) remains incompletely understood. The present study investigated the neuroprotective potential of wogonin in a rotenone-induced mice model of PD, with particular emphasis on modulation of glycogen synthase kinase-3β (GSK-3β), a key kinase implicated in dopaminergic neurodegeneration. Swiss albino mice (n = 30) were randomly divided into five groups (six animals each): normal control (0.9% NaCl), rotenone (2 mg/kg, i.p.), wogonin (10 mg/kg, i.p.), wogonin (20 mg/kg, i.p.), and lithium chloride (LiCl; 300 mg/kg, p.o.). Treatments were administered for 21 days. Behavioral assessments, including rotarod, open field, string and narrow beam walk tests were conducted on days 0, 7, 14, and 21. On day 22nd, animals were sacrificed for biochemical, neuroinflammatory and neurotransmitter analysis. Wogonin treatment significantly improved motor coordination, balance and grip strength compared with rotenone treated mice. Biochemical analysis revealed reduced malondialdehyde and nitrite levels along with increased glutathione levels in wogonin treated groups. Enzyme-linked immunosorbent assay demonstrated significant reductions in interleukin-6, caspase-3 and GSK-3β levels accompanied by restoration of striatal dopamine content. In conclusion, wogonin attenuated motor dysfunction, oxidative stress and neuroinflammation in a rotenone induced PD model through inhibition of GSK-3β signaling, highlighting its therapeutic potential against PD.",https://pubmed.ncbi.nlm.nih.gov/42508526/,,,parkinsons,(Parkinson Disease[MeSH] OR Parkinson[tiab] OR dopamine[tiab] OR alpha-synuclein[tiab]) AND (treatment[tiab] OR intervention[tiab] OR therapy[tiab]),2026-08-05T17:22:15+00:00,,,,,
PMID_42507749,PubMed,42507749,PMC3957428,10.1007/s00394-019-02050-0,Dietitian-led intervention to manage constipation in Parkinson's disease: Study protocol for a parallel-group randomized controlled trial (NUTRI-GUT-PD).,"Brendler, Juliana Heitich; da Silva, Khadija Younes; Dall'Alba, Valesca; Martins, Andreza Francisco; Teixeira-Dos-Santos, Daniel; Schuh, Artur Francisco Schumacher; Olchik, Maira Rozenfeld",PloS one,2026,"BACKGROUND: Constipation is a frequent non-motor symptom in Parkinson's Disease (PD). Standard care includes dietary and lifestyle guidance or the use of laxatives. Diet represents a promising non-pharmacological approach, but its management in PD is complex and goes beyond simple dietary recommendations. This study protocol aims to examine whether nutritional counseling delivered by a dietitian is more effective than usual care in reducing constipation symptoms in PD patients.
METHODS: This 90-day randomized controlled superiority trial uses a parallel-group design. A total of 54 outpatients with PD without dementia and fulfilling the Rome IV criteria for functional constipation will be included. Baseline assessments comprise demographics, nutritional evaluation (anthropometric measurements and sarcopenia indicators), neurological assessment, and the Constipation Scoring System (CSS) scores. Participants will perform stool sample collection for microbiota analysis and will be requested to complete three 24-hour dietary recalls over the subsequent week. After baseline, participants will be randomly allocated to either the control group (usual care) or the intervention group (nutritional counseling delivered by a dietitian). At the first study visit, participants will deliver the stool sample and dietary recalls. The intervention will last for 90 days and will include one in person consultations and bi-weekly follow-up phone calls. Nutritional counseling will address four main topics: healthy eating, food processing, fiber and fluid intake, and levodopa interactions with diet. In addition, participants in the intervention group will receive an individualized diet plan. All baseline assessments will be repeated at the 90-day endpoint. The primary outcome is the change in weekly bowel movement frequency from baseline to day 90, measured through the stool diary. Secondary outcomes include CSS, changes in fecal gut microbiota, macronutrient distribution, diet quality, body composition and sarcopenia indicators. Trial registration number: NCT07213856.",https://pubmed.ncbi.nlm.nih.gov/42507749/,,,parkinsons,(Parkinson Disease[MeSH] OR Parkinson[tiab] OR dopamine[tiab] OR alpha-synuclein[tiab]) AND (treatment[tiab] OR intervention[tiab] OR therapy[tiab]),2026-08-05T17:22:15+00:00,,,,,
PMID_42506880,PubMed,42506880,,10.1097/med.0000000000000968,Functioning pituitary adenomas in pregnancy: updates and controversies.,"Varlamov, Elena V; Gheorghiu, Monica L; Fleseriu, Maria","Current opinion in endocrinology, diabetes, and obesity",2026,"PURPOSE OF REVIEW: Fertility and pregnancy in women with functioning pituitary adenomas are often compromised. Advances in surgical, medical and multidisciplinary care have improved outcomes, although important uncertainties remain regarding management before, during, and after pregnancy.
RECENT FINDINGS: Recent systematic reviews and meta-analyses have provided updated evidence on pregnancy outcomes in women with prolactinomas, acromegaly, and Cushing's disease. Although medical therapy is used selectively during pregnancy, studies of cabergoline and bromocriptine have consistently demonstrated overall maternal and fetal safety. Favorable surgical prolactinoma outcomes in specialized centers have led to evolving recommendations, with surgery increasingly considered an alternative to traditional dopamine agonist therapy for selected patients.
SUMMARY: Owing to the relative rarity of functioning pituitary adenomas in pregnancy, current clinical practice and guidelines rely largely on limited retrospective evidence regarding the disease course and outcomes. Although new medical therapies for acromegaly and Cushing's disease are now available, data to support their use in pregnancy are lacking. Management therefore remains individualized and emphasizes shared decision-making.",https://pubmed.ncbi.nlm.nih.gov/42506880/,,,parkinsons,(Parkinson Disease[MeSH] OR Parkinson[tiab] OR dopamine[tiab] OR alpha-synuclein[tiab]) AND (treatment[tiab] OR intervention[tiab] OR therapy[tiab]),2026-08-05T17:22:15+00:00,,,,,
PMID_42506700,PubMed,42506700,PMC7774361,10.1016/j.parkreldis.2019.01.023,Botulinum Toxin in Parkinson's Disease Tremor: A Critical Evaluation of the Evidence and Clinical Practice.,"Mittal, Shivam Om; Jost, Wolfgang H",Toxins,2026,"Approximately 30% of patients with tremor-dominant Parkinson's disease (PD) have rest tremor that persists despite optimal dopaminergic therapy. When deep brain stimulation and focused ultrasound are unavailable or declined, the therapeutic options narrow. Botulinum toxin (BoNT) offers a targeted, titratable, reversible approach, but whether a peripheral neuromuscular blocking agent makes sense for a centrally generated tremor is a legitimate question that deserves a direct answer. This narrative critical review appraises what is currently known across PD and non-PD tremor conditions, defines the technical requirements for safe and effective injection, and provides a practical framework for patient selection and clinical management. The PD-specific literature rests on a single positive double-blind randomized controlled trial of 30 patients; all remaining data are open-label or extrapolated from other tremor conditions, and this narrative synthesis combines heterogeneous conditions, outcome scales, and toxin protocols. A recurring technical observation is that, in the available trials, individualized, EMG-guided injection has been associated with substantially lower rates of hand weakness than fixed-dose injection (reported reductions from roughly 30-70% to below 15%) while maintaining tremor reduction, although the degree of benefit and weakness risk vary with the tremor syndrome, injected muscles, baseline impairment, dose, and guidance method. The careful patient selection this approach requires helps the individual clinician and patient achieve tremor relief, but it departs from the unselected real-world PD population and introduces selection bias that makes a large, statistically representative cohort difficult to assemble. In well-selected patients at centers with the appropriate expertise, BoNT may be a clinically useful option, but routine adoption is not yet supported.",https://pubmed.ncbi.nlm.nih.gov/42506700/,,,parkinsons,(Parkinson Disease[MeSH] OR Parkinson[tiab] OR dopamine[tiab] OR alpha-synuclein[tiab]) AND (treatment[tiab] OR intervention[tiab] OR therapy[tiab]),2026-08-05T17:22:15+00:00,,,,,
PMID_42506308,PubMed,42506308,PMC12796147,10.1097/htr.0000000000000430,Walking as a Window to the Brain: Redefining Gait in Neurology.,"Ortega-Robles, Emmanuel; Treviño, Mario; Manjarrez, Elías; Arias-Carrión, Oscar","Medical sciences (Basel, Switzerland)",2026,"Walking is not merely locomotion but a window into the nervous system, integrating cortical, subcortical, cerebellar, spinal, and peripheral networks into a unified motor behavior. Across neurological diseases-including Parkinson's disease, atypical parkinsonism, cerebellar ataxias, stroke, multiple sclerosis, neuropathies, neuromuscular disorders, and functional gait syndromes-gait disturbances are among the most disabling clinical features, contributing to falls, loss of independence, institutionalization, and premature mortality. Traditional bedside observation remains indispensable, but it lacks the sensitivity and reproducibility needed to capture subtle, episodic, or prodromal abnormalities. Over the past decade, advances in wearable sensors, marker-based and markerless motion capture, pressure-sensitive walkways, force plates, artificial intelligence, and machine learning have positioned digital mobility outcomes as promising, ecologically valid biomarkers of neurological function. These measures can support differential diagnosis, provide prognostic information on falls and survival, and serve as sensitive endpoints in therapeutic trials. They may also detect early abnormalities, such as increased stride-to-stride variability or prolonged double-support time, before overt clinical deterioration becomes evident. Clinical applications are increasingly evident across disorders, including distinguishing Parkinson's disease from atypical parkinsonism, quantifying treatment response in normal-pressure hydrocephalus, tracking progression in ataxia and multiple sclerosis, predicting functional decline in motor neuron disease, and guiding rehabilitation after stroke. Integration with neuroimaging, electrophysiology, and molecular biomarkers is beginning to reveal the circuits underlying variability, instability, and freezing, positioning gait as a systems-level marker of neural integrity. Nevertheless, methodological heterogeneity, limited disease-specific validation, insufficient longitudinal data, and lack of consensus on clinically meaningful parameters continue to constrain translation. Cognitive, affective, and environmental influences also remain insufficiently represented in digital frameworks, while equity, accessibility, algorithmic bias, and privacy require careful ethical governance. Reconceptualizing gait as a ""sixth vital sign"" reframes mobility as a multidimensional biomarker of neural and systemic health. With harmonized protocols, robust validation, multimodal integration, and appropriate ethical frameworks, gait analysis could become a cornerstone of precision neurology.",https://pubmed.ncbi.nlm.nih.gov/42506308/,,,parkinsons,(Parkinson Disease[MeSH] OR Parkinson[tiab] OR dopamine[tiab] OR alpha-synuclein[tiab]) AND (treatment[tiab] OR intervention[tiab] OR therapy[tiab]),2026-08-05T17:22:15+00:00,,,,,
PMID_42505312,PubMed,42505312,PMC7856428,10.1016/8756-3282(94)00042-5,An Ultrasound-Responsive Bio-Adhesive Piezoelectric Hydrogel for Osteoarthritis Cartilage.,"Li, Yuan; Chen, Ziyu; Zhu, Shiyu; Wei, Yan; Geng, Zhen; Huang, Jianping; Li, Mengmeng","Gels (Basel, Switzerland)",2026,"Osteoarthritis (OA) is a degenerative joint disease characterized by progressive loss of articular cartilage and an associated decline in its intrinsic mechanoelectrical signaling. Current osteoarthritis treatments relieve symptoms but fail to prevent cartilage degeneration or restore its native biophysical microenvironment. Here, we present an ultrasound-activated, mussel-inspired bio-adhesive hydrogel that addresses these challenges by recreating the cartilage's piezoelectric cues in situ while achieving stable intra-articular retention under synovial conditions. The hydrogel, denoted SFHD-BT@PDA, consists of a silk fibroin (SF) matrix integrated with dopamine-functionalized hyaluronic acid (HADA) and embedded barium titanate nanoparticles coated with polydopamine (BT@PDA). This multi-level design imparts strong interfacial adhesion to wet cartilage (via catechol-mediated bonding to collagen) and piezoelectric sensitivity to external ultrasound. Under ultrasound stimulation, SFHD-BT@PDA generates localized electrical microcurrents that recruit endogenous MSCs via electrotaxis and subsequently promote their chondrogenic differentiation. In vitro, ultrasound-triggered electrical cues upregulated chondrogenic markers (SOX9, collagen II, aggrecan) in MSCs and activated TGF-β signaling, demonstrating restoration of the pro-anabolic bioelectric microenvironment. In a murine DMM model, the adhesive hydrogel exhibited prolonged retention on cartilage surfaces and, with ultrasound, induced robust cartilage regeneration and OA reversal. Treated joints showed preserved proteoglycan and Type II collagen content, inhibited osteophyte formation, and protection of subchondral bone microarchitecture. In summary, this mussel-inspired piezoelectric hydrogel provides an electromechanical stimulation platform that effectively couples physical cues with bio-adhesion to regenerate cartilage.",https://pubmed.ncbi.nlm.nih.gov/42505312/,,,parkinsons,(Parkinson Disease[MeSH] OR Parkinson[tiab] OR dopamine[tiab] OR alpha-synuclein[tiab]) AND (treatment[tiab] OR intervention[tiab] OR therapy[tiab]),2026-08-05T17:22:15+00:00,,,,,
PMID_42504920,PubMed,42504920,PMC6484359,10.1089/neu.2018.5819,"Exercise, Demethylase FTO, Neurological Disorders, and Neuropathic Pain: Potential Molecular Mechanisms.","Zheng, Yanan; Zheng, Yili; Chen, Peijie; Wang, Xueqiang",CNS neuroscience & therapeutics,2026,"MAIN PROBLEM AND METHODS: This review aims to summarize the role of fat mass and obesity-associated protein (FTO) in neurological disorders and neuropathic pain (NP).
RESULTS: Key findings suggest that in neurological disorders such as Alzheimer's disease, Parkinson's disease, and depression, FTO-regulated m6A modification plays a critical role in the hippocampus and striatum. FTO-mediated m6A modification is involved in the pathological processes of NP. These findings suggest that FTO may serve as a potential therapeutic target for neurological disorders and NP. Common mechanisms may include the regulation of downstream mTOR and BDNF/TrkB signaling pathways, as well as modulation of neuronal excitability and synaptic plasticity. However, research on the relationship between exercise and m6A modification remains in its early stages. Emerging evidence suggests that exercise reduces FTO expression and increases m6A levels in the hippocampus and hypothalamus, indicating that exercise may serve as an effective intervention for modulating epigenetic modifications in the central nervous system.
CONCLUSIONS: This implies that exercise may serve as an effective intervention for modulating epigenetic modifications, potentially by downregulating the demethylase FTO, regulating m6A modification, enhancing synaptic plasticity, modulating neuronal excitability, and providing neuroprotection, thereby contributing to disease mitigation. We hypothesize that exercise may regulate neurological disorders and NP through FTO-mediated m6A modification, with FTO potentially serving as a biomarker.",https://pubmed.ncbi.nlm.nih.gov/42504920/,,,parkinsons,(Parkinson Disease[MeSH] OR Parkinson[tiab] OR dopamine[tiab] OR alpha-synuclein[tiab]) AND (treatment[tiab] OR intervention[tiab] OR therapy[tiab]),2026-08-05T17:22:15+00:00,,,,,
PMID_42504839,PubMed,42504839,PMC1181898,10.1086/380647,In-cell cryo-electron tomography reveals differential effects of type I and type II kinase inhibitors on LRRK2 filament formation and microtubule association.,"Basiashvili, Tamar; Hutchings, Joshua; Chen, Siyu; Karasmanis, Eva P; Flaherty, William Alexander; Leschziner, Andres E; Villa, Elizabeth",eLife,2026,"Mutations in leucine-rich repeat kinase 2 (LRRK2) are a leading contributor to developing familial and idiopathic Parkinson's disease (PD). Most PD-causing LRRK2 mutations increase the kinase activity, leading to increased phosphorylation of Rab GTPases, disrupting vesicular trafficking, cytoskeletal dynamics, and autophagy. Under homeostatic conditions, the bulk of WT and PD-mutant LRRK2 is found in the cellular cytosol. However, exogenously expressed LRRK2 can form microtubule-associated filaments that have been shown to affect molecular transport along microtubules in vitro. While the physiological relevance of microtubule binding has not been established yet, inhibitors being designed and tested as therapeutics have been shown to either promote or prevent filament formation of LRRK2. In this study, we examine the localization and resulting molecular organization of hyperactive LRRK2-I2020T, a common PD mutant, in HEK 293FT cells treated with type I (MLi-2) or type II (GZD-824) kinase inhibitors. Treatment with a type I kinase inhibitor results in extensive LRRK2-I2020T decoration around microtubules and microtubule bundling. Stabilization of LRRK2-I2020T filaments by type I inhibitor treatment allowed us to build a full-length closed-kinase model of LRRK2-I2020T in its cellular environment. Conversely, treatment with a type II inhibitor resulted in minimal microtubule decoration by LRRK2-I2020T compared to type I inhibitor-treated cells. This study provides a structural framework for understanding how type I and type II kinase inhibitors differentially modulate LRRK2 filament formation, demonstrating that type I inhibitor treatment promotes a distinct filament architecture, whereas such assemblies are not observed with type II inhibitors.",https://pubmed.ncbi.nlm.nih.gov/42504839/,,,parkinsons,(Parkinson Disease[MeSH] OR Parkinson[tiab] OR dopamine[tiab] OR alpha-synuclein[tiab]) AND (treatment[tiab] OR intervention[tiab] OR therapy[tiab]),2026-08-05T17:22:15+00:00,,,,,
PMID_42504524,PubMed,42504524,,10.1111/odi.70410,Antipsychotics-Induced Hyposalivation Mediated by Impaired Salivary Ca2+ Signaling.,"Chung, Chaelin; Kim, Soohyun; Kim, Yoo-Bin; Park, Hee-Kyung; Choi, Se-Young",Oral diseases,2026,"OBJECTIVES: Antipsychotic-induced salivary dysfunction such as hyposalivation is a prevalent clinical challenge that severely compromises oral health and quality of life. Although typical and atypical antipsychotics have their therapeutic target in the central nervous system, their direct molecular mechanisms within the salivary glands remain poorly understood. Here we investigated the molecular mechanism underlying hyposalivation induced by antipsychotics: olanzapine, haloperidol, and risperidone.
METHODS: We reanalyzed scRNA-seq data from salivary gland cells, measured the intracellular Ca2+ ([Ca2+]i) in the human salivary gland NS-SV-AC cells, and salivary secretion in the mouse model.
RESULTS: We found a complete absence of dopamine D2 and serotonin 5-HT2A receptor expression in both human and mouse salivary gland cells. Functional assays demonstrated that olanzapine and haloperidol inhibited muscarinic receptor-mediated [Ca2+]i increases, whereas risperidone did not. Notably, these agents did not suppress store-operated calcium entry (SOCE) or purinergic receptor-mediated signaling. Olanzapine shows inhibition of the pilocarpine-induced salivary secretion in a mouse model.
CONCLUSIONS: Our findings indicate that antipsychotic-induced hyposalivation can be driven by the direct peripheral inhibition of muscarinic receptors within the salivary glands, rather than through dopaminergic or serotonergic antagonism, and support the mechanism-based preventive protocols for patients on long-term antipsychotic therapy.",https://pubmed.ncbi.nlm.nih.gov/42504524/,,,parkinsons,(Parkinson Disease[MeSH] OR Parkinson[tiab] OR dopamine[tiab] OR alpha-synuclein[tiab]) AND (treatment[tiab] OR intervention[tiab] OR therapy[tiab]),2026-08-05T17:22:15+00:00,,,,,
PMID_42503576,PubMed,42503576,PMC11944764,10.1111/ejn.70606,Targeting the Microbiota-Gut-Brain Axis: Emerging Nanomedicine Approaches for Neurodegenerative Diseases.,"Mansour, Reda M; Alam-ElDein, Khaled M; Abdel Mageed, Sherif S; El-Sayyad, Gharieb S; Ghanem, Aml; Shaker, Abanoub A S; Mohammed, Osama A; Farag, Dina Adel Attallah; Abdelnaby, Mariam; Hathout, Amira; Adelaziz, Rana Y; Ahmed, Nada E; Mohamed, Marwa Yousry A; Doghish, Ahmed S",The European journal of neuroscience,2026,"The microbiota-gut-brain axis (MGBA) is a bidirectional relationship between the gut microbiota (GM) and the brain, where the GM affects the gastrointestinal tract (GIT) and the central nervous system (CNS), and vice versa. Microbiotas are important for several vital body processes, including metabolism, immunity, and homeostasis. The MGBA has three main pathways: the vagal nerve mechanism, the immune-related mechanism, and the neuroendocrine mechanism. GM imbalance, known as dysbiosis, affects the GIT, the brain, and the CNS. Furthermore, dysbiosis is linked to several neurological disorders such as Alzheimer's (AD), Parkinson's (PD), depression, autism spectrum disorder (ASD), and multiple sclerosis (MS). Studying MGBA gives researchers new therapeutic ideas using microbiota. Using special diets rich in fiber and probiotics, in addition to fecal microbiota transplantation (FMT), is being studied as a new therapy for MGBA. From the point of view that these therapeutic interventions maintain microbiota imbalance, which in turn will affect the brain and can relieve the neurological disorders caused by dysbiosis and MGBA.",https://pubmed.ncbi.nlm.nih.gov/42503576/,,,parkinsons,(Parkinson Disease[MeSH] OR Parkinson[tiab] OR dopamine[tiab] OR alpha-synuclein[tiab]) AND (treatment[tiab] OR intervention[tiab] OR therapy[tiab]),2026-08-05T17:22:15+00:00,,,,,
PMID_42503072,PubMed,42503072,PMC11461232,10.3389/fneur.2024.1429251,Clinical outcomes at 6 months after MRgFUS thalamotomy in Parkinson's disease: a large longitudinal cohort study.,"Pistoia, Francesca; Salfi, Federico; Arrigoni, Francesco; Saporito, Gennaro; Bruno, Federico; Catalucci, Alessia; Pistoia, Maria Letizia; Cesarano, Simone; Sacco, Simona; Splendiani, Alessandra; Sucapane, Patrizia",Journal of neurology,2026,"BACKGROUND: Magnetic resonance-guided focused ultrasound (MRgFUS) is an expanding therapy for tremor in Parkinson's disease (PD). This study aimed to characterize trajectories of tremor and cognitive functions following MRgFUS treatment over 24 hours, 1 month, and 6 months, and to explore potential predictors of outcomes.
METHODS: This single-center, prospective, observational cohort study included PD patients undergoing MRgFUS over a 7-year period. Tremor severity was assessed using the Fahn-Tolosa-Marin Tremor Rating Scale (FTM) and the Movement Disorder Society Unified Parkinson's Disease Rating Scale Part III (MDS-UPDRS-III). Cognitive performance was evaluated using the Mini-Mental State Examination (MMSE) and the Montreal Cognitive Assessment (MoCA).
RESULTS: 107 patients were included. Tremor severity showed a significant time effect (FTM and MDS-UPDRS-III: both p < 0.001), with a marked reduction at 24 hours followed by partial attenuation and stabilization over time, while remaining lower than baseline at 1 and 6 months (both p < 0.001). The 24-hour improvement was greater in patients with longer disease duration, who showed higher baseline severity (p < 0.001) and converged to cohort-level severity at post-treatment timepoints (all p ≥ 0.085). Cognitive status (MMSE and MoCA scores) remained stable throughout follow-up (all p ≥ 0.287). Levodopa equivalent daily dose (LEDD) significantly decreased from baseline to 6 months (F = 19.992, p < 0.001), suggesting a reduced need for dopaminergic treatment following tremor improvement.
CONCLUSIONS: MRgFUS provided meaningful tremor improvement without negative effects on cognition. The significant LEDD reduction at 6 months supports a beneficial medication-sparing effect associated with tremor improvement.",https://pubmed.ncbi.nlm.nih.gov/42503072/,,,parkinsons,(Parkinson Disease[MeSH] OR Parkinson[tiab] OR dopamine[tiab] OR alpha-synuclein[tiab]) AND (treatment[tiab] OR intervention[tiab] OR therapy[tiab]),2026-08-05T17:22:15+00:00,,,,,
PMID_42502530,PubMed,42502530,PMC9060465,10.7759/cureus.111508,Possible Attenuation of Early Weight Loss During Tirzepatide Therapy in a Patient Treated With Levosulpiride: A Case Report and Mechanistic Hypothesis.,"Carducci, Augusto; Di Matteo, Pierfrancesco; Ferri, Claudio; Grassi, Davide",Cureus,2026,"Tirzepatide, a dual glucose-dependent insulinotropic polypeptide (GIP) and glucagon-like peptide-1 (GLP-1) receptor agonist, induces significant weight loss and glycemic improvement. Dopaminergic pathways are critically involved in appetite regulation and reward processing, and the pharmacological modulation of dopamine signaling may influence metabolic responses to incretin-based therapies. We report the case of a 54-year-old woman with obesity and newly diagnosed type 2 diabetes mellitus (T2DM) who initiated tirzepatide therapy while receiving levosulpiride for functional dyspepsia. During the co-administration of tirzepatide 5 mg weekly and levosulpiride, only modest weight reduction was observed, followed by a plateau. After the discontinuation of levosulpiride and the titration of tirzepatide to 7.5 and 10 mg weekly, a marked and progressive reduction in body weight occurred, with an overall loss of 11 kg from baseline. Glycemic control improved substantially (glycated hemoglobin {HbA1c}: 5.0%), and no episode of pancreatitis occurred despite asymptomatic lipase elevation. This case raises the hypothesis of a potential pharmacodynamic interaction between dopaminergic antagonism and incretin receptor agonism, possibly mediated by opposing effects on gastric motility and central reward pathways. Although causality cannot be established, clinicians should consider concomitant neuroactive medications in cases of suboptimal early weight response to dual incretin therapy.",https://pubmed.ncbi.nlm.nih.gov/42502530/,,,parkinsons,(Parkinson Disease[MeSH] OR Parkinson[tiab] OR dopamine[tiab] OR alpha-synuclein[tiab]) AND (treatment[tiab] OR intervention[tiab] OR therapy[tiab]),2026-08-05T17:22:15+00:00,,,,,
PMID_42501761,PubMed,42501761,,10.1016/j.bbr.2026.116400,Effects of early postnatal dopamine transporter (DAT) inhibition on social and cognitive behavior in a rat model of autism.,"Gibula-Tarlowska, Ewa; Grochecki, Pawel; Lubinska, Justyna; Sliwa, Maya; Smaga, Irena; Marszalek-Grabska, Marta; Lubec, Gert; Slowik, Tymoteusz; Slotwinska, Weronika; Kotlinski, Robert; Listos, Joanna; Kedzierska, Ewa; Filip, Malgorzata; Kotlinska, Jolanta H",Behavioural brain research,2026,"Autism spectrum disorder (ASD) is a neurodevelopmental condition characterized by deficits in social behavior and cognition. Increasing evidence suggests that alterations in dopaminergic neurotransmission, including changes in dopamine transporter (DAT) function, may contribute to ASD-related behavioral abnormalities. This study investigated whether selective DAT inhibition during early postnatal development influences behavioral and molecular alterations in a rat model of ASD induced by prenatal exposure to sodium valproate (NaVP). Pregnant Wistar rats received NaVP (600 mg/kg, i.p.) on gestational day 12.5. Male offspring were treated with the selective DAT inhibitor CE-123 (10 mg/kg, i.p.) once daily from postnatal day (PND) 10-23. Behavioral assessments during adolescence (PND25-42) evaluated social interaction, recognition memory, spatial preference, anxiety-like behavior, locomotor activity, and aversive memory. DAT, dopamine D2 receptor, brain-derived neurotrophic factor (BDNF), and interleukin-1β (IL-1β) protein expression were assessed in selected brain regions. Prenatal NaVP exposure impaired social novelty discrimination, declarative, spatial, and aversive memory, reduced locomotor activity, and increased anxiety-like behavior. These behavioral alterations were accompanied by elevated DAT and dopamine D2 receptor expression. Early postnatal CE-123 treatment attenuated several ASD-like behavioral abnormalities, normalized DAT and dopamine D2 receptor expression, increased BDNF levels in the prefrontal cortex (PFC), and increased IL-1β expression, without inducing non-specific locomotor stimulation. Together, these findings demonstrate that early postnatal CE-123 treatment was associated with long-lasting behavioral improvements accompanied by alterations in dopaminergic markers and BDNF expression. Although these findings support a role for dopaminergic regulation and neuroplasticity in the observed behavioral effects, the underlying mechanisms require further investigation.",https://pubmed.ncbi.nlm.nih.gov/42501761/,,,parkinsons,(Parkinson Disease[MeSH] OR Parkinson[tiab] OR dopamine[tiab] OR alpha-synuclein[tiab]) AND (treatment[tiab] OR intervention[tiab] OR therapy[tiab]),2026-08-05T17:22:15+00:00,,,,,
PMID_42501049,PubMed,42501049,,10.1002/1873-3468.70415,The therapeutic opportunities and pitfalls of using iron ion chelators to treat neurodegenerative diseases.,"Halliwell, Barry",FEBS letters,2026,"There is considerable evidence that iron accumulation in the affected brain regions plays a role in the pathology of neurodegenerative diseases, probably because of the ability of iron ions to promote oxidative damage to important biomolecules, such as DNA, RNA, proteins and lipids (leading to lipid peroxidation). Yet recent clinical trials of iron ion-chelating agents in human neurodegenerative diseases have given unimpressive results, in several cases making the diseases worse. In using iron chelators, it is important to remember the basics of their redox chemistry, which could explain their lack of therapeutic effects. This issue is explored here, and the potential of iron ion chelation in the treatment of neurodegeneration is critically evaluated.",https://pubmed.ncbi.nlm.nih.gov/42501049/,,,parkinsons,(Parkinson Disease[MeSH] OR Parkinson[tiab] OR dopamine[tiab] OR alpha-synuclein[tiab]) AND (treatment[tiab] OR intervention[tiab] OR therapy[tiab]),2026-08-05T17:22:15+00:00,,,,,
PMID_42500962,PubMed,42500962,PMC10523198,10.1177/03000605261471271,A novel approach to the management of levodopa-induced dyskinesia using deep transcranial magnetic stimulation: A case report.,"Song, In-Uk; Kim, Byungseok; Chung, Yong An",The Journal of international medical research,2026,"Levodopa-induced dyskinesia remains one of the most prevalent and disabling complications in patients with Parkinson's disease receiving long-term levodopa therapy. Although levodopa-induced dyskinesia can substantially impair the quality of life, therapeutic strategies are often limited to levodopa dose adjustment, amantadine, or deep brain stimulation. These treatment options may be ineffective, poorly tolerated, or declined by some patients. We applied low-frequency deep repetitive transcranial magnetic stimulation over the supplementary motor area in two patients with Parkinson's disease and clinically significant levodopa-induced dyskinesia who had limited conventional treatment options. Both patients completed a 2-week protocol without medication changes and demonstrated short-term reductions in dyskinesia severity, as assessed using the Unified Dyskinesia Rating Scale and motor-complication measures. No serious adverse events occurred. These observations suggest that supplementary motor area-targeted deep repetitive transcranial magnetic stimulation is a feasible noninvasive neuromodulation approach for selected patients with levodopa-induced dyskinesia. However, this is a two-patient case report without sham stimulation or extended follow-up; therefore, the findings should be interpreted as preliminary and hypothesis-generating. Larger controlled studies with objective outcome measures and longer follow-up are needed to determine the efficacy, durability, and optimal stimulation parameters.",https://pubmed.ncbi.nlm.nih.gov/42500962/,,,parkinsons,(Parkinson Disease[MeSH] OR Parkinson[tiab] OR dopamine[tiab] OR alpha-synuclein[tiab]) AND (treatment[tiab] OR intervention[tiab] OR therapy[tiab]),2026-08-05T17:22:15+00:00,,,,,
PMID_42500322,PubMed,42500322,PMC11258611,10.12688/wellcomeopenres.21302.1,Emerging non-D2 receptor-based therapies for schizophrenia: a focus on muscarinic and glutamatergic pathways.,"Wang, Yunxiang; Wang, Jiajia; Zhang, Xiao; Liu, Xudong",Frontiers in psychiatry,2026,"Schizophrenia remains a highly disabling neuropsychiatric disorder, particularly due to the paucity of effective therapeutic interventions for negative symptoms and cognitive deficits. For more than seven decades, antipsychotic drug development has been overwhelmingly centered on dopamine D2 receptor antagonism. A paradigm shift occurred in 2024 with the FDA approval of KarXT, a first-in-class muscarinic acetylcholine receptor agonist selectively targeting M1 and M4 subtypes, marking the first non-D2 receptor-based antipsychotic approved in over 70 years. This review provides a systematic evaluation of emerging non-D2 receptor-based therapeutic strategies for schizophrenia, with particular emphasis on the muscarinic cholinergic pathway (exemplified by KarXT) and the glutamatergic pathway (represented by GlyT1 inhibitors). Phase III clinical trial data demonstrate that KarXT significantly improves both positive and negative symptom domains, exhibits favorable metabolic safety relative to conventional antipsychotics, and shows no evidence of clinically meaningful weight gain or glucose dysregulation. Preliminary evidence from exploratory subgroup analyses suggests potential cognitive benefits in patients with baseline cognitive impairment, but these findings require prospective validation. Long-term safety data remain limited. In contrast, clinical trial outcomes for glutamatergic agents, including GlyT1 inhibitors, have been heterogeneous and inconsistent, leaving the therapeutic viability of this pathway uncertain. Collectively, muscarinic agonism constitutes the first clinically validated non-D2 receptor-based mechanism in schizophrenia treatment. Advancing precision psychiatry will require rigorous head-to-head comparative trials and biomarker-informed patient stratification to extend therapeutic benefits beyond psychosis control to functional and cognitive recovery.",https://pubmed.ncbi.nlm.nih.gov/42500322/,,,parkinsons,(Parkinson Disease[MeSH] OR Parkinson[tiab] OR dopamine[tiab] OR alpha-synuclein[tiab]) AND (treatment[tiab] OR intervention[tiab] OR therapy[tiab]),2026-08-05T17:22:15+00:00,,,,,
PMID_42499998,PubMed,42499998,PMC12452947,10.1073/pnas.2516103122,Neuroinflammation as a failure of allostatic integrity: a hierarchical-circular model of biological memory for pathogenesis in neurodegenerative and neuropsychiatric diseases.,"Ruesga Mundo, Samuel",Frontiers in systems neuroscience,2026,"INTRODUCTION: Chronic neuroinflammation is a hallmark of neurodegenerative diseases (Alzheimer's disease, Parkinson's disease) and neuropsychiatric disorders (major depression, schizophrenia). However, current models fail to explain why some individuals develop persistent neuroinflammation while others maintain homeostasis, nor why similar inflammatory pathology produces such diverse clinical phenotypes.
HYPOTHESIS: We propose that pathological neuroinflammation emerges from a failure of allostatic integrity-the capacity of the organism to maintain adaptive circular information flow across five interconnected levels: (1) genetic architecture and morphogenetic programming, (2) epigenetic molecular memory, (3) allostatic load and systemic physiological adaptation, (4) the psychoneuroimmuneendocrine (PINE) network, and (5) interoceptive-neuronal integration. When this circular flow is disrupted, maladaptive stable states become entrenched, perpetuating chronic inflammation.
DEVELOPMENT OF THE HYPOTHESIS: Synthesizing evidence from longitudinal and mechanistic studies (with foundational older works cited where necessary), we discuss how: (a) early-life stress epigenetically programs inflammatory reactivity; (b) elevated allostatic load predicts chronic neuroinflammation; (c) PINE network dysregulation perpetuates pro-inflammatory signaling; and (d) interoceptive dysfunction may prevent the downregulation of inflammation. Allostatic integrity is introduced as a dynamic systems-level property hypothesized to moderate the relationship between inflammatory pathology and clinical expression.
TESTABLE PREDICTIONS: The framework generates falsifiable predictions: (1) composite indices of allostatic integrity will outperform single biomarkers in predicting transition to chronic neuroinflammation; (2) multidomain interventions targeting multiple levels will produce multiplicative (synergistic) effects; (3) patients with similar inflammatory profiles but contrasting allostatic integrity will show markedly different clinical trajectories; and (4) improvements in allostatic integrity will correlate with reduced neuroinflammation independent of direct anti-inflammatory therapies.
CONCLUSION: The Hierarchical-Circular Model reframes chronic neuroinflammation not as a linear cascade but as a potential systemic failure of biological memory and allostatic integrity. Pending empirical validation, this framework may offer a conceptual basis for biomarker development, multidomain prevention, and personalized treatment strategies.",https://pubmed.ncbi.nlm.nih.gov/42499998/,,,parkinsons,(Parkinson Disease[MeSH] OR Parkinson[tiab] OR dopamine[tiab] OR alpha-synuclein[tiab]) AND (treatment[tiab] OR intervention[tiab] OR therapy[tiab]),2026-08-05T17:22:15+00:00,,,,,
PMID_42499556,PubMed,42499556,PMC7492153,10.1016/j.drudis.2020.09.010,JAK/STAT signaling pathway inhibitors in neurodegenerative diseases: current status and future perspectives.,"Yang, Hai-Xia; Su, Bo-Wei; Bao, Ya-Nan; Wang, Wen-Hao; Lao, Jia-Yi; Ji, Hong-Yu; Han, Shuang; Cui, Xiao-Hui; Ren, Hui-Wen; Luan, Zhi-Lin",Frontiers in aging neuroscience,2026,"Neurodegenerative diseases (NDDs) are a major public health concern characterized by the progressive loss of neurons, ultimately leading to neuronal death and causing a sustained decline in brain function or physical motor abilities. Major examples include Alzheimer's disease (AD) and Parkinson's disease (PD). Currently, NDDs lack effective curative methods, and their pathological process primarily involves misfolded protein aggregation, oxidative stress, and neuroinflammation. The Janus kinase/signal transducer and activator of transcription (JAK/STAT) signaling pathway, as a central hub for cytokine signaling, has recently been found to play a key role in neuroinflammation and immune regulation in NDDs. This review systematically elucidates the core mechanisms of the JAK/STAT pathway in NDDs, including the regulation of microglial and astrocytic reactivity, the impact on blood-brain barrier integrity, and involvement in energy metabolism abnormalities. On this basis, we have reviewed and evaluated various therapeutic strategies targeting this pathway, focusing on small-molecule JAK inhibitors such as baricitinib and tofacitinib, and have analyzed their mechanisms of action, preclinical efficacy, and potential side effects. In addition, this article provides a forward-looking perspective on the future research directions of the JAK/STAT pathway from the perspective of anti-neuroinflammation to promote neuroregeneration therapy, aiming to offer theoretical references and new ideas for the clinical translational research of this pathway.",https://pubmed.ncbi.nlm.nih.gov/42499556/,,,parkinsons,(Parkinson Disease[MeSH] OR Parkinson[tiab] OR dopamine[tiab] OR alpha-synuclein[tiab]) AND (treatment[tiab] OR intervention[tiab] OR therapy[tiab]),2026-08-05T17:22:15+00:00,,,,,
PMID_42499378,PubMed,42499378,PMC3636816,10.1080/01621459.2012.695674,An application of weighted support vector machines to individualized second-line therapy selection after levodopa in Parkinson's disease.,"Pham, Cuong T; Schneider, Ruth B; Venuto, Charles S; Smith, Greta; Brehm, Zachary P; McDermott, Michael P; Ertefaie, Ashkan",Frontiers in human neuroscience,2026,"Parkinson's disease (PD) is a progressive neurological disorder characterized by motor symptoms, with treatment responses varying widely across patients. To address the growing need for individualized treatment strategies, this paper introduces a practical framework for constructing optimal individualized treatment strategies using weighted support vector machines (SVMs). We construct an optimal rule as a function of patients' clinical profiles and demographics using two methods: Outcome-Weighted Learning (OWL), which assumes no unmeasured confounders, and Instrumental Variable Outcome-Weighted Learning (IV-OWL), which accounts for potential unmeasured confounders. To illustrate the application of these methods, we use harmonized and curated clinical data from the NET-PD LS1 and PRECEPT/POSTCEPT studies to estimate the optimal second-line therapy decision rule for supplementing levodopa with either monoamine oxidase B (MAO-B) inhibitors or dopamine receptor agonists (DRA) based on patient characteristics. As an illustrative application, we analyzed two cohorts of patients who initiated second-line therapy within 90 and 180 days of baseline, with sample sizes of 84 and 121, respectively. Although the estimated improvements were not statistically significant, likely due in part to the small sample sizes, the learned IV-OWL rule showed improvement in annualized UPDRS III change compared with the observed treatment strategy and other static treatment strategies. This case study demonstrates the feasibility of applying weighted support vector machines to individualized second-line therapy selection in PD and illustrates the potential value of instrumental variable-based methods in addressing unmeasured confounders.",https://pubmed.ncbi.nlm.nih.gov/42499378/,,,parkinsons,(Parkinson Disease[MeSH] OR Parkinson[tiab] OR dopamine[tiab] OR alpha-synuclein[tiab]) AND (treatment[tiab] OR intervention[tiab] OR therapy[tiab]),2026-08-05T17:22:15+00:00,,,,,
PMID_42499269,PubMed,42499269,PMC4455841,10.1002/cns.71055,"Theta tACS Over the Medial Frontal Cortex Modulates Executive Function in Parkinson's Disease: A Randomized, Sham-Controlled Study.","Dong, Ke; Zhao, Yan; Zhu, Xiaoxia; Li, Jiating; Peng, Bo; Zhang, Yushu; Li, Yongxue; Dai, Guangyan; Liu, Dongxu; Chang, Yichen; Chen, Xi; Liu, Hanjun",CNS neuroscience & therapeutics,2026,"BACKGROUND: Executive dysfunction is a common non-motor symptom of Parkinson's disease (PD) and has been linked to dysfunction of the medial frontal cortex (MFC). This randomized, sham-controlled study investigated whether high-definition transcranial alternating current stimulation (HD-tACS) over the MFC could improve executive function in PD.
METHODS: Twenty-eight PD patients were randomized to receive either active 6-Hz HD-tACS or sham stimulation over the MFC for 10 daily sessions. Executive function was assessed using the Digit Span Test (DST), Trail Making Test (TMT), Verbal Fluency Test (VFT), the Simon task, and the stop-signal task (SST). Functional near-infrared spectroscopy (fNIRS) was employed to assess prefrontal hemodynamic responses during a separate VFT task.
RESULTS: Relative to sham stimulation, active 6-Hz HD-tACS induced significant improvements in TMT-A, TMT-B, and semantic VFT performance, along with reduced VFT-evoked oxyhemoglobin responses in the right dorsolateral prefrontal cortex. Baseline-adjusted post-intervention analyses revealed a smaller Simon effect and a higher inhibition rate in the active HD-tACS group. No significant stimulation-specific effects were observed for forward or backward DST, phonemic VFT, or SST reaction time.
CONCLUSION: These findings provide neurobehavioral evidence that 6-Hz HD-tACS over the MFC may selectively improve executive function in PD, highlighting the potential of oscillatory neuromodulation for cognitive rehabilitation.
TRIAL REGISTRATION: This trial was registered at ClinicalTrials.gov (No. NCT07240272) on November 20, 2025.",https://pubmed.ncbi.nlm.nih.gov/42499269/,,,parkinsons,(Parkinson Disease[MeSH] OR Parkinson[tiab] OR dopamine[tiab] OR alpha-synuclein[tiab]) AND (treatment[tiab] OR intervention[tiab] OR therapy[tiab]),2026-08-05T17:22:15+00:00,,,,,
PMID_42499083,PubMed,42499083,PMC9580215,10.1097/md.0000000000049931,Effect of vitamin D supplementation on clinical outcomes of patients with Parkinson disease: A randomized controlled study.,"Anamnart, Chumpol; Kitjarak, Ram",Medicine,2026,"BACKGROUND: Vitamin D deficiency is linked to Parkinson disease (PD) pathogenesis; however, clinical trial results remain inconclusive. Thus, in this study, we aimed to evaluate the prevalence of vitamin D deficiency in Thai patients with PD and the efficacy of vitamin D3 supplementation on clinical outcomes in a tropical, sun-abundant region.
METHODS: In this randomized controlled trial, we enrolled 60 patients with PD and 60 healthy controls. Patients with PD were randomized 1:1 to receive 2000 IU/d of vitamin D3 or no additional treatment (control) for 12 weeks. Primary outcomes included changes in MDS-UPDRS, Hoehn and Yahr (mH&Y), Thai Mini-Mental State Examination, and PDQ-39 scores. The secondary outcome was the prevalence of vitamin D deficiency (25(OH)D < 20 ng/mL).
RESULTS: At baseline, vitamin D deficiency was significantly more prevalent in patients with PD than in healthy controls (23.2% vs 10.0%, P = .046). After 12 weeks, the vitamin D group showed a significant increase in serum 25(OH)D levels compared to the control group (P < .001, successfully normalizing levels in the deficiency subgroup (30.96 ± 3.18 ng/mL). Although Thai Mini-Mental State Examination scores improved significantly within the vitamin D group (mean difference 1.37, P < .001), a similar improvement occurred in the control group (mean difference 0.93, P = .010), with no significant difference between groups (P = .378). No significant improvements were observed in motor function (MDS-UPDRS, mH&Y) or quality of life (PDQ-39).
CONCLUSION: Vitamin D deficiency is common among Thai patients with PD, despite equatorial proximity. While 2000 IU/d of vitamin D3 safely corrected nutritional deficiency, it provided no significant short-term motor or cognitive benefits.",https://pubmed.ncbi.nlm.nih.gov/42499083/,,,parkinsons,(Parkinson Disease[MeSH] OR Parkinson[tiab] OR dopamine[tiab] OR alpha-synuclein[tiab]) AND (treatment[tiab] OR intervention[tiab] OR therapy[tiab]),2026-08-05T17:22:15+00:00,,,,,
PMID_42498429,PubMed,42498429,,10.1016/j.mcna.2026.01.011,Movement Disorders: Implications in Sleep Medicine.,"Jaison, Vineeth; Gnanaraj, Sam; Shanmugasundaram, Karpagavalli; Ahmed, Noamaan",The Medical clinics of North America,2026,"Movement disorders are abnormally increased or decreased voluntary or involuntary movement in the absence of any weakness or spasticity. Sleep disorders are commonly seen in these due to either the side effect of medications, anatomic substrate involvement in disease progression, or poor control of motor symptoms. Early identification and correct treatment are central to improving the quality of life of the patient. Both hypokinetic and hyperkinetic disorders have a predilection for various types of sleep disorders depending on the anatomic site and neurotransmitter involved. Sleep screening questionnaires are useful for a busy clinic to detect sleep disorders.",https://pubmed.ncbi.nlm.nih.gov/42498429/,,,parkinsons,(Parkinson Disease[MeSH] OR Parkinson[tiab] OR dopamine[tiab] OR alpha-synuclein[tiab]) AND (treatment[tiab] OR intervention[tiab] OR therapy[tiab]),2026-08-05T17:22:15+00:00,,,,,
PMID_42497977,PubMed,42497977,,10.1016/j.brainresbull.2026.112055,Targeting DYNC1I1 attenuates Parkinsonian neurodegeneration and α-synuclein accumulation in cellular and mouse models.,"Li, Yuyu; Xu, Li; Sun, Hui; Ye, Ming; Qian, Weidong; Hu, Panpan",Brain research bulletin,2026,"OBJECTIVE: To investigate the effects of targeting DYNC1I1 in cellular and mouse models of Parkinson's disease (PD).
METHODS: The scRNA-seq dataset GSE243639 was analyzed to prioritize autophagy- and transport-related candidate genes in post-mortem substantia nigra samples from patients with PD and controls. SH-SY5Y cells were treated with 1 mM MPP⁺ for 48 h, and male C57BL/6 mice received MPTP at 30 mg/kg/day for 5 consecutive days. DYNC1I1 was silenced with siRNA in cells and targeted with AAV-DYNC1I1 in mice. Autophagic-lysosomal status was evaluated using tandem mCherry-GFP-LC3B fluorescence and autophagy- and lysosome-related markers. Motor performance was assessed using the pole and rotarod tests.
RESULTS: DYNC1I1 was prioritized as a candidate gene on the basis of PD-associated differential expression, overlap with autophagy-related genes, enrichment in a dopaminergic neuron-related subpopulation, and biological relevance to intracellular transport. In MPP⁺-treated cells, DYNC1I1 knockdown reduced α-synuclein accumulation and phosphorylation and improved autophagic-lysosomal marker profiles. In MPTP-treated mice, AAV-DYNC1I1 treatment improved motor performance and TH-positive signal and reduced α-synuclein pathology and autophagic-lysosomal impairment. AAV-DYNC1I1 treatment was also associated with higher p-PI3K/PI3K and p-AKT/AKT ratios.
CONCLUSIONS: DYNC1I1-targeting interventions attenuated PD-related phenotypes in cellular and mouse models. The observed effects were accompanied by improved autophagic-lysosomal marker profiles and increased PI3K/AKT phosphorylation.",https://pubmed.ncbi.nlm.nih.gov/42497977/,,,parkinsons,(Parkinson Disease[MeSH] OR Parkinson[tiab] OR dopamine[tiab] OR alpha-synuclein[tiab]) AND (treatment[tiab] OR intervention[tiab] OR therapy[tiab]),2026-08-05T17:22:15+00:00,,,,,
PMID_42497964,PubMed,42497964,,10.1016/j.bbr.2026.116380,Multiple stimulations of chemoluminescent-expressing mesenchymal-derived dopaminergic transplants safely reinforce limb-use control restoration during swimming in a unilateral Parkinson's disease model.,"Cammarano, Tommie L; Galik, Stefani M; Anderson, Kevin A; Bloesch, Emily; Dunbar, Gary L; Sandstrom, Michael I",Behavioural brain research,2026,"In Parkinson's disease (PD), dopaminergic (DA) neurons deteriorate within the substantia nigra pars compacta (SNc), causing movement difficulties. This deterioration can be modeled in rats given large, unilateral DA-depleting lesions of the nigrostriatal pathway using the neurotoxin 6-hydroxydopamine. The behavioral benefits promoted by classic L-DOPA pharmacotherapy typically do not include skilled limb use restoration. Among deteriorative diseases, the single neurotransmitter loss in PD allows for a more discrete or focused replacement goal. Stem cell therapy (SCT) would be more likely to help restore skilled limb use if it integrates successfully into the host. We surmise that more stable or persistent PD SCT will require active guidance or context signaling while connecting within a hospitable host environment to integrate successfully and ensure behavior-responsive host control. To explore this, we examined the supportive effects of swimming exercise alone or exercise with transplantation of modified LMO3-containing mesenchymal stem cell (MSC)-derived dopaminergic transplants, and, in both cases with or without varying degrees of swim-correlated direct chemogenic activated optogenetic stimulation of the transplanted cells. We were interested in whether increasing selective and behavior-correlated transplant stimulation more than once during early integration might guide reconstructive events and enhance behavioral improvement following DA loss without producing undesirable repercussions. Our study evaluated forelimb cooperative control in rats using a recorded swimming task to assess exercise/transplant/stimulation-related improvements. Combined transplant stimulation and swimming facilitated transplant-derived forelimb cooperation during swimming after a single exposure. Two distinct stimulations supported this recovery both safely, and more effectively, than just one.",https://pubmed.ncbi.nlm.nih.gov/42497964/,,,parkinsons,(Parkinson Disease[MeSH] OR Parkinson[tiab] OR dopamine[tiab] OR alpha-synuclein[tiab]) AND (treatment[tiab] OR intervention[tiab] OR therapy[tiab]),2026-08-05T17:22:15+00:00,,,,,
PMID_42497857,PubMed,42497857,,10.1016/j.stem.2026.07.002,Dissecting divergent outcomes in stem cell-derived dopamine cell therapy trials for Parkinson's disease.,"Park, Chan Wook; Park, Sanghyun; Chung, Seok Jong; Lee, Phil Hyu; Kim, Dong-Wook",Cell stem cell,2026,"Fetal tissue transplantation established proof-of-concept for dopamine cell replacement in Parkinson's disease but yielded inconsistent outcomes due to limited tissue availability and cellular heterogeneity. Advances in generating high-purity dopamine progenitors from pluripotent stem cells have enabled standardized products that show safety and motor improvement in clinical trials. However, these trials revealed divergent outcomes arising at three levels: between clinical studies, driven by differences in cell products, baseline patient characteristics, or immunosuppressants; between patients, influenced by alloimmune factors, genetic background, or co-pathology; and within patients, where graft survival varies across transplantation sites due to the local microenvironment or surgical technique.",https://pubmed.ncbi.nlm.nih.gov/42497857/,,,parkinsons,(Parkinson Disease[MeSH] OR Parkinson[tiab] OR dopamine[tiab] OR alpha-synuclein[tiab]) AND (treatment[tiab] OR intervention[tiab] OR therapy[tiab]),2026-08-05T17:22:15+00:00,,,,,
PMID_42497468,PubMed,42497468,,10.1016/j.jneuroim.2026.579038,Targeting TLR4/PPARα-mediated neuroinflammation in the prefrontal cortex: S-ketamine and S-HNK rapidly alleviate depression-like behaviors.,"Zhu, Quanfeng; Zhou, Xiaoyue; Gao, Huangling; Wu, Huili; Zheng, Yali",Journal of neuroimmunology,2026,"Neuroinflammation, particularly Toll-like receptor 4 (TLR4)-mediated signaling, plays a critical role in the pathophysiology of depression. This study aimed to investigate the mechanisms by which S-ketamine (S-ket) and S-hydroxynorketamine (S-HNK) modulate TLR4 and peroxisome proliferator-activated receptor alpha (PPARα) signaling in the prefrontal cortex (PFC) to exert antidepressant effects. Male C57BL/6 J mice were subjected to chronic social defeat stress (CSDS) to induce depression-like behaviors. Mice received intraperitoneal administration of S-ket or S-HNK. In a subset of mice, adeno-associated virus expressing TLR4 (AAV-TLR4) or a negative control (NC) was stereotaxically injected into the medial prefrontal cortex (mPFC). Behavioral assessments included the sucrose preference test (SPT), forced swim test (FST), and social interaction test (SIT). Levels of monoaminergic neurotransmitters, including dopamine (DA), serotonin (5-hydroxytryptamine, 5-HT), and norepinephrine (NA), pro-inflammatory cytokines (interleukin (IL)-1β, IL-6, IL-8, and tumor necrosis factor-α (TNF-α)), TLR4, PPARα, indoleamine 2,3-dioxygenase 1 (IDO1), and kynurenine (Kyn) in the PFC were analyzed. CSDS induced depression-like behaviors, decreased DA, 5-HT, and NA levels in the PFC, and increased the expression of pro-inflammatory cytokines IL-1β, IL-6, IL-8, and TNF-α. Treatment with S-ket or S-HNK significantly reversed these behavioral deficits, neurotransmitter alterations, and neuroinflammatory responses. Both compounds also reduced plasma and PFC Kyn levels, upregulated PPARα expression, and downregulated TLR4 and IDO1. Notably, TLR4 overexpression partially abolished the antidepressant and anti-inflammatory effects of S-ket and S-HNK. S-ket and its metabolite S-HNK exert antidepressant effects by modulating the TLR4/PPARα signaling pathway, restoring monoaminergic neurotransmission, and attenuating neuroinflammation.",https://pubmed.ncbi.nlm.nih.gov/42497468/,,,parkinsons,(Parkinson Disease[MeSH] OR Parkinson[tiab] OR dopamine[tiab] OR alpha-synuclein[tiab]) AND (treatment[tiab] OR intervention[tiab] OR therapy[tiab]),2026-08-05T17:22:15+00:00,,,,,
PMID_42496783,PubMed,42496783,PMC10124615,10.1001/jama.2022.18324,The Neurology of Menopause.,"Roeder, Hannah J; Leira, Enrique C",Current neurology and neuroscience reports,2026,"PURPOSE OF REVIEW: Menopause is a neuroendocrine process with important implications for neurological health. This review examines the complex, multidirectional relationships between menopause and major central nervous system conditions, including stroke, migraine, epilepsy, multiple sclerosis, Parkinson's disease, and Alzheimer's disease.
RECENT FINDINGS: Menopause may mark an inflection point for vascular injury, neurodegeneration, and disability accumulation in several neurological conditions. Perimenopausal hormonal fluctuations may exacerbate migraines and seizures in susceptible women. Research increasingly supports the critical window hypothesis for estrogen therapy and highlights the importance of distinguishing reproductive and chronological aging when interpreting neurologic trajectories. Menopause represents an important transition for many conditions. Hormone therapy has heterogenous effects with cognitive benefit in premature ovarian insufficiency, harm related to stroke risk in older women, and greater uncertainty in other conditions. Therefore, individualized risk-benefit assessment is essential. Research gaps remain significant, and menopause should be a priority area for neurologic research.",https://pubmed.ncbi.nlm.nih.gov/42496783/,,,parkinsons,(Parkinson Disease[MeSH] OR Parkinson[tiab] OR dopamine[tiab] OR alpha-synuclein[tiab]) AND (treatment[tiab] OR intervention[tiab] OR therapy[tiab]),2026-08-05T17:22:15+00:00,,,,,
PMID_42496764,PubMed,42496764,PMC8314173,10.1001/jamapediatrics.2021.2511,Increased impulsivity and higher odds of compulsive shopping among cabergoline-treated patients with prolactinoma: a case-control study.,"Daniel, Karla Borges; Glezer, Andrea; de Queiroz, Nara Lima; Correa-Silva, Silvia Regina; Trentin, Marília Bortolotto Felippe; Fujiwara, Mariana Tazima; Benetti-Pinto, Cristina Laguna; Kasuki, Leandro; Tavares, Leonardo Andrade Gontijo; do Rosário, Pedro Weslley Souza; Garmes, Heraldo Mendes",Pituitary,2026,"UNLABELLED: Dopamine agonists, particularly cabergoline, are the first-line treatment for prolactinomas, but have been associated with impulse control disorders (ICDs). However, data on impulsivity and related behaviors in this population remain limited and inconsistent.
OBJECTIVE: To evaluate impulsivity and ICDs in patients with prolactinoma treated with cabergoline and to compare these findings with healthy controls.
METHODS: This case-control study included 131 patients with prolactinoma receiving cabergoline and 131 healthy controls. Impulsivity was assessed using the Barratt Impulsiveness Scale (BIS-11), and ICDs were evaluated using specific questionnaires addressing hypersexuality, gambling, compulsive shopping, and punding. Multivariable analyses were performed to assess independent associations.
RESULTS: Patients treated with cabergoline exhibited higher overall impulsivity, reflected by increased BIS-11 scores and a higher proportion of individuals with increased impulsivity (BIS-11 ≥ 60). Attentional impulsivity remained significantly higher in patients after multivariable adjustment. Patients also had more than fourfold higher odds of compulsive shopping compared with controls, whereas no significant differences were observed for other ICDs. Lower educational level was also associated with higher impulsivity across all BIS-11 domains and with compulsive shopping.
CONCLUSION: Patients with prolactinoma treated with cabergoline exhibit increased impulsivity, particularly in the attentional domain, along with higher odds of compulsive shopping. These results highlight the role of dopaminergic modulation and the influence of sociodemographic factors, supporting the importance of actively assessing impulsivity during clinical follow-up.",https://pubmed.ncbi.nlm.nih.gov/42496764/,,,parkinsons,(Parkinson Disease[MeSH] OR Parkinson[tiab] OR dopamine[tiab] OR alpha-synuclein[tiab]) AND (treatment[tiab] OR intervention[tiab] OR therapy[tiab]),2026-08-05T17:22:15+00:00,,,,,
PMID_42496424,PubMed,42496424,PMC12450203,10.1007/s40120-025-00793-z,Neuroprotective Potential of Synaptamide in MPTP-Induced Parkinson's Disease.,"Manzhulo, Igor; Kipryushina, Yuliya; Gromova, Ekaterina; Manzhulo, Olga; Milkina, Elena; Ivashkevich, Darya",Pathophysiology : the official journal of the International Society for Pathophysiology,2026,"BACKGROUND/OBJECTIVES: Parkinson's disease (PD) is a multifactorial neurodegenerative disorder characterized by dopaminergic neuron loss, α-synuclein pathology, neuroinflammation, and cognitive decline. Synaptamide (N-Docosahexaenoylethanolamine (DHEA)) is an endogenous lipid mediator with documented anti-inflammatory and neurogenic properties, but its effects in PD models remain unexplored. This study aimed to evaluate the neuroprotective potential of synaptamide in a subchronic MPTP-induced mouse model of PD.
METHODS: Male C57BL/6 mice received MPTP (30 mg/kg/day, i.p., 5 days) with or without synaptamide (10 mg/kg/day, s.c., 13 days). Behavioral tests (open field, Y-maze, elevated plus maze, novel object recognition (NOR)) were performed, followed by immunohistochemical analysis of tyrosine hydroxylase (TH)-positive neurons in the substantia nigra, and Western blotting for α-synuclein, p-α-synuclein, TH, and IL1β in brain homogenates and serum. In vitro Neuro-2a cells were co-treated with MPP+ (100 µM) and synaptamide (0.1-10 µM) for cytotoxicity assessment (MTS assay).
RESULTS: Synaptamide (10 µM) significantly attenuated MPP+-induced cytotoxicity in Neuro-2a cells. In vivo, MPTP caused a marked loss of TH+-neurons in the substantia nigra, which was prevented by synaptamide treatment. Importantly, this subchronic MPTP model recapitulates early biochemical alterations (e.g., α-synuclein phosphorylation at Ser129) rather than mature Lewy body pathology, a limitation that should be considered when interpreting these findings. Although no motor deficits or anxiety-like behavior were observed, the NOR test revealed MPTP-induced long-term memory impairment, which was fully restored by synaptamide.
CONCLUSIONS: These findings suggest that synaptamide may exert effects on pathological processes associated with PD, warranting further investigation into its potential role in combination or supportive therapy for this disease.",https://pubmed.ncbi.nlm.nih.gov/42496424/,,,parkinsons,(Parkinson Disease[MeSH] OR Parkinson[tiab] OR dopamine[tiab] OR alpha-synuclein[tiab]) AND (treatment[tiab] OR intervention[tiab] OR therapy[tiab]),2026-08-05T17:22:15+00:00,,,,,
PMID_42496299,PubMed,42496299,PMC10890663,10.3390/jpm14020166,"Infection-Associated Pediatric Acute-Onset Neuropsychiatric Syndrome: A Review of Immunological Mechanisms, Clinical Phenotypes, and Therapeutic Strategies.","Lim, Enoch Chi Ngai; Cheng, Nga Chong Lisa; Lim, Chi Eung Danforn",Infectious disease reports,2026,"BACKGROUND/OBJECTIVES: Pediatric acute-onset neuropsychiatric syndrome (PANS) describes the rapid onset of obsessive-compulsive symptoms or severe food restriction, accompanied by neuropsychiatric or somatic features that are not better explained by another disorder. PANDAS (Pediatric Autoimmune Neuropsychiatric Disorders Associated with Streptococcal infections) is a related, more narrowly defined construct in which symptoms are temporally associated with group A Streptococcus infection. This review examines clinical symptoms, infectious associations, proposed immune mechanisms, biomarker limitations, and treatment strategies for infection-associated PANS/PANDAS.
METHODS: A structured narrative search of PubMed/MEDLINE, Embase, the Cochrane Library, Google Scholar/publisher-indexed literature, ClinicalTrials.gov, and reference lists was performed up to 16 June 2026. Original cohorts, case series, systematic reviews, narrative reviews, consensus guidance, mechanistic studies, and registered prospective studies were prioritized. The review was not designed as a PRISMA-ScR scoping review; however, the methods were expanded to improve transparency and align with SANRA principles.
RESULTS: Group A Streptococcus remains the best characterized infectious association, although prospective studies have not uniformly demonstrated a consistent temporal relationship between streptococcal infection and neuropsychiatric exacerbations. Parent-reported surveys and case-based literature also describe temporal associations with Mycoplasma pneumoniae, influenza-like illnesses, upper respiratory infections, Borrelia burgdorferi, Epstein-Barr virus, and SARS-CoV-2. Proposed mechanisms include molecular mimicry, anti-D1R and anti-D2R antibodies, other antineuronal antibodies, calcium/calmodulin-dependent protein kinase II signaling, blood-brain barrier vulnerability, cytokine and Th17 effects, neuroinflammatory amplification, basal ganglia/CSTC circuit dysfunction, and gut-oral-brain immune interactions. None currently provides a definitive diagnostic biomarker.
CONCLUSIONS: Infection-associated PANS is best approached as a clinically defined, heterogeneous neuroimmune presentation that requires rigorous differential diagnosis, multidisciplinary care, cautious treatment escalation, prospective biomarker validation, and large, multicenter treatment trials.",https://pubmed.ncbi.nlm.nih.gov/42496299/,,,parkinsons,(Parkinson Disease[MeSH] OR Parkinson[tiab] OR dopamine[tiab] OR alpha-synuclein[tiab]) AND (treatment[tiab] OR intervention[tiab] OR therapy[tiab]),2026-08-05T17:22:15+00:00,,,,,
PMID_42496114,PubMed,42496114,,10.1227/neu.0000000000004173,Management of Anticoagulation Therapy in Focused Ultrasound Thalamotomy: A Series of 687 Patients.,"Akras, Zade; Glaser, Adam; Mazurek, Mercy; Chua, Melissa M J; McDannold, Nathan; Cosgrove, G Rees; Rolston, John D",Neurosurgery,2026,"BACKGROUND AND OBJECTIVES: Magnetic resonance-guided focused ultrasound (MRgFUS) is an effective minimally invasive treatment of medication-refractory tremor. Risk of intracranial hemorrhage may prompt interruption of antiplatelet or anticoagulant medications. We present a large, single-center experience evaluating the safety of MRgFUS with continued antithrombotic therapies.
METHODS: We performed a retrospective review of 687 patients who underwent MRgFUS for tremor with postprocedure MRI. In February 2023, our institution changed its practice to no longer interrupt antithrombotic therapy before procedures. Hemorrhage rates, thromboembolic events, active medications, and sonication parameters were analyzed before and after this change in practice.
RESULTS: There were zero intracranial hemorrhages across the entire cohort, including 179 patients with continued antithrombotic therapy at the time of procedure. There were no significant differences in maximum temperature (61.0°C vs 61.6; P = .135), maximum energy (17 354.6 J vs 17 723.7 J; P = .704), or number of sonications (5.8 vs 5.9; P = .461) between patients on antithrombotic therapy and patients not on therapy. There were no reported thromboembolic events associated with antithrombotic therapy interruption in the pre-2023 cohort.
CONCLUSION: Our series of 179 uncomplicated MRgFUS cases performed while on continued antithrombotic therapy may suggest that continuing antithrombotic therapy during MRgFUS is reasonable in select patients.",https://pubmed.ncbi.nlm.nih.gov/42496114/,,,parkinsons,(Parkinson Disease[MeSH] OR Parkinson[tiab] OR dopamine[tiab] OR alpha-synuclein[tiab]) AND (treatment[tiab] OR intervention[tiab] OR therapy[tiab]),2026-08-05T17:22:15+00:00,,,,,
PMID_42495982,PubMed,42495982,,10.1080/14622416.2026.2706504,Evaluation of dopamine transporter gene variations in Turkish children with attention deficit hyperactivity disorder treated with methylphenidate adverse effects.,"Pekkoc-Uyanik, Kubra Cigdem; Bayindir, Melik Yigit; Akdemir, Muhammet Fatih; Aydin Okuyan, Aybike; Tarakcioglu, Mahmut Cem; Ozyazgan, Sibel; Todurga Seven, Zeynep Gizem",Pharmacogenomics,2026,"AIM: Attention-deficit hyperactivity disorder (ADHD) is a common childhood psychiatric disorder, with methylphenidate (MPH) as the first-line treatment. MPH primarily exerts its effects by inhibiting the dopamine transporter (DAT); therefore, variants in the DAT1 gene may affect susceptibility to its adverse effects.
METHODS: This study included 47 children and adolescents diagnosed with ADHD according to DSM-5-TR criteria who were receiving MPH treatment. MPH-related adverse effects were assessed using the Barkley Stimulants Side Effects Rating Scale. Participants were categorized into groups based on whether they experienced adverse effects. The exons of the DAT1 gene were sequenced using NGS.
RESULTS: A total of 16 variants were identified in the DAT1 gene, including intronic, untranslated region, synonymous, splice-region, and splice polypyrimidine tract variants. One rare intronic deletion variant, c.1032-44_1032-42del, was classified as a VUS. Genetic association analyses identified significant associations for rs1042098 under the genotypic (p = 0.003; BH q = 0.019) and dominant (p = 0.037; BH q = 0.091) models, and for rs6876890 under the genotypic model (p = 0.008; BH q = 0.044).
CONCLUSIONS: Our findings suggest that specific DAT1 gene polymorphisms, particularly rs1042098 and rs6876890, may be associated with MPH-related adverse effects in children and adolescents with ADHD.",https://pubmed.ncbi.nlm.nih.gov/42495982/,,,parkinsons,(Parkinson Disease[MeSH] OR Parkinson[tiab] OR dopamine[tiab] OR alpha-synuclein[tiab]) AND (treatment[tiab] OR intervention[tiab] OR therapy[tiab]),2026-08-05T17:22:15+00:00,,,,,
PMID_42495865,PubMed,42495865,,10.1002/hbm.70616,Multimodel Diffusion MRI Signatures in Atypical Parkinsonian Disorders.,"Tian, Yuqi; Ali, Farwa; Machulda, Mary M; Lowe, Val J; Josephs, Keith A; Whitwell, Jennifer L",Human brain mapping,2026,"Distinguishing atypical parkinsonian disorders (APS) from Parkinson's disease (PD) remains challenging due to overlapping clinical features, yet accurate differentiation is critical for prognosis and treatment. Here, we employed multimodel diffusion MRI (dMRI) analysis to characterize microstructural alterations across corticobasal syndrome (CBS), progressive supranuclear palsy-Richardson syndrome (PSP-RS), and PD, with the aim of identifying which dMRI model and regional metrics show the strongest group-level separation. We analyzed 25 CBS, 42 PSP-RS, and 21 PD participants compared to 35 age and sex-matched controls. Using a clinically feasible 3-shell high angular resolution diffusion imaging (HARDI) protocol, we applied 11 metrics from five complementary dMRI models-diffusion tensor imaging (DTI), free-water-eliminated model of DTI (FWE), neurite orientation dispersion and density imaging (NODDI), tissue-weighted NODDI, and fixel density (FD) in fixel-based analysis (FBA)-to comprehensively assess regional white and gray matter integrity. Group differentiation was quantified using covariate-adjusted Cohen's d effect sizes and spearman correlations were assessed between dMRI metrics and clinical scales. Distinct microstructural signatures were observed across disorders, and the sensitivity of the dMRI models differed. In group contrasts, DTI and NODDI-derived metrics consistently captured the strongest effects in midbrain and peduncular pathways for PSP-RS, whereas precentral and corticospinal alterations in CBS were most prominent using NODDI and FBA measures. Free-water-corrected metrics showed attenuated group differences. Across clinical-diffusion analyses, NODDI metrics exhibited the most robust associations with disease severity, while DTI and FWE measures detected more limited, regionally constrained effects. Together, these findings highlight complementary yet distinct sensitivities of tensor, free-water, multicompartment, and fixel-based models to APS-related neurodegeneration.",https://pubmed.ncbi.nlm.nih.gov/42495865/,,,parkinsons,(Parkinson Disease[MeSH] OR Parkinson[tiab] OR dopamine[tiab] OR alpha-synuclein[tiab]) AND (treatment[tiab] OR intervention[tiab] OR therapy[tiab]),2026-08-05T17:22:15+00:00,,,,,
PMID_42495713,PubMed,42495713,PMC9866357,10.3390/ijms24021558,Mechanisms of neurotoxicity of fluoride or aluminum: implications for neurodegenerative disease risk.,"Wang, Zhilin; Baker, Tracie R; Malin, Ashley J",Current research in toxicology,2026,"Fluoride and aluminum are two naturally abundant elements with widespread industrial uses. Fluoride is also added to community water supplies as a public health intervention for dental cavity prevention. However, findings from animal studies show potential links of fluoride and aluminum exposure with neurodegenerative disease risk, particularly at high exposure levels. This review uniquely examines neurochemical and neurobiological impacts of fluoride and aluminum exposure as well as whether these processes may increase the risk of common and rare neurodegenerative diseases, including dementia, Parkinson's Disease, and motor neuron disease. Fluoride and aluminum can cross the blood-brain barrier and accumulate in neural tissue, where they can interact to produce neurotoxic effects. Chronic exposure to fluoride and aluminum can cause oxidative stress, mitochondrial dysfunction, brain inflammation, and disruption of essential ions. These effects can contribute to impaired nerve signaling, cell damage, and protein aggregation-key factors in neurodegeneration. Co-exposure to aluminum-fluoride complexes may worsen these effects by increasing amyloid buildup and causing nerve cell death, although more research on aluminum-fluoride interactions is needed. Additionally, many animal studies include relatively high fluoride or aluminum exposure levels, and epidemiological human data are scarce, particularly for less common neurodegenerative diseases. Moreover, these studies often rely on ecological or occupational exposure measures rather than individual biomarkers. Findings of this narrative review underscore the need for methodologically rigorous longitudinal human studies on fluoride, aluminum and neurodegenerative disease risk, particularly given the mechanistic basis for these potential associations.",https://pubmed.ncbi.nlm.nih.gov/42495713/,,,parkinsons,(Parkinson Disease[MeSH] OR Parkinson[tiab] OR dopamine[tiab] OR alpha-synuclein[tiab]) AND (treatment[tiab] OR intervention[tiab] OR therapy[tiab]),2026-08-05T17:22:15+00:00,,,,,
PMID_42495570,PubMed,42495570,PMC2858583,10.1002/mds.22557,The Efficacy and Safety of Monoclonal Antibodies That Target Alpha-Synuclein in Parkinson's Disease: A Systematic Review.,"Coles, Daniel; Kalyana, Anish; Khalil, Sameer; Chauhan, Dhyana; Rupasinghe, Thiara; Costello, Charlie; Batla, Amit; Young, Tim",Parkinson's disease,2026,"BACKGROUND: Parkinson's disease is a progressive neurodegenerative disorder with no currently approved disease-modifying therapies. Alpha-synuclein targeting monoclonal antibodies provide a potential therapeutic strategy.
OBJECTIVES: To evaluate published studies of the efficacy and/or safety of monoclonal antibodies that target alpha-synuclein in human subjects.
METHODS: A systematic review of peer-reviewed journal articles was conducted. PubMed, Embase and Scopus were searched up to March 2, 2025. Results were synthesised narratively. Risk of bias was assessed, and sensitivity analysis excluding studies with high risk was performed.
RESULTS: After screening 1509 papers, 10 publications incorporating a total of 13 studies were included. These assessed Prasinezumab, Cinpanemab, Exidavnemab and Lu-AF82422 with heterogeneity amongst studies. Tolerability was generally favourable across all studies. Cinpanemab showed almost no efficacy, whilst Prasinezumab demonstrated mixed motor symptom improvements. Safety profiles for all monoclonal antibodies reflected mostly consistent rates of adverse events. Six studies were removed in the sensitivity analysis due to high risks of bias, which reduced Prasinezumab's apparent efficacy findings.
CONCLUSIONS: The efficacy of monoclonal antibodies in Parkinson's disease remains uncertain with most positive results coming from the studies with high risks of bias. Prasinezumab demonstrated an efficacy profile with the potential of significance, warranting further research. This lack of efficacy reported with Cinpanemab is consistent with the manufacturer's decision to discontinue it. Safety data on Exidavnemab and Lu-AF82422 in healthy volunteers support further investigation in Parkinson's disease patients. Future trials may benefit from the inclusion of subjects at earlier disease stages, diagnosed before clinical features have emerged. Trial Registration: ClinicalTrials.gov identifier: NCT03100149.",https://pubmed.ncbi.nlm.nih.gov/42495570/,,,parkinsons,(Parkinson Disease[MeSH] OR Parkinson[tiab] OR dopamine[tiab] OR alpha-synuclein[tiab]) AND (treatment[tiab] OR intervention[tiab] OR therapy[tiab]),2026-08-05T17:22:15+00:00,,,,,
PMID_42495269,PubMed,42495269,PMC4717232,10.1007/s00415-021-10685-5,Freezing of gait and the effects of vibrotactile cueing in Parkinson's disease-a study protocol of a cross-sectional multimodal brain imaging approach in virtual walking scenarios.,"Göcking, Tim; Stojan, Robert; Maas, Stefan A; Kutz, Dieter F; Voelcker-Rehage, Claudia",Frontiers in neuroscience,2026,"BACKGROUND: Freezing of gait (FOG) is one of the most debilitating motor symptoms in Parkinson's disease (PD), affecting a substantial proportion of people with PD. Numerous hypothetical mechanisms exist, attempting to explain FOG. Current evidence originated from stationary measures in lying positions, limiting the understanding of neurophysiological changes elicited by FOG episodes during regular locomotion. Neurophysiological aspects of FOG, especially in response to vibrotactile cueing, have been explored only by a few studies. To address this gap, the current study aims to investigate FOG episodes in people with PD and the impact of vibrotactile cueing while walking through virtual environments on a self-paced treadmill.
METHODS: Thirty people with Parkinson's Disease and FOG will be recruited. They will undergo screening and familiarization before performing different walking tests in virtual reality using the Gait Real-time Analysis Interactive Lab (GRAIL). Participants will perform two experimental blocks, each consisting of four walking trials of approximately 10 min. A break of 10 to 30 min will be provided between blocks. Walking with or without vibrotactile cueing will be performed in alternation. During walking, electrocortical (EEG), hemodynamic (fNIRS), kinematic data (3D motion capture), and kinetic data (force plates) will be recorded. Data will be analyzed to investigate spatiotemporal and frequency characteristics of electrocortical and hemodynamic brain activity related to FOG and the impact of vibrotactile cueing on neural signatures and gait improvements in FOG.
DISCUSSION: Combining neurophysiological measurements of EEG and fNIRS paired with kinematics and kinetics will provide insights into the cortical and behavioral changes associated with FOG and vibrotactile cueing, to derive results that can be used for the design of intervention strategies for treating PD.
STUDY PROTOCOL REGISTRATION: https://drks.de/search/de/trial/DRKS00034584, identifier DRKS00034584.",https://pubmed.ncbi.nlm.nih.gov/42495269/,,,parkinsons,(Parkinson Disease[MeSH] OR Parkinson[tiab] OR dopamine[tiab] OR alpha-synuclein[tiab]) AND (treatment[tiab] OR intervention[tiab] OR therapy[tiab]),2026-08-05T17:22:15+00:00,,,,,
PMID_42494717,PubMed,42494717,PMC6680214,10.1016/j.parkreldis.2025.107579,"Clinical and Cost-Effectiveness of the ""UCL Live Well With Parkinson's"" Toolkit: A Randomised Controlled Trial.","Schrag, Anette; Kantilal, Kumud; Rookes, Tasmin; Gardner, Benjamin; Ambler, Gareth; Hunter, Rachael; Davies, Nathan; Atkinson, Catherine; Schartau, Patricia; Adeleke, Mariam; Gonzalez, Lina; Wang, Jiunn; Carmody, Maria; Walters, Kate",The Lancet regional health. Europe,2026,"BACKGROUND: Self-management approaches in people with Parkinson's disease (PD) have potential to improve patient outcomes and reduce complications leading to hospital admissions. We aimed to evaluate the clinical and cost-effectiveness of the UCL Live Well with Parkinson's toolkit, a facilitated self-management intervention for people with PD.
METHODS: This two-arm randomised controlled trial in England (Trial Registration: ISRCTN92831552) recruited community-dwelling people with PD from NHS sites and self-referral. They were randomly assigned to the intervention or treatment as usual (TAU), and assessed at baseline, 6- and 12-month follow-up. The primary outcome was the PDQ-39 score, a PD-specific health-related quality of life measure, at 12-months with planned subgroup analyses. Secondary outcomes included non-motor and motor activities of daily living (MDS-UPDRS part I&II), utility values and QALYs derived from the EQ-5D-5L, and total health and social care costs over 12-months. The economic evaluation was based on cost-utility analysis using cost per QALY. All assessors were blinded to group allocation. Analysis was by intention to treat.
FINDINGS: 166 participants were randomised to the intervention and 180 to TAU, with 12-month follow-up assessments available in 141 (84.9%) and 164 (91.1%), respectively. The primary endpoint (PDQ-39 score) was similar for patients in the intervention and TAU groups (-1.03; 95% CI (-3.03 to 0.97)). Subgroup analyses of PDQ-39 scores in underserved groups however favoured the intervention (-4.0; 95% CI (-6.8 to -1.1)). The combined MDS-UPDRS part I + II score was improved in the intervention compared to the TAU group (-2.61; 95% CI (-4.58 to -0.64)). QALYs were not different between groups (0.018; 95% CI (-0.006 to 0.042) but total health and social care costs over 12-months were lower in the intervention group compared to TAU (-£1282; 95% CI (-£2700 to -£118)), driven mainly by reduced unplanned hospital admissions. Adverse events were similar in both groups. The Live Well with Parkinson's intervention alongside TAU was 99% cost-effective compared to TAU at a decision threshold of £20,000 per QALY and 98% at £30,000.
INTERPRETATION: The UCL Live Well with Parkinson's toolkit did not significantly improve health-related quality of life scores overall but improved activities of daily living and reduced health-care costs in comparison to TAU, mainly through reduced unplanned hospital admissions.
FUNDING: National Institute for Health and Care Research RP-PG-1016-20001.",https://pubmed.ncbi.nlm.nih.gov/42494717/,,,parkinsons,(Parkinson Disease[MeSH] OR Parkinson[tiab] OR dopamine[tiab] OR alpha-synuclein[tiab]) AND (treatment[tiab] OR intervention[tiab] OR therapy[tiab]),2026-08-05T17:22:15+00:00,,,,,
PMID_42494362,PubMed,42494362,,10.1177/1877718x261463936,Regulatory endorsement for the application of α-synuclein seed amplification assay as a susceptibility and risk biomarker for clinical trials targeting synucleinopathies.,"Stephenson, Diane; Concha-Marambio, Luis; Lanz, Tom; Merchant, Kalpana; Brockmann, Kathrin; King, Nicholas; Carrillo, Laura; Pedata, Anne; Kocherla, Harsha; Hutten, Samantha J; Critical Path for Parkinson's Consortium",Journal of Parkinson's disease,2026,"Transformation in the neurosciences in biomarkers is enabling novel therapeutic strategies targeting earlier stages of disease prior to onset of clinical symptoms. Emerging progress in the area of synucleinopathies, including Parkinson's disease (PD) and dementia with Lewy bodies (DLB) have significant implications for clinical trials. Misfolded α-synuclein aggregates (syn-seeds) propagate by templated misfolding of native α-synuclein, driving disease spread. The advent of the α-synuclein seed amplification assay (syn SAA) now enables highly sensitive and specific detection of syn-seeds in cerebrospinal fluid (CSF), allowing in vivo identification of underlying α-synuclein pathology, including in individuals prior to the onset of motor symptoms.To support regulatory alignment, the Critical Path Institute's Critical Path for Parkinson's (CPP) consortium compiled and evaluated the totality of scientific evidence in the area of syn SAA as an in vivo measure of misfolded alpha synuclein in CSF and submitted it to the U.S. Food and Drug Administration (FDA) in a request for a Biomarker Letter of Support (LoS). Within three months of submission, the FDA issued a LoS endorsing CSF syn SAA as a susceptibility and risk biomarker for use in clinical trials targeting α-synuclein-related neurodegenerative diseases, enabling enrichment of participants with underlying pathology and reducing trial risk. These data have enabled the development of biological classification frameworks for synucleinopathies that define disease based on molecular pathology rather than clinical symptoms alone.This review summarizes the regulatory-grade evidence supporting syn SAA and discusses its implications for biologically driven clinical trial design and early-intervention strategies.",https://pubmed.ncbi.nlm.nih.gov/42494362/,,,parkinsons,(Parkinson Disease[MeSH] OR Parkinson[tiab] OR dopamine[tiab] OR alpha-synuclein[tiab]) AND (treatment[tiab] OR intervention[tiab] OR therapy[tiab]),2026-08-05T17:22:15+00:00,,,,,
PMID_42493620,PubMed,42493620,PMC3876818,10.1124/mol.113.087346,Synthetic cooling agents enhance nicotine reinforcement and mesolimbic dopamine signaling.,"Maddox, Sarah K; Mensah, Esther N; Young, Lauren E; Strcula, Hannah D; Perelman, Shane V; Sword, M Kyle; Henderson, Brandon J",Neuropsychopharmacology : official publication of the American College of Neuropsychopharmacology,2026,"Flavor additives in electronic delivery systems (ENDS) have been shown to enhance nicotine reinforcement. Although some states and cities have pursued implementation of menthol bans, synthetic coolants such as WS-3 and WS-23 have emerged as substitutes. In this study, we investigated the impact of WS-3 and WS-23 on nicotine self-administration behavior and dopamine (DA) release in the nucleus accumbens (NAc) core. To model nicotine reinforcement, we used an E-Vape® self-administration (EVSA) assay and observed that male and female mice exposed to nicotine plus WS-3 and WS-23 exhibited enhanced self-administration behavior when compared to mice exposed to nicotine alone or PGVG (control treatment). We also observed that the enhancement in nicotine self-administration is similar to what is observed with menthol. To measure changes in dopamine release, we used fast-scan cyclic voltammetry (FSCV) and fiber photometry. Here, we observed that WS-3 and WS-23 increased the amount of dopamine released in the NAc under both tonic (5 Hz) and phasic (60 Hz) stimulation conditions when compared with nicotine-alone. Fiber photometry recordings showed that the WS-3 and WS-23 enhanced nicotine-stimulated dopamine release in the NAc core. Using electrophysiology and microscopy assays, we observed that synthetic coolants enhance the intrinsic excitability of ventral tegmental area (VTA) dopamine neurons and enhance nicotine-induced upregulation of nicotinic acetylcholine receptors (nAChRs). In both FSCV and photometry assays, synthetic coolants produced enhancements in dopamine signaling that were comparable in magnitude to those observed with menthol. These findings demonstrate that synthetic cooling agents enhance nicotine reinforcement and are associated with increased mesolimbic dopamine signaling, enhanced VTA dopamine neuron excitability, and increased nicotine-induced nAChR upregulation.",https://pubmed.ncbi.nlm.nih.gov/42493620/,,,parkinsons,(Parkinson Disease[MeSH] OR Parkinson[tiab] OR dopamine[tiab] OR alpha-synuclein[tiab]) AND (treatment[tiab] OR intervention[tiab] OR therapy[tiab]),2026-08-05T17:22:15+00:00,,,,,
PMID_42492827,PubMed,42492827,,10.1016/j.nano.2026.102999,DFO biofunctionalized CaTiO₃@CS/SF-DFO scaffolds for regulating Schwann cells and dorsal root ganglion behaviors.,"Si, Junzeng; Yang, Xiting; Li, Tingting; Lu, Xiangdong","Nanomedicine : nanotechnology, biology, and medicine",2026,"Peripheral nerve injury (PNI) repair faces great hurdles. Autologous nerve grafts, the clinical gold standard, suffer from donor shortage and secondary injury, while traditional nerve conduits yield unsatisfactory regeneration. Herein, we fabricated an electrospun anisotropic chitosan/silk fibroin scaffold embedded with calcium titanate nanoparticles (CTO@CS/SF), modified by dopamine to conjugate deferoxamine (DFO) for PNI treatment. We fully characterized the scaffold's microstructure, wettability, mechanical properties and degradability, and evaluated its bioactivity via Schwann cells (SCs), dorsal root ganglia (DRG) and endothelial cells. Highly aligned fibers and elevated hydrophilicity were observed in DFO-loaded samples. The 5% DFO group greatly boosted proliferation, migration and spreading of RSC96 cells, and induced longer oriented axonal extension of DRG neurons. Mechanically, DFO upregulated YAP (proliferation/migration) and EGR2 (myelination), driving SCs toward a myelinating phenotype. This DFO-functionalized CTO@CS/SF biomaterial offers a promising candidate for peripheral nerve regenerative therapy.",https://pubmed.ncbi.nlm.nih.gov/42492827/,,,parkinsons,(Parkinson Disease[MeSH] OR Parkinson[tiab] OR dopamine[tiab] OR alpha-synuclein[tiab]) AND (treatment[tiab] OR intervention[tiab] OR therapy[tiab]),2026-08-05T17:22:15+00:00,,,,,
PMID_42491823,PubMed,42491823,PMC2723103,10.1038/s41573-020-0088-2,Bioinformatics identification of forkhead box O3 and the proto-oncogene tyrosine-protein kinase receptor RET as aging-associated biomarkers linked to immune cell infiltration in Parkinson's disease.,"Zheng, Haoran; Guan, Ao; Li, Xiang; Zhang, Xiang; Zheng, Lan; Zhao, Yanxin",CytoJournal,2026,"OBJECTIVES: Parkinson's disease (PD), the second most prevalent neurodegenerative disease, is closely linked to aging and immune system dysfunction. This study aims to explore potential aging-related biomarkers of PD and examine their diagnostic value, in addition to their relationship with immune cell infiltration, to identify novel therapeutic targets.
METHODS: Gene expression profiles from the gene expression omnibus (GEO) database (GSE20163, GSE20164, and GSE8397) were analyzed. Aging-related genes associated with PD were screened using weighted gene co-expression network analysis. Subsequent functional enrichment analysis, protein‒protein interaction (PPI) network mapping, and least absolute shrinkage and selection operator regression were used to identify key biomarker candidates. A receiver operating characteristic (ROC) curve analysis was applied to evaluate diagnostic efficacy. Immune cell infiltration was assessed through Spearman correlation analysis, and the expression of key biomarkers was validated in both cellular and animal PD models.
RESULTS: Eighteen aging-related genes were identified through a PPI network analysis. Seven genes, including forkhead box O3 (FOXO3) and the proto-oncogene tyrosine-protein kinase receptor rearranged during transfection (RET), showed potential as diagnostic biomarkers for PD. Gene set enrichment analysis revealed that these biomarkers correlated with immune cell infiltration patterns in PD patients. The ROC curve analysis indicated high diagnostic accuracy for these genes across multiple datasets (area under the curve = 96.3158). In vivo and in vitro validation confirmed significant changes in the expression of RET and FOXO3 in PD samples, highlighting their relevance as biomarkers.
CONCLUSION: Our findings suggest that RET and FOXO3 are promising aging-related biomarkers for PD, potentially providing new insights into the early diagnosis and targeted treatment of PD. These biomarkers also reflect the complex interplay between aging, immunity, and PD pathogenesis.",https://pubmed.ncbi.nlm.nih.gov/42491823/,,,parkinsons,(Parkinson Disease[MeSH] OR Parkinson[tiab] OR dopamine[tiab] OR alpha-synuclein[tiab]) AND (treatment[tiab] OR intervention[tiab] OR therapy[tiab]),2026-08-05T17:22:15+00:00,,,,,
PMID_42490867,PubMed,42490867,PMC11011817,10.3390/ijms25073812,GLP-1 receptor agonists in Parkinson's disease: a meta-analysis revealing motor benefit and highlighting mood improvement.,"Chen, Yutong; Zhang, Zhehao; Liu, Zheng; Lv, Tingting; Ye, Mengfei; Yan, Junwei; Zhang, Min",Frontiers in neurology,2026,"BACKGROUND: GLP-1 receptor agonists (GLP-1RAs) show promise for Parkinson's disease (PD), but their comprehensive efficacy and safety profiles remain unclear.
METHODS: We conducted a meta-analysis of 8 randomized trials (n = 850 PD patients) evaluating GLP-1RAs (Exenatide, Lixisenatide, Liraglutide, NLY01) versus placebo over treatment periods of 36-52 weeks and follow-up durations of 8-12 weeks (except one study with a 12-month follow-up). Outcomes included motor/non-motor symptoms assessed by validated scales and adverse events.
RESULTS: GLP-1RAs significantly improved motor function post-treatment (SMD = -0.21, 95% CI -0.35 to -0.07, p = 0.003; I 2 = 70.2%) and at follow-up (SMD = -0.32, 95% CI -0.55 to -0.08, p = 0.009; I 2 = 48.5%). Exploratory analyses suggested an association between GLP-1RA treatment and improved mood outcomes post-treatment (SMD = -0.36, 95% CI -0.58 to -0.14, p = 0.001; I 2 = 54.0%) and sustained at follow-up (SMD = -0.27, 95% CI -0.48 to -0.06, p = 0.013; I 2 = 0.0%). Cognitive function improved during follow-up (SMD = -0.34, 95% CI -0.50 to -0.18, p < 0.001; I 2 = 1.1%). Weight loss (OR = 3.87, 95% CI 1.88 to 7.94, p < 0.001; I 2 = 47.7%) and gastrointestinal disorders (OR = 2.85, 95% CI 2.29 to 3.54, p < 0.001; I 2 = 32.4%) were more frequent with GLP-1RAs, but PD symptom exacerbation was reduced (OR = 0.60, 95% CI 0.38 to 0.94, p = 0.025; I 2 = 0.0%).
CONCLUSION: GLP-1RAs provide multidimensional benefits in PD, extending beyond motor control to mood and cognition. These findings support their therapeutic repurposing, with side effects being manageable.
SYSTEMATIC REVIEW REGISTRATION: https://www.crd.york.ac.uk/PROSPERO/view/CRD420251170531, CRD420251170531.",https://pubmed.ncbi.nlm.nih.gov/42490867/,,,parkinsons,(Parkinson Disease[MeSH] OR Parkinson[tiab] OR dopamine[tiab] OR alpha-synuclein[tiab]) AND (treatment[tiab] OR intervention[tiab] OR therapy[tiab]),2026-08-05T17:22:15+00:00,,,,,
PMID_42489906,PubMed,42489906,PMC12816337,10.3389/fdgth.2025.1732759,Large language models as a screening tool for the qualification of patients with Parkinson's disease for device-aided therapies.,"Pobudejski, Paweł; Toś, Mateusz; Nyczka, Krzysztof; Duda, Krzysztof; Chmiela, Tomasz; Siuda, Joanna","Journal of neural transmission (Vienna, Austria : 1996)",2026,"Motor complications become increasingly prominent as Parkinson's disease (PD) progresses. Although device-aided therapies (DAT) improve symptoms control in advanced PD, referral practices remain inconsistent, partly due to unequal access to specialist centers. Screening tools such as MANAGE-PD help identify patients who may benefit from DAT, while large language models (LLMs) are emerging as scalable clinical decision-support tools. To assess the screening performance and clinical safety of LLM-based triage in identifying PD patients eligible for DAT and to compare LLMs classifications with specialist assessments and MANAGE-PD. This retrospective single-center study included 279 DAT-naïve PD patients referred for advanced therapy evaluation. Clinical data covering motor complications, treatment burden, functional impairment and non-motor symptoms were transformed into standardized narrative case summaries. Seven commercially available LLMs were evaluated in a zero-shot setting, and model outputs were compared with specialist qualification decisions used as the reference standard, and with MANAGE-PD classifications. Sensitivity, specificity, predictive values, accuracy and agreement statistics were analyzed. The best-performing model (gemini-2.5-flash) achieved 100% sensitivity with no false-negative classifications. Specificity reached 69.2%, and overall accuracy was 78.5%. Agreement with specialist decisions was similar for LLM-based screening and MANAGE-PD (κ ≈ 0.575 vs. 0.567), with no significant differences in Cohen's kappa (p = 0.81) or discordant classifications (McNemar p = 1.0). LLM-based triage achieved high-sensitivity screening performance comparable to an established clinical screening tool. These findings support a potential role for LLMs as scalable support systems within DAT referral pathways, complementing rather than replacing specialist clinical assessment.",https://pubmed.ncbi.nlm.nih.gov/42489906/,,,parkinsons,(Parkinson Disease[MeSH] OR Parkinson[tiab] OR dopamine[tiab] OR alpha-synuclein[tiab]) AND (treatment[tiab] OR intervention[tiab] OR therapy[tiab]),2026-08-05T17:22:15+00:00,,,,,
PMID_42489905,PubMed,42489905,PMC6447885,10.3892/etm.2019.7397,Plant-derived therapies in Parkinson's disease: a systematic review of clinical evidence.,"Sukmueng, Narumol; Phokaewvarangkul, Onanong; Bhidayasiri, Roongroj","Journal of neural transmission (Vienna, Austria : 1996)",2026,"Levodopa remains the cornerstone of Parkinson's disease (PD) treatment; however, long-term use is associated with motor complications, including fluctuations and dyskinesia. Non-motor symptoms also worsen over time, reflecting both disease progression and treatment-related effects. These limitations have prompted interest in plant-derived therapies as potential adjunctive options, although clinical evidence remains unclear. To systematically review clinical evidence on plant-derived therapies in PD, focusing on motor symptoms, non-motor symptoms, and motor complications. PubMed, Scopus, and ScienceDirect were searched to identify eligible studies assessing plant-derived therapies for PD. Risk of bias and evidence classification were assessed using established methods. The review followed PRISMA 2020 guidelines and was registered in PROSPERO (CRD420261276805). Twenty-three included studies evaluated six plant-derived therapies. Mucuna pruriens was supported by Grade A evidence for motor improvement, with benefits comparable to levodopa and increased ON time without worsening dyskinesia. It also reduced dyskinesia (Grade B). Apium graveolens improved motor symptoms, sleep, and quality of life (Grade B). Curcuma longa improved autonomic and non-motor symptoms (Grade C). Bacopa monnieri improved emotional symptoms (Grade B). Glycine max increased ON time and reduced dyskinesia (Grade C). Cannabis sativa showed no motor benefit (Grade A), with inconclusive non-motor outcomes. Selected plant-derived therapies may offer symptom-specific benefits in PD. However, the available evidence is limited, and grading reflects study hierarchy rather than the certainty of clinical effect. Therefore, interpretation of this information should be cautious. Larger, well-designed randomised trials are required to confirm efficacy and safety.",https://pubmed.ncbi.nlm.nih.gov/42489905/,,,parkinsons,(Parkinson Disease[MeSH] OR Parkinson[tiab] OR dopamine[tiab] OR alpha-synuclein[tiab]) AND (treatment[tiab] OR intervention[tiab] OR therapy[tiab]),2026-08-05T17:22:15+00:00,,,,,
PMID_42489634,PubMed,42489634,,10.1186/s43058-021-00181-2,Remote Monitoring Enhanced Outpatient Physical Therapy: A Mixed-Methods Implementation Study.,"Hohl, Kristen; Hendricksen, Monica; Handlery, Reed; Redd, Hannah; Smaller, Kevin; Jackson, Steven; Rafferty, Miriam R",Journal of neurologic physical therapy : JNPT,2026,"BACKGROUND AND PURPOSE: Remote therapeutic monitoring uses technology to track physical activity and exercise. This study evaluates the implementation outcomes and effects of remote therapeutic monitoring on steps and exercise over 6 months.
METHODS: Mixed-methods were used in this hybrid type 2 effectiveness implementation report in outpatients with Parkinson's disease, multiple sclerosis, stroke, concussion, post-COVID-fatigue, or musculoskeletal pain. Participants wore activity trackers synced to a mobile application. Clinicians evaluated activity, tailored goals, and performed clinical measures as part of their physical therapy. Effects were measured using daily steps and weekly aerobic exercise minutes. Implementation outcomes synthesized data from medical records, surveys, exit interviews, and meeting notes.
RESULTS: Forty-two patient participants (mean age 56 ± 16 years; 55% female) enrolled in this study; 81% (n = 34) completed 6 months of monitoring. Fidelity to participant tracker use and clinician goal setting were high. Daily steps increased from 4892 ± 3694 to 5958 ± 4385, and weekly exercise from 44 ± 66 to 83 ± 85 minutes. Mixed effects models showed significant but decelerating improvements (steps: β = 87.5, P = 0.002; β2 = -2.4, P = 0.01; exercise: β = 3.6, P = 0.002; β2 = -0.1, P = 0.006). Participant interviews showed motivation and accountability drove engagement, while health and technology issues were barriers.
DISCUSSION AND CONCLUSIONS: This first study of remote therapeutic monitoring of steps and exercise in physical therapy suggests therapist-supported monitoring is implementable and may enhance long-term physical activity and exercise participation.",https://pubmed.ncbi.nlm.nih.gov/42489634/,,,parkinsons,(Parkinson Disease[MeSH] OR Parkinson[tiab] OR dopamine[tiab] OR alpha-synuclein[tiab]) AND (treatment[tiab] OR intervention[tiab] OR therapy[tiab]),2026-08-05T17:22:15+00:00,,,,,
PMID_42487477,PubMed,42487477,PMC11327309,10.1111/ane.13156,Attitudes in Patients With Prodromal and Overt α-Synucleinopathy Toward Risk Disclosure: A Nationwide Registry.,"Yilmaz, Rezzak; Çakan, Gülce Coşku Yılmaz; Karadağ, Yeşim Sücüllü; Hoş, Ülkü Dübüş; Acarer, Ahmet; Kabeloğlu, Vasfiye; Sonkaya, Rıza; Genç, Gençer; Gunduz, Aysegul; Koçer, Bilge; Yılmaz, Hikmet; Erer, Sevda; Gultekin, Murat; Tokçaer, Ayşe Bora; Ataoğlu, Esra Erkoç; Samanci, Bedia; Gençler, Onur Serdar; Tuncel, Rasim; Şahin, Erdi; Pak, Tina; Demirelli, Derya Selçuk; İbiş, Selen Yılmaz; Çöklü, Hilal; Baydemir, Recep; Altun, Rümeysa Unkun; Güllü, Gizem; Çiftçi, Ömer Faruk; Metin, Kübra Mehel; Demiryürek, Bekir Enes; Çakmaklı, Gül Yalçın; Bilgiç, Başar; Dogu, Okan; Özer, Feriha; Aksu, Murat; Berktas, Deniz Tuncel; Akyildiz, Utku Ogan; Karadeniz, Derya; Çokal, Burcu Gökçe; Demir, Aylin Bican; Gençdal, Işıl Yazıcı; Saritas, Aysegul Seyma; Ak, Aysin Kısabay; Şahin, Ayşenur; Aslan-Kara, Kezban; Ismailogullari, Sevda; Tezer, F Irsel; Hanağası, Haşmet; Akbostancı, M Cenk; St Louis, Erik K; Şenel, Gülçin Benbir",Movement disorders clinical practice,2026,"BACKGROUND: Identification of individuals at increased risk for synucleinopathies is becoming more feasible with advances in biomarkers. However, the ethical and practical aspects of communicating disease risk remain unresolved, particularly across diagnostic groups and cultural contexts.
OBJECTIVES: We aimed to evaluate attitudes toward disclosure of future synucleinopathy risk among individuals with isolated/idiopathic REM sleep behavior disorder (iRBD), as well as in individuals who developed Parkinson's disease (PD), or multiple system atrophy (MSA), in a large non-Western registry.
METHODS: This nationwide survey study included participants from 28 movement disorders and sleep centers across Türkiye. Questionnaires assessing attitudes toward risk disclosure, additional testing, and clinical trial participation were administered face-to-face. Responses were analyzed using contingency tables and regression models. Results are reported following the Consensus-Based Checklist for Reporting of Survey Studies (CROSS) guideline.
RESULTS: Among 1385 participants (1039 PD, 107 MSA, 239 iRBD), individuals with iRBD showed the highest support for risk disclosure (88.3%), exceeding PD (64.4%) and MSA (51.9%). Approval declined modestly (3-8%) when framed within the absence of disease-modifying treatment. iRBD participants were more willing for additional testing but less willing to join clinical trials (31.8%) than PD (45.3%) or MSA (48%). MSA patients expressed the greatest concern about psychological impact. Male sex had more favorable views on disclosure and trial participation, while younger and better-educated participants favored additional testing.
CONCLUSIONS: Attitudes toward risk disclosure differ markedly across the synucleinopathy spectrum and demographic characteristics. Culturally informed and diagnosis-specific disclosure strategies will be essential for trial recruitment and patient-centered care.",https://pubmed.ncbi.nlm.nih.gov/42487477/,,,parkinsons,(Parkinson Disease[MeSH] OR Parkinson[tiab] OR dopamine[tiab] OR alpha-synuclein[tiab]) AND (treatment[tiab] OR intervention[tiab] OR therapy[tiab]),2026-08-05T17:22:15+00:00,,,,,
PMID_42487434,PubMed,42487434,,10.35371/aoem.2026.38.e20,"Reframing welders' parkinsonism: from the ""idiopathic"" label to biological causation and legal recognition.","Lee, Chul Gab",Annals of occupational and environmental medicine,2026,"In Korea, welders diagnosed with ""idiopathic Parkinson's disease (iPD)"" often face denial of workers' compensation, as ""idiopathic"" is interpreted as excluding occupational contribution. This narrative review examines whether a categorical distinction between iPD and ""toxic parkinsonism"" is defensible on diagnostic, pathological, neuroimaging, epidemiological, causal-inference, and legal grounds. The 2024 NSD-ISS (Neuronal α-synuclein disease Integrated Staging System) and SynNeurGe (Synuclein-Neurodegeneration-Gene) frameworks challenge categorical use of the ""idiopathic"" label by defining Parkinson's disease (PD)-related disease biologically, irrespective of etiology. Nonhuman primate studies show that chronic low-dose manganese exposure can produce nigrostriatal deficits and α-synuclein aggregation overlapping with PD biology. Dichotomous use of FP-CIT dopamine transporter imaging or levodopa responsiveness to separate manganese poisoning from iPD is therefore scientifically unsound, as chronic welding exposure can induce presynaptic dysfunction and treatment responses indistinguishable from PD. Epidemiological findings diverge methodologically: direct clinical examination has reported elevated parkinsonism prevalence among welders, whereas administrative cohorts have generally found no increased PD risk. This divergence is plausibly explained by differences in case ascertainment, exposure assessment, healthy-worker-survivor selection, and disease latency. Bradford Hill and Rothman frameworks support a causal interpretation, although validated biomarkers and dose-response thresholds remain undefined. Under Korea's Industrial Accident Compensation Insurance Act, causation is evaluated as a ""proximate causal relationship"" rather than strict scientific proof. A multi-hit model integrating genetic predisposition, aging, and cumulative environmental exposure supports recognition under this standard, and compensation eligibility should not depend on whether the diagnosis label is 'PD' or 'parkinsonism.' When parkinsonian symptoms occur in welders with at least approximately 20,000 exposure-weighted welding hours, or with substantial high-intensity exposure such as confined-space welding, inadequate ventilation, or flux-cored arc welding, occupational contribution should be considered under a weight-of-evidence approach. This criterion is sufficient for recognition but is not a necessary condition.",https://pubmed.ncbi.nlm.nih.gov/42487434/,,,parkinsons,(Parkinson Disease[MeSH] OR Parkinson[tiab] OR dopamine[tiab] OR alpha-synuclein[tiab]) AND (treatment[tiab] OR intervention[tiab] OR therapy[tiab]),2026-08-05T17:22:15+00:00,,,,,
PMID_42487050,PubMed,42487050,PMC10571417,10.1186/s12910-023-00966-1,Preferences for Parkinson's Disease Treatments: A Scoping Literature Review.,"Arija, Pablo; Boeri, Marco; Yan, Connie H; Baldwin, Zachary",The patient,2026,"BACKGROUND: Parkinson's disease (PD) is a progressive neurodegenerative disorder characterized by motor and non-motor symptoms that significantly impact quality of life. As the disease advances, treatment options expand from oral medications to include device-aided therapies, which differ widely in their mechanisms, invasiveness, and impact on daily life. These therapies have distinct attributes that may align differently with individual patient preferences; therefore, understanding such preferences is crucial for informed, shared clinical decision making. This scoping review synthesizes quantitative evidence on treatment preferences among people with Parkinson's disease (PwP), highlighting research gaps on key attributes.
METHODS: A systematic search of PubMed and Embase (January 2026) identified studies using quantitative stated-preference methods-discrete choice experiments, best-worst scaling, conjoint analysis, or threshold techniques-with PwP, care partners, or healthcare professionals. Twelve studies met inclusion criteria.
RESULTS: Treatment efficacy-particularly increased 'ON time' (periods without troublesome dyskinesia)-and treatment modality were the strongest drivers of preferences. PwP favored non-invasive treatments, such as oral or sublingual formulations, over surgical options like deep brain stimulation. Convenience factors, including pill burden and device management frequency, also influenced preferences but were generally secondary to efficacy and modality. Safety attributes, such as risk of depression or cognitive decline, were important but often outweighed by perceived benefits in symptom control. No studies assessed care partners' preferences for modalities such as subcutaneous infusions.
CONCLUSIONS: PwP prioritize treatment efficacy and non-invasive modalities, with convenience and safety considered secondary. Further research should explore preferences for new treatment modalities and include care partners' perspectives to optimize treatment planning and outcomes in PD care.",https://pubmed.ncbi.nlm.nih.gov/42487050/,,,parkinsons,(Parkinson Disease[MeSH] OR Parkinson[tiab] OR dopamine[tiab] OR alpha-synuclein[tiab]) AND (treatment[tiab] OR intervention[tiab] OR therapy[tiab]),2026-08-05T17:22:15+00:00,,,,,
PMID_42486828,PubMed,42486828,PMC11683357,10.1126/sciimmunol.add4947,[CHIR99021 alleviates neuroinflammation in a mouse model of Parkinson's disease by inhibiting the GSK-3β/NF-κB pathway].,"Shi, Kelin; Qi, Xiaochuan; Xu, Shixiang; Gao, Yuanyuan; Fang, Mingzhe; Hu, Juncheng; Wang, Chunjing; Liu, Changqing; Guo, Yu",Nan fang yi ke da xue xue bao = Journal of Southern Medical University,2026,"OBJECTIVES: To investigate the effect of CHIR99021 for improving neuroinflammation in a mouse model of Parkinson's disease (PD) and the role of the GSK-3β/NF-κB pathway in mediating this effect.
METHODS: In the cell experiment, induced SH-SY5Y cells were pretreated with 3 μmol/L CHIR99021 for 2 h prior to MPP+ treatment. In a male C57BL/6 mouse model of MPTP-induced PD, the effect of intraperitoneal injection of CHIR99021 for 7 days on motor function of the mice were assessed using behavioral tests. Western blotting and immunofluorescence staining were used to detect the changes in the GSK-3β/NF-κB pathway, NLRP3 inflammasome and autophagy in both SH-SY5Y cells and the mouse models.
RESULTS: MPP+-treated SH-SY5Y cells showed significantly downregulated expression of p-GSK-3β protein and upregulated expressions of p-NF-κB p65, ASC, NLPR3, and caspase-1, and these changes were obviously attenuated by pretreatment with CHIR99021. Compared with normal mice, the PD mouse models showed significantly decreased motor function and reduced TH neurons in the brain with lowered expression of p-GSK-3β, increased expression of p-NF-κB p65 (Ser536), and upregulated ASC, NLPR3, and caspase-1 expressions. Treatment with CHIR99021 significantly increased the expression of p-GSK-3β, and reduced the expression of p-NF‑κB p65 (Ser536), ASC, NLPR3, and caspase-1.
CONCLUSIONS: CHIR99021 inhibits the GSK-3β/NF‑κB signaling pathway to improve motor function of PD mice, reduce neuroinflammation, and activate autophagy to maintain the homeostasis of intracellular environment, suggesting that targeting GSK-3β, a potential multifunctional therapeutic target, can simultaneously regulate multiple key pathological links in PD.",https://pubmed.ncbi.nlm.nih.gov/42486828/,,,parkinsons,(Parkinson Disease[MeSH] OR Parkinson[tiab] OR dopamine[tiab] OR alpha-synuclein[tiab]) AND (treatment[tiab] OR intervention[tiab] OR therapy[tiab]),2026-08-05T17:22:15+00:00,,,,,
PMID_42485161,PubMed,42485161,,10.1001/jama.2026.12181,Gastroparesis: A Review.,"Camilleri, Michael",JAMA,2026,"IMPORTANCE: Gastroparesis is a condition of delayed gastric emptying in the absence of gastric outlet obstruction. Based on a 2018 US administrative health insurance claims database study, prevalence of definite gastroparesis (with documented delayed gastric emptying) was 21.5 per 100 000 persons.
OBSERVATIONS: Gastroparesis, which is caused by reduced contractions of the distal stomach or abnormal pyloric relaxation, is more common among females than males (ratio, 2:1-4:1) and typically causes nausea, vomiting, early satiety, bloating, and abdominal pain or discomfort. In a large US epidemiological study involving 82.6 million patients, the most common causes of gastroparesis were type 2 diabetes (51.7%), postsurgical effects (15%), medication-induced (11.8%), idiopathic (11.3%), type 1 diabetes (5.7%), and other (4.5%). Other risk factors include neurological disorders (eg, Parkinson disease), hypothyroidism, amyloidosis, connective tissue disorders (eg, scleroderma), and viral infections (eg, norovirus, cytomegalovirus, Epstein-Barr virus, SARS-CoV-2). The 2022 American College of Gastroenterology and the 2025 American Gastroenterological Association (AGA) guidelines define the criterion standard diagnostic test for gastroparesis as gastric emptying scintigraphy with more than 10% gastric retention at 4 hours in patients with symptoms of gastroparesis without mechanical obstruction based on upper endoscopy or abdominal imaging such as computed tomographic (CT) scan. The carbon 13 spirulina stable isotope breath test is also approved for diagnosing gastroparesis by the US Food and Drug Administration. Based on the percentage of gastric retention at 4 hours, gastroparesis is categorized in the 2022 AGA clinical practice update as mild (10%-15%), moderate (16%-35%), or severe (>35%). Treatment includes discontinuation of medications that delay gastric emptying such as opioids, cannabis, anticholinergics, and glucagon-like peptide-1 receptor agonists and for patients with diabetes, optimizing glycemic control. First-line therapies according to the AGA 2022 clinical practice update are a small particle diet (food that is blended or chopped into small pieces) that is low in fat and nondigestible fiber and antiemetics (eg, serotonin 5-hydroxytryptamine 3 [5-HT3] receptor antagonists, histamine H1 receptor antagonists) for mild gastroparesis; antiemetics and prokinetics (metoclopramide, erythromycin) for moderate gastroparesis, and liquid diet or jejunal enteral feeding for severe gastroparesis. Severe refractory gastroparesis may be treated with gastric peroral endoscopic myotomy (G-POEM), which involves endoscopic-guided incision of the pylorus sphincter muscle, or gastric electrical simulation, in which an implanted neurostimulator sends electrical pulses to the stomach muscle.
CONCLUSIONS AND RELEVANCE: Gastroparesis is a condition of delayed gastric emptying without gastric outlet obstruction that is diagnosed based on a gastric emptying study. First-line treatments include a small particle diet and antiemetics and prokinetics. Severe refractory gastroparesis may be treated with procedures such as G-POEM or gastric electrical simulation.",https://pubmed.ncbi.nlm.nih.gov/42485161/,,,parkinsons,(Parkinson Disease[MeSH] OR Parkinson[tiab] OR dopamine[tiab] OR alpha-synuclein[tiab]) AND (treatment[tiab] OR intervention[tiab] OR therapy[tiab]),2026-08-05T17:22:15+00:00,,,,,
PMID_42484650,PubMed,42484650,PMC7011794,10.1002/mdc3.12893,Effect of continuous subcutaneous foslevodopa/foscarbidopa infusion on gait in advanced Parkinson's disease: a real-world wearable-based study.,"Meksi, Kristi; Simonetta, Clara; Campone, Jacopo; Ferrari, Valerio; Antonucci, Matteo; Conti, Matteo; Schirinzi, Tommaso; Centonze, Diego; Avvento, Francesca; Stefani, Alessandro; Pierantozzi, Mariangela",Journal of neurology,2026,"BACKGROUND: In patients with advanced Parkinson's disease (PD), spatiotemporal gait parameters and freezing of gait (FoG) show a variable responsiveness to levodopa, with FoG often exacerbated by motor fluctuations. Continuous subcutaneous foslevodopa/foscarbidopa (LDp/CDp) infusion effectively reduces motor fluctuations; however, its effects on gait remain incompletely explored.
OBJECTIVES: To provide an objective, wearable-based assessment of FoG and gait parameters during LDp/CDp infusion in patients with PD, and to investigate their association with motor fluctuations and clinical outcomes.
METHODS: PD patients were evaluated at baseline (T0), after 6 (T1) and 12 months (T2) of LDp/CDp therapy. Real-world monitoring was performed using a wearable sensor (STAT-ON) for five consecutive days at each timepoint. Wearable-derived outcomes included FoG/h, gait parameters (gait speed, step length, cadence, stride fluidity) and motor-state distribution (OFF-time, ON-time, dyskinesia). Clinical assessments included MDS-UPDRS Part III-IV, new Freezing of Gait Questionnaire (NFOG-Q) and PDQ-39.
RESULTS: FoG/h, stride fluidity, step length improved significantly over time (p = 0.017, p = 0.004, p = 0.002, respectively), alongside the reduction in OFF time (p = 0.043) and dyskinesia (p = 0.021). MDS-UPDRS Part IV, NFOG-Q, and PDQ-39 scores improved significantly in parallel. OFF-time reduction was associated with reduced FoG burden (ρ = 0.657, p = 0.011) and increased stride fluidity (ρ = - 0.741, p = 0.002). Post-hoc analyses indicated that improvements were evident at T1 and maintained at T2. LEDD remained unchanged.
CONCLUSIONS: LDp/CDp infusion is effective in improving FoG and selected gait parameters in PD, reflecting stabilization of motor fluctuations without increased dopaminergic exposure.",https://pubmed.ncbi.nlm.nih.gov/42484650/,,,parkinsons,(Parkinson Disease[MeSH] OR Parkinson[tiab] OR dopamine[tiab] OR alpha-synuclein[tiab]) AND (treatment[tiab] OR intervention[tiab] OR therapy[tiab]),2026-08-05T17:22:15+00:00,,,,,
PMID_42484558,PubMed,42484558,,10.1177/1877718x261468542,E326K GBA polymorphism is associated with clinical and pathological features of synucleinopathy in the absence of overt Parkinson's disease or Lewy body dementia.,"Arnold, Moriah R; Westaway, Shawn K; Woltjer, Randy L; Gray, Nora E; Quinn, Joseph F",Journal of Parkinson's disease,2026,"Heterozygote carriers of Gaucher's disease mutations and other polymorphisms in the glucocerebrosidase (GBA) gene show an increased incidence of Parkinson's disease. We hypothesized that common GBA polymorphisms would be associated with subtle parkinsonian features, mild cognitive impairment, and ""silent"" Lewy body (LB) pathology in aging individuals without a clinical diagnosis of parkinsonism. The most prevalent GBA variants, T369M and E326K, appear in the general population at rates of approximately 0.6% and 1%, respectively. We evaluated 845 participants from the Oregon Alzheimer's Disease Research Center (OADRC) with SNP data generated by the National Centralized Repository of Alzheimer's Disease (NCRAD). Twenty-one subjects were E326K carriers and eighteen were T369M carriers. Clinical measures and postmortem neuropathology were compared between each SNP group and non-carriers. Although there were no statistically significant clinical differences related to synucleinopathy across groups, neuropathological analyses revealed a significantly higher prevalence of LB pathology in E326K carriers compared to T369M carriers. When stratifying each genetic group by LB status (LB+ or LB-), LB+ E326K carriers demonstrated a significant reduction in Mini-Mental State Examination (MMSE) scores compared with LB- non-carriers and a modest decrease compared with T369M carriers. These preliminary findings from a small, uni-center cohort suggest that the E326K GBA polymorphism may predict LB pathology and subtle cognitive decline in aging individuals who lack overt parkinsonian symptoms. Further validation in a larger cohort is warranted. Identifying at-risk individuals through targeted genetic screening may ultimately support earlier intervention and preventative care strategies.",https://pubmed.ncbi.nlm.nih.gov/42484558/,,,parkinsons,(Parkinson Disease[MeSH] OR Parkinson[tiab] OR dopamine[tiab] OR alpha-synuclein[tiab]) AND (treatment[tiab] OR intervention[tiab] OR therapy[tiab]),2026-08-05T17:22:15+00:00,,,,,
PMID_42484026,PubMed,42484026,PMC6839485,10.3233/jpd-191652,The influence of cholesterol on the 5-year all-cause mortality of Parkinson patients with or without deep brain stimulation.,"Roth, Gabriel C; Treven, Marco; Brücke, Christof; Lehrner, Johann",Science progress,2026,"ObjectiveParkinson's disease (PD) is a progressive neurodegenerative disorder marked by motor and non-motor symptoms. While cholesterol metabolism has been implicated in PD pathogenesis, its role in long-term mortality remains unclear. The intention of this study was to evaluate if cholesterol parameters impact the 5-year all-cause mortality of PD patients.MethodsThis study has a retrospective cross-sectional design, including a total of 212 PD, patients which were grouped by treatment (DBS or BMT). Cognitive function, depressive symptoms, and motor status were assessed with standardized instruments. Cholesterol parameters (total cholesterol, LDL, HDL, TC/HDL ratio) were measured within ± 90 days of neuropsychological testing. Cox proportional hazards models and Kaplan-Meier analyses were used to examine associations with 5-year mortality.ResultsFive-year survival likelihood was 88.4% for DBS and 66.7% for BMT. However, cholesterol parameters emerged as non-significant predictors of mortality in the Cox regression model. Age occurred as the only significant predictor.ConclusionCholesterol levels do not appear to predict 5-year mortality in PD patients. Age was the strongest risk factor. Further studies are recommended to clarify cholesterol's role in PD progression and mortality.",https://pubmed.ncbi.nlm.nih.gov/42484026/,,,parkinsons,(Parkinson Disease[MeSH] OR Parkinson[tiab] OR dopamine[tiab] OR alpha-synuclein[tiab]) AND (treatment[tiab] OR intervention[tiab] OR therapy[tiab]),2026-08-05T17:22:15+00:00,,,,,
PMID_42483928,PubMed,42483928,,10.4274/jcrpe.galenos.2026.2026-1-7,Prolactinoma Associated with L-Dopa-Resistant Hyperprolactinemia in a Child with Tetrahydropterin (BH4) Deficiency.,"Özgüç Çömlek, Fatma; Yaşar Köstek, Hümeyra; Dilek, Emine; Kılıç, Şebnem; Tütüncüler Kökenli, Filiz",Journal of clinical research in pediatric endocrinology,2026,"Tetrahydrobiopterin (BH4) deficiency causes hyperphenylalaninemia and impaired synthesis of serotonin and dopamine. Individuals with BH4 deficiency require personalized neurotransmitter replacement therapy to optimize treatment outcomes. An effective way to measure the success of this treatment is through serum prolactin levels; hyperprolactinemia indicates inadequate treatment and requires adjustments.Here, we report a 11-year- old girl with a diagnosis of BH4 deficiency who developed growth failure and persistent hyperprolactinemia despite L- dopa supplementation. Laboratory evaluation for growth failure revealed normal biochemical and thyroid hormone profiles, with decreased serum Insulin-like Growth Factor 1 (IGF-1) and Insulin-like Growth Factor Binding Protein 3(IGFBP-3), delayed bone age, and markedly elevated prolactin. Accordingly, growth hormone stimulation tests were conducted, revealing suboptimal responses and confirming growth hormone deficiency. In light of growth hormone deficiency and persistent hyperprolactinemia, cerebral magnetic resonance imaging was performed, demonstrating a solid pituitary lesion highly suggestive of prolactinoma. These findings suggest that in patients with BH4 deficiency, hyperprolactinemia resistant to L-dopa therapy may indicate the development of prolactinoma. Therefore, in resistant cases, regular laboratory follow-up and cranial imaging are clinically important.",https://pubmed.ncbi.nlm.nih.gov/42483928/,,,parkinsons,(Parkinson Disease[MeSH] OR Parkinson[tiab] OR dopamine[tiab] OR alpha-synuclein[tiab]) AND (treatment[tiab] OR intervention[tiab] OR therapy[tiab]),2026-08-05T17:22:15+00:00,,,,,
PMID_40659664,EuropePMC,40659664,PMC12259915,10.1038/s41531-025-01009-9,"Circadian clock dysfunction in Parkinson's disease: mechanisms, consequences, and therapeutic strategy.","Yalçin M, Grande V, Outeiro TF, Relógio A.",,2025,"Parkinson's Disease (PD) is a prevalent neurodegenerative disorder characterized by the progressive loss of dopaminergic neurons in the substantia nigra. This leads to hallmark motor features that include bradykinesia, resting tremor, rigidity, and postural instability, alongside with a range of non-motor symptoms including sleep disturbances, mood disorders, and cognitive decline. As global life expectancy rises, the prevalence of PD is expected to continue to increase, highlighting the urgent need for effective therapeutic strategies. Despite tremendous advances in our understanding of disease-associated mechanisms, we still do not fully understand the aetiology of PD. Emerging evidence points to the circadian clock-a system that regulates physiological processes such as sleep-wake cycles and hormone release-as a critical factor in PD pathophysiology. Disruptions in circadian rhythms (CR) are common in PD patients and may exacerbate both motor and non-motor symptoms, potentially influencing the progression of neurodegeneration. This review examines the global impact of PD within the context of an aging population, delves into the molecular underpinnings of the disease, and explores the role of CR in PD. We summarize and discuss key reports on molecular links between PD and CR using unbiased systematic search strategies to cover a broad literature. Finally, we discuss the potential of chronotherapy, the alignment of treatment with the body's natural rhythms, as a personalized approach in PD management, aiming to improve treatment efficacy and patient quality of life. Understanding the interplay between circadian biology and PD could pave the way for innovative, personalized therapeutic strategies.",https://pubmed.ncbi.nlm.nih.gov/40659664/,,https://europepmc.org/articles/PMC12259915?pdf=render,parkinsons,(Parkinson Disease[MeSH] OR Parkinson[tiab] OR dopamine[tiab] OR alpha-synuclein[tiab]) AND (treatment[tiab] OR intervention[tiab] OR therapy[tiab]),2026-08-05T17:22:15+00:00,,,,,
PMID_41694458,EuropePMC,41694458,PMC12894235,10.3389/fnagi.2025.1728664,Gut-kidney-brain axis and daytime sleepiness in Parkinson's disease and chronic kidney disease: an expert narrative review.,"Yang S, Zhu C, Xiong S, Wang X, Cheng K, Wang Y, Gong N.",,2025,"<h4>Background</h4>Excessive daytime sleepiness (EDS) is a debilitating comorbidity in over 80% of patients with Parkinson's disease (PD) and chronic kidney disease (CKD). Evidence implicates dysregulation of the gut-kidney-brain axis as a may contribute of EDS pathogenesis, though detailed mechanistic insights remain limited.<h4>Objective</h4>This review evaluates the efficacy of interventions targeting the gut-kidney-brain axis in ameliorating EDS among PD and CKD patients, benchmarking outcomes against standard care protocols.<h4>Methods</h4>We systematically queried PubMed, Cochrane Library, Embase, Web of Science, and Scopus for studies published between January 2000 and December 2025. Our search encompassed experimental, observational, and qualitative designs. Two reviewers independently conducted study selection and data extraction. Data synthesis incorporated random-effects models to address methodological heterogeneity.<h4>Results</h4>Analysis of 68 included studies (<i>n</i> = 15,392 participants) demonstrated that interventions such as specific probiotics significantly reduced Epworth Sleepiness Scale (ESS) scores by 8.2 points (95% CI: 7.1-9.3; I<sup>2</sup> = 65%). Furthermore, biomarker-guided personalized strategies (BBPI) yielded a 3.2-fold higher improvement in EDS outcomes (OR = 3.2, 95% CI: 1.9-5.4).<h4>Conclusions</h4>Targeting the gut-kidney-brain axis holds substantial promise for managing EDS, supported by moderate-certainty evidence for BBPI-based approaches. However, clinical translation necessitates personalized intervention frameworks and validation through large-scale multicenter trials.",https://pubmed.ncbi.nlm.nih.gov/41694458/,,https://europepmc.org/articles/PMC12894235?pdf=render,parkinsons,(Parkinson Disease[MeSH] OR Parkinson[tiab] OR dopamine[tiab] OR alpha-synuclein[tiab]) AND (treatment[tiab] OR intervention[tiab] OR therapy[tiab]),2026-08-05T17:22:15+00:00,,,,,
PMID_36009865,EuropePMC,36009865,PMC9405106,10.3390/biology11081238,Potential of Whole-Body Vibration in Parkinson's Disease: A Systematic Review and Meta-Analysis of Human and Animal Studies.,"Arenales Arauz YL, Ahuja G, Kamsma YPT, Kortholt A, van der Zee EA, van Heuvelen MJG.",,2022,"(1) Background: When the severity of Parkinson's Disease (PD) increases, patients often have difficulties in performing exercises. Whole-Body Vibration (WBV) may be a suitable alternative. This systematic review aims to clarify if WBV shows potential as rehabilitative therapy for PD patients. (2) Methods: We searched several databases for controlled trials investigating the effects of WBV (1) on PD populations and (2) PD neuropathological mechanisms. We included both human and animal studies and performed meta-analyses. (3) Results: The studies on PD populations (14 studies) show an overall significant, but small, effect in favor of WBV (Hedges' g = 0.28), for which the effects on stability (Hedges' g = 0.39) and balance (Hedges' g = 0.30) are the most prominent. The studies on the neuropathological mechanisms (18 studies) show WBV effects on neuroinflammation (Hedges' g = -1.12) and several specific WBV effects on neurotransmitter systems, growth factors, neurogenesis, synaptic plasticity and oxidative stress. (4) Conclusions: The effects of WBV on human PD patients remains inconclusive. Nevertheless, WBV protocols with sufficient duration (≥3 weeks), session frequency (≥3 sessions/week) and vibration frequency (≥20 Hz) show potential as a treatment method, especially for motor function. The potential of WBV for PD patients is confirmed by the effects on the neuropathological mechanisms in mostly non-PD populations. We recommend high-quality future studies on both PD patients and PD mouse models to optimize WBV protocols and to examine the neuropathological mechanisms in PD populations.",https://pubmed.ncbi.nlm.nih.gov/36009865/,,https://europepmc.org/articles/PMC9405106?pdf=render,parkinsons,(Parkinson Disease[MeSH] OR Parkinson[tiab] OR dopamine[tiab] OR alpha-synuclein[tiab]) AND (treatment[tiab] OR intervention[tiab] OR therapy[tiab]),2026-08-05T17:22:15+00:00,,,,,
PMID_42522075,PubMed,42522075,,,When Hypertrophy Hides a Rarer Diagnosis: A Case of Danon Disease.,"Manimaran, Sanjana; Biskupski, Patrick; Gerberding, Holly; Shehzad, Dawood; Rajpurohit, Naveen; Stys, Maria",South Dakota medicine : the journal of the South Dakota State Medical Association,2026,"Danon disease (DD) is a rare X-linked dominant lysosomal storage disorder caused by mutations in the LAMP2 gene. It is typically characterized by a triad of intellectual disability, skeletal myopathy, and cardiomyopathy. Due to the X-linked inheritance pattern, males often present with more severe manifestations. We report an atypical presentation of DD in a young male with isolated cardiomyopathy, incidentally diagnosed during evaluation of an abnormal electrocardiogram showing a pseudo-left bundle branch block in the setting of a Wolff-Parkinson-White pattern. Further workup revealed heart failure with reduced ejection fraction on echocardiography, and cardiac MRI demonstrated late gadolinium enhancement of the left ventricular walls with sparing of the basal septum. Genetic testing confirmed the diagnosis of DD. The patient was managed with guideline-directed medical therapy and received an implantable cardioverter-defibrillator for primary prevention of arrhythmia. He ultimately underwent heart transplantation with a satisfactory clinical outcome. This case underscores the importance of maintaining a high index of suspicion and pursuing comprehensive cardiac and genetic evaluation in young patients with unexplained cardiomyopathy, as early diagnosis of underlying conditions like DD can enable timely and potentially life-saving interventions.",https://pubmed.ncbi.nlm.nih.gov/42522075/,,,parkinsons,(Parkinson Disease[MeSH] OR Parkinson[tiab] OR dopamine[tiab] OR alpha-synuclein[tiab]) AND (treatment[tiab] OR intervention[tiab] OR therapy[tiab]),2026-08-05T17:22:15+00:00,,,,,
PMID_42492980,PubMed,42492980,,,Intervention Study of Virtual Reality Technology on Sympathetic Nerves and Emotion in Patients with Acute Coronary Syndrome.,"Zhou, Yaping; Lin, Dongming; Zhu, Min; Huang, Shuwei",Annals of clinical and laboratory science,2026,"OBJECTIVE: This study aimed to investigate the effects of virtual reality (VR) technology on the sympathetic nervous system and the emotional status in patients with acute coronary syndrome (ACS).
METHODS: A total of 102 patients with ACS, who were treated in the department of cardiology at the Second Affiliated Hospital of Zhejiang Chinese Medical University from December 2022 to December 2024, were enrolled into the study. Then, they were randomly divided into a control group (n=50) and an intervention group (n=52) using a random number table. The control group received conventional treatment, while the intervention group underwent virtual reality (VR) therapy combined with conventional treatment. The differences in heart rate (HR), systolic blood pressure (SBP), diastolic blood pressure (DBP), time-domain indices of heart rate variability (HRV), standard deviation of the normal respiratory rate (RR) intervals (SDNN), standard deviation of the average normal-to-normal (NN) [NS1.1] intervals in 5-minute segments of an entire recording (SDANN), root-mean-square of the successive differences of adjacent RR intervals (RMSSD), low frequency(LF)/high frequency (HF) ratio, LF, HF, three catecholamine indicators [norepinephrine (NE), epinephrine (E), dopamine (DA)], and psychological status assessed by Self-rating Anxiety Scale (SAS) and Hospital Anxiety and Depression Scale (HADS) were observed and calculated before and after treatment in both groups.
RESULTS: The increases in ∆SDNN and ∆SDANN in the intervention group were significantly greater than those in the control group, and the decreases in ∆LF, ∆LF/ HF ratio, ∆NE, ∆SAS and ∆HADS in the intervention group were significantly greater than those in the control group (all P<0.05).
CONCLUSION: VR technology can alleviate the hyperactivity of the sympathetic nervous system and improve anxiety in patients with ACS.",https://pubmed.ncbi.nlm.nih.gov/42492980/,,,parkinsons,(Parkinson Disease[MeSH] OR Parkinson[tiab] OR dopamine[tiab] OR alpha-synuclein[tiab]) AND (treatment[tiab] OR intervention[tiab] OR therapy[tiab]),2026-08-05T17:22:15+00:00,,,,,
