article_id,source,pmid,pmcid,doi,title,authors,journal,year,abstract,url,openalex_id,openalex_pdf_url,pathogen,query,harvested_at,downloaded,downloaded_path,download_attempted_at,download_source,download_error,ai4epi_abstract_response,ai4epi_abstract_decision,to_ocr,screening_timestamp
PMID_42553297,PubMed,42553297,PMC10382535,10.1038/s41467-023-40280-3,Targeting mitochondria for the treatment of neurodegenerative diseases.,"Li, Qian; You, Ming",Frontiers in neuroscience,2026,"Mitochondria are central regulators of cellular metabolism, redox balance, calcium signaling, and cell survival, making them essential for neuronal function. Because neurons rely heavily on mitochondrial oxidative phosphorylation to meet their high energetic demands, mitochondrial dysfunction has emerged as a key pathogenic driver in major neurodegenerative diseases, including Alzheimer's disease, Parkinson's disease, Huntington's disease, and amyotrophic lateral sclerosis. Defects in mitochondrial bioenergetics, excessive reactive oxygen species production, impaired mitochondrial dynamics, disrupted mitophagy, and dysregulated calcium handling collectively contribute to neuronal damage, synaptic dysfunction, and neuroinflammation. These insights have prompted growing interest in therapeutic strategies that directly target mitochondria to restore organelle homeostasis. Recent advances in chemical biology and nanomedicine have enabled the development of mitochondria-targeted ligands, peptide-based targeting systems, and carrier or nanotechnology-enabled delivery platforms designed to overcome biological barriers and selectively deliver therapeutic cargos to mitochondria within the central nervous system. In this Review, we summarize mitochondrial pathological mechanisms in neurodegenerative diseases and discuss emerging mitochondria-targeted therapeutic strategies, highlighting delivery technologies, therapeutic modalities, and translational challenges. Although most strategies remain at the preclinical or proof-of-principle stage, these advances are beginning to shape a conceptual framework for precision mitochondrial medicine, with the longer-term goal of developing disease-modifying interventions for neurodegenerative disorders.",https://pubmed.ncbi.nlm.nih.gov/42553297/,,,parkinsons,(Parkinson Disease[MeSH] OR Parkinson[tiab] OR dopamine[tiab] OR alpha-synuclein[tiab]) AND (treatment[tiab] OR intervention[tiab] OR therapy[tiab]),2026-08-05T17:22:15+00:00,,,,,,"To assess whether the provided abstract should be included in the systematic review on Parkinson's Disease, we'll evaluate it against each inclusion and exclusion criterion step by step.

## Inclusion Criteria
1. **Pathogen: Must be about Parkinson's Disease**  
   - The abstract does mention Parkinson's disease as one of the neurodegenerative diseases being discussed. **(Met)**

2. **Language: English only**  
   - The abstract is written in English. **(Met)**

3. **Study type: Peer-reviewed, original research (note systematic reviews/meta-analyses for special consideration)**  
   - The abstract appears to be part of a review, which is not classified as original research but rather a summarization of existing findings. **(Not Met)**

4. **Population: Human subjects**  
   - The abstract discusses neuronal function and therapeutic strategies, but does not specifically report on human subjects or patient data related to Parkinson's Disease. **(Not Met)**

5. **Content: Must contain at least one of the following details**  
   - The abstract discusses mitochondrial mechanisms in neurodegenerative diseases and emerging therapeutic strategies, but does not provide quantitative data related to human outcomes or specific measures as outlined in the inclusion criteria. Therefore, it lacks direct motor outcome measures specific to Parkinson's Disease. **(Not Met)**

## Exclusion Criteria
1. **Pathogen: Not about Parkinson's Disease**  
   - The abstract includes Parkinson's disease. **(Not Excluded)**

2. **Language: Non-English**  
   - The abstract is in English. **(Not Excluded)**

3. **Publication type: Conference proceedings, abstracts, posters, correspondence**  
   - Given that this is an abstract of a review, it falls under this exclusion category. **(Excluded)**

4. **Study design: In-vitro studies only (no human or animal component)**  
   - The abstract does not indicate it is an in vitro study but is not focused on direct human research. **(Not Excluded)**

5. **Study design: Solely animal studies AND animal studies that do not report transmission parameters**  
   - Not applicable, as it discusses mitochondrial therapies rather than animal studies. **(Not Excluded)**

6. **Outbreak type: Accidental laboratory outbreaks**  
   - Not applicable, as it does not relate to laboratory outbreaks. **(Not Excluded)**

### Final Assessment
The abstract primarily discusses theoretical and preclinical aspects of mitochondrial therapy in neurodegenerative diseases, including Parkinson's, but does not present original research findings specifically on human subjects or clinical outcomes, which are central to the review's inclusion criteria.

The first study type criterion (requiring original research) and the content criterion are not met. Additionally, as it is classified as an abstract of a review, it falls into the exclusion category regarding publication type.

Given this analysis, the abstract should be excluded from the systematic review.

<decision>EXCLUDE</decision>",EXCLUDE,False,2026-08-05T18:28:20.824428
PMID_42550252,PubMed,42550252,PMC10141126,10.1016/j.intimp.2021.107498,Comparative pharmacovigilance of Levodopa and Pramipexole: a disproportionality analysis of the FAERS database.,"Hu, Longtao; Ren, Yaolong; Li, Yingchao; Cai, Fangni",Neurological sciences : official journal of the Italian Neurological Society and of the Italian Society of Clinical Neurophysiology,2026,"PURPOSE: This study aimed to comprehensively characterize and compare the safety profiles of Levodopa and Pramipexole, two cornerstone therapies for Parkinson's disease (PD), using real-world data from the FDA Adverse Event Reporting System (FAERS).
METHODS: A disproportionality analysis was conducted on FAERS data from Q1 2004 to Q2 2025. Reports listing Levodopa or Pramipexole as the 'primary suspect' drug were extracted and deduplicated. Four established algorithms (ROR, PRR, BCPNN, and EBGM) were employed for signal detection at both the System Organ Class (SOC) and Preferred Term (PT) levels. A sensitivity analysis excluding restless legs syndrome (RLS)-indicated Pramipexole reports was performed to assess indication bias.
RESULTS: The analysis included 5,410 Levodopa and 6,894 Pramipexole reports. Distinct demographic and reporting patterns were observed. At the SOC level, Levodopa's strongest signal was in ""Respiratory, thoracic and mediastinal disorders"" (EBGM05 = 4.46), while Pramipexole's was in ""Psychiatric disorders"" (EBGM05 = 5.85). At the PT level, Levodopa was strongly associated with ""Saliva discolouration"" (EBGM05 = 769.94) and previously unhighlighted events like ""Choking sensation"" (EBGM05 = 71.68). Pramipexole showed extreme signals for ""Restless legs augmentation syndrome"" (EBGM05 = 1092.07) and ""Gambling disorder"" (EBGM05 = 610.24). A high frequency (31.47%) of Levodopa-associated events occurred within the first 30 days of treatment. The sensitivity analysis confirmed that Pramipexole's neuropsychiatric signals remained robust after excluding RLS-indicated reports.
CONCLUSION: This large-scale study confirms the well-established risks of both drugs and identifies potential new safety signals for Levodopa, particularly concerning respiratory manifestations. The fundamentally distinct risk profiles underscore the necessity for drug-specific monitoring strategies and caution in combination therapy. These findings provide critical real-world evidence for optimizing risk-benefit management in PD.",https://pubmed.ncbi.nlm.nih.gov/42550252/,,,parkinsons,(Parkinson Disease[MeSH] OR Parkinson[tiab] OR dopamine[tiab] OR alpha-synuclein[tiab]) AND (treatment[tiab] OR intervention[tiab] OR therapy[tiab]),2026-08-05T17:22:15+00:00,,,,,,"To determine whether the study should be included in the systematic review on Parkinson's Disease, we will meticulously evaluate it against the inclusion and exclusion criteria:

### Inclusion Criteria
1. **Pathogen: Must be about Parkinson's Disease**  
   - **Assessment**: The study is about Parkinson's Disease, specifically comparing the safety profiles of Levodopa and Pramipexole, both of which are treatments for Parkinson's.  
   - **Status**: Met

2. **Language: English only**  
   - **Assessment**: The abstract is in English.  
   - **Status**: Met

3. **Study type: Peer-reviewed, original research (note systematic reviews/meta-analyses for special consideration)**  
   - **Assessment**: The abstract describes original research based on the analysis of FAERS data.  
   - **Status**: Met

4. **Population: Human subjects**  
   - **Assessment**: The study uses data from reports associated with human patients taking Levodopa and Pramipexole.  
   - **Status**: Met

5. **Content: Must contain AT LEAST ONE of**:  
   a) Quantitative details of concluded/ongoing human outbreak  
   b) Mathematical or statistical model of disease transmission  
   c) Measures/estimates of transmission parameters  
   d) Measures/estimates of timing parameters  
   e) Measures/estimates of severity  
   f) Measures/estimates of genetic evolution  
   g) Measures of overdispersion or superspreading  
   h) Seroprevalence data or serological surveys  
   i) Risk factors for infection, severe disease, death, or hospitalization  
   j) Measures/estimates of vector parameters  
   - **Assessment**: The study discusses safety profiles of medications in terms of adverse events, with statistical analyses of the adverse event reports (e.g., specific signals at SOC and PT levels). It provides relevant risk information for managing treatments in Parkinson’s Disease.  
   - **Status**: Met (specifically relevant to risk factors and safety profiles of treatments)

### Exclusion Criteria
1. **Pathogen: Not about Parkinson's Disease**  
   - **Assessment**: The study pertains directly to Parkinson's Disease.  
   - **Status**: Not applicable

2. **Language: Non-English**  
   - **Assessment**: The abstract is in English.  
   - **Status**: Not applicable

3. **Publication type: Conference proceedings, abstracts, posters, correspondence**  
   - **Assessment**: The abstract presents original research findings. It does not fall under any of the excluded publication types.  
   - **Status**: Not applicable

4. **Study design: In-vitro studies only**  
   - **Assessment**: This study is based on analysis of human data and is not an in-vitro study.  
   - **Status**: Not applicable

5. **Study design: Solely animal studies AND animal studies that do not report transmission parameters**  
   - **Assessment**: The study does not involve animal studies.  
   - **Status**: Not applicable

6. **Outbreak type: Accidental laboratory outbreaks**  
   - **Assessment**: The study does not discuss laboratory outbreaks or accidental transmissions.  
   - **Status**: Not applicable

### Conclusion
The study meets all inclusion criteria and does not fall under any exclusion criteria. It offers insights relevant to the pharmacological management of Parkinson's Disease, particularly safety profiles related to medication use.

Therefore, the appropriate decision regarding this study is:

<decision>INCLUDE</decision>",INCLUDE,True,2026-08-05T18:28:20.828382
PMID_42545957,PubMed,42545957,,10.1159/sfn/aeuag001,Management Patterns in Deep Brain Stimulator Hardware Infection: Is Hardware Sparing Feasible?,"Venkatesan, Subeikshanan; Zakare-Fagbamila, Rasheedat T; Sriram, Sai; Reddy, Ramya; Foote, Kelly; Hilliard, Justin D",Stereotactic and functional neurosurgery,2026,"INTRODUCTION: Deep brain stimulation (DBS) hardware infection is a serious complication with heterogeneous presentations and no standardized management guidelines. Management ranges from hardware-sparing (HS) washout to partial (PE) or complete explantation (CE). This study aimed to evaluate outcomes of initial management strategies and identify factors associated with treatment failure and escalation.
METHODS: We conducted a single-center retrospective review of adult DBS patients (2002-2020) who required surgery for first-time and recurrent hardware infection or wound erosion. Treatment success was defined as infection clearance without further surgical intervention. Treatment failure was defined as escalation or conversion to a more extensive procedure among those who did not clear the infection.Outcomes were characterized using two complementary definitions - infection clearance success rate defined as absence of recurrent DBS-related infection or wound erosion after index management and non-escalation success rate, defined as avoidance to progression of a more advanced surgical strategy after index procedure. Recurrence freedom was evaluated using Kaplan-Meier analysis, and predictors of recurrence were assessed using multivariable Cox proportional hazards regression.
RESULTS: Ninety-eight patients were included. Initial management consisted of HS in 39 patients, PE in 37, and CE in 22. Using the infection-clearance definition, success was observed in 38% of HS cases, 62% of PE cases, and 59% of CE cases. When success was defined by avoidance of escalation, HS achieved non-escalation success in 49% of cases and PE in 78%. Recurrence freedom differed significantly by management strategy, with PE and CE demonstrating greater durability than HS (log-rank χ² = 23.98, p < 0.001). In multivariable Cox regression, PE and CE were associated with significantly lower recurrence hazard compared with HS, while erosion at presentation independently predicted recurrence. Disease category was associated with conversion/escalation, with Parkinson's disease patients less likely to undergo escalation, but PD status did not predict recurrence freedom. Despite lower infection-control durability, HS preserved stimulation for a clinically meaningful interval in selected patients.
CONCLUSION: DBS infection outcomes reflect the interaction between infection phenotype, management aggressiveness, and patient-centered goals of therapy. PE and CE provide greater recurrence freedom than HS, particularly when infection control is the primary objective. However, HS remains clinically relevant in selected patients because it may preserve therapeutic stimulation and delay or avoid escalation, even when definitive infection clearance is not achieved.",https://pubmed.ncbi.nlm.nih.gov/42545957/,,,parkinsons,(Parkinson Disease[MeSH] OR Parkinson[tiab] OR dopamine[tiab] OR alpha-synuclein[tiab]) AND (treatment[tiab] OR intervention[tiab] OR therapy[tiab]),2026-08-05T17:22:15+00:00,,,,,,"Let's evaluate the abstract provided against the inclusion and exclusion criteria step by step.

## Inclusion Criteria Assessment
1. **Pathogen: Must be about Parkinson's Disease**
   - The abstract mentions Parkinson's disease (PD) in the context of deep brain stimulation (DBS) complications. **(Met)**
   
2. **Language: English only**
   - The abstract is in English. **(Met)**

3. **Study type: Peer-reviewed, original research (note systematic reviews/meta-analyses for special consideration)**
   - The study is a retrospective review of patient outcomes, which qualifies as original research. **(Met)**

4. **Population: Human subjects**
   - The study involves human subjects (adult DBS patients). **(Met)**

5. **Content: Must contain AT LEAST ONE of:**
   - a) Quantitative details of concluded/ongoing human outbreak (size, year, location, duration, spatial scale)
   - b) Mathematical or statistical model of disease transmission
   - c) Measures/estimates of transmission parameters: R, R0, Rt, r, Re, growth rate, doubling time
   - d) Measures/estimates of timing parameters: generation time, serial interval, incubation period, latent period, infectious period
   - e) Measures/estimates of severity: CFR, IFR, hospitalization rate, mortality rate, attack rate
   - f) Measures/estimates of genetic evolution: mutation rate, substitution rate, evolutionary rate
   - g) Measures of overdispersion or superspreading (k parameter, transmission heterogeneity)
   - h) Seroprevalence data or serological surveys
   - i) Risk factors for infection, severe disease, death, or hospitalization (with statistical measures)
   - j) Measures/estimates of vector parameters
   - The study discusses treatment outcomes and recurrence rates of infections in DBS patients, as well as factors associated with treatment failure. It provides statistical measures in the context of management strategies without a focus on infection transmission parameters. **(Not Met)**

## Exclusion Criteria Assessment
1. **Pathogen: Not about Parkinson's Disease**
   - The study is related to Parkinson's Disease. **(Not Met)**

2. **Language: Non-English**
   - The paper is in English. **(Not Met)**

3. **Publication type: Conference proceedings, abstracts, posters, correspondence**
   - There is no indication that this is a conference proceeding or correspondence; it is a study report. **(Not Met)**

4. **Study design: In-vitro studies only (no human or animal component)**
   - The study involves human subjects and is not in-vitro only. **(Not Met)**

5. **Study design: Solely animal studies AND animal studies that do not report transmission parameters**
   - The study does not involve animal studies. **(Not Met)**

6. **Outbreak type: Accidental laboratory outbreaks**
   - The study does not involve an accidental laboratory outbreak. **(Not Met)**

## Conclusion
While the study involves human subjects and reports on treatment outcomes related to Parkinson's Disease, it does not meet the key content requirement of providing motor outcomes or the quantitative metrics outlined in the inclusion criteria. Thus, this study does not align sufficiently with the goals of the systematic review.

<decision>EXCLUDE</decision>",EXCLUDE,False,2026-08-05T18:28:20.828491
PMID_42545552,PubMed,42545552,PMC11106264,10.1038/s41746-024-01065-0,Transition dynamics modeling of pre-trained accelerometry representations for time to diagnosis of Parkinson's disease.,"Xie, Huiming; Xue, Fei; Wang, Xiao",Lifetime data analysis,2026,"Early identification of Parkinson's disease is critical for timely intervention. Disruptions in sleep architecture and changes in physical activity patterns have been reported years before motor symptom onset, yet prodromal behavioral changes spanning sleep and daytime activity patterns are subtle and difficult to detect with conventional clinical tools. Wearable sensors provide a scalable means of monitoring these behaviors in natural settings, but extracting meaningful, interpretable features from high-frequency, unlabeled time series remains a major challenge. We present an end-to-end framework for assessing Parkinson's disease risk from wrist-worn accelerometry via automated feature extraction and survival modeling of time to diagnosis. Behavioral states are derived from unlabeled data using pretrained models including random forests with hidden Markov models for physical activity classification and a self-supervised learning based sleep staging model. We jointly model both sleep stage and physical activity sequences using hierarchical nonstationary Markov chains stratified by time of day and temporal resolution, characterizing individual-level behavioral rhythms and transition dynamics. Gradient-boosted Cox proportional hazards models are then used to estimate Parkinson's disease risk from these transition-based features. Applied to accelerometer data from the UK Biobank, our approach outperforms baselines that exclude dynamic modeling or rely on traditional functional data analysis, while providing interpretable predictors from long sequences of wearable sensor data. This demonstrates the potential of integrating pretrained AI models, temporal sequence modeling, and survival analysis to detect early behavioral signatures of neurodegeneration.",https://pubmed.ncbi.nlm.nih.gov/42545552/,,,parkinsons,(Parkinson Disease[MeSH] OR Parkinson[tiab] OR dopamine[tiab] OR alpha-synuclein[tiab]) AND (treatment[tiab] OR intervention[tiab] OR therapy[tiab]),2026-08-05T17:22:15+00:00,,,,,,"To determine whether to include or exclude the provided abstract in the systematic review on Parkinson's Disease, we will systematically evaluate it against the predefined inclusion and exclusion criteria.

## Inclusion Criteria
1. **Pathogen**: Must be about Parkinson's Disease.
   - The abstract is clearly focused on Parkinson's Disease, discussing early identification and risk assessment, which is relevant.

2. **Language**: English only.
   - The abstract is written in English.

3. **Study type**: Peer-reviewed, original research (not including systematic reviews/meta-analyses).
   - The abstract presents original research with a methodological framework and outcomes, qualifying as peer-reviewed original research.

4. **Population**: Human subjects.
   - The study utilizes accelerometer data from the UK Biobank, which includes human subjects, meeting this criterion.

5. **Content**: Must contain AT LEAST ONE of the specified measures.
   - The study assesses Parkinson's disease risk using wearable sensors and behavioral data, linking early behavioral changes to the risk of Parkinson's disease. The mention of ""survival modeling of time to diagnosis"" aligns with the requirement for quantitative assessment or data related to disease progression.

## Exclusion Criteria
1. **Pathogen**: Not about Parkinson's Disease.
   - The study is indeed about Parkinson's Disease.

2. **Language**: Non-English.
   - The abstract is in English.

3. **Publication type**: Conference proceedings, abstracts, posters, correspondence.
   - This is a peer-reviewed abstract from a legitimate research study, not merely a conference abstract without further study details.

4. **Study design**: In-vitro studies only (no human or animal component).
   - The study involves human data (UK Biobank), thereby excluding this criterion.

5. **Study design**: Solely animal studies AND animal studies that do not report transmission parameters.
   - This study does not involve animal studies; it is based on human accelerometer data.

6. **Outbreak type**: Accidental laboratory outbreaks.
   - Not applicable here as the study focuses on Parkinson's Disease risk assessment through wearable sensors in human subjects.

After evaluating all the relevant criteria, the study meets all the inclusion criteria and does not meet any exclusion criteria. It provides insights into early behavioral changes related to Parkinson's Disease, which can be highly relevant for clinical evidence synthesis.

Based on the comprehensive review of the criteria:

<decision>INCLUDE</decision>",INCLUDE,True,2026-08-05T18:28:20.828567
PMID_42539673,PubMed,42539673,PMC10298716,10.3390/ijms24129881,Adjunctive EGb 761 treatment in patients with Parkinson's disease: a case series.,"Krasnienkov, Dmytro; Karaban, Iryna; Barsukov, Olexiy; Korcheva, Veronika; Karasevych, Nina; Melnyk, Nataliia; Khodakovskaya, Maryna; Papurina, Tetiana; Falarin, Bohdan; Kukharskyy, Vitaly; Midlovets, Kostiantyn",Frontiers in aging neuroscience,2026,"BACKGROUND: Parkinson's disease (PD) is the second most common neurodegenerative disease. It is based on a gradual decrease in the number of dopaminergic neurons in the midbrain. Since various pathological processes, including oxidative stress, neuroinflammation, and impaired neuroplasticity, are involved in PD pathogenesis, there is increasing interest in adjunctive therapies that target multiple pathways. This study aims to provide a preliminary assessment of the effects of adjunctive EGb 761 on motor, cognitive, and molecular markers in patients with Parkinson's disease, to gain insights valuable for the design of future controlled and randomized clinical trials.
METHODS: The study included 17 patients with Parkinson's disease who received EGb 761 for 1 month in the context of baseline antiparkinsonian therapy. Standard clinical and neurophysiological tests were performed: UPDRS, MMSE, MoCA, FAB, BDI-I, Spielberger-Hanin Anxiety Scale and Hoehn and Yahr scale, motor tempo and sensorimotor response; the following molecular genetic markers were determined: relative average telomere length, relative mtDNA copy number; and biochemical markers: LDH, SOD and CAT activity, as well as AGEs, GSH/GSSG and MDA concentrations were determined.
RESULTS: Statistically significant changes in the relative number of mtDNA copies (decrease), GSH/GSSG (decrease) and MDA (increase), as well as a trend towards telomere elongation were observed.
CONCLUSION: EGb 761 administration in combination with basic symptomatic therapy is associated with improved cognitive and motor functions, and the molecular findings (a decrease in mtDNA copy number alongside a trend toward telomere elongation) are consistent with, though not proof of, the activation of mitophagy. Our preliminary results provide the basis for designing sufficiently powered, randomized and controlled clinical trials with clearly defined primary and secondary endpoints to assess the efficacy and safety of Ginkgo biloba extract in the adjunctive treatment of Parkinson's disease.",https://pubmed.ncbi.nlm.nih.gov/42539673/,,,parkinsons,(Parkinson Disease[MeSH] OR Parkinson[tiab] OR dopamine[tiab] OR alpha-synuclein[tiab]) AND (treatment[tiab] OR intervention[tiab] OR therapy[tiab]),2026-08-05T17:22:15+00:00,,,,,,"To evaluate whether the study should be included or excluded from the systematic review on Parkinson's Disease, we will assess the abstract against the predefined inclusion and exclusion criteria step by step.

### Inclusion Criteria
1. **Pathogen**: Must be about Parkinson's Disease
   - The study is directly focused on Parkinson’s Disease.
   - **Status**: Met
  
2. **Language**: English only
   - The abstract is in English.
   - **Status**: Met
  
3. **Study type**: Peer-reviewed, original research (note systematic reviews/meta-analyses for special consideration)
   - The abstract describes a case series, which suggests original research. However, further confirmation would be needed that it is peer-reviewed.
   - **Status**: Tentatively Met (depends on the publication status)
  
4. **Population**: Human subjects
   - The study reports on 17 patients with Parkinson's disease.
   - **Status**: Met
  
5. **Content**: Must contain AT LEAST ONE of:
   - a) Motor outcomes (UPDRS, Hoehn and Yahr scale)
   - b) Other measures related to Parkinson’s Disease.
   - The study includes UPDRS and Hoehn and Yahr scale as part of its assessment.
   - **Status**: Met

### Exclusion Criteria
1. **Pathogen**: Not about Parkinson's Disease
   - The paper is focused on Parkinson's Disease.
   - **Status**: Not applicable (does not apply for exclusion)

2. **Language**: Non-English
   - The abstract is in English.
   - **Status**: Not applicable (does not apply for exclusion)

3. **Publication type**: Conference proceedings, abstracts, posters, correspondence
   - It is unclear from the abstract whether it is a conference proceeding or an actual research paper, but as a case series, it likely qualifies as original research. Nevertheless, if it turns out to be a mere abstract, it would be excluded.
   - **Status**: Tentatively Not applicable (potential concern)

4. **Study design**: In-vitro studies only (no human or animal component)
   - The study involves human subjects and is not purely in vitro.
   - **Status**: Not applicable (does not apply for exclusion)

5. **Study design**: Solely animal studies AND those that do not report transmission parameters
   - The study is about human subjects with Parkinson's disease.
   - **Status**: Not applicable (does not apply for exclusion)

6. **Outbreak type**: Accidental laboratory outbreaks
   - This criterion does not apply as this is not about disease transmission but about treatment effects.
   - **Status**: Not applicable (does not apply for exclusion)

### Conclusion
- The study meets all the relevant inclusion criteria regarding its focus on Parkinson's Disease, involvement of human subjects, reporting of motor outcomes, and being in English. There are some uncertainties surrounding the exact nature of the publication (if it is a peer-reviewed original research article or just an abstract), but given the details provided, it shows promise for contributing valuable insights into the interventions for Parkinson's Disease.

On balance, given the criteria mostly met and the insights offered regarding treatment, I will recommend inclusion.

<decision>INCLUDE</decision>",INCLUDE,True,2026-08-05T18:28:20.828627
PMID_42533668,PubMed,42533668,,10.1093/brain/awag256,Movement dependent neural substates within levodopa-induced dyskinesia in Parkinson's disease.,"Habets, Jeroen G V; Merk, Timon; Mathiopoulou, Varvara; Kaplan, Jonathan; Lofredi, Roxanne; Busch, Johannes L; Binns, Thomas S; Köhler, Richard M; Memarpouri, Arian; Al-Fatly, Bassam; Faust, Katharina; Krause, Patricia; Schneider, Gerd-Helge; Neumann, Wolf-Julian; Tovote, Philipp; Kühn, Andrea A",Brain : a journal of neurology,2026,"Parkinson patients suffer from levodopa-induced dyskinesia, which occur adversely to chronic dopaminergic treatment. These abnormal involuntary movements can only partly be actively suppressed and affect quality of life. A lowered motor inhibition during hyperdopaminergic states, associated with structural and plasticity changes in the cortico-basal-ganglia motor network, is hypothesized to enable dyskinesia. Multiple oscillatory cortico-subthalamic patterns associated with dyskinesia have been described but their dependence on behavioral states such as movement presence remains unknown, which is crucial for its use in real-life application of adaptive neuromodulation. We studied invasive cortico-subthalamic oscillations in 22 patients with Parkinson's disease during dyskinesia-evoking protocols. Clinical assessments differentiated between non-dyskinetic and dyskinetic periods, and kinematic monitoring detected movement presence, leading to four behavioral states containing rest, voluntary movements, movement suppression during dyskinesia, and dyskinetic movements. Data-driven methods reduced data dimensionalities and optimized frequency-specific signal-to-noise ratios in the neural recordings and allowed feature extraction of spectral magnitudes, variances, and inter-subthalamic and cortico-subthalamic coherences. Subthalamic theta-activity and attenuated beta-activity were elevated during both dyskinetic movement suppression and execution, while cortico-subthalamic gamma-activity was only increased during dyskinetic movement execution. The subthalamic oscillations predicted dyskinesia presence, but varying behavioral states containing fluctuating movement presence affected the predictive performance. Movement-aware classifications improved dyskinesia detection based on cortical and on gamma oscillations. Introducing a movement-aware classification which considered the current behavioral state improved the neural detection of therapeutic states. We propose movement execution during dyskinesia should be considered as a distinct behavioral and neural microstate within a dopamine-depending hyperdopaminergic macrostate. Integrating this state concept may inform future adaptive neuromodulation and enhance its naturalistic robustness during every-day life.",https://pubmed.ncbi.nlm.nih.gov/42533668/,,,parkinsons,(Parkinson Disease[MeSH] OR Parkinson[tiab] OR dopamine[tiab] OR alpha-synuclein[tiab]) AND (treatment[tiab] OR intervention[tiab] OR therapy[tiab]),2026-08-05T17:22:15+00:00,,,,,,"To determine whether this abstract should be included in the systematic review, we will assess it against the inclusion and exclusion criteria step by step.

### Inclusion Criteria
1. **Pathogen**: The abstract is about Parkinson's Disease, which fits the criteria.
2. **Language**: The abstract is in English, meeting the language requirement.
3. **Study type**: The study presents original research. It is relevant to consider whether it is peer-reviewed, which the abstract does not specify, but we will lean towards acceptance as it seems to be a formal study. 
4. **Population**: The study involves human subjects (22 patients with Parkinson's disease), which meets the population criteria.
5. **Content**: The abstract contains extensive detail about motor outcomes related to dyskinesia in patients with Parkinson’s disease. While it does not explicitly state any of the outcome measures like UPDRS or Hoehn and Yahr scale, it discusses kinematic monitoring and clinical assessments of movement states in the context of dyskinesia, which may imply relevant motor outcomes.

### Exclusion Criteria
1. **Pathogen**: The study is about Parkinson's Disease, not excluded.
2. **Language**: It is in English, not excluded.
3. **Publication type**: It appears to present original research. There is no indication it is a conference proceeding or abstract in a non-peer-reviewed publication.
4. **Study design**: The study involves human subjects and does not report solely on in vitro studies or animal studies. Therefore, it is not excluded.
5. **Study design**: The study does not focus purely on animal studies or anything that would apply to this exclusion category. 
6. **Outbreak type**: Not relevant in this context, as the study does not refer to an outbreak.

Based on this analysis:

- The study meets the inclusion criteria, as it focuses on Parkinson's Disease, includes human subjects, and presents relevant research on motor outcomes (levodopa-induced dyskinesia).
- There are no exclusion criteria met that would warrant rejection.

Thus, the proper decision is to include this study in the systematic review.

<decision>INCLUDE</decision>",INCLUDE,True,2026-08-05T18:28:20.828692
PMID_42533232,PubMed,42533232,PMC12405258,10.3389/fnins.2025.1639911,Efficacy and safety of fecal microbiota transplantation in Parkinson's disease: a systematic review and meta-analysis of randomized controlled trials with GRADE assessment.,"Siam, Aya Magdy; Moubarak, Elsayed S; Mahmoud, Nour-Eldin; Khelifa, Hamza; Aljalawy, Fatma; Hassan, Abdelrahman A; Ahmed, Nour Aldin T; Wagdy, Mohamed; Heikal, Youssef; Abbas, Omar Fayez",Neurological sciences : official journal of the Italian Neurological Society and of the Italian Society of Clinical Neurophysiology,2026,"BACKGROUND: Parkinson's disease (PD) is a common neurodegenerative disease that is a growing public health challenge. Recent evidence showed that gut microbiota dysbiosis is involved in the pathogenesis of PD, prompting interest in fecal microbiota transplantation (FMT) as a potential disease-modifying intervention. This systematic review and meta-analysis aim to evaluate the efficacy and safety of FMT in patients with PD.
METHODS: We conducted a systematic literature review using PubMed, Scopus, Web of Science, and the Cochrane Library till June 4, 2026, to identify RCTs comparing FMT with placebo or control interventions in PD. After removal of duplicates alongside title and abstract screening, followed by full-text screening, seven randomized controlled trials were included in this systematic review and meta-analysis.
RESULTS: A total of seven randomized controlled trials (RCTs) with 318 subjects were analyzed. FMT was delivered via oral capsules, nasojejunal tubes, or colonoscopy, with follow-up periods ranging from 12 to 52 weeks. The meta-analysis indicated a notable short-term enhancement in daily motor activities, as assessed by MDSUPDRS Part II, after one month (mean difference - 2.19, 95% confidence interval - 4.32 to -0.06; P = 0.044). Nevertheless, no significant estimates were noted for MDS-UPDRS Part III, aggregate MDS-UPDRS scores, motor complications, non-motor symptoms, or overall life quality at any assessed time frame. Some individual studies reported gains in cognitive ability, anxious feelings, quality of life related to constipation, and certain PDQ-39 categories, although these improvements were not uniformly observed. Overall, FMT was well tolerated by participants, with adverse reactions mostly comprising mild, self-resolving gastrointestinal issues and no major safety risks.
CONCLUSIONS: FMT is a safe treatment for individuals with PD and may offer modest short-term advantages in performing daily motor tasks. However, current evidence does not indicate lasting enhancements in overall motor capabilities, non-motor symptoms, or life quality. More extensive and sufficiently powered trials utilizing standardized FMT procedures and longer observation periods are necessary to elucidate the therapeutic benefits of FMT in Parkinson's disease.",https://pubmed.ncbi.nlm.nih.gov/42533232/,,,parkinsons,(Parkinson Disease[MeSH] OR Parkinson[tiab] OR dopamine[tiab] OR alpha-synuclein[tiab]) AND (treatment[tiab] OR intervention[tiab] OR therapy[tiab]),2026-08-05T17:22:15+00:00,,,,,,"Let's evaluate the abstract against each of the predefined inclusion and exclusion criteria.

### Inclusion Criteria
1. **Pathogen: Must be about Parkinson's Disease**  
   - The study is explicitly about Parkinson's disease (PD), fulfilling this criteria.
  
2. **Language: English only**  
   - The abstract is in English, fulfilling this criteria.

3. **Study type: Peer-reviewed, original research (note systematic reviews/meta-analyses for special consideration)**  
   - This is a systematic review and meta-analysis, which is a recognized study type for consideration, fulfilling this criteria.

4. **Population: Human subjects**  
   - The study involves human subjects with Parkinson's disease, fulfilling this criteria.

5. **Content: Must contain AT LEAST ONE of the defined contents**  
   - The study evaluates efficacy and safety of fecal microbiota transplantation (FMT), reporting quantitative data on motor activities (MDS-UPDRS Part II), thus fulfilling this criteria. 

### Exclusion Criteria
1. **Pathogen: Not about Parkinson's Disease (exclude studies on other pathogens)**  
   - The study is about Parkinson's Disease, so this criterion does not apply.

2. **Language: Non-English**  
   - The abstract is in English, so this criterion does not apply.

3. **Publication type: Conference proceedings, abstracts, posters, correspondence**  
   - This study is reported in a systematic review and meta-analysis, which is a valid form of publication, so this criterion does not apply.

4. **Study design: In-vitro studies only (no human or animal component)**  
   - The study includes human trials and is not solely in-vitro, so this criterion does not apply.

5. **Study design: Solely animal studies AND animal studies that do not report transmission parameters**  
   - The study does not involve animal studies, so this criterion does not apply.

6. **Outbreak type: Accidental laboratory outbreaks (not natural disease transmission)**  
   - This criterion is not pertinent to the study, which does not deal with outbreaks.

### Conclusion
The study meets all of the inclusion criteria while not falling under any of the exclusion criteria. The systematic review investigates a relevant treatment for Parkinson's Disease with clear reporting of clinical outcomes related to motor function.

Based on the evaluation of both sets of criteria, the abstract should be included in the systematic review.

<decision>INCLUDE</decision>",INCLUDE,True,2026-08-05T18:28:20.828752
PMID_42533035,PubMed,42533035,PMC12163591,10.1093/ijnp/pyaf034,A cortical insula-orbitofrontal circuit drives stress-induced dopamine system dysfunction.,"Yang, Olivia J; Reiley, Hannah B; Boley, Angela M; Perez, Stephanie M; Lodge, Daniel J",Molecular psychiatry,2026,"Stress is a major risk factor for psychiatric disorders, including post-traumatic stress disorder (PTSD), depression, and psychosis, and is closely linked to dysregulation of the dopamine system. Psychosis is characterized by aberrant salience processing driven by elevated striatal dopamine transmission, and both clinical and preclinical studies demonstrate that acute stress increases dopamine release and induces behavioral alterations associated with psychosis. A key physiological substrate of this dysregulation is increased dopamine neuron population activity in the ventral tegmental area (VTA); however, the upstream circuits through which stress drives this pathological dopamine state remain poorly defined. Human neuroimaging studies implicate the insular cortex (IC), a core node of the salience network, with hyperactivity reported in PTSD. Preclinical studies similarly demonstrate that IC activity contributes to stress-induced fear and anxiety-like behaviors. Yet, whether the IC modulates dopamine neuron population activity has not been established. Here, we identified a previously unrecognized insula-orbitofrontal circuit (IC-OFC) that powerfully regulates VTA dopamine neuron population activity. Using in vivo extracellular electrophysiology in rats, we demonstrate that activation of the IC selectively increases VTA dopamine neuron population activity. This effect is replicated by selective, chemogenetic activation of the IC-OFC circuit. Importantly, inactivation of this pathway reverses stress-induced elevations in dopamine population activity and normalizes associated behavioral disruptions. Together, these findings identify an IC-OFC-VTA circuit through which stress drives pathological dopamine system activation, providing new mechanistic insight into stress-induced dopamine dysregulation and revealing a novel circuit target for intervention in stress-related psychiatric disorders.",https://pubmed.ncbi.nlm.nih.gov/42533035/,,,parkinsons,(Parkinson Disease[MeSH] OR Parkinson[tiab] OR dopamine[tiab] OR alpha-synuclein[tiab]) AND (treatment[tiab] OR intervention[tiab] OR therapy[tiab]),2026-08-05T17:22:15+00:00,,,,,,"To assess whether the paper should be included in the systematic review about *Parkinson's Disease*, we will evaluate it against the predefined inclusion and exclusion criteria step-by-step.

### Inclusion Criteria
1. **Pathogen**: The study must be about Parkinson's Disease.
   - **Assessment**: This study does not focus on Parkinson's Disease; rather, it discusses the relationship between stress and the dopamine system, particularly in the context of stress-related psychiatric disorders like PTSD. Therefore, this criterion is **not** met.

2. **Language**: English only.
   - **Assessment**: The abstract is in English. This criterion is **met**.

3. **Study type**: Peer-reviewed, original research (note systematic reviews/meta-analyses for special consideration).
   - **Assessment**: The abstract appears to describe original research but does not specify its publication status as peer-reviewed. If it is indeed peer-reviewed, this criterion would be **met**.

4. **Population**: Human subjects.
   - **Assessment**: This study uses animal models (specifically rats) and does not involve human subjects. Therefore, this criterion is **not** met.

5. **Content**: Must contain at least one of the specified content measures.
   - **Assessment**: The study discusses dopamine dysregulation and circuits related to stress but does not relate to Parkinson’s Disease or the specific clinical measures outlined in the review's objectives. Therefore, this criterion is **not** met.

### Exclusion Criteria
1. **Pathogen**: Not about Parkinson's Disease.
   - **Assessment**: The study does not address Parkinson's Disease. This criterion applies and warrants exclusion.

2. **Language**: Non-English.
   - **Assessment**: The abstract is in English. This criterion does not apply here.

3. **Publication type**: Conference proceedings, abstracts, posters, correspondence.
   - **Assessment**: The abstract is likely from a conference or similar publication since it is presented in abstract form. This criterion applies and warrants exclusion.

4. **Study design**: In-vitro studies only (no human or animal component).
   - **Assessment**: The study involves animal subjects, so this criterion does not apply.

5. **Study design**: Solely animal studies AND studies that do not report transmission parameters.
   - **Assessment**: The study is about animal models and does not concern Parkinson’s, so this criterion applies and warrants exclusion.

6. **Outbreak type**: Accidental laboratory outbreaks (not natural disease transmission).
   - **Assessment**: This criterion does not apply as the abstract focuses on stress and dopamine, not on outbreaks.

### Conclusion
Given that the study does not focus on Parkinson's Disease and primarily deals with stress and psychiatric disorders related to dopamine dysfunction, it fails to meet multiple inclusion criteria while fulfilling exclusion criteria.

Therefore, the final decision is: <decision>EXCLUDE</decision>",EXCLUDE,False,2026-08-05T18:28:20.828819
PMID_42530044,PubMed,42530044,,10.31083/jin50932,Extracellular Vesicle-Mediated Delivery of VEGF and NGF Protects Dopaminergic Neurons in 6-OHDA-Induced Parkinson's Disease Models.,"Yan, Wenyu; Meng, Xianyue; Wang, Yan; Wei, Chuanfei; Han, Fabin; Li, Xueli",Journal of integrative neuroscience,2026,"BACKGROUND: Parkinson's disease (PD) is a neurodegenerative disorder marked by motor dysfunction. No definitive methods exist to repair damaged neurons. Vascular endothelial growth factor (VEGF) and nerve growth factor (NGF) are two neuroprotective agents that work synergistically. However, these large molecular proteins have difficulty crossing the blood-brain barrier (BBB). Extracellular vesicles (EVs) offer superior targeting and low immunogenicity, making them excellent carriers. In this study we examined the protective effects of VEGF and NGF in a cell model and evaluated the therapeutic potential of VEGF-NGF contained within EVs in PD rats.
METHODS: EVs were isolated using sequential differential centrifugation and characterized using transmission electron microscopy, nanoparticle tracking analysis, and western blotting (WB). VEGF and NGF were loaded into the EVs using a saponin-assisted method to create VEGF@EVs, NGF@EVs, and VEGF/NGF@EVs. The viability of 6-hydroxydopamine hydrochloride (6-OHDA)-induced SH-SY5Y cells was measured using the cell counting kit-8 assay before and after treatment with VEGF and NGF. Autophagy levels were assessed using WB, and the role of autophagy was further explored using the autophagy inhibitor chloroquine. Unilateral PD rat models were established via stereotactic injection of 6-OHDA into male Sprague-Dawley rats. Behavioral changes were monitored before and after treatment. Neuronal recovery, neurotransmitter levels, and autophagy levels in the rat brains were evaluated using immunohistochemistry, enzyme-linked immunosorbent assay, and WB.
RESULTS: VEGF/NGF@EVs significantly enhanced the viability of 6-OHDA-induced SH-SY5Y cells. A complete autophagic process was identified as essential for this protective effect. The intranasal administration of VEGF/NGF@EVs improved motor behavior in PD rats, with performance better than that of single growth factor treatments. The number of tyrosine hydroxylase (TH)-positive neurons, TH protein expression, and dopamine content were significantly increased. In addition, the level of autophagy in the rat substantia nigra was elevated.
CONCLUSIONS: VEGF/NGF@EVs exert protective effects in both in vitro and in vivo 6-OHDA-induced PD models by promoting autophagy, demonstrating greater efficacy than either growth factor alone. By transplanting VEGF/NGF@EVs into PD rats, we showed that these vesicles can effectively cross the BBB and deliver targeted therapy to the central nervous system. This study highlights the significant potential of EV-mediated protein transplantation strategies for treating neurological disorders.",https://pubmed.ncbi.nlm.nih.gov/42530044/,,,parkinsons,(Parkinson Disease[MeSH] OR Parkinson[tiab] OR dopamine[tiab] OR alpha-synuclein[tiab]) AND (treatment[tiab] OR intervention[tiab] OR therapy[tiab]),2026-08-05T17:22:15+00:00,,,,,,"Let's evaluate the abstract against the inclusion and exclusion criteria.

## Inclusion Criteria
1. **Pathogen: Must be about Parkinson's Disease**
   - The study is explicitly about Parkinson's Disease. **(Met)**

2. **Language: English only**
   - The abstract is in English. **(Met)**

3. **Study type: Peer-reviewed, original research (note systematic reviews/meta-analyses for special consideration)**
   - The abstract appears to be from original research. **(Met)**

4. **Population: Human subjects (animal studies acceptable if reporting EITHER... )**
   - The study includes in vitro (cell model) and in vivo (rat model) components. While it does not involve human subjects directly, it does use animal studies that are relevant to the condition. However, we need to consider the inclusion criteria stating studies involving patients with confirmed Parkinson's disease diagnosis. Because there are no human subjects involved, this criterion is not fully met. **(Not Met)**

5. **Content: Must contain AT LEAST ONE of:**
   - The study reports on the motor behavior of PD rats and the protective effects on dopaminergic neurons. While it does focus on measures of neuron recovery and behavioral outcomes linked to Parkinson's Disease, the measurements mentioned do not include standard clinical outcome measures like UPDRS or Hoehn and Yahr scales. **(Not Met)**

## Exclusion Criteria
1. **Pathogen: Not about Parkinson's Disease (exclude studies on other pathogens)**
   - The study is about Parkinson's Disease. **(Not Applicable)**

2. **Language: Non-English**
   - The study is in English. **(Not Applicable)**

3. **Publication type: Conference proceedings, abstracts, posters, correspondence**
   - The publication type is not specified as conference proceedings or otherwise, and it appears to be original research, making this criterion not applicable. **(Not Applicable)**

4. **Study design: In-vitro studies only (no human or animal component)**
   - The study contains both in vitro and in vivo components. **(Not Applicable)**

5. **Study design: Solely animal studies AND animal studies that do not report transmission parameters...**
   - The study utilizes animal models (PD rats), and while it reports on effects relevant to motor outcomes, it does not involve human participants as per the inclusion criteria. However, it does fall under preclinical research. **(Not Applicable)**

6. **Outbreak type: Accidental laboratory outbreaks (not natural disease transmission)**
   - This criterion is irrelevant to this study's context. **(Not Applicable)**

### Summary:
The study presents relevant data on interventions for Parkinson's Disease, but it does not meet critical inclusion criteria related to the population (human subjects). Although the findings may contribute to understanding PD, the exclusion of human data aligns the study closer to the exclusion than inclusion based on the original objectives and criteria of the systematic review. Thus, we should exclude this study from the systematic review.

<decision>EXCLUDE</decision>",EXCLUDE,False,2026-08-05T18:28:20.828880
PMID_42526929,PubMed,42526929,,10.1136/bmjopen-2026-123017,"Early assessment, diagnosis and treatment of Parkinsonism and Related Syndromes study (ExPRESS): a protocol for an observational study on incident parkinsonism.","Fumi, Riona Giulia; Caraiscos, Isabella; Jabbari, Edwin; Rittman, Timothy; Rowe, James B; Ben-Shlomo, Yoav; Hu, Michele T; Morris, Huw R",BMJ open,2026,"INTRODUCTION: Existing evidence from cohort studies of atypical parkinsonism has demonstrated that median time from symptom onset to diagnosis is 3.4 years for progressive supranuclear palsy (PSP) and 3.1 years for multiple system atrophy (MSA). This compares to only 1.0-1.2 years in Parkinson's disease (PD). Earlier diagnosis is essential to facilitate recruitment to disease-modifying treatment trials. In the Early Assessment, Diagnosis and Treatment of Parkinsonism and Related Syndromes study, we will prospectively assess patients across the UK with incident parkinsonism and determine the best predictors to improve early diagnosis of the 'Parkinson-plus' syndromes (PPS) and build a trial-ready cohort.
METHODS AND ANALYSIS: In this longitudinal prospective clinical cohort study, we will recruit 500 people with incident parkinsonism or syndromes associated with later PPS. Participants must be within 12 months of their first secondary care appointment for either motor disturbance or other symptoms of prodromes to PPS. Participants will return a self-completed questionnaire about their symptoms and have a structured neurological assessment by a clinician capturing key clinical features, clinical diagnostic criteria and quantitative clinical scales. Blood for DNA and plasma will be collected at baseline. 120 participants recruited to a subset of study sites will be invited to undergo detailed biomarker assessments such as additional blood collection, lumbar puncture, skin biopsy, MRI, cognitive assessments and digital biomarker assessments.We will stratify participants according to their most likely clinical diagnosis at 4 years post-baseline as the gold standard clinical diagnosis. This will be supplemented by neuropathological examination where available. We will use multivariable logistic modelling to identify early predictors of atypical PPS versus PD. Lifetime follow-up will be carried out using medical records linkage with participant consent.
ETHICS AND DISSEMINATION: Ethical approvals have been granted by the Queen Square Research Ethics Committee (Ref: 14/LO/1575), with approval from the Health Research Authority and each participating site. Findings from the study will be published in academic journals and presented at UK-wide and international conferences, as well as disseminated via patient advocacy groups and charities including the PSP Association, Cure PSP, Rare Dementia Support and the MSA Trust.",https://pubmed.ncbi.nlm.nih.gov/42526929/,,,parkinsons,(Parkinson Disease[MeSH] OR Parkinson[tiab] OR dopamine[tiab] OR alpha-synuclein[tiab]) AND (treatment[tiab] OR intervention[tiab] OR therapy[tiab]),2026-08-05T17:22:15+00:00,,,,,,"**Step-by-step Evaluation of Inclusion and Exclusion Criteria**

**Inclusion Criteria**
1. **Pathogen:** Must be about Parkinson's Disease  
   - Met: The study is specifically about parkinsonism, including Parkinson's Disease.
  
2. **Language:** English only  
   - Met: The abstract is written in English.
  
3. **Study type:** Peer-reviewed, original research (note systematic reviews/meta-analyses for special consideration)  
   - Met: The study is a protocol for a longitudinal prospective clinical cohort study, which implies original research.

4. **Population:** Human subjects (animal studies acceptable if reporting specific parameters)  
   - Met: The study involves human subjects with incident parkinsonism.

5. **Content:** Must contain AT LEAST ONE of the following:  
   a) Quantitative details of concluded/ongoing human outbreak (size, year, location, duration, spatial scale)  
   b) Mathematical or statistical model of disease transmission  
   c) Measures/estimates of transmission parameters: R, R0, Rt, r, Re, growth rate, doubling time  
   d) Measures/estimates of timing parameters: generation time, serial interval, incubation period, latent period, infectious period  
   e) Measures/estimates of severity: CFR, IFR, hospitalization rate, mortality rate, attack rate  
   f) Measures/estimates of genetic evolution: mutation rate, substitution rate, evolutionary rate  
   g) Measures of overdispersion or superspreading  
   h) Seroprevalence data or serological surveys  
   i) Risk factors for infection, severe disease, death, or hospitalization (with statistical measures)  
   j) Measures/estimates of vector parameters  
   - Met: While the study does not discuss an outbreak, it focuses on assessing predictors for early diagnosis of conditions related to Parkinson's Disease, which is relevant to clinical outcomes and treatment.

**Exclusion Criteria**
1. **Pathogen:** Not about Parkinson's Disease  
   - Not applicable: The study is about Parkinson's Disease and related syndromes.

2. **Language:** Non-English  
   - Not applicable: The abstract is in English.

3. **Publication type:** Conference proceedings, abstracts, posters, correspondence  
   - Not applicable: While it is a protocol, it is presented as a structured abstract for original research.

4. **Study design:** In-vitro studies only (no human or animal component)  
   - Not applicable: The study involves human participants.

5. **Study design:** Solely animal studies AND animal studies that do not report transmission parameters  
   - Not applicable: The study is about human subjects.

6. **Outbreak type:** Accidental laboratory outbreaks (not natural disease transmission)  
   - Not applicable: The study does not relate to laboratory outbreaks.

**Conclusion**  
Upon thorough evaluation, while the study involves assessing parkinsonism in a cohort and focuses on early diagnosis—which is relevant to clinical intervention—there is no specific outcome measure of the motor or non-motor features documented as per the inclusion criteria. The study seems to assess predictors and build a cohort rather than providing direct data regarding the clinical outcome measures specified (such as UPDRS or Hoehn and Yahr scale). Therefore, due to the focus on diagnosis rather than treatment outcomes or established motor outcomes:

<decision>EXCLUDE</decision>",EXCLUDE,False,2026-08-05T18:28:20.828937
PMID_42523337,PubMed,42523337,PMC13405038,10.64898/2026.07.13.738258,A novel rat model of body first subtype of Parkinson's disease.,"Peshattiwar, Vaibhavi; Swain, Caroline; Pokharel, Dipesh; Le, Khoi; Kennedy, Isabel; Venkiteswaran, Kala; Subramanian, Thyagarajan",bioRxiv : the preprint server for biology,2026,"The recent growing evidence support the existence of two subtypes of Parkinson's disease (PD), a body first and brain first subtype owing to variability in the disease site of onset as well as disease progression. Animal models which could replicate the specific differences of these subtypes are important to explore the pathophysiology as well as to evaluate novel treatment options. Here, we describe an animal model of body first PD subtype developed using repeated low dose exposure of environmental neurotoxin Paraquat (P) and Lectin (L) to characterize its PD-like manifestations. We administered P+L (P+L, p.o.) daily to rats for 90 days. These animals underwent motor and non-motor behavioral tests at various time intervals. After 21 weeks, post-mortem histopathological analysis was performed to assess neurodegeneration. Onset of motor deficits initiated unilaterally from week 4 of P+L followed by gradual progression towards bilateral symptoms that were levodopa responsive. This model also replicates non motor features including cognitive deficits in tests like Novel Object Recognition Test and Y maze as well as sleep abnormalities. The histopathology showed nigrostriatal dopaminergic degeneration and proteinase K resistant S129 alpha-synucleinopathy both in the gut and the brain. The replication of both progressive motor and non-motor features in this rat model corroborates body first subtype of PD therefore making it an attractive option for testing neuroprotective experimental therapeutics and avenue to understand pathophysiological mechanisms.",https://pubmed.ncbi.nlm.nih.gov/42523337/,,,parkinsons,(Parkinson Disease[MeSH] OR Parkinson[tiab] OR dopamine[tiab] OR alpha-synuclein[tiab]) AND (treatment[tiab] OR intervention[tiab] OR therapy[tiab]),2026-08-05T17:22:15+00:00,,,,,,"To systematically screen the provided abstract according to the inclusion and exclusion criteria, let's evaluate it step by step:

### Inclusion Criteria Assessment

1. **Pathogen: Must be about Parkinson's Disease**
   - The study is about Parkinson's Disease, specifically focusing on a subtype of PD, so this criterion is met.

2. **Language: English only**
   - The abstract is in English, so this criterion is met.

3. **Study type: Peer-reviewed, original research (note systematic reviews/meta-analyses for special consideration)**
   - The provided abstract describes original research involving an animal model, but not human subjects. It does not specify that it is peer-reviewed original research intended for humans. Therefore, this criterion is **not fully met**.

4. **Population: Human subjects**
   - The study involves rats and does not involve human subjects. Thus, this criterion is **not met**.

5. **Content: Must contain AT LEAST ONE of the specified content measures**
   - The abstract discusses motor deficits and various behavioral tests relevant to Parkinson's, but since it's an animal study, the measures do not pertain to the inclusion criteria regarding human outcomes specifically. Furthermore, the outcomes are not reported in terms of human outcome measures like UPDRS or Hoehn and Yahr scale. Therefore, this criterion is **not met**.

### Exclusion Criteria Assessment

1. **Pathogen: Not about Parkinson's Disease**
   - The study is about Parkinson's Disease, so this criterion is not applicable.

2. **Language: Non-English**
   - The abstract is in English, so this criterion is not applicable.

3. **Publication type: Conference proceedings, abstracts, posters, correspondence**
   - We have only an abstract noted here. If this is indeed a standalone abstract published in a source that does not count as an original study, it could potentially meet this exclusion criterion.

4. **Study design: In-vitro studies only (no human or animal component)**
   - The study details an animal model, so this criterion does not apply.

5. **Study design: Solely animal studies AND animal studies that do not report transmission parameters**
   - The study is an animal study and does not report any human-related or direct clinical outcome measures. Thus, this criterion applies, and we must exclude it.

6. **Outbreak type: Accidental laboratory outbreaks (not natural disease transmission)**
   - This criterion does not apply, as the study focuses on a model of PD, not an outbreak scenario.

### Conclusion

Since the study involves only animal models, does not report relevant motor or non-motor measures in human subjects, and we consider it a standalone abstract, it does not meet the needed criteria for inclusion. Specifically, it fails to adhere to the inclusion criteria regarding population (human subjects) and relevant outcome measures.

Therefore, the final decision is: 

<decision>EXCLUDE</decision>",EXCLUDE,False,2026-08-05T18:28:20.828992
PMID_42522648,PubMed,42522648,,10.2174/011570159x457922260717112524,Global Research Trends of Protein Post-translational Modifications in Alzheimer's Disease: A Bibliometric Analysis.,"Wei, Zixin; Qian, Haifeng; Dai, Chunmei; Wu, Jiali; Li, Yunqiang; Yin, Kai; Li, Mingquan; Yang, Hongmei",Current neuropharmacology,2026,"BACKGROUND: In recent years, a considerable body of research has increasingly underscored the critical roles that protein Post-Translational Modifications (PTMs) play in the pathogenesis of Alzheimer's Disease (AD). However, a comprehensive bibliometric analysis of this field is still lacking. This study aims to systematically map research trends and hotspots and to identify promising directions for future work.
METHODS: The data in this study were extracted from the Web of Science Core Collection (WOSCC) and visualized using CiteSpace, VOSviewer, R-bibliometrix, and Microsoft Excel 2016 to analyze bibliometric indicators including countries, institutions, authors, journals, citations, production categories, and keywords.
RESULTS: A collection of 1,170 articles was retrieved, spanning the publication period from January 1, 1990, to December 31, 2024. The top three countries in terms of publications were the United States, China, and Germany. The most productive institution was the University of California System in the United States, contributing 57 articles. The leading authors identified were Mitkevich Vladimir, Perry George, and Makarov Alexander A. The Journal of Alzheimer's Disease was the top-ranked journal in terms of published papers. The most frequently cited article was ""The NLRP3 Inflammasome: An Overview of Mechanisms of Activation and Regulation,"" published in the International Journal of Molecular Sciences. Finally, the most prolific research category was neuroscience, with 432 papers published. High-frequency keywords included Alzheimer's disease, phosphorylation, tau, and neurodegeneration.
DISCUSSION: The study's findings suggest that PTM research in AD continues to revolve around the core pathological hallmarks represented by Aβ and tau protein. At the same time, some studies have reported aberrant modifications of α-synuclein and its potential role in AD. By systematically cataloging diverse PTM types and the molecular mechanisms involving Aβ and tau throughout AD progression, this analysis paves the way for a reassessment of AD pathogenesis from a ""modification-function-pathology"" perspective and provides a basis for identifying potential PTM-related targets and intervention strategies.
CONCLUSION: This bibliometric analysis highlights the growing scholarly attention devoted to the relationship between PTMs and AD. The significant contributions and emerging trends emphasize the pivotal role of PTMs in the pathogenesis of AD, which may guide future biomarker discovery.",https://pubmed.ncbi.nlm.nih.gov/42522648/,,,parkinsons,(Parkinson Disease[MeSH] OR Parkinson[tiab] OR dopamine[tiab] OR alpha-synuclein[tiab]) AND (treatment[tiab] OR intervention[tiab] OR therapy[tiab]),2026-08-05T17:22:15+00:00,,,,,,"Let's assess the abstract against the inclusion and exclusion criteria.

## Inclusion Criteria
1. **Pathogen**: The study is about Alzheimer's Disease, not Parkinson's Disease. **Not met**.
2. **Language**: The abstract is in English. **Met**.
3. **Study type**: The study is a bibliometric analysis, which is not considered original research but rather a systematic review/meta-analysis. However, since systematic reviews can be considered for inclusion per special consideration, we need to look at further criteria to assess relevance. **Partially met** (problematic).
4. **Population**: The population is not human subjects with Parkinson's Disease; instead, it’s focused on research about Alzheimer's Disease. **Not met**.
5. **Content**: The content is focused on the role of PTMs in Alzheimer's Disease, with no relevant quantitative details, outcomes, or measures pertaining to Parkinson's Disease. **Not met**.

## Exclusion Criteria
1. **Pathogen**: The study is not about Parkinson's Disease (it focuses solely on Alzheimer’s Disease). **Applies** (exclude).
2. **Language**: The abstract is in English. **Does not apply**.
3. **Publication type**: It seems to be a bibliometric analysis rather than a peer-reviewed, original research article. **Applies**.
4. **Study design**: It does not involve human or animal research directly; it's a bibliometric analysis. **Applies**.
5. **Study design**: N/A since the study does not involve animal studies.
6. **Outbreak type**: N/A as it’s not about outbreaks.

### Conclusion
Based on the above assessments, particularly with regards to the pathogen focus and publication type, the criteria for exclusion are met. Therefore, this study is not relevant for the systematic review on Parkinson's Disease.

<decision>EXCLUDE</decision>",EXCLUDE,False,2026-08-05T18:28:20.829047
PMID_42521741,PubMed,42521741,PMC12431842,10.1053/j.sempedsurg.2017.04.006,Team-based care with early recognition and treatment of cardiac dysfunction for infants with CDH.,"Sloan, Patrick E; Sanning, Lila S; Liviskie, Caren; Clark, Kristen; Bushroe, Kylie; Riley, Melissa; Lijowska, Anna; Vrecenak, Jesse; Najaf, Tasnim",Journal of perinatology : official journal of the California Perinatal Association,2026,"OBJECTIVE: Identify how a core congenital diaphragmatic hernia (CDH) team coupled with early recognition and treatment of cardiac dysfunction changed outcomes for infants with CDH.
METHODS: A retrospective chart review compared a historical cohort from 2015-2019 (n = 51) with a post-guideline cohort from 2020-2025 (n = 53). Statistical analysis was performed with Fisher's exact, unpaired t-test, and Mann Whitney U-test.
RESULTS: Survival improved from 68.6% to 88.7% (p = 0.016) and ECMO utilization decreased, 51.0% to 26.4% (p = 0.015). Infants with cardiac dysfunction had increased survival (47.3% vs. 81.8%, p = 0.014) and less ECMO utilization (68.4% vs. 36.3%, p = 0.043). Vasoactive choices evolved with dopamine replaced by norepinephrine, low-dose epinephrine, or calcium gluconate. Inhaled nitric oxide (iNO) use in the first 48 h decreased significantly while prostaglandin E1 (PGE1) use increased.
DISCUSSION: We implemented a core CDH team focused on a generalizable, physiology-driven approach to identify and treat cardiac dysfunction using standard neonatal echocardiography to improve outcomes.",https://pubmed.ncbi.nlm.nih.gov/42521741/,,,parkinsons,(Parkinson Disease[MeSH] OR Parkinson[tiab] OR dopamine[tiab] OR alpha-synuclein[tiab]) AND (treatment[tiab] OR intervention[tiab] OR therapy[tiab]),2026-08-05T17:22:15+00:00,,,,,,"### Step-by-Step Evaluation of the Abstract Against Inclusion and Exclusion Criteria

1. **Pathogen: Must be about Parkinson's Disease**
   - This study is focused on congenital diaphragmatic hernia (CDH) and does not mention Parkinson's Disease.
   - **Conclusion:** **Not met**

2. **Language: English only**
   - The abstract is in English.
   - **Conclusion:** **Met**

3. **Study type: Peer-reviewed, original research (note systematic reviews/meta-analyses for special consideration)**
   - The abstract indicates a retrospective chart review, which is considered original research.
   - **Conclusion:** **Met**

4. **Population: Human subjects**
   - The study involves infants with congenital diaphragmatic hernia.
   - **Conclusion:** **Not met** (must involve Parkinson's Disease)

5. **Content: Must contain AT LEAST ONE of:**
   - The study mentions outcomes related to CDH, including survival rates and ECMO utilization, but none of the content is related to Parkinson's Disease or meet any of the specified content criteria regarding PD.
   - **Conclusion:** **Not met**

### Overall Assessment
Since the abstract does not meet the primary focus regarding Parkinson's Disease, and instead focuses on another medical condition (CDH), it does not qualify for inclusion according to the stated criteria.

<decision>EXCLUDE</decision>",EXCLUDE,False,2026-08-05T18:28:20.829104
PMID_42518684,PubMed,42518684,PMC7228980,10.1007/s13346-020-00740-5,Nanoparticles Navigating the Blood-Brain Barrier for Neurodegenerative Therapy.,"Zhao, Xinming; Sun, Liming; Zhang, Xiaoman; Qi, Xiaochen; Wu, Guangzhen",International journal of nanomedicine,2026,"The blood-brain barrier (BBB) blocks most drugs from entering the brain. Over 98% of small-molecule drugs and nearly all biologics fail to cross this barrier. Nanoparticles (NPs) provide multiple ways to bypass the BBB. These include receptor-mediated transcytosis, adsorptive-mediated transport, and intranasal delivery. NPs can also modify disease-related pathways. For example, they promote amyloid-β clearance, reduce tau phosphorylation, and reprogram neuroimmune responses. Many preclinical studies have shown promising results in Alzheimer's, Parkinson's, and Huntington's diseases. However, no NP-based therapy has moved beyond early-stage clinical trials. Several issues remain unresolved. Direct comparisons between different NP platforms are lacking. The long-term toxicity of NPs in the brain is not well understood. Animal models also do not accurately reflect human disease. We suggest that future work should focus on standardized characterization, better predictive models, and clinical trial designs that address NP diversity. Researchers should also compare NP therapies with existing treatments in a rigorous manner.",https://pubmed.ncbi.nlm.nih.gov/42518684/,,,parkinsons,(Parkinson Disease[MeSH] OR Parkinson[tiab] OR dopamine[tiab] OR alpha-synuclein[tiab]) AND (treatment[tiab] OR intervention[tiab] OR therapy[tiab]),2026-08-05T17:22:15+00:00,,,,,,"Let's evaluate the abstract against the inclusion and exclusion criteria systematically.

## Inclusion Criteria
1. **Pathogen**: The study mentions ""Parkinson's"" in the context of neurodegenerative diseases, which aligns with the focus on Parkinson's disease. **(Met)**
2. **Language**: The abstract is in English. **(Met)**
3. **Study type**: This study is not a peer-reviewed original research study. It appears to be a discussion on nanoparticles in neurodegenerative therapy, likely including preclinical studies, without evidence of original research reported. **(Not Met)**
4. **Population**: Although it mentions human diseases, the studies referenced are likely focused on animal models and not clearly reporting on human subjects. **(Not Met)**
5. **Content**: The abstract discusses applications and mechanisms of nanoparticles rather than presenting data on specific clinical outcomes, motor measures in Parkinson's Disease (like UPDRS), or any direct intervention studies regarding treatments for Parkinson's. **(Not Met)**

## Exclusion Criteria
1. **Pathogen**: The study is about Parkinson's Disease, does not exclude based on this criterion. **(Not Applicable)**
2. **Language**: The abstract is in English, so this criterion does not apply. **(Not Applicable)**
3. **Publication type**: As it is not clear whether this is part of a peer-reviewed paper or simply a discussion of a concept, it averages more towards research overview, which may not fit. **(Not Clearly Met)**
4. **Study design**: The study does not appear to focus on human subjects and seems to lean more toward discussion of preclinical studies without relevant human data. **(Met)**
5. **Study design**: The study appears to discuss animal models rather than focusing on human subjects. **(Met)**
6. **Outbreak type**: This is irrelevant as it concerns Parkinson's Disease and not an outbreak context. **(Not Applicable)**

### Conclusion
Given the points above, particularly that the study does not clearly qualify as peer-reviewed original research or report data on human subjects, it fails to meet crucial elements of the inclusion criteria and aligns with several exclusion criteria.

<decision>EXCLUDE</decision>",EXCLUDE,False,2026-08-05T18:28:20.829157
PMID_42517057,PubMed,42517057,PMC8664088,10.1177/0272989x211014163,Clinicians' views on a patient decision aid for deep brain stimulation in Parkinson's disease.,"King, Hillary S; Blumenthal-Barby, Jennifer; Levi, Benjamin H; De Jesus, Sol; Sarva, Harini; Cabrera, Laura Y",Frontiers in human neuroscience,2026,"INTRODUCTION: For people with Parkinson's disease (PD), deciding whether to pursue deep brain stimulation (DBS) has become increasingly complex. Evidence suggests current approaches to collaborative decision-making may fall short of accepted standards. Thus, a decision support intervention, such as a patient decision aid (PtDA) may be warranted. PtDAs have been shown to improve patients' knowledge, expectations, and participation in decision-making for other, similar healthcare decisions. We therefore sought to assess neurologists' awareness of, and experience using, PtDAs, and to solicit their opinions on the ideal features of a PtDA for PD patients considering DBS.
METHODS: Sixteen United States-based neurology clinicians were interviewed about their experiences in treating and counseling PD patients considering DBS. These semi-structured interviews were analyzed using qualitative content analysis.
RESULTS: Seven general neurologists, eight movement disorders specialists, and one registered nurse in a movement practice participated in interviews. None of the clinicians had experience using a patient decision aid, and many were unfamiliar with the concept altogether. All largely expressed optimism about the potential utility of a PtDA for PD patients considering DBS. There was less consensus about the ideal format, content, and implementation of such a PtDA.
CONCLUSION: Healthcare providers recognize the potential benefits of a PtDA to engage PD patients considering DBS. However, input from other stakeholders-particularly the patients themselves-is essential to validate these findings.",https://pubmed.ncbi.nlm.nih.gov/42517057/,,,parkinsons,(Parkinson Disease[MeSH] OR Parkinson[tiab] OR dopamine[tiab] OR alpha-synuclein[tiab]) AND (treatment[tiab] OR intervention[tiab] OR therapy[tiab]),2026-08-05T17:22:15+00:00,,,,,,"Let's evaluate the provided abstract against the inclusion and exclusion criteria step by step:

### Inclusion Criteria

1. **Pathogen: Must be about Parkinson's Disease**  
   - The study is explicitly about Parkinson's disease (PD). This criterion is met.

2. **Language: English only**  
   - The abstract is in English. This criterion is met.

3. **Study type: Peer-reviewed, original research (note systematic reviews/meta-analyses for special consideration)**  
   - The study is based on interviews with clinicians, which qualifies it as original research, assuming it is peer-reviewed. This criterion is met.

4. **Population: Human subjects**  
   - The participants in this study are human clinicians treating PD patients. This criterion is met.

5. **Content: Must contain AT LEAST ONE of the specified measures**  
   - The abstract discusses a patient decision aid (PtDA) for patients with PD considering deep brain stimulation (DBS), which relates to patient outcomes and decision-making in treatment. However, it does not report specific motor outcomes (like UPDRS or Hoehn and Yahr scale), nor does it involve any interventions directly. This criterion is **not met**.

### Exclusion Criteria

1. **Pathogen: Not about Parkinson's Disease (exclude studies on other pathogens)**  
   - The study is about Parkinson's Disease, so this does not apply.

2. **Language: Non-English**  
   - The study is in English, so this does not apply.

3. **Publication type: Conference proceedings, abstracts, posters, correspondence**  
   - The format of the study is an abstract but does not specify if it is a conference abstract; however, it presents original research. This criterion is not directly applicable for exclusion based on the content.

4. **Study design: In-vitro studies only (no human or animal component)**  
   - This study involves human clinicians and thus is not an in-vitro study. This does not apply.

5. **Study design: Solely animal studies AND animal studies that do not report transmission parameters**  
   - The study does not involve animals. This does not apply.

6. **Outbreak type: Accidental laboratory outbreaks (not natural disease transmission)**  
   - Not applicable as this study does not address outbreaks.

### Conclusion
The study is primarily focused on clinicians’ views regarding the decision-making process for a specific intervention (deep brain stimulation) for Parkinson's disease patients. It does not report on the required motor outcome measures or interventions, which are essential according to our inclusion criteria.

Thus, based on the criteria evaluated, the study does not meet the necessary inclusion criteria and should be excluded.

<decision>EXCLUDE</decision>",EXCLUDE,False,2026-08-05T18:28:20.829208
PMID_42516801,PubMed,42516801,PMC3827386,10.3233/jpd-191806,Clinical outcomes following a home-based dual-task telerehabilitation program in Parkinson's disease.,"Kaya, Basak Bilir; Ketenci, Pinar Gungor; Oztekin, Ozlem; Ceyhan, Naziye; Memisoglu, Kemal",Northern clinics of Istanbul,2026,"OBJECTIVE: To examine changes in motor and non-motor clinical outcomes following participation in a home-based telerehabilitation program incorporating motor-cognitive dual-task exercises in individuals with Parkinson's disease (PD).
METHODS: This retrospective cohort study analyzed prospectively recorded clinical data obtained from a government-supported telerehabilitation service implemented at a tertiary physical medicine and rehabilitation center in Istanbul, Türkiye. The study included 60 participants with mild-to-moderate PD (Hoehn and Yahr stages 1-3) who completed a 6-week intervention consisting of 30 supervised sessions (60 min/session, 5 days/week). The program combined motor exercises, cognitive tasks, and integrated dual-task activities delivered through synchronous video-based supervision. Clinical assessments included balance (Berg Balance Scale, Mini-BESTest), balance confidence (Activities-specific Balance Confidence Scale), mobility (Timed Up and Go test), manual dexterity (Nine-Hole Peg Test), quality of life (PD Questionnaire-39), depressive symptoms (Beck Depression Inventory), and self-reported urinary/fecal incontinence.
RESULTS: Post-intervention analyses demonstrated statistically significant improvements in all evaluated outcomes (all p<0.001). Participants showed better balance, mobility, and hand dexterity, accompanied by increased balance confidence and improved gait-related performance. Quality-of-life scores improved, while depressive symptom severity decreased following the intervention. The proportion of participants reporting urinary incontinence declined from 40% to 23%, whereas fecal incontinence decreased from 12% to 2%. Effect size analyses demonstrated moderate-to-large improvements across the primary and key secondary outcomes, with the largest effects observed for depressive symptoms, quality of life, and balance-related performance. No intervention-related adverse events were identified during the study period.
CONCLUSION: Participation in a remotely supervised, dual-task-based telerehabilitation program was associated with favorable changes across multiple clinical domains in individuals with PD. The findings suggest that home-based telerehabilitation may represent a feasible and clinically relevant rehabilitation approach within routine practice. Given the retrospective nature of the study and the lack of a control group, the observed findings should be considered preliminary. Prospective randomized controlled trials are needed to confirm these findings and evaluate their long-term clinical significance.",https://pubmed.ncbi.nlm.nih.gov/42516801/,,,parkinsons,(Parkinson Disease[MeSH] OR Parkinson[tiab] OR dopamine[tiab] OR alpha-synuclein[tiab]) AND (treatment[tiab] OR intervention[tiab] OR therapy[tiab]),2026-08-05T17:22:15+00:00,,,,,,"Let's assess the abstract against the criteria step by step.

### Inclusion Criteria
1. **Pathogen: Must be about Parkinson's Disease**  
   - The study clearly focuses on Parkinson's disease (PD), so this criterion is met.
   
2. **Language: English only**  
   - The abstract is in English, meeting this criterion.

3. **Study type: Peer-reviewed, original research (note systematic reviews/meta-analyses for special consideration)**  
   - The study is a retrospective cohort study analyzing clinical data, which qualifies as original research. Thus, this criterion is met.

4. **Population: Human subjects**  
   - The study involves 60 participants diagnosed with mild-to-moderate Parkinson's disease, which meets this criterion.

5. **Content: Must contain AT LEAST ONE of the specified measures**  
   - The study reports on various clinical outcomes, including balance, mobility, manual dexterity, quality of life, and depressive symptoms. These represent quantitative measures related to motor and non-motor aspects of Parkinson's disease, thus meeting this criterion.

### Exclusion Criteria
1. **Pathogen: Not about Parkinson's Disease**  
   - The study is exclusively about Parkinson's Disease, so this criterion does not apply for exclusion.

2. **Language: Non-English**  
   - The study is in English, so this criterion does not apply for exclusion.

3. **Publication type: Conference proceedings, abstracts, posters, correspondence**  
   - The abstract does not suggest it is a conference proceeding or similar; it appears to be from a peer-reviewed publication. Therefore, this criterion does not apply for exclusion.

4. **Study design: In-vitro studies only (no human or animal component)**  
   - The study involves human participants, so this criterion does not apply for exclusion.

5. **Study design: Solely animal studies AND animal studies that do not report transmission parameters**  
   - The study does not involve any animal studies. This criterion does not apply for exclusion.

6. **Outbreak type: Accidental laboratory outbreaks (not natural disease transmission)**  
   - The study pertains to intervention outcomes in human populations, not outbreaks. Therefore, this criterion does not apply for exclusion.

### Conclusion
The abstract meets all the inclusion criteria and does not meet any exclusion criteria. Therefore, the study should be included in the systematic review.

<decision>INCLUDE</decision>",INCLUDE,True,2026-08-05T18:28:20.829266
PMID_42513443,PubMed,42513443,PMC4163032,10.1093/brain/awu195,Clinical and Healthcare Disparities in Migrant Patients with Parkinson's Disease: A Matched Cohort Study in a Multiethnic European Population.,"Peral-Quirós, Alejandro; Caballol, Núria; Planas-Ballvé, Anna; Lombardo-Del Toro, Paula; Gómez-Ruiz, Isabel; Balagué-Marmaña, Marta; Pérez-Pellejero, Cristian; Fornés, Cristina; Ávila-Rivera, Asunción",Journal of clinical medicine,2026,"Background/Objectives: Data on Parkinson's disease in immigrant populations are limited despite increasing migration and population aging in Europe. This study aimed to evaluate differences in clinical presentation and healthcare engagement between immigrant and native patients with Parkinson's disease in a multiethnic European setting. Methods: We conducted a retrospective matched cohort study including immigrant patients with Parkinson's disease followed at our Movement Disorders Unit between 2000 and 2025. Immigrant patients were matched 1:1 with native patients by age, sex, and year of diagnosis. Clinical characteristics, prodromal symptoms, motor severity, and healthcare engagement variables were analyzed. Results: Ninety-eight immigrant patients were matched with 98 native patients. Most immigrants originated from Latin America and North Africa. Native patients showed a higher prevalence of hyposmia than immigrant patients (49.0% vs. 26.5%; p = 0.002). No significant differences were observed in disease duration, pattern of motor symptom onset, motor severity, Hoehn and Yahr stage, MDS-UPDRS scores, or antiparkinsonian treatment during follow-up, although native patients had higher postural tremor scores at baseline. Immigrant patients demonstrated lower healthcare engagement, with higher rates of missed follow-up visits (34.7% vs. 16.3%; p = 0.003) and poorer treatment adherence (24.5% vs. 11.2%; p = 0.016). Conclusions: Immigrant patients with Parkinson's disease showed a lower prevalence of hyposmia and reduced healthcare engagement despite otherwise comparable clinical characteristics, motor severity, and treatment patterns. These findings highlight the importance of considering sociocultural determinants and barriers to healthcare utilization when managing Parkinson's disease in increasingly diverse populations.",https://pubmed.ncbi.nlm.nih.gov/42513443/,,,parkinsons,(Parkinson Disease[MeSH] OR Parkinson[tiab] OR dopamine[tiab] OR alpha-synuclein[tiab]) AND (treatment[tiab] OR intervention[tiab] OR therapy[tiab]),2026-08-05T17:22:15+00:00,,,,,,"### Inclusion Criteria Evaluation:

1. **Pathogen: Must be about Parkinson's Disease**  
   - The study clearly focuses on Parkinson's disease, discussing its clinical presentation in migrant patients.  
   **Met.**

2. **Language: English only**  
   - The abstract is in English.  
   **Met.**

3. **Study type: Peer-reviewed, original research (note systematic reviews/meta-analyses for special consideration)**  
   - The study is a matched cohort study, which qualifies as original research.  
   **Met.**

4. **Population: Human subjects (animal studies acceptable if reporting EITHER...)**  
   - The study involves human subjects (immigrant and native patients with Parkinson's disease).  
   **Met.**

5. **Content: Must contain AT LEAST ONE of:**  
   - a) Quantitative details of concluded/ongoing human outbreak  
   - b) Mathematical or statistical model of disease transmission  
   - c) Measures/estimates of transmission parameters  
   - d) Measures/estimates of timing parameters  
   - e) Measures/estimates of severity  
   - f) Measures/estimates of genetic evolution  
   - g) Measures of overdispersion or superspreading  
   - h) Seroprevalence data or serological surveys  
   - i) Risk factors for infection, severe disease, death, or hospitalization (with statistical measures)  
   - j) Measures/estimates of vector parameters  

   - The study provides notable clinical insight into the healthcare engagement and clinical differences between immigrant and native Parkinson's disease patients. It reports numerical values regarding healthcare engagement, such as rates of missed follow-up visits and treatment adherence. However, it does not directly report motor outcomes like UPDRS or Hoehn and Yahr stage as required by the initial inclusion criteria.  
   **Partially Met; however, motor outcomes are a specific criteria of interest that need to be documented.**

### Exclusion Criteria Evaluation:

1. **Pathogen: Not about Parkinson's Disease (exclude studies on other pathogens)**  
   - The study is about Parkinson's disease.  
   **Not applicable.**

2. **Language: Non-English**  
   - The abstract is in English.  
   **Not applicable.**

3. **Publication type: Conference proceedings, abstracts, posters, correspondence**  
   - There is no indication that this is a conference abstract or correspondence; it appears to be part of an original research study.  
   **Not applicable.**

4. **Study design: In-vitro studies only (no human or animal component)**  
   - The study involves human subjects.  
   **Not applicable.**

5. **Study design: Solely animal studies AND animal studies that do not report transmission parameters**  
   - The study involves human subjects.  
   **Not applicable.**

6. **Outbreak type: Accidental laboratory outbreaks (not natural disease transmission)**  
   - The study does not focus on outbreaks but rather on clinical disparities.  
   **Not applicable.**

### Conclusion:
While the study does address aspects of Parkinson's Disease and healthcare disparities within a relevant population, it does not report motor outcomes specifically ('UPDRS or Hoehn and Yahr') as outlined in the inclusion criteria. Given that a significant focus of the review is on motor outcomes related to Parkinson's Disease, this study does not meet all parameters required for inclusion.

<decision>EXCLUDE</decision>",EXCLUDE,False,2026-08-05T18:28:20.829320
PMID_42512518,PubMed,42512518,PMC8230242,10.3390/ph14060514,Brexpiprazole vs. Aripiprazole in Patients with Schizophrenia with or Without Comorbid Substance Use Disorder: A 12-Month Real-World Naturalistic Study of Efficacy.,"Lombardozzi, Ginevra; Kotzalidis, Georgios D; Trovini, Giada; Amici, Emanuela; Ceccherelli, Alessia; Albanesi, Giuseppe; Giovanetti, Valeria; Martinotti, Giovanni; De Filippis, Sergio",Brain sciences,2026,"Background: Schizophrenia with comorbid substance use disorder (SUD) is associated with greater clinical severity, poorer adherence, and worse functional outcomes. Third-generation antipsychotics, through partial dopamine agonism, may represent a useful strategy in this complex population. This study compared the long-term efficacy of brexpiprazole and aripiprazole in patients with schizophrenia, with or without comorbid SUD. Methods: Patients (N = 243) with DSM-5/DSM-5-TR schizophrenia orally received 4 mg/day brexpiprazole or 30 mg/day aripiprazole for 12 months in a real-world clinical setting. Psychopathology was assessed at baseline and after 1, 3, 6, and 12 months using the Brief Psychiatric Rating Scale (BPRS) and the Positive And Negative Syndrome Scale (PANSS). Analyses were performed on 217 completers, excluding 26 drop-outs. Outcomes were compared according to drug and presence/absence of comorbid SUD. Results: Both brexpiprazole and aripiprazole were associated with psychotic symptom and global psychopathology improvement over 12 months (p < 0.01). In patients without SUD, the two treatments showed comparable efficacy. Among patients with comorbid SUD, brexpiprazole showed greater improvement in BPRS and PANSS outcomes than aripiprazole (p < 0.01). Treatment response to aripiprazole, but not to brexpiprazole, was diminished by substance use. Brexpiprazole was associated with better tolerability and lower rates of subjective agitation-related discontinuation. Conclusions: Both dopamine partial agonists were effective in treating schizophrenia; however, brexpiprazole was superior in patients with comorbid SUD. Findings suggest that brexpiprazole may represent a promising therapeutic option in dual-disorder patients.",https://pubmed.ncbi.nlm.nih.gov/42512518/,,,parkinsons,(Parkinson Disease[MeSH] OR Parkinson[tiab] OR dopamine[tiab] OR alpha-synuclein[tiab]) AND (treatment[tiab] OR intervention[tiab] OR therapy[tiab]),2026-08-05T17:22:15+00:00,,,,,,"### Evaluation of the Abstract Against Inclusion and Exclusion Criteria

#### Inclusion Criteria
1. **Pathogen: Must be about Parkinson's Disease**
   - This study focuses on schizophrenia and does not address Parkinson's Disease. 
   - **Not met**

2. **Language: English only**
   - The abstract is in English.
   - **Met**

3. **Study type: Peer-reviewed, original research (note systematic reviews/meta-analyses for special consideration)**
   - The abstract summarizes an original research study.
   - **Met**

4. **Population: Human subjects**
   - The study involves human subjects diagnosed with schizophrenia.
   - **Met**

5. **Content: Must contain AT LEAST ONE of various requirements**
   - The abstract discusses treatment efficacy in the context of schizophrenia and does not address Parkinson's Disease or its related content.
   - **Not met**

#### Exclusion Criteria
1. **Pathogen: Not about Parkinson's Disease (exclude studies on other pathogens)**
   - The subject matter is not related to Parkinson's Disease, but rather focuses on schizophrenia.
   - **Applied**

2. **Language: Non-English**
   - The abstract is in English.
   - **Not applied**

3. **Publication type: Conference proceedings, abstracts, posters, correspondence**
   - The abstract appears to be from a peer-reviewed article.
   - **Not applied**

4. **Study design: In-vitro studies only**
   - The study involves human subjects.
   - **Not applied**

5. **Study design: Solely animal studies AND animal studies that do not report transmission parameters**
   - The study involves human subjects and is not an animal study.
   - **Not applied**

6. **Outbreak type: Accidental laboratory outbreaks**
   - This does not apply as the study does not involve outbreaks of any kind.
   - **Not applied**

### Conclusion
The main focus of the abstract is on schizophrenia, not Parkinson's Disease, which directly contravenes the inclusion criteria requiring studies to be specifically about Parkinson's Disease. Thus, based on the evaluation:

<decision>EXCLUDE</decision>",EXCLUDE,False,2026-08-05T18:28:20.829376
PMID_42509706,PubMed,42509706,,10.2174/011570159x457429260706102249,Molecular Mechanisms and Therapeutic Strategies in Parkinson's Disease: From Pathogenic Signaling to Drug Development.,"Shen, Zhihui; Cheng, Jiaxin; Wang, Linlin; Hou, Qiongqiong",Current neuropharmacology,2026,"Parkinson's Disease (PD) is the second most common neurodegenerative disease after Alzheimer's Disease (AD), yet no effective disease-modifying therapy is currently available. Its pathogenesis is highly complex, involving multiple interacting pathological processes, which poses substantial challenges for therapeutic intervention. Moreover, PD often has a prolonged prodromal phase and lacks sufficiently sensitive and specific diagnostic methods for early-stage detection, further limiting timely identification and treatment. Current pharmacological therapies mainly provide symptomatic relief, but their long-term use is frequently associated with reduced efficacy and motor complications. Therefore, the development of novel therapeutic strategies and potential disease-modifying agents remains an urgent priority. This review systematically summarizes the molecular mechanisms and biomarkers associated with PD, outlines current symptomatic treatments, and discusses emerging therapeutic candidates in clinical development, with particular emphasis on disease-modifying strategies. By integrating pathogenic mechanisms, diagnostic advances, and therapeutic progress, this review aims to provide a comprehensive perspective to support the development of more effective interventions for PD.",https://pubmed.ncbi.nlm.nih.gov/42509706/,,,parkinsons,(Parkinson Disease[MeSH] OR Parkinson[tiab] OR dopamine[tiab] OR alpha-synuclein[tiab]) AND (treatment[tiab] OR intervention[tiab] OR therapy[tiab]),2026-08-05T17:22:15+00:00,,,,,,"Let's evaluate the provided abstract against the inclusion and exclusion criteria.

## Inclusion Criteria
1. **Pathogen:** The study is about Parkinson's Disease (PD). **(Met)**
2. **Language:** The abstract is in English. **(Met)**
3. **Study type:** The abstract is a review of current literature, which is a type of systematic review/meta-analysis. These types of publications are considered for special consideration. **(Met)**
4. **Population:** The abstract mentions human subjects and focuses on PD. **(Met)**
5. **Content:** The abstract discusses molecular mechanisms, biomarkers, current symptomatic treatments, and potential disease-modifying strategies. Though it does not specify quantitative details or specific clinical outcome measures like UPDRS or Hoehn and Yahr scale values, it does provide insights into the therapeutic strategies and mechanisms which may include relevant information aligned with the systematic review’s goals. **(Partially Met)**

## Exclusion Criteria
1. **Pathogen:** The abstract is about Parkinson's Disease. **(Not applicable)**
2. **Language:** The abstract is in English. **(Not applicable)**
3. **Publication type:** The abstract appears to be a peer-reviewed original research article as it is a review article. **(Not applicable)**
4. **Study design:** The abstract is a systematic review rather than solely in-vitro. **(Not applicable)**
5. **Study design:** The study is not solely animal studies; it pertains to human studies concerning PD. **(Not applicable)**
6. **Outbreak type:** Not applicable as this does not pertain to disease outbreaks. **(Not applicable)**

### Summary
- The abstract meets the majority of the inclusion criteria and none of the exclusion criteria. It provides valuable insights related to interventions and biomarkers that could support the systematic review's objectives.
- Since it discusses the current understanding and therapeutic strategies related to PD, it indeed offers pertinent information, albeit as a review rather than presenting new data.

Given the review aims to synthesize clinical evidence and the abstract potentially contributes to synthesising knowledge on therapeutic strategies relevant to Parkinson’s Disease:

<decision>INCLUDE</decision>",INCLUDE,True,2026-08-05T18:28:20.829430
PMID_42508713,PubMed,42508713,,10.1016/j.ejphar.2026.179180,"PNU-120596, an α7 nicotinic acetylcholine receptor positive allosteric modulator, attenuates microglial activation and protects dopaminergic neurons from inflammatory injury independently of canonical α7 nicotinic acetylcholine receptor signaling.","Izumi, Yasuhiko; Niwa, Kenta; Kamei, Yuichi; Akaike, Akinori; Koyama, Yutaka; Kume, Toshiaki",European journal of pharmacology,2026,"Neuroinflammation plays an important role in the pathogenesis of Parkinson's disease, with microglial overactivation contributing to dopaminergic neuronal loss. Recent studies indicate that α7 nicotinic acetylcholine (nACh) receptors modulate the inflammatory responses of immune cells. Although α7 nACh receptors are expressed in microglia, their precise role in microglial activation is unclear. In this study, we determined whether α7 nACh receptor stimulation could protect dopaminergic neurons from inflammation-induced injury. Nicotine and PNU-120596, an α7 nACh receptor positive allosteric modulator, significantly attenuated dopaminergic neurotoxicity in primary mesencephalic cultures treated with inflammatory stimuli. However, only PNU-120596 inhibited microglial activation, and this effect was not reversed following treatment with an α7 nACh receptor antagonist, suggesting a mechanism distinct from the classical α7 nACh receptor-mediated signaling. PNU-120596 suppressed inducible nitric oxide synthase (iNOS) expression and signal transducer and activator of transcription 1 (STAT1) phosphorylation, but did not alter the nuclear translocation of nuclear factor-κB. Moreover, in BV2 cells, which lack detectable full-length α7 nACh receptor mRNA, PNU-120596 also suppressed iNOS expression and STAT1 phosphorylation. These results suggest that PNU-120596 exerts anti-inflammatory and neuroprotective effects independently of canonical pathways that are not dependent on classical α7 nACh receptor-mediated signaling.",https://pubmed.ncbi.nlm.nih.gov/42508713/,,,parkinsons,(Parkinson Disease[MeSH] OR Parkinson[tiab] OR dopamine[tiab] OR alpha-synuclein[tiab]) AND (treatment[tiab] OR intervention[tiab] OR therapy[tiab]),2026-08-05T17:22:15+00:00,,,,,,"Let's evaluate the provided abstract against the inclusion and exclusion criteria step by step.

### Inclusion Criteria Evaluation
1. **Pathogen: Must be about Parkinson's Disease**
   - The study focuses on Parkinson's disease, specifically on mechanisms related to neuroinflammation and the protection of dopaminergic neurons. **(Meets)**

2. **Language: English only**
   - The abstract is in English. **(Meets)**

3. **Study type: Peer-reviewed, original research (note systematic reviews/meta-analyses for special consideration)**
   - The abstract appears to be from original research. **(Meets)**

4. **Population: Human subjects (or acceptable animal studies)**
   - The abstract describes in vitro experiments (using primary mesencephalic cultures and BV2 cells), which do not involve human subjects. **(Does not meet)**

5. **Content: Must contain AT LEAST ONE of the specified content types**
   - While the study presents data related to neuroinflammation and neuroprotection, it does not report on any of the prescribed quantitative outcomes specific to clinical trials or patient outcomes (e.g., UPDRS/Hoehn and Yahr scale). **(Does not meet)**

### Exclusion Criteria Evaluation
1. **Pathogen: Not about Parkinson's Disease**
   - The study is related to Parkinson's disease. **(Does not apply)**

2. **Language: Non-English**
   - The abstract is in English. **(Does not apply)**

3. **Publication type: Conference proceedings, abstracts, posters, correspondence**
   - The abstract format suggests it may be a brief summary for a conference or journal publication, but we cannot definitively categorize it as such based solely on the text. **(Uncertain)**

4. **Study design: In-vitro studies only (no human or animal component)**
   - The study uses in vitro methods and does not involve live human subjects. **(Excludes)**

5. **Study design: Solely animal studies AND animal studies that do not report transmission parameters**
   - The study involves in vitro cell cultures and does not meet the animal study criteria as it does not include live animals. **(Does not apply)**

6. **Outbreak type: Accidental laboratory outbreaks**
   - This does not pertain to the study content. **(Does not apply)**

### Conclusion
The essential criteria for inclusion have not been met due to the study involving only in vitro research without human subjects, which leads us to decide on exclusion based on that particular criterion.

Thus, the final decision is:
<decision>EXCLUDE</decision>",EXCLUDE,False,2026-08-05T18:28:20.829484
PMID_42506880,PubMed,42506880,,10.1097/med.0000000000000968,Functioning pituitary adenomas in pregnancy: updates and controversies.,"Varlamov, Elena V; Gheorghiu, Monica L; Fleseriu, Maria","Current opinion in endocrinology, diabetes, and obesity",2026,"PURPOSE OF REVIEW: Fertility and pregnancy in women with functioning pituitary adenomas are often compromised. Advances in surgical, medical and multidisciplinary care have improved outcomes, although important uncertainties remain regarding management before, during, and after pregnancy.
RECENT FINDINGS: Recent systematic reviews and meta-analyses have provided updated evidence on pregnancy outcomes in women with prolactinomas, acromegaly, and Cushing's disease. Although medical therapy is used selectively during pregnancy, studies of cabergoline and bromocriptine have consistently demonstrated overall maternal and fetal safety. Favorable surgical prolactinoma outcomes in specialized centers have led to evolving recommendations, with surgery increasingly considered an alternative to traditional dopamine agonist therapy for selected patients.
SUMMARY: Owing to the relative rarity of functioning pituitary adenomas in pregnancy, current clinical practice and guidelines rely largely on limited retrospective evidence regarding the disease course and outcomes. Although new medical therapies for acromegaly and Cushing's disease are now available, data to support their use in pregnancy are lacking. Management therefore remains individualized and emphasizes shared decision-making.",https://pubmed.ncbi.nlm.nih.gov/42506880/,,,parkinsons,(Parkinson Disease[MeSH] OR Parkinson[tiab] OR dopamine[tiab] OR alpha-synuclein[tiab]) AND (treatment[tiab] OR intervention[tiab] OR therapy[tiab]),2026-08-05T17:22:15+00:00,,,,,,"Let's evaluate the provided abstract against the inclusion and exclusion criteria for the systematic review on Parkinson's Disease.

## Inclusion Criteria
1. **Pathogen**: Must be about Parkinson's Disease.  
   - The study focuses on functioning pituitary adenomas, not Parkinson's Disease. **Not met.**

2. **Language**: English only.  
   - The abstract is in English. **Met.**

3. **Study type**: Peer-reviewed, original research (note systematic reviews/meta-analyses for special consideration).  
   - The abstract discusses a review but does not qualify as original research pertinent to Parkinson's Disease. **Not met.**

4. **Population**: Human subjects.  
   - The study involves human subjects but relates to a different condition (pituitary adenomas). **Not met.**

5. **Content**: Must contain AT LEAST ONE of the specified quantitative details or measures related to outbreaks.  
   - The content is about pituitary adenomas and does not contain relevant data or measures connected to Parkinson's Disease. **Not met.**

## Exclusion Criteria
1. **Pathogen**: Not about Parkinson's Disease (exclude studies on other pathogens).  
   - The study is about functioning pituitary adenomas. **Applies.** 

2. **Language**: Non-English.  
   - The abstract is in English. **Does not apply.**

3. **Publication type**: Conference proceedings, abstracts, posters, correspondence.  
   - The abstract seems to summarize a review rather than an original paper. While we take into account the nature of a systematic review, it does not meet the criteria for original research intended for inclusion. **Applies.**

4. **Study design**: In-vitro studies only (no human or animal component).  
   - The study involves human subjects but is focused on a different medical condition unrelated to Parkinson's Disease. **Not applicable for exclusion.**

5. **Study design**: Solely animal studies AND animal studies that do not report transmission parameters.  
   - The study involves human subjects. **Not applicable for exclusion.**

6. **Outbreak type**: Accidental laboratory outbreaks (not natural disease transmission).  
   - Irrelevant as the topic is unrelated to infectious disease outbreaks. **Not applicable for exclusion.**

Given that the abstract does not meet any of the inclusion criteria and falls under the category of studies about conditions other than Parkinson's Disease, the decision is clear.

<decision>EXCLUDE</decision>",EXCLUDE,False,2026-08-05T18:28:20.829539
PMID_42501761,PubMed,42501761,,10.1016/j.bbr.2026.116400,Effects of early postnatal dopamine transporter (DAT) inhibition on social and cognitive behavior in a rat model of autism.,"Gibula-Tarlowska, Ewa; Grochecki, Pawel; Lubinska, Justyna; Sliwa, Maya; Smaga, Irena; Marszalek-Grabska, Marta; Lubec, Gert; Slowik, Tymoteusz; Slotwinska, Weronika; Kotlinski, Robert; Listos, Joanna; Kedzierska, Ewa; Filip, Malgorzata; Kotlinska, Jolanta H",Behavioural brain research,2026,"Autism spectrum disorder (ASD) is a neurodevelopmental condition characterized by deficits in social behavior and cognition. Increasing evidence suggests that alterations in dopaminergic neurotransmission, including changes in dopamine transporter (DAT) function, may contribute to ASD-related behavioral abnormalities. This study investigated whether selective DAT inhibition during early postnatal development influences behavioral and molecular alterations in a rat model of ASD induced by prenatal exposure to sodium valproate (NaVP). Pregnant Wistar rats received NaVP (600 mg/kg, i.p.) on gestational day 12.5. Male offspring were treated with the selective DAT inhibitor CE-123 (10 mg/kg, i.p.) once daily from postnatal day (PND) 10-23. Behavioral assessments during adolescence (PND25-42) evaluated social interaction, recognition memory, spatial preference, anxiety-like behavior, locomotor activity, and aversive memory. DAT, dopamine D2 receptor, brain-derived neurotrophic factor (BDNF), and interleukin-1β (IL-1β) protein expression were assessed in selected brain regions. Prenatal NaVP exposure impaired social novelty discrimination, declarative, spatial, and aversive memory, reduced locomotor activity, and increased anxiety-like behavior. These behavioral alterations were accompanied by elevated DAT and dopamine D2 receptor expression. Early postnatal CE-123 treatment attenuated several ASD-like behavioral abnormalities, normalized DAT and dopamine D2 receptor expression, increased BDNF levels in the prefrontal cortex (PFC), and increased IL-1β expression, without inducing non-specific locomotor stimulation. Together, these findings demonstrate that early postnatal CE-123 treatment was associated with long-lasting behavioral improvements accompanied by alterations in dopaminergic markers and BDNF expression. Although these findings support a role for dopaminergic regulation and neuroplasticity in the observed behavioral effects, the underlying mechanisms require further investigation.",https://pubmed.ncbi.nlm.nih.gov/42501761/,,,parkinsons,(Parkinson Disease[MeSH] OR Parkinson[tiab] OR dopamine[tiab] OR alpha-synuclein[tiab]) AND (treatment[tiab] OR intervention[tiab] OR therapy[tiab]),2026-08-05T17:22:15+00:00,,,,,,"### Step-by-Step Screening of the Abstract

1. **Pathogen: Must be about Parkinson's Disease**
   - The study focuses on autism spectrum disorder (ASD), not Parkinson's Disease. **(Exclusion Criterion 1)**

2. **Language: English only**
   - The abstract is in English. **(Inclusion Criterion 2)**

3. **Study type: Peer-reviewed, original research (note systematic reviews/meta-analyses for special consideration)**
   - The study appears to be original research involving experimental methods, but it is not explicitly stated whether it has been peer-reviewed. However, the lack of focus on Parkinson's Disease already indicates it should be excluded. **(Inclusion Criterion 3)**

4. **Population: Human subjects (animal studies acceptable if reporting EITHER...)**
   - The study is conducted on rats, which do not meet the inclusion criteria for human subjects. **(Exclusion Criterion 4)**

5. **Content: Must contain AT LEAST ONE of the specified content measures**
   - The research does not measure or estimate anything related to the clinical phenomena of Parkinson's Disease; it is focused on behavioral assessments relevant to ASD. **(Exclusion Criterion 5)**

### Conclusion
Given that the primary focus of the study is on autism spectrum disorder and not Parkinson's Disease, and it does not involve human subjects, the criteria for exclusion clearly apply. 

Thus, the decision is clear:

<decision>EXCLUDE</decision>",EXCLUDE,False,2026-08-05T18:28:20.829590
PMID_42500962,PubMed,42500962,PMC10523198,10.1177/03000605261471271,A novel approach to the management of levodopa-induced dyskinesia using deep transcranial magnetic stimulation: A case report.,"Song, In-Uk; Kim, Byungseok; Chung, Yong An",The Journal of international medical research,2026,"Levodopa-induced dyskinesia remains one of the most prevalent and disabling complications in patients with Parkinson's disease receiving long-term levodopa therapy. Although levodopa-induced dyskinesia can substantially impair the quality of life, therapeutic strategies are often limited to levodopa dose adjustment, amantadine, or deep brain stimulation. These treatment options may be ineffective, poorly tolerated, or declined by some patients. We applied low-frequency deep repetitive transcranial magnetic stimulation over the supplementary motor area in two patients with Parkinson's disease and clinically significant levodopa-induced dyskinesia who had limited conventional treatment options. Both patients completed a 2-week protocol without medication changes and demonstrated short-term reductions in dyskinesia severity, as assessed using the Unified Dyskinesia Rating Scale and motor-complication measures. No serious adverse events occurred. These observations suggest that supplementary motor area-targeted deep repetitive transcranial magnetic stimulation is a feasible noninvasive neuromodulation approach for selected patients with levodopa-induced dyskinesia. However, this is a two-patient case report without sham stimulation or extended follow-up; therefore, the findings should be interpreted as preliminary and hypothesis-generating. Larger controlled studies with objective outcome measures and longer follow-up are needed to determine the efficacy, durability, and optimal stimulation parameters.",https://pubmed.ncbi.nlm.nih.gov/42500962/,,,parkinsons,(Parkinson Disease[MeSH] OR Parkinson[tiab] OR dopamine[tiab] OR alpha-synuclein[tiab]) AND (treatment[tiab] OR intervention[tiab] OR therapy[tiab]),2026-08-05T17:22:15+00:00,,,,,,"Let's evaluate the abstract against the inclusion and exclusion criteria step by step.

### Inclusion Criteria
1. **Pathogen: Must be about Parkinson's Disease**  
   - The study focuses specifically on patients with Parkinson's Disease (PD) experiencing levodopa-induced dyskinesia. This criterion is met.

2. **Language: English only**  
   - The abstract is in English. This criterion is met.

3. **Study type: Peer-reviewed, original research (note systematic reviews/meta-analyses for special consideration)**  
   - It is described as a case report, which qualifies as original research, though it doesn’t specify peer-review status. However, case reports can be considered for inclusion based on the systematic review objectives. This criterion is met with consideration.

4. **Population: Human subjects**  
   - The study involves two human patients with confirmed Parkinson's Disease. This criterion is met.

5. **Content: Must contain AT LEAST ONE of the enumerated details**  
   - The abstract discusses the measurement of dyskinesia severity using the Unified Dyskinesia Rating Scale, which can be considered a quantitative outcome measure, although it may not fit the specific motor measures outlined in the inclusion criteria like UPDRS or Hoehn and Yahr scale. However, it provides insight into motor complications related to PD. This criterion is met with consideration.

### Exclusion Criteria
1. **Pathogen: Not about Parkinson's Disease**  
   - The study is clearly about Parkinson's Disease. This criterion does not apply.

2. **Language: Non-English**  
   - The abstract is in English. This criterion does not apply.

3. **Publication type: Conference proceedings, abstracts, posters, correspondence**  
   - The abstract appears to come from a case report and does not seem to be part of conference proceedings, etc. Therefore, this criterion does not apply.

4. **Study design: In-vitro studies only (no human or animal component)**  
   - The study involves human subjects and does not consist solely of in-vitro studies. This criterion does not apply.

5. **Study design: Solely animal studies AND animal studies that do not report transmission parameters**  
   - The study does not involve animal studies; it is focused on human patients with Parkinson's Disease. This criterion does not apply.

6. **Outbreak type: Accidental laboratory outbreaks (not natural disease transmission)**  
   - This criterion is irrelevant as the study does not address outbreaks. This criterion does not apply.

### Conclusion
Based on the evaluation against the criteria, the study presents valuable insights into a potential intervention for managing a complication associated with Parkinson's Disease, even though it is a small case report. 

Thus, considering all the information provided through the abstract against the systematic review objectives, I recommend inclusion.

<decision>INCLUDE</decision>",INCLUDE,True,2026-08-05T18:28:20.829650
PMID_42496424,PubMed,42496424,PMC12450203,10.1007/s40120-025-00793-z,Neuroprotective Potential of Synaptamide in MPTP-Induced Parkinson's Disease.,"Manzhulo, Igor; Kipryushina, Yuliya; Gromova, Ekaterina; Manzhulo, Olga; Milkina, Elena; Ivashkevich, Darya",Pathophysiology : the official journal of the International Society for Pathophysiology,2026,"BACKGROUND/OBJECTIVES: Parkinson's disease (PD) is a multifactorial neurodegenerative disorder characterized by dopaminergic neuron loss, α-synuclein pathology, neuroinflammation, and cognitive decline. Synaptamide (N-Docosahexaenoylethanolamine (DHEA)) is an endogenous lipid mediator with documented anti-inflammatory and neurogenic properties, but its effects in PD models remain unexplored. This study aimed to evaluate the neuroprotective potential of synaptamide in a subchronic MPTP-induced mouse model of PD.
METHODS: Male C57BL/6 mice received MPTP (30 mg/kg/day, i.p., 5 days) with or without synaptamide (10 mg/kg/day, s.c., 13 days). Behavioral tests (open field, Y-maze, elevated plus maze, novel object recognition (NOR)) were performed, followed by immunohistochemical analysis of tyrosine hydroxylase (TH)-positive neurons in the substantia nigra, and Western blotting for α-synuclein, p-α-synuclein, TH, and IL1β in brain homogenates and serum. In vitro Neuro-2a cells were co-treated with MPP+ (100 µM) and synaptamide (0.1-10 µM) for cytotoxicity assessment (MTS assay).
RESULTS: Synaptamide (10 µM) significantly attenuated MPP+-induced cytotoxicity in Neuro-2a cells. In vivo, MPTP caused a marked loss of TH+-neurons in the substantia nigra, which was prevented by synaptamide treatment. Importantly, this subchronic MPTP model recapitulates early biochemical alterations (e.g., α-synuclein phosphorylation at Ser129) rather than mature Lewy body pathology, a limitation that should be considered when interpreting these findings. Although no motor deficits or anxiety-like behavior were observed, the NOR test revealed MPTP-induced long-term memory impairment, which was fully restored by synaptamide.
CONCLUSIONS: These findings suggest that synaptamide may exert effects on pathological processes associated with PD, warranting further investigation into its potential role in combination or supportive therapy for this disease.",https://pubmed.ncbi.nlm.nih.gov/42496424/,,,parkinsons,(Parkinson Disease[MeSH] OR Parkinson[tiab] OR dopamine[tiab] OR alpha-synuclein[tiab]) AND (treatment[tiab] OR intervention[tiab] OR therapy[tiab]),2026-08-05T17:22:15+00:00,,,,,,"To assess the provided abstract against the inclusion and exclusion criteria, we will analyze each criterion step by step.

### Inclusion Criteria
1. **Pathogen: Must be about Parkinson's Disease**  
   - The study focuses on Parkinson's disease (PD). **Criterion met**.

2. **Language: English only**  
   - The abstract is in English. **Criterion met**.

3. **Study type: Peer-reviewed, original research (note systematic reviews/meta-analyses for special consideration)**  
   - This is original research in a subchronic MPTP-induced mouse model, but it is not explicitly stated to be peer-reviewed. However, since it appears to present original findings, we can lean towards it being original research. **Criterion potentially met (but needs confirmation on peer review status)**. 

4. **Population: Human subjects (animal studies acceptable if reporting EITHER specific parameters)**  
   - The study involved male C57BL/6 mice, which are not human subjects. Therefore, it fails under the population requirement. **Criterion not met**.

5. **Content: Must contain AT LEAST ONE of several specified parameters**  
   - The study does not provide quantitative data on human outbreaks, transmission modeling, or severity measures (since it is conducted on mice). Hence, this does not meet the content requirement. **Criterion not met**.

### Exclusion Criteria
1. **Pathogen: Not about Parkinson's Disease (exclude studies on other pathogens)**  
   - The study is about Parkinson's Disease. **Criterion not applicable**, hence not excluded.

2. **Language: Non-English**  
   - The abstract is in English. **Criterion not applicable**, hence not excluded.

3. **Publication type: Conference proceedings, abstracts, posters, correspondence**  
   - The type of publication is not specified, but it seems to be an abstract summarizing original research; therefore, **not excluded**.

4. **Study design: In-vitro studies only (no human or animal component)**  
   - The study does involve an in-vivo component (the mouse model), and also a part where Neuro-2a cells are used. **Criterion not applicable**, hence not excluded.

5. **Study design: Solely animal studies AND animal studies that do not report transmission parameters**  
   - The entire study is based on animal studies without relevant human data since it does not report on human transmission parameters. **Criterion met for exclusion**.

6. **Outbreak type: Accidental laboratory outbreaks (not natural disease transmission)**  
   - The study does not discuss outbreaks at all, so **not applicable**, hence not excluded.

### Summary Decision
Given that the study is solely animal-based and does not meet the necessary population criterion (as it only includes mouse models and not human subjects), it will be excluded. Furthermore, it also does not provide any relevant outcome measures typically expected for inclusion in our systematic review based on the parameters set forth.

Therefore, the conclusion is:

<decision>EXCLUDE</decision>",EXCLUDE,False,2026-08-05T18:28:20.829703
PMID_42494717,PubMed,42494717,PMC6680214,10.1016/j.parkreldis.2025.107579,"Clinical and Cost-Effectiveness of the ""UCL Live Well With Parkinson's"" Toolkit: A Randomised Controlled Trial.","Schrag, Anette; Kantilal, Kumud; Rookes, Tasmin; Gardner, Benjamin; Ambler, Gareth; Hunter, Rachael; Davies, Nathan; Atkinson, Catherine; Schartau, Patricia; Adeleke, Mariam; Gonzalez, Lina; Wang, Jiunn; Carmody, Maria; Walters, Kate",The Lancet regional health. Europe,2026,"BACKGROUND: Self-management approaches in people with Parkinson's disease (PD) have potential to improve patient outcomes and reduce complications leading to hospital admissions. We aimed to evaluate the clinical and cost-effectiveness of the UCL Live Well with Parkinson's toolkit, a facilitated self-management intervention for people with PD.
METHODS: This two-arm randomised controlled trial in England (Trial Registration: ISRCTN92831552) recruited community-dwelling people with PD from NHS sites and self-referral. They were randomly assigned to the intervention or treatment as usual (TAU), and assessed at baseline, 6- and 12-month follow-up. The primary outcome was the PDQ-39 score, a PD-specific health-related quality of life measure, at 12-months with planned subgroup analyses. Secondary outcomes included non-motor and motor activities of daily living (MDS-UPDRS part I&II), utility values and QALYs derived from the EQ-5D-5L, and total health and social care costs over 12-months. The economic evaluation was based on cost-utility analysis using cost per QALY. All assessors were blinded to group allocation. Analysis was by intention to treat.
FINDINGS: 166 participants were randomised to the intervention and 180 to TAU, with 12-month follow-up assessments available in 141 (84.9%) and 164 (91.1%), respectively. The primary endpoint (PDQ-39 score) was similar for patients in the intervention and TAU groups (-1.03; 95% CI (-3.03 to 0.97)). Subgroup analyses of PDQ-39 scores in underserved groups however favoured the intervention (-4.0; 95% CI (-6.8 to -1.1)). The combined MDS-UPDRS part I + II score was improved in the intervention compared to the TAU group (-2.61; 95% CI (-4.58 to -0.64)). QALYs were not different between groups (0.018; 95% CI (-0.006 to 0.042) but total health and social care costs over 12-months were lower in the intervention group compared to TAU (-£1282; 95% CI (-£2700 to -£118)), driven mainly by reduced unplanned hospital admissions. Adverse events were similar in both groups. The Live Well with Parkinson's intervention alongside TAU was 99% cost-effective compared to TAU at a decision threshold of £20,000 per QALY and 98% at £30,000.
INTERPRETATION: The UCL Live Well with Parkinson's toolkit did not significantly improve health-related quality of life scores overall but improved activities of daily living and reduced health-care costs in comparison to TAU, mainly through reduced unplanned hospital admissions.
FUNDING: National Institute for Health and Care Research RP-PG-1016-20001.",https://pubmed.ncbi.nlm.nih.gov/42494717/,,,parkinsons,(Parkinson Disease[MeSH] OR Parkinson[tiab] OR dopamine[tiab] OR alpha-synuclein[tiab]) AND (treatment[tiab] OR intervention[tiab] OR therapy[tiab]),2026-08-05T17:22:15+00:00,,,,,,"To assess the inclusion or exclusion of the abstract titled ""Clinical and Cost-Effectiveness of the 'UCL Live Well With Parkinson's' Toolkit: A Randomised Controlled Trial,"" we will methodically evaluate each criterion from the inclusion and exclusion criteria.

## Inclusion Criteria
1. **Pathogen: Must be about Parkinson's Disease** - Yes, the study is focused on Parkinson's Disease.
2. **Language: English only** - Yes, the abstract is written in English.
3. **Study type: Peer-reviewed, original research (note systematic reviews/meta-analyses for special consideration)** - Yes, this is a randomized controlled trial, an original research study.
4. **Population: Human subjects (animal studies acceptable if reporting EITHER... transmission parameters)** - Yes, the study involves human subjects diagnosed with Parkinson's Disease.
5. **Content: Must contain AT LEAST ONE of (a to j)**:
   - a) Quantitative details of concluded/ongoing human outbreak - Not applicable.
   - b) Mathematical or statistical model of disease transmission - Not applicable.
   - c) Measures/estimates of transmission parameters - Not applicable.
   - d) Measures/estimates of timing parameters - Not applicable.
   - e) Measures/estimates of severity - Not applicable.
   - f) Measures/estimates of genetic evolution - Not applicable.
   - g) Measures of overdispersion or superspreading - Not applicable.
   - h) Seroprevalence data or serological surveys - Not applicable.
   - i) Risk factors for infection, severe disease, death, or hospitalization (with statistical measures) - Partially met, as the study assesses health-related quality of life and treatments, but not the framework specifically laid out here.
   - j) Measures/estimates of vector parameters - Not applicable.

Based on the ""Content"" criterion, the primary outcome measured reflects health-related quality of life rather than the specific parameters mentioned (transmission, timing, severity, etc.), which could be an area of contention.

## Exclusion Criteria
1. **Pathogen: Not about Parkinson's Disease** - No, it's about Parkinson's Disease, thus not excluded.
2. **Language: Non-English** - No, it is in English.
3. **Publication type: Conference proceedings, abstracts, posters, correspondence** - No, it is a full peer-reviewed study, not just an abstract.
4. **Study design: In-vitro studies only (no human or animal component)** - No, it includes human subjects.
5. **Study design: Solely animal studies AND animal studies that do not report transmission parameters** - No, it does not pertain to animals.
6. **Outbreak type: Accidental laboratory outbreaks** - Not applicable as this study is about patients with PD.

Since no exclusion criteria apply, this study cannot be excluded based on them.

## Conclusion
The study meets all the inclusion criteria and does not meet any exclusion criteria. Although it doesn't address every specific outcome measure mentioned in the inclusion criteria's ""Content"" requirement, it does provide valid clinical data and outcome measures relevant to Parkinson's Disease management and patient care.

Thus, I conclude with the following decision:

<decision>INCLUDE</decision>",INCLUDE,True,2026-08-05T18:28:20.829756
PMID_42494362,PubMed,42494362,,10.1177/1877718x261463936,Regulatory endorsement for the application of α-synuclein seed amplification assay as a susceptibility and risk biomarker for clinical trials targeting synucleinopathies.,"Stephenson, Diane; Concha-Marambio, Luis; Lanz, Tom; Merchant, Kalpana; Brockmann, Kathrin; King, Nicholas; Carrillo, Laura; Pedata, Anne; Kocherla, Harsha; Hutten, Samantha J; Critical Path for Parkinson's Consortium",Journal of Parkinson's disease,2026,"Transformation in the neurosciences in biomarkers is enabling novel therapeutic strategies targeting earlier stages of disease prior to onset of clinical symptoms. Emerging progress in the area of synucleinopathies, including Parkinson's disease (PD) and dementia with Lewy bodies (DLB) have significant implications for clinical trials. Misfolded α-synuclein aggregates (syn-seeds) propagate by templated misfolding of native α-synuclein, driving disease spread. The advent of the α-synuclein seed amplification assay (syn SAA) now enables highly sensitive and specific detection of syn-seeds in cerebrospinal fluid (CSF), allowing in vivo identification of underlying α-synuclein pathology, including in individuals prior to the onset of motor symptoms.To support regulatory alignment, the Critical Path Institute's Critical Path for Parkinson's (CPP) consortium compiled and evaluated the totality of scientific evidence in the area of syn SAA as an in vivo measure of misfolded alpha synuclein in CSF and submitted it to the U.S. Food and Drug Administration (FDA) in a request for a Biomarker Letter of Support (LoS). Within three months of submission, the FDA issued a LoS endorsing CSF syn SAA as a susceptibility and risk biomarker for use in clinical trials targeting α-synuclein-related neurodegenerative diseases, enabling enrichment of participants with underlying pathology and reducing trial risk. These data have enabled the development of biological classification frameworks for synucleinopathies that define disease based on molecular pathology rather than clinical symptoms alone.This review summarizes the regulatory-grade evidence supporting syn SAA and discusses its implications for biologically driven clinical trial design and early-intervention strategies.",https://pubmed.ncbi.nlm.nih.gov/42494362/,,,parkinsons,(Parkinson Disease[MeSH] OR Parkinson[tiab] OR dopamine[tiab] OR alpha-synuclein[tiab]) AND (treatment[tiab] OR intervention[tiab] OR therapy[tiab]),2026-08-05T17:22:15+00:00,,,,,,"To evaluate the abstract against the inclusion and exclusion criteria, let's analyze each criterion step-by-step.

### Inclusion Criteria
1. **Pathogen: Must be about Parkinson's Disease**
   - The abstract discusses Parkinson's disease specifically in relation to α-synuclein pathology. **(Met)**
  
2. **Language: English only**
   - The abstract is in English. **(Met)**

3. **Study type: Peer-reviewed, original research (note systematic reviews/meta-analyses for special consideration)**
   - The abstract appears to summarize research related to regulatory submissions but does not explicitly state it is original research or a systematic review/meta-analysis. However, it provides relevant regulatory-grade evidence which may indicate a solid scientific foundation. **(Uncertain)**

4. **Population: Human subjects**
   - The focus on biomarkers and therapeutic strategies suggests that the study is directed at human subjects, particularly regarding those with α-synuclein-related neurodegenerative diseases, including Parkinson's disease. **(Met)**

5. **Content: Must contain AT LEAST ONE of:**
   - The abstract discusses the α-synuclein seed amplification assay as a biomarker for clinical trials, which could be seen as a measure of an underlying disease pathology rather than an intervention. There is no explicit mention of motor outcomes (like UPDRS or Hoehn and Yahr scale) or specific quantitative clinical data, although it discusses implications for early intervention strategies. **(Not fully met)**

### Exclusion Criteria
1. **Pathogen: Not about Parkinson's Disease**
   - The abstract is about Parkinson's disease. **(Not applicable)**

2. **Language: Non-English**
   - The abstract is in English. **(Not applicable)**

3. **Publication type: Conference proceedings, abstracts, posters, correspondence**
   - The abstract appears to summarize findings for regulatory consideration, which may not fit a traditional peer-reviewed study publication. **(Potential concern but not directly excluded)**

4. **Study design: In-vitro studies only (no human or animal component)**
   - The abstract does not appear to report solely on in-vitro studies and relates to human conditions. **(Not applicable)**

5. **Study design: Solely animal studies AND animal studies that do not report transmission parameters**
   - There are no animal studies described in the abstract. **(Not applicable)**

6. **Outbreak type: Accidental laboratory outbreaks (not natural disease transmission)**
   - The abstract does not discuss outbreaks. **(Not applicable)**

### Summary
The study primarily discusses the use of a specific biomarker related to Parkinson's disease and involves therapeutic strategies but lacks direct focus on key clinical outcome measures and may not provide original research as described in the inclusion criteria. Given that it does not meet the inclusion criteria concerning directly reported clinical outcomes or intervention data, and given the uncertainty with respect to whether it qualifies as original research, it is best to err on the side of caution and exclude it from the systematic review.

<decision>EXCLUDE</decision>",EXCLUDE,False,2026-08-05T18:28:20.829811
PMID_42487477,PubMed,42487477,PMC11327309,10.1111/ane.13156,Attitudes in Patients With Prodromal and Overt α-Synucleinopathy Toward Risk Disclosure: A Nationwide Registry.,"Yilmaz, Rezzak; Çakan, Gülce Coşku Yılmaz; Karadağ, Yeşim Sücüllü; Hoş, Ülkü Dübüş; Acarer, Ahmet; Kabeloğlu, Vasfiye; Sonkaya, Rıza; Genç, Gençer; Gunduz, Aysegul; Koçer, Bilge; Yılmaz, Hikmet; Erer, Sevda; Gultekin, Murat; Tokçaer, Ayşe Bora; Ataoğlu, Esra Erkoç; Samanci, Bedia; Gençler, Onur Serdar; Tuncel, Rasim; Şahin, Erdi; Pak, Tina; Demirelli, Derya Selçuk; İbiş, Selen Yılmaz; Çöklü, Hilal; Baydemir, Recep; Altun, Rümeysa Unkun; Güllü, Gizem; Çiftçi, Ömer Faruk; Metin, Kübra Mehel; Demiryürek, Bekir Enes; Çakmaklı, Gül Yalçın; Bilgiç, Başar; Dogu, Okan; Özer, Feriha; Aksu, Murat; Berktas, Deniz Tuncel; Akyildiz, Utku Ogan; Karadeniz, Derya; Çokal, Burcu Gökçe; Demir, Aylin Bican; Gençdal, Işıl Yazıcı; Saritas, Aysegul Seyma; Ak, Aysin Kısabay; Şahin, Ayşenur; Aslan-Kara, Kezban; Ismailogullari, Sevda; Tezer, F Irsel; Hanağası, Haşmet; Akbostancı, M Cenk; St Louis, Erik K; Şenel, Gülçin Benbir",Movement disorders clinical practice,2026,"BACKGROUND: Identification of individuals at increased risk for synucleinopathies is becoming more feasible with advances in biomarkers. However, the ethical and practical aspects of communicating disease risk remain unresolved, particularly across diagnostic groups and cultural contexts.
OBJECTIVES: We aimed to evaluate attitudes toward disclosure of future synucleinopathy risk among individuals with isolated/idiopathic REM sleep behavior disorder (iRBD), as well as in individuals who developed Parkinson's disease (PD), or multiple system atrophy (MSA), in a large non-Western registry.
METHODS: This nationwide survey study included participants from 28 movement disorders and sleep centers across Türkiye. Questionnaires assessing attitudes toward risk disclosure, additional testing, and clinical trial participation were administered face-to-face. Responses were analyzed using contingency tables and regression models. Results are reported following the Consensus-Based Checklist for Reporting of Survey Studies (CROSS) guideline.
RESULTS: Among 1385 participants (1039 PD, 107 MSA, 239 iRBD), individuals with iRBD showed the highest support for risk disclosure (88.3%), exceeding PD (64.4%) and MSA (51.9%). Approval declined modestly (3-8%) when framed within the absence of disease-modifying treatment. iRBD participants were more willing for additional testing but less willing to join clinical trials (31.8%) than PD (45.3%) or MSA (48%). MSA patients expressed the greatest concern about psychological impact. Male sex had more favorable views on disclosure and trial participation, while younger and better-educated participants favored additional testing.
CONCLUSIONS: Attitudes toward risk disclosure differ markedly across the synucleinopathy spectrum and demographic characteristics. Culturally informed and diagnosis-specific disclosure strategies will be essential for trial recruitment and patient-centered care.",https://pubmed.ncbi.nlm.nih.gov/42487477/,,,parkinsons,(Parkinson Disease[MeSH] OR Parkinson[tiab] OR dopamine[tiab] OR alpha-synuclein[tiab]) AND (treatment[tiab] OR intervention[tiab] OR therapy[tiab]),2026-08-05T17:22:15+00:00,,,,,,"First, let's evaluate the provided abstract against the inclusion and exclusion criteria step by step.

### Inclusion Criteria Assessment

1. **Pathogen**: The study is about Parkinson's Disease, meeting this criterion.
2. **Language**: The abstract is in English, meeting this criterion.
3. **Study type**: It is a peer-reviewed original research study (a survey), fulfilling this requirement. It also mentions complying with the CROSS guidelines, indicating it follows accepted reporting standards, especially for survey studies which can be critical for systematic reviews. However, systematic reviews/meta-analyses are noted for special consideration.
4. **Population**: The study is conducted on human subjects with isolated/idiopathic REM sleep behavior disorder (iRBD), Parkinson's disease (PD), and multiple system atrophy (MSA). However, most participants have iRBD or MSA, creating a question about whether they meet ""confirmed Parkinson's disease diagnosis"" for the core population. But since it includes a substantial number of PD participants, it partially fulfills this requirement toward the relevance of the population.
5. **Content**: 
   - It does not provide quantitative details on outbreaks or transmission models as detailed in a. to j. 
   - It assesses attitudes and beliefs, which does not align with the specific quantitative measures required.

### Exclusion Criteria Assessment

1. **Pathogen**: The study is indeed about Parkinson's Disease, so this does not apply.
2. **Language**: The abstract is in English; thus, this criterion does not apply.
3. **Publication type**: It is not a conference proceeding, abstract, poster, or correspondence, so this does not apply.
4. **Study design**: The study is not solely in-vitro; it involves human subjects (survey format).
5. **Study design**: It is not solely an animal study; this excludes irrelevant cases.
6. **Outbreak type**: This does not involve accidental laboratory outbreaks, so this criterion does not apply.

### Conclusion
While the study focuses on a population that may relate to Parkinson's Disease and includes relevant assessments in its findings, it primarily focuses on attitudes toward risk disclosure rather than motor outcomes, pharmacological/non-pharmacological interventions, or biomarkers—key aspects outlined in the systematic review's objectives and inclusion criteria. Most pertinently, it does not report motor outcome measures (such as UPDRS or Hoehn and Yahr scales) or provide the required details on interventions or biomarker data.

Given that it falls short in critical areas such as specific clinical outcomes central to the systematic review's aims:

<decision>EXCLUDE</decision>",EXCLUDE,False,2026-08-05T18:28:20.829867
PMID_42487050,PubMed,42487050,PMC10571417,10.1186/s12910-023-00966-1,Preferences for Parkinson's Disease Treatments: A Scoping Literature Review.,"Arija, Pablo; Boeri, Marco; Yan, Connie H; Baldwin, Zachary",The patient,2026,"BACKGROUND: Parkinson's disease (PD) is a progressive neurodegenerative disorder characterized by motor and non-motor symptoms that significantly impact quality of life. As the disease advances, treatment options expand from oral medications to include device-aided therapies, which differ widely in their mechanisms, invasiveness, and impact on daily life. These therapies have distinct attributes that may align differently with individual patient preferences; therefore, understanding such preferences is crucial for informed, shared clinical decision making. This scoping review synthesizes quantitative evidence on treatment preferences among people with Parkinson's disease (PwP), highlighting research gaps on key attributes.
METHODS: A systematic search of PubMed and Embase (January 2026) identified studies using quantitative stated-preference methods-discrete choice experiments, best-worst scaling, conjoint analysis, or threshold techniques-with PwP, care partners, or healthcare professionals. Twelve studies met inclusion criteria.
RESULTS: Treatment efficacy-particularly increased 'ON time' (periods without troublesome dyskinesia)-and treatment modality were the strongest drivers of preferences. PwP favored non-invasive treatments, such as oral or sublingual formulations, over surgical options like deep brain stimulation. Convenience factors, including pill burden and device management frequency, also influenced preferences but were generally secondary to efficacy and modality. Safety attributes, such as risk of depression or cognitive decline, were important but often outweighed by perceived benefits in symptom control. No studies assessed care partners' preferences for modalities such as subcutaneous infusions.
CONCLUSIONS: PwP prioritize treatment efficacy and non-invasive modalities, with convenience and safety considered secondary. Further research should explore preferences for new treatment modalities and include care partners' perspectives to optimize treatment planning and outcomes in PD care.",https://pubmed.ncbi.nlm.nih.gov/42487050/,,,parkinsons,(Parkinson Disease[MeSH] OR Parkinson[tiab] OR dopamine[tiab] OR alpha-synuclein[tiab]) AND (treatment[tiab] OR intervention[tiab] OR therapy[tiab]),2026-08-05T17:22:15+00:00,,,,,,"To assess whether the paper should be included in the systematic review, we will evaluate it step by step against each of the predefined inclusion and exclusion criteria.

### Inclusion Criteria
1. **Pathogen: Must be about Parkinson's Disease**  
   - The study is about Parkinson's Disease. **(Met)**

2. **Language: English only**  
   - The abstract is in English. **(Met)**

3. **Study type: Peer-reviewed, original research (note systematic reviews/meta-analyses for special consideration)**  
   - The study is a scoping literature review but includes discussion based on original research studies. Although it is not a typical RCT or cohort study, it synthesizes data on treatment preferences which may provide valuable insights. **(Special consideration applies; potential inclusion)** 

4. **Population: Human subjects**  
   - The study involves individuals with Parkinson's disease, as well as care partners and healthcare professionals. **(Met)**

5. **Content: Must contain AT LEAST ONE of the specified measures**  
   - The study does discuss treatment efficacy and preferences, including quantitative assessments of preferences for different treatment modalities. While it may not report motor outcome measures directly (like UPDRS or Hoehn and Yahr scale), it focuses on treatment preferences, which are relevant to outcomes in Parkinson's Disease. **(Potential inclusion, though not through traditional motor outcomes)**

### Exclusion Criteria
1. **Pathogen: Not about Parkinson's Disease**  
   - The study is about Parkinson's Disease. **(Not applicable)**

2. **Language: Non-English**  
   - The abstract is in English. **(Not applicable)**

3. **Publication type: Conference proceedings, abstracts, posters, correspondence**  
   - The format is not specified as a conference proceeding or abstract, but it is a literature review paper, which may fall into a type that does not meet this exclusion. **(Not applicable)**

4. **Study design: In-vitro studies only**  
   - This is not an in-vitro study. **(Not applicable)**

5. **Study design: Solely animal studies AND animal studies that do not report transmission parameters**  
   - There are no animal studies in the manuscript. **(Not applicable)**

6. **Outbreak type: Accidental laboratory outbreaks**  
   - The study is about treatment preferences in Parkinson’s Disease, and not focused on outbreaks. **(Not applicable)**

### Conclusion
The study discusses treatment preferences among individuals with Parkinson's disease and synthesizes evidence on this topic. While it does not directly report on traditional motor outcomes, it provides valuable insights that align with the objectives of the systematic review regarding preferences for treatment modalities. Therefore, it should be included. 

<decision>INCLUDE</decision>",INCLUDE,True,2026-08-05T18:28:20.829924
PMID_40659664,EuropePMC,40659664,PMC12259915,10.1038/s41531-025-01009-9,"Circadian clock dysfunction in Parkinson's disease: mechanisms, consequences, and therapeutic strategy.","Yalçin M, Grande V, Outeiro TF, Relógio A.",,2025,"Parkinson's Disease (PD) is a prevalent neurodegenerative disorder characterized by the progressive loss of dopaminergic neurons in the substantia nigra. This leads to hallmark motor features that include bradykinesia, resting tremor, rigidity, and postural instability, alongside with a range of non-motor symptoms including sleep disturbances, mood disorders, and cognitive decline. As global life expectancy rises, the prevalence of PD is expected to continue to increase, highlighting the urgent need for effective therapeutic strategies. Despite tremendous advances in our understanding of disease-associated mechanisms, we still do not fully understand the aetiology of PD. Emerging evidence points to the circadian clock-a system that regulates physiological processes such as sleep-wake cycles and hormone release-as a critical factor in PD pathophysiology. Disruptions in circadian rhythms (CR) are common in PD patients and may exacerbate both motor and non-motor symptoms, potentially influencing the progression of neurodegeneration. This review examines the global impact of PD within the context of an aging population, delves into the molecular underpinnings of the disease, and explores the role of CR in PD. We summarize and discuss key reports on molecular links between PD and CR using unbiased systematic search strategies to cover a broad literature. Finally, we discuss the potential of chronotherapy, the alignment of treatment with the body's natural rhythms, as a personalized approach in PD management, aiming to improve treatment efficacy and patient quality of life. Understanding the interplay between circadian biology and PD could pave the way for innovative, personalized therapeutic strategies.",https://pubmed.ncbi.nlm.nih.gov/40659664/,,https://europepmc.org/articles/PMC12259915?pdf=render,parkinsons,(Parkinson Disease[MeSH] OR Parkinson[tiab] OR dopamine[tiab] OR alpha-synuclein[tiab]) AND (treatment[tiab] OR intervention[tiab] OR therapy[tiab]),2026-08-05T17:22:15+00:00,,,,,,"Let's evaluate the provided abstract against the inclusion and exclusion criteria step-by-step.

### Inclusion Criteria
1. **Pathogen**: The study is about Parkinson's Disease, which satisfies this requirement.
2. **Language**: The abstract is written in English, meeting this criterion.
3. **Study type**: The abstract refers to a review, which is a type of systematic review/meta-analysis noted for special consideration. While the abstract does not explicitly mention original research, it discusses systematic search strategies and summarizes findings, indicating a review format.
4. **Population**: The population consists of human subjects with Parkinson's Disease, thus satisfying this criterion.
5. **Content**: The abstract includes discussions of motor symptoms (e.g., bradykinesia, resting tremor, rigidity, postural instability) which are key outcome measures in Parkinson's Disease.

### Exclusion Criteria
1. **Pathogen**: The study is focused on Parkinson's Disease, so this criterion does not exclude it.
2. **Language**: The paper is in English, so it does not fall under this exclusion.
3. **Publication type**: The abstract does not indicate that it is a conference proceeding, abstract, poster, or correspondence; it appears to be from a peer-reviewed source since it discusses a systematic review.
4. **Study design**: The study is not an in-vitro study; rather, it discusses human clinical implications and findings associated with Parkinson's Disease.
5. **Study design**: The study does not solely involve animal studies since it reports on human patients.
6. **Outbreak type**: Not applicable here, as it does not deal with laboratory outbreaks.

### Conclusion
Overall, the abstract meets all the inclusion criteria and does not meet any exclusion criteria. Considering it discusses therapeutic strategies, molecular underpinnings, and implications for human health regarding Parkinson's Disease, it contributes valuable insights relevant for the systematic review.

<decision>INCLUDE</decision>",INCLUDE,True,2026-08-05T18:28:20.829979
PMID_36009865,EuropePMC,36009865,PMC9405106,10.3390/biology11081238,Potential of Whole-Body Vibration in Parkinson's Disease: A Systematic Review and Meta-Analysis of Human and Animal Studies.,"Arenales Arauz YL, Ahuja G, Kamsma YPT, Kortholt A, van der Zee EA, van Heuvelen MJG.",,2022,"(1) Background: When the severity of Parkinson's Disease (PD) increases, patients often have difficulties in performing exercises. Whole-Body Vibration (WBV) may be a suitable alternative. This systematic review aims to clarify if WBV shows potential as rehabilitative therapy for PD patients. (2) Methods: We searched several databases for controlled trials investigating the effects of WBV (1) on PD populations and (2) PD neuropathological mechanisms. We included both human and animal studies and performed meta-analyses. (3) Results: The studies on PD populations (14 studies) show an overall significant, but small, effect in favor of WBV (Hedges' g = 0.28), for which the effects on stability (Hedges' g = 0.39) and balance (Hedges' g = 0.30) are the most prominent. The studies on the neuropathological mechanisms (18 studies) show WBV effects on neuroinflammation (Hedges' g = -1.12) and several specific WBV effects on neurotransmitter systems, growth factors, neurogenesis, synaptic plasticity and oxidative stress. (4) Conclusions: The effects of WBV on human PD patients remains inconclusive. Nevertheless, WBV protocols with sufficient duration (≥3 weeks), session frequency (≥3 sessions/week) and vibration frequency (≥20 Hz) show potential as a treatment method, especially for motor function. The potential of WBV for PD patients is confirmed by the effects on the neuropathological mechanisms in mostly non-PD populations. We recommend high-quality future studies on both PD patients and PD mouse models to optimize WBV protocols and to examine the neuropathological mechanisms in PD populations.",https://pubmed.ncbi.nlm.nih.gov/36009865/,,https://europepmc.org/articles/PMC9405106?pdf=render,parkinsons,(Parkinson Disease[MeSH] OR Parkinson[tiab] OR dopamine[tiab] OR alpha-synuclein[tiab]) AND (treatment[tiab] OR intervention[tiab] OR therapy[tiab]),2026-08-05T17:22:15+00:00,,,,,,"Let's assess the abstract against the predefined inclusion and exclusion criteria.

## Inclusion Criteria
1. **Pathogen**: The study is about Parkinson's Disease, so this criterion is met.
2. **Language**: The abstract is in English, so this criterion is met.
3. **Study type**: The study is a systematic review and includes both human and animal studies. Systematic reviews are considered for special consideration, which indicates that they can potentially be included despite involving animal studies. Thus, this criterion is met for special consideration.
4. **Population**: The abstract mentions that it includes studies on PD populations (14 studies). Therefore, this criterion is met.
5. **Content**: The abstract discusses the effects of Whole-Body Vibration on motor functions in PD patients, which aligns with the inclusion of pharmacological or non-pharmacological interventions. This also includes details on both the motor outcomes and the effectiveness of the intervention, so this criterion is met.

## Exclusion Criteria
1. **Pathogen**: The study is about Parkinson's Disease, so this criterion is not applicable for exclusion.
2. **Language**: The abstract is in English, so this criterion is not applicable for exclusion.
3. **Publication type**: This is a systematic review and not a conference proceeding, abstract, poster, or correspondence. Therefore, this criterion is not applicable for exclusion.
4. **Study design**: This study involves human populations through controlled trials, although it includes animal studies as well. Since it is not solely in-vitro or animal studies, this criterion does not lead to exclusion.
5. **Study design**: The study includes human participants, so this criterion does not lead to exclusion.
6. **Outbreak type**: This criterion is not applicable as it does not mention an outbreak scenario.

## Conclusion
After evaluating each criterion, the study meets the inclusion criteria related to Parkinson's Disease and is not disqualified by any exclusion criteria. Despite the inclusion of animal studies, systematic reviews have special consideration, which strengthens the case for inclusion particularly given the relevance of the findings to humans with Parkinson's Disease.

Therefore, the final decision is:

<decision>INCLUDE</decision>",INCLUDE,True,2026-08-05T18:28:20.830403
