article_id,source,pmid,pmcid,doi,title,authors,journal,year,abstract,url,openalex_id,openalex_pdf_url,pathogen,query,harvested_at,downloaded,downloaded_path,download_attempted_at,download_source,download_error,ai4epi_abstract_response,ai4epi_abstract_decision,to_ocr,screening_timestamp
PMID_42553969,PubMed,42553969,PMC7487535,10.1159/000553014,Carotid Web as a Treatable Etiology of Recurrent Cryptogenic Ischemic Stroke Highlighting Neurointervention: A Case Report and Literature Review.,"Alanazi, Manal Ayesh; Khayat, Taha; Ibrahim, Ibrahim Ismail; Alharbi, Samar",Case reports in neurology,2026,"INTRODUCTION: Carotid web is a rare focal variant of intimal fibromuscular dysplasia characterized by a thin, shelf-like projection from the posterior wall of the carotid bulb into the arterial lumen. This abnormality can disturb blood flow and promote thrombus formation, increasing the risk of transient ischemic attacks (TIAs) and ischemic strokes.
CASE PRESENTATION: A 55-year-old male, known case of hypertension, presented with sudden-onset dysarthria and left-sided weakness. Initial imaging revealed no acute infarction, and an underlying cause remained unclear. Despite receiving dual antiplatelet therapy and statin, he experienced a recurrent TIA within a week. Digital subtraction angiography revealed a focal shelf-like intraluminal projection in the right internal carotid artery, consistent with a carotid web. Carotid artery stenting (CAS) was performed successfully without any immediate complications. The patient was then commenced on clopidogrel for 3 months and lifelong aspirin. At the 1-month and 3-month follow-ups, he remained symptom-free and had no recurrence.
CONCLUSION: This case highlights carotid web as a potential but underrecognized cause of recurrent ischemic events, illustrating both the diagnostic challenge of distinguishing it from atherosclerotic plaque with shelf-like configuration and the value of revascularization therapy. Early recognition and timely management by either CAS or carotid endarterectomy can prevent recurrent neurological deficits. Additional studies and case reports are needed to improve understanding of carotid web and to guide the development of evidence-based management strategies.",https://pubmed.ncbi.nlm.nih.gov/42553969/,,,stroke,(Stroke[MeSH] OR stroke[tiab] OR brain ischemia[tiab] OR cerebrovascular[tiab]) AND (treatment[tiab] OR intervention[tiab] OR therapy[tiab]),2026-08-05T18:00:54+00:00,,,,,,"To determine the inclusion or exclusion of the provided abstract in the systematic review on Stroke, we will evaluate it against the predefined inclusion and exclusion criteria step-by-step.

### Inclusion Criteria Evaluation
1. **Pathogen: Must be about Stroke**
   - The study discusses ischemic stroke due to carotid web, which is relevant.  
   **Met**

2. **Language: English only**
   - The abstract is in English.  
   **Met**

3. **Study type: Peer-reviewed, original research (note systematic reviews/meta-analyses for special consideration)**
   - The abstract is labeled as a case report, which typically indicates original research. However, it is not a systematic review or a randomized controlled trial.  
   **Met**

4. **Population: Human subjects**
   - The case presentation is about a human male patient.  
   **Met**

5. **Content: Must contain AT LEAST ONE of...**
   - The study discusses a case of ischemic stroke, evaluates the treatment of carotid web with carotid artery stenting, and reports the patient's functional outcome (symptom-free at 1-month and 3-month follow-ups). However, it does not detail specific scores such as mRS, Barthel Index, or NIHSS.  
   **Not fully met** 

### Exclusion Criteria Evaluation
1. **Pathogen: Not about Stroke**
   - The study is about stroke, so it does not meet this exclusion criterion.  
   **Not met**

2. **Language: Non-English**
   - The abstract is in English.  
   **Not met**

3. **Publication type: Conference proceedings, abstracts, posters, correspondence**
   - The abstract appears to be part of a case report, which generally would not classify it as a conference proceeding or any of the listed forms.  
   **Not met**

4. **Study design: In-vitro studies only (no human or animal component)**
   - The study involves human subjects and is not an in-vitro study.  
   **Not met**

5. **Study design: Solely animal studies AND animal studies that do not report transmission parameters...**
   - This criterion does not apply as the study involves human subjects.  
   **Not met**

6. **Outbreak type: Accidental laboratory outbreaks**
   - Not applicable, as the study does not involve laboratory outbreaks. 
   **Not met**

### Conclusion
The abstract discusses a relevant clinical case related to stroke, highlighting a specific etiological factor (carotid web) and its management. Although it does discuss functional outcomes, it does not provide specific values for established measures (mRS, Barthel Index, NIHSS) and thus does not fully meet the inclusion criteria.

However, the document provides insights into a potential cause and management strategy for recurrent ischemic strokes, which may contribute valuable information to the field despite its limitations.

Ultimately, in the context of treating stroke, we must consider the relevant information it provides along with the inclusion criteria.

Given all the evaluations:

<decision>EXCLUDE</decision>",EXCLUDE,False,2026-08-06T00:58:44.659313
PMID_42553827,PubMed,42553827,PMC5693549,10.4103/sja.sja_824_25,Role of transcranial Doppler pulsatility index for predicting neurological deterioration in mild-to-moderate traumatic brain injury patients in intensive care unit.,"Kaur, Sachreet; Rani, Nisha",Saudi journal of anaesthesia,2026,"BACKGROUND: Traumatic brain injury (TBI) is a leading cause of death and long-term disability worldwide, particularly among young adults in low- and middle-income countries. Even patients presenting with mild-to-moderate TBI may experience secondary neurological deterioration due to evolving intracranial pathology. Early identification of patients at risk remains challenging. Transcranial Doppler (TCD) ultrasonography provides a noninvasive bedside assessment of cerebral hemodynamics, and the pulsatility index (PI) reflects downstream cerebrovascular resistance and intracranial compliance.
METHODS: This prospective observational study included 100 adult patients with mild-to-moderate TBI admitted to a tertiary care intensive care unit (ICU). Demographic data, mechanism of injury, clinical status, and computed tomography (CT) findings were recorded. TCD examination was performed at admission to measure middle cerebral artery velocities and calculate PI. Patients were followed for seven days. Neurological deterioration was defined as a decrease in Glasgow Coma Scale score by ≥2 points, requirement of mechanical ventilation, or need for neurosurgical intervention. Receiver operating characteristic (ROC) curve analysis and multivariate logistic regression were used to assess the predictive value of PI.
RESULTS: Neurological deterioration occurred in 22% of patients. Admission PI was significantly higher in patients who deteriorated compared with those who remained stable (1.35 ± 0.18 vs. 1.14 ± 0.17; P < 0.001). ROC analysis demonstrated that PI predicted neurological deterioration with an area under the curve of 0.82 (95% confidence interval (CI): 0.73-0.91). A PI cutoff value of ≥1.25 yielded a sensitivity of 77% and a specificity of 80%. On multivariate analysis, admission PI ≥1.25 independently predicted neurological deterioration (adjusted OR 4.3; 95% CI 1.7-10.8).
CONCLUSION: Admission PI measured by TCD is a reliable, noninvasive predictor of early neurological deterioration in patients with mild-to-moderate TBI and may aid early risk stratification in the ICU.",https://pubmed.ncbi.nlm.nih.gov/42553827/,,,stroke,(Stroke[MeSH] OR stroke[tiab] OR brain ischemia[tiab] OR cerebrovascular[tiab]) AND (treatment[tiab] OR intervention[tiab] OR therapy[tiab]),2026-08-05T18:00:54+00:00,,,,,,"To assess the included abstract against the predefined criteria, we will evaluate it against each inclusion and exclusion criterion step by step:

## Inclusion Criteria
1. **Pathogen: Must be about Stroke**
   - The study focuses on traumatic brain injury (TBI), not stroke. Therefore, this criterion is not met.

2. **Language: English only**
   - The abstract is written in English. This criterion is met.

3. **Study type: Peer-reviewed, original research (note systematic reviews/meta-analyses for special consideration)**
   - This is a prospective observational study, which qualifies as original research. This criterion is met.

4. **Population: Human subjects (animal studies acceptable if reporting EITHER...)**
   - The study involves human subjects (100 adult patients with mild-to-moderate TBI). This criterion is met.

5. **Content: Must contain AT LEAST ONE of:**
   - The content of the study is focused on TBI and does not address any stroke-related outcomes, interventions, or measures related to stroke. This criterion is not met.

### Conclusion for Inclusion Criteria
Since the first criterion (regarding Stroke) is not satisfied, the inclusion criteria are not fully met.

## Exclusion Criteria
1. **Pathogen: Not about Stroke (exclude studies on other pathogens)**
   - As mentioned, this study is about TBI and not stroke, falling under this exclusion criterion.

2. **Language: Non-English**
   - The abstract is in English, so this criterion does not apply for exclusion.

3. **Publication type: Conference proceedings, abstracts, posters, correspondence**
   - The abstract appears to be part of original research, and while it is presented in abstract form, it does not fall into these excluded categories as it pertains to a formal study. 

4. **Study design: In-vitro studies only (no human or animal component)**
   - The study is not an in-vitro study as it involves human subjects. Therefore, it does not meet this exclusion criterion.

5. **Study design: Solely animal studies AND animal studies that do not report transmission parameters (R0, Rt, Re, r, growth rate, mutation rate)**
   - The study involves human patients, so this exclusion criteria does not apply.

6. **Outbreak type: Accidental laboratory outbreaks (not natural disease transmission)**
   - The study does not mention an outbreak scenario, but it is centered on TBI rather than stroke, making this point less relevant.

### Conclusion for Exclusion Criteria
The study clearly falls under the first exclusion criterion as it is not related to stroke.

Given that the abstract does not meet the primary focus of the systematic review and falls under the exclusion criteria, we conclude the decision.

<decision>EXCLUDE</decision>",EXCLUDE,False,2026-08-06T00:58:44.663853
PMID_42552599,PubMed,42552599,,10.1002/cns.71011,N6-Methyladenosine Demethylase FTO Mitigates Cerebral Ischemia-Reperfusion Injury by Suppressing AQP4 Expression.,"Chen, Wei; Cao, Luyuan; Zheng, Xiaoxiao; Yu, Chenyuan; Zhu, Xiaoqiang; Wang, Qing; Zheng, Li; Lan, Jiahua; Jiang, Cheng; Wang, Hongwei",CNS neuroscience & therapeutics,2026,"AIM: In patients with acute ischemic stroke, reperfusion therapy can compromise the blood-brain barrier, resulting in secondary cerebral ischemia-reperfusion injury (CIRI). This study investigated the involvement of the N6-methyladenosine (m6A) demethylase FTO in the pathogenesis of CIRI and explored the underlying molecular mechanisms.
METHODS: We established a middle cerebral artery occlusion (MCAO) mouse model in vivo and an oxygen-glucose deprivation/reperfusion (OGD/R) model in primary astrocytes in vitro.
RESULTS: FTO expression was significantly downregulated in both the in vivo and in vitro CIRI models. Upregulation of FTO via plasmid transfection significantly attenuated cellular damage and enhanced astrocyte viability. At the molecular level, m6A-modified transcripts were enriched in the MAPK signaling pathway during cerebral ischemia-reperfusion. Notably, Heat Shock Protein Family A (Hsp70) Member 1A (Hspa1a) was identified as a key target. The reduction in FTO expression led to increased m6A methylation levels on Hspa1a mRNA, thereby promoting its degradation. Furthermore, the cellular damage induced by FTO silencing was alleviated by Hspa1a overexpression or the silencing of Aquaporin-4 (AQP4).
CONCLUSIONS: This study demonstrates that FTO mitigates CIRI by stabilizing Hspa1a mRNA, which in turn suppresses AQP4 expression. Consequently, FTO represents a promising therapeutic target for the treatment of ischemic stroke.",https://pubmed.ncbi.nlm.nih.gov/42552599/,,,stroke,(Stroke[MeSH] OR stroke[tiab] OR brain ischemia[tiab] OR cerebrovascular[tiab]) AND (treatment[tiab] OR intervention[tiab] OR therapy[tiab]),2026-08-05T18:00:54+00:00,,,,,,"Let's evaluate the abstract step by step against the predefined inclusion and exclusion criteria.

### Inclusion Criteria

1. **Pathogen: Must be about Stroke**
   - The study investigates ischemic stroke, specifically focusing on cerebral ischemia-reperfusion injury. **(Met)**

2. **Language: English only**
   - The abstract is in English. **(Met)**

3. **Study type: Peer-reviewed, original research**
   - The study appears to be original research, although the type of publication (whether it is peer-reviewed or a conference proceeding) is not mentioned. However, based on context, we can assume it is original research. **(Met)**

4. **Population: Human subjects**
   - The abstract describes the use of a mouse model and does not involve human subjects. **(Not Met)**

5. **Content: Must contain AT LEAST ONE of the specified measures**
   - The study investigates molecular mechanisms and cellular responses rather than clinical outcomes in humans. As such, it does not report on functional outcomes such as mRS, Barthel Index, or NIHSS relevant to human stroke participants. **(Not Met)**

### Exclusion Criteria

1. **Pathogen: Not about Stroke**
   - The study is about ischemic stroke. **(Not applicable for exclusion)**

2. **Language: Non-English**
   - The abstract is in English. **(Not applicable for exclusion)**

3. **Publication type: Conference proceedings, abstracts, posters, correspondence**
   - The abstract's type is not explicitly stated, but it appears to be a summary of original research rather than just a conference proceeding or correspondence. We cannot exclude based only on this criterion without clearer information. **(Not applicable for exclusion)**

4. **Study design: In-vitro studies only**
   - The study involves both in vivo (mouse model) and in vitro (astrocyte model) research. **(Not applicable for exclusion)**

5. **Study design: Solely animal studies AND those that do not report transmission parameters**
   - The study primarily uses animal models and does not involve any human subjects or report the specific functional outcomes required by the inclusion criteria. Although it does not fit within the exclusion criteria, its lack of relevance to human clinical data is critical. **(Not Met)**

6. **Outbreak type: Accidental laboratory outbreaks**
   - The research is about a biological mechanism rather than an outbreak. **(Not applicable for exclusion)**

### Conclusion
The study does not meet the inclusion criteria, particularly in terms of involving human subjects and clinical outcome measures directly related to stroke. Therefore, despite offering insights into ischemic stroke through animal models, it does not fit the framework required for this systematic review.

Thus, the decision is: <decision>EXCLUDE</decision>",EXCLUDE,False,2026-08-06T00:58:44.663973
PMID_42551957,PubMed,42551957,,10.3174/ajnr.a9564,CT Perfusion improves Detection and Exclusion of Clinically Relevant Medium or Distal Vessel Occlusions - A Multi-Reader Diagnostic Accuracy Study.,"Nguyen, Anh; Schulze-Zachau, Victor; Sinnecker, Tim; Mutke, Matthias; Krug, Nadja; Clénin, Leander; Kaesmacher, Johannes; Psychogios, Marios",AJNR. American journal of neuroradiology,2026,"BACKGROUND AND PURPOSE: Distal/medium vessel occlusions (DMVOs) are frequent and often considered for endovascular therapy. However, detection with non-contrast CT (NCCT) and CT angiography (CTA) is challenging. This study evaluates the impact of CT perfusion (CTP) on diagnostic accuracy, speed, and confidence in DMVO detection among physicians with varying expertise in stroke imaging.
MATERIALS AND METHODS: A retrospective, multi-reader diagnostic accuracy study was conducted with paired-patient, paired-reader design. Imaging from 50 patients with DSA-confirmed solitary DMVO, who received endovascular treatment, and 50 patients without stroke, confirmed by follow-up MRI, was included. Five readers of varying training backgrounds evaluated CT images in three sessions: Session 1A included NCCT+CTA of 50 cases (with and without stroke). In Session 1B, readers re-evaluated this cohort with access to CTP. Session 2 involved the remaining 50 mixed cases evaluated with NCCT+CTA+CTP. Primary endpoints were sensitivity and specificity for DMVO detection; secondary endpoints included time to diagnosis and diagnostic confidence. Statistical analysis utilized Bayesian generalized linear mixed models.
RESULTS: Sensitivity (84% vs. 100%) and specificity (94% vs. 99%) for DMVO detection improved with CTP, logarithmic odds ratio (sensitivity) of 10 (95%-CI: 3-33). This effect was consistent across all experience levels. Time to diagnosis decreased from 94±24 seconds to 49±24 seconds with CTP, and diagnostic confidence improved (median score increased from 4 to 5). Inter-reader agreement improved substantially, with Fleiss' kappa increasing from 0.62 (Session 1A) to 0.97 (Session 1B).
CONCLUSIONS: Incorporating CTP into imaging protocols significantly enhances diagnostic accuracy, speeds diagnosis, and improves diagnostic confidence for detecting DMVO across varying expertise.",https://pubmed.ncbi.nlm.nih.gov/42551957/,,,stroke,(Stroke[MeSH] OR stroke[tiab] OR brain ischemia[tiab] OR cerebrovascular[tiab]) AND (treatment[tiab] OR intervention[tiab] OR therapy[tiab]),2026-08-05T18:00:54+00:00,,,,,,"To screen the provided abstract systematically, I will evaluate it against the inclusion and exclusion criteria:

### Inclusion Criteria
1. **Pathogen: Must be about Stroke**
   - The study is focused on distal/medium vessel occlusions (DMVOs) in the context of stroke imaging, which falls under the category of stroke. 
   - **Criterion met.**

2. **Language: English only**
   - The abstract is written in English.
   - **Criterion met.**

3. **Study type: Peer-reviewed, original research (not systematic reviews/meta-analyses)**
   - This is described as a multi-reader diagnostic accuracy study, indicating that it is original research.
   - **Criterion met.**

4. **Population: Human subjects**
   - The study includes patients with confirmed DMVO, which is a condition involving human subjects.
   - **Criterion met.**

5. **Content: Must contain AT LEAST ONE of (specific content criteria)**
   - The study reports on diagnostic accuracy (sensitivity and specificity) regarding DMVO detection, which includes quantitative data relevant to diagnosis outcomes. Additionally, it discusses time to diagnosis and diagnostic confidence, both of which could be considered relevant functional outcomes.
   - **Criterion met.**

### Exclusion Criteria
1. **Pathogen: Not about Stroke**
   - The study is indeed about stroke; therefore, it does not meet this criterion for exclusion.
   - **Criterion not applicable (not excluded).**

2. **Language: Non-English**
   - The study is in English, so it does not meet this criterion for exclusion.
   - **Criterion not applicable (not excluded).**

3. **Publication type: Conference proceedings, abstracts, posters, correspondence**
   - The abstract does not indicate it is a conference proceeding; it appears to present original research.
   - **Criterion not applicable (not excluded).**

4. **Study design: In-vitro studies only (no human or animal component)**
   - The study is based on human subjects, thus does not meet this criterion for exclusion.
   - **Criterion not applicable (not excluded).**

5. **Study design: Solely animal studies AND animal studies that do not report transmission parameters**
   - The study focuses on human patients and is not an animal study, so this criterion does not apply.
   - **Criterion not applicable (not excluded).**

6. **Outbreak type: Accidental laboratory outbreaks (not natural disease transmission)**
   - The study does not mention any accidental laboratory outbreaks; it is focused on diagnostic criteria which pursue to optimize clinical practice. This criterion does not apply.
   - **Criterion not applicable (not excluded).**

### Conclusion
After assessing the abstract against the inclusion and exclusion criteria, I find that it meets all the necessary inclusion criteria and does not fall under any exclusion criteria. The study pertains to stroke, involves human subjects, offers relevant quantitative data on diagnostic outcomes, and presents original research.

Thus, the final decision is:
<decision>INCLUDE</decision>",INCLUDE,True,2026-08-06T00:58:44.664062
PMID_42549517,PubMed,42549517,,10.1161/circulationaha.125.079205,Incidence and Predictors of Extracranial Bleeding on Oral Anticoagulants for Stroke Prevention in Patients With Atrial Fibrillation: A COMBINE-AF Analysis.,"Siegal, Deborah M; Carrier, Marc; Bahit, M Cecilia; Bosch, Jackie; Benz, Alexander P; Bergmark, Brian; Giugliano, Robert P; Granger, Christopher B; Monguillon, Victorien; O'Donnell, Martin; Oldgren, Jonas; Patel, Manesh R; Reddy, Rohin K; Wallentin, Lars; Yi, Qilong; Zimerman, Andre; Eikelboom, John",Circulation,2026,"BACKGROUND: Extracranial bleeding is the most common complication of oral anticoagulant (OAC) therapy for atrial fibrillation (AF), but its clinical importance for patients may be underrecognized. We sought to characterize extracranial bleeding events according to standardized severity definitions, identify baseline risk factors for bleeding, and quantify their population attributable fraction in patients with AF receiving OACs.
METHODS: We analyzed patients receiving OACs from 5 pivotal randomized trials testing a direct OAC or warfarin in patients with AF (COMBINE-AF [A Collaboration Between Multiple Institutions to Better Investigate Non-Vitamin K Antagonist Oral Anticoagulant Use in Atrial Fibrillation]). The primary outcome was extracranial clinically relevant bleeding, defined as a first episode of extracranial major or clinically relevant nonmajor bleeding according to International Society on Thrombosis and Haemostasis criteria. The Kaplan-Meier method was used to calculate the cumulative incidence of bleeding by category. Multivariable Cox regression models were used to estimate adjusted hazard ratios (HRs) with 95% CI. Logistic regression models were used to calculate average population attributable fraction with 95% CI.
RESULTS: Of 73 737 patients treated with OACs, 10 634 experienced clinically relevant extracranial bleeding over a mean follow-up of 705 days (cumulative incidence, 26% [95% CI, 18%-35%]; 7.6 per 100 person-years). This included 3188 major bleeds (cumulative incidence, 7% [95% CI, 6%-7%]; 2.1 per 100 person-years) and 7446 clinically relevant nonmajor bleeds (cumulative incidence, 19% [95% CI, 12%-28%]; 5.2 per 100 person-years). The distribution of bleeding sites differed by severity, with gastrointestinal bleeds comprising 26% of clinically relevant bleeds, 49% of major bleeds, and 15% of clinically relevant nonmajor bleeds. Risk factors for extracranial bleeding were consistent across severity bleeding categories, and baseline covariates in our multivariable models accounted for 66% to 69% of the population attributable bleeding risk.
CONCLUSIONS: Extracranial clinically relevant bleeding is common among patients with AF treated with OACs and may more accurately reflect the overall burden of bleeding than major bleeding alone. Our models explained about two-thirds of the average population attributable risk, suggesting that additional unmeasured or unknown factors contribute to bleeding risk.",https://pubmed.ncbi.nlm.nih.gov/42549517/,,,stroke,(Stroke[MeSH] OR stroke[tiab] OR brain ischemia[tiab] OR cerebrovascular[tiab]) AND (treatment[tiab] OR intervention[tiab] OR therapy[tiab]),2026-08-05T18:00:54+00:00,,,,,,"To determine whether the provided abstract should be included or excluded from the systematic review on *Stroke*, we will assess it against the predefined inclusion and exclusion criteria.

### Step-by-Step Evaluation

**Inclusion Criteria:**

1. **Pathogen: Must be about Stroke**
   - The study focuses on extravasation bleeding in patients with atrial fibrillation (AF) on oral anticoagulants. While it discusses bleeding as a complication related to stroke prevention, it does not directly address stroke itself. 
   - **Not met.**

2. **Language: English only**
   - The abstract is in English. 
   - **Met.**

3. **Study type: Peer-reviewed, original research (note systematic reviews/meta-analyses for special consideration)**
   - This is a peer-reviewed study based on data from randomized trials analyzing a specific outcome related to anticoagulant therapy in AF.
   - **Met.**

4. **Population: Human subjects (animal studies acceptable if reporting...)**
   - The study involves human subjects who are receiving oral anticoagulants.
   - **Met.**

5. **Content: Must contain AT LEAST ONE of:**
   - The abstract does not provide ischemic or hemorrhagic stroke specific data, nor does it describe interventions directly related to stroke (e.g., thrombolysis, thrombectomy, or rehabilitation).
   - However, it provides detailed information about bleeding events, which could have implications for stroke prevention but does not meet the direct requirement for content related to stroke outcomes as previously outlined.
   - **Not met.**

**Exclusion Criteria:**

1. **Pathogen: Not about Stroke (exclude studies on other pathogens)**
   - The focus is on bleeding related to anticoagulants in AF, not specifically stroke itself.
   - **Applies.**

2. **Language: Non-English**
   - The abstract is in English.
   - **Does not apply.**

3. **Publication type: Conference proceedings, abstracts, posters, correspondence**
   - The study appears to be a peer-reviewed original research and doesn’t fit into these categories.
   - **Does not apply.**

4. **Study design: In-vitro studies only (no human or animal component)**
   - The study involved human patients and is not in-vitro.
   - **Does not apply.**

5. **Study design: Solely animal studies AND animal studies that do not report transmission parameters**
   - Does not apply, as this is a human study.

6. **Outbreak type: Accidental laboratory outbreaks (not natural disease transmission)**
   - This exclusion does not apply to the context of the study since it is about clinical outcomes.
   - **Does not apply.**

Based on the evaluations, the study does not fulfill the key inclusion criteria, particularly regarding its focus on stroke and the requirement of relevant content related to stroke outcomes.

Thus, the final decision is:
<decision>EXCLUDE</decision>",EXCLUDE,False,2026-08-06T00:58:44.664124
PMID_42549211,PubMed,42549211,PMC8111564,10.7759/cureus.112031,Treatment of a Symptomatic Carotid Web: A Case Report and Review of the Literature.,"Shehata, Mahetab; Tee, Sui; Elsharkawy, Ashraf",Cureus,2026,"A carotid web is identified as an atypical variant of fibromuscular dysplasia. It is characterised by fibrotic, non-atherosclerotic bands found in the carotid artery intima, forming a shelf-like intraluminal web that, in most cases, lies on the posterior wall of the carotid bulb or the proximal internal carotid artery. That shelf formed a site for thrombus accumulation, with a significant risk of further distal embolisation to the cranial circulation, leading to recurrent thromboembolic stroke and transient ischaemic attack. In this case report, a 48-year-old male presented with recurrent transient ischaemic attacks and stroke despite being on the best medical treatment in the form of dual antiplatelets and a high dose of statins. During the most recent event, he presented with left-sided weakness and slurred speech and underwent urgent thrombolysis with full recovery, then was referred to the vascular surgery department. During his workup investigations with carotid duplex and computed tomographic angiography, a carotid web was identified on the posterior wall of the proximal internal carotid artery with 50% stenosis. As per the recent literature consensus and guidelines, due to recurrent symptomatic events despite medical therapy, he was scheduled for carotid endarterectomy with bovine patch repair in the nearest slot.",https://pubmed.ncbi.nlm.nih.gov/42549211/,,,stroke,(Stroke[MeSH] OR stroke[tiab] OR brain ischemia[tiab] OR cerebrovascular[tiab]) AND (treatment[tiab] OR intervention[tiab] OR therapy[tiab]),2026-08-05T18:00:54+00:00,,,,,,"Let's assess the provided abstract step by step against the predefined inclusion and exclusion criteria.

### Inclusion Criteria
1. **Pathogen**: The abstract discusses stroke, specifically recurrent transient ischaemic attacks and stroke related to carotid web. **(Met)**
  
2. **Language**: The abstract is in English. **(Met)**

3. **Study type**: This is a case report, which typically does not fall under the category of peer-reviewed original research in the required forms (RCTs, cohort studies, systematic reviews). It may also be excluded based on the systematic review criteria, but we could consider it for special consideration given it discusses recurrent stroke cases. **(Not Met, could consider special case)**

4. **Population**: The subject is a human male who experienced recurrent ischemic attacks and stroke. **(Met)**

5. **Content**: The abstract mentions a significant risk of thromboembolic stroke and includes the mention of thrombolysis. However, it does not specifically provide functional outcome measures like mRS, Barthel Index, or NIHSS, nor does it provide data on pharmacological/non-pharmacological interventions in detail required for inclusion consideration. **(Not Met)**

### Exclusion Criteria
1. **Pathogen**: The abstract is about stroke, which meets the requirement. **(Not Applicable)**

2. **Language**: The abstract is in English. **(Not Applicable)**

3. **Publication type**: The abstract describes a case report, which is not classified as systematic review or RCT-type research. **(Meets criteria for exclusion)**

4. **Study design**: The study is a case report. While it describes therapy (thrombolysis) and is about human subjects, it does not qualify as a broader study design with multiple subjects which may reflect outcome measures comprehensively. **(Meets criteria for exclusion)**

5. **Study design**: It is a case report which has fewer than 5 participants (in this case, one). **(Meets criteria for exclusion)**

6. **Outbreak type**: This criterion is not applicable as it refers to outbreak studies and not relevant to the focus of stroke in this case report. **(Not Applicable)**

### Conclusion
Given that the study is a case report featuring a single participant and does not provide comprehensive functional outcome data required for the systematic review, it meets multiple exclusion criteria. The case report format limits its relevance and appropriateness for inclusion.

Therefore, the decision is:
<decision>EXCLUDE</decision>",EXCLUDE,False,2026-08-06T00:58:44.664191
PMID_42548587,PubMed,42548587,PMC6859425,10.15698/cst2019.11.203,"Autophagy in ischemic stroke: pathophysiology, therapeutics, and challenges ahead.","Tshimbombu, Tshibambe N; Nyalundja, Arsene Daniel; Iragi, Gates Mulume; Mwambali, Josué Aganze; Shardow, Samira Braimah; Amoako, Melissa Ewurakua; Thurmann, Kyle E; Gonzalez, Daniel I; Banyas, Paige; Wiggins, Judea; Kaur, Supreet",Frontiers in stroke,2026,"Autophagy is a fundamental cellular homeostatic process that exerts a dual, context-dependent influence on the pathophysiology of ischemic stroke. Functioning as both a neuroprotective survival mechanism and a neurotoxic pathway, autophagy presents a complex therapeutic challenge as well as a potential target for molecular intervention. This narrative review synthesizes preclinical and emerging clinical evidence to summarize key mechanisms regulating autophagy in ischemic injury, evaluate therapeutic strategies, and identify promising molecular pathways and druggable targets for translational development. In the early ischemic phase, moderate autophagic activation facilitates neuronal survival by clearing damaged mitochondria and protein aggregates, thereby reducing oxidative stress and modulating neuroinflammation. This protective response is primarily mediated by regulators such as Beclin-1, the conversion of LC3-I to LC3-II, and the energy-sensing AMP-activated protein kinase pathway. Conversely, sustained or excessive autophagy, particularly during late-stage reperfusion, exacerbates neuronal injury through impaired lysosomal fusion, autophagosome accumulation, and the triggering of autophagic cell death and ferroptosis. Preclinical evidence highlights a critical Goldilocks zone of activation, suggesting that therapeutic success hinges on maintaining autophagic flux within narrow physiological limits. Advancing these therapies into clinical practice requires precise spatiotemporal modulation, potentially as an adjunct to mechanical thrombectomy, as well as the development of robust, real-time biomarkers. A comprehensive understanding of the molecular and genetic determinants of autophagy, including sex-specific responses, is essential to bridge the translational gap and establish autophagy as a viable target for precision stroke medicine.",https://pubmed.ncbi.nlm.nih.gov/42548587/,,,stroke,(Stroke[MeSH] OR stroke[tiab] OR brain ischemia[tiab] OR cerebrovascular[tiab]) AND (treatment[tiab] OR intervention[tiab] OR therapy[tiab]),2026-08-05T18:00:54+00:00,,,,,,"To determine whether the abstract should be included or excluded from the systematic review, let’s evaluate it against the inclusion and exclusion criteria step by step.

## Inclusion Criteria Evaluation
1. **Pathogen: Must be about Stroke**  
   **Met**: The study is focused on ischemic stroke.
   
2. **Language: English only**  
   **Met**: The abstract is in English.
   
3. **Study type: Peer-reviewed, original research (note systematic reviews/meta-analyses for special consideration)**  
   **Met**: The study is a narrative review, which synthesizes evidence from both preclinical and clinical studies. While it is not an original research article, it falls under the category of systematic reviews/meta-analyses for guidance.
   
4. **Population: Human subjects (animal studies acceptable if reporting EITHER...)**  
   **Met**: The abstract does not specifically indicate that it has only human subjects; it also discusses preclinical evidence. However, it primarily relates to human clinical trials and therapeutics.
   
5. **Content: Must contain AT LEAST ONE of the following**  
   **Met**: The abstract discusses therapeutic strategies and potential targets for stroke intervention, emphasizing the dual role of autophagy in ischemic injury, thus providing relevant clinical insights about therapeutic interventions.

Based on the inclusion criteria, the study appears to fulfill them.

## Exclusion Criteria Evaluation
1. **Pathogen: Not about Stroke (exclude studies on other pathogens)**  
   **Not Met**: The study is about stroke.
   
2. **Language: Non-English**  
   **Not Met**: The abstract is in English.
   
3. **Publication type: Conference proceedings, abstracts, posters, correspondence**  
   **Not Met**: The abstract does not indicate that it is merely a conference proceeding but rather a narrative review. However, if we consider that there may be limits on how it's framed in the context of original data, we need to assess further.
   
4. **Study design: In-vitro studies only (no human or animal component)**  
   **Not Met**: While the study discusses preclinical (potentially animal-related) evidence, it also addresses clinical evidence and potential clinical applications.
   
5. **Study design: Solely animal studies AND animal studies that do not report transmission parameters...**  
   **Not Met**: The study does not exclusively focus on animal studies and discusses potential human applications.
   
6. **Outbreak type: Accidental laboratory outbreaks (not natural disease transmission)**  
   **Not Applicable**: The study does not focus on disease outbreaks, but rather on autophagy in ischemic stroke. 

Since none of the exclusion criteria apply, the study does not warrant exclusion.

### Conclusion
Based on the evaluations against the criteria, the evidence presented in the abstract is pertinent and potentially relevant to the systematic review on stroke. It discusses therapeutic interventions related to ischemic stroke and offers insights that could support evidence-based clinical guideline development.

Thus, I conclude: 

<decision>INCLUDE</decision>",INCLUDE,True,2026-08-06T00:58:44.664260
PMID_42545976,PubMed,42545976,,10.3791/71433,Scalp Acupuncture Combined with Exercise Induces PI3K/Akt Activation and Improves Synaptic Plasticity in Post-Stroke Spastic Rats.,"Zhao, Sainan; Li, Lingxu; Li, Wenna; Wang, Chunmeng; Jin, Yanlong; Ji, Guangcheng",Journal of visualized experiments : JoVE,2026,"Effective treatments for post-stroke spasticity (PSS) remain limited, and the mechanism by which scalp acupuncture combined with exercise (SAE) alleviates PSS is not fully understood. This study investigated the effects of SAE in rats with PSS and explored whether SAE regulates synaptic plasticity through the PI3K/Akt pathway. A middle cerebral artery occlusion (MCAO) rat model was established, and rats were randomly assigned to five groups: Blank, Sham, MCAO, SAE, and Baclofen. All interventions were administered for 7 consecutive days. Neurological function, cerebral infarct volume, histopathology, synaptic ultrastructure, and related protein expression were then evaluated. Compared with the MCAO group, SAE improved neurological deficits, reduced muscle hypertonia, decreased infarct volume, alleviated neuronal injury, increased synapse number, and improved synaptic morphology. SAE also upregulated glial cell line-derived neurotrophic factor (GDNF), phosphorylated PI3K (p-PI3K), phosphorylated Akt (p-AKT), and synaptic proteins, including synaptophysin (SYN), postsynaptic density protein 95 (PSD-95), and growth-associated protein 43 (GAP-43). Immunofluorescence staining further suggested enhanced expression of SYN and p-Akt in the motor cortex after SAE treatment. These findings suggest that SAE may be correlated with the activation of PI3K/Akt signaling via upregulation of GDNF, thereby improving synaptic plasticity and alleviating PSS symptoms. This study investigated the effects of SAE in rats with PSS and explored the potential association between SAE intervention, PI3K/Akt pathway activity, and synaptic plasticity.",https://pubmed.ncbi.nlm.nih.gov/42545976/,,,stroke,(Stroke[MeSH] OR stroke[tiab] OR brain ischemia[tiab] OR cerebrovascular[tiab]) AND (treatment[tiab] OR intervention[tiab] OR therapy[tiab]),2026-08-05T18:00:54+00:00,,,,,,"To assess whether the paper titled ""Scalp Acupuncture Combined with Exercise Induces PI3K/Akt Activation and Improves Synaptic Plasticity in Post-Stroke Spastic Rats"" should be included in the systematic review of Stroke literature, we will evaluate it against the predefined inclusion and exclusion criteria step by step.

### Inclusion Criteria
1. **Pathogen: Must be about Stroke**
   - The study is focused on post-stroke spasticity and utilizes a middle cerebral artery occlusion (MCAO) model to simulate stroke conditions in rats. However, it primarily addresses spasticity in animal models rather than human subjects.
   - **Met?** No.

2. **Language: English only**
   - The abstract is in English. 
   - **Met?** Yes.

3. **Study type: Peer-reviewed, original research (note systematic reviews/meta-analyses for special consideration)**
   - The study appears to be peer-reviewed original research but is conducted in rats, not humans. 
   - **Met?** No.

4. **Population: Human subjects (animal studies acceptable if reporting EITHER...specific parameters)**
   - This study involves animal subjects (rats) and does not report any human data.
   - **Met?** No.

5. **Content: Must contain AT LEAST ONE of:**
   - a) Quantitative details of concluded/ongoing human outbreak (size, year, location, duration, spatial scale)
   - b) Mathematical or statistical model of disease transmission
   - c) Measures/estimates of transmission parameters: R, R0, Rt, r, Re, growth rate, doubling time
   - d) Measures/estimates of timing parameters: generation time, serial interval, incubation period, latent period, infectious period
   - e) Measures/estimates of severity: CFR, IFR, hospitalization rate, mortality rate, attack rate
   - f) Measures/estimates of genetic evolution: mutation rate, substitution rate, evolutionary rate
   - g) Measures of overdispersion or superspreading (k parameter, transmission heterogeneity)
   - h) Seroprevalence data or serological surveys
   - i) Risk factors for infection, severe disease, death, or hospitalization (with statistical measures)
   - j) Measures/estimates of vector parameters: for e.g. extrinsic incubation period (EIP), mosquito reproduction numbers, vector competence, mosquito delays, or relative transmission contributions (human-to-human vs vector-borne/zoonotic)
   - The study does not present any data related to human outbreaks, models of disease transmission, or other measures listed here.
   - **Met?** No.

### Exclusion Criteria
1. **Pathogen: Not about Stroke (exclude studies on other pathogens)**
   - This study is about stroke and related spasticity.
   - **Met?** No.

2. **Language: Non-English**
   - The abstract is in English. 
   - **Met?** No.

3. **Publication type: Conference proceedings, abstracts, posters, correspondence**
   - The study is presented as an original research abstract, which may be a type of material excluded based on the criteria for inclusion.
   - **Met?** Yes.

4. **Study design: In-vitro studies only (no human or animal component)**
   - This is not an in-vitro study; it involves animal (rat) subjects. 
   - **Met?** No.

5. **Study design: Solely animal studies AND animal studies that do not report transmission parameters (R0, Rt, Re, r, growth rate, mutation rate)**
   - This study is solely an animal study and does not present any parameters related to disease transmission since it focuses on a specific intervention and its effects on spasticity.
   - **Met?** Yes.

6. **Outbreak type: Accidental laboratory outbreaks (not natural disease transmission)**
   - This is not applicable as it does not discuss laboratory outbreaks.
   - **Met?** No.

### Conclusion
Since the study does not meet the inclusion criteria and meets some exclusion criteria (particularly being solely an animal study with no human data), it warrants exclusion from the systematic review.

<decision>EXCLUDE</decision>",EXCLUDE,False,2026-08-06T00:58:44.664318
PMID_42545629,PubMed,42545629,PMC9364124,10.1001/jama.2022.12584,Efficacy and Safety of an Early Aggressive Lipid-Lowering Strategy Using Triple Therapy After Mechanical Thrombectomy.,"Woo, Ho Geol; Park, Jaeyu; Song, Tae-Jin; Eun, Mi-Yeon; Mo, Heejung; Mo; Park, Hee-Kwon",CNS drugs,2026,"BACKGROUND: Current guidelines recommend initial high-intensity statin monotherapy and ""the wait and watch paradigm,"" even in patients with acute ischemic stroke (AIS). However, newer lipid-lowering therapies allow aggressive low-density lipoprotein cholesterol (LDL-C) reduction without drug class restriction. The effectiveness of triple therapy (early aggressive strategy) comprising a proprotein convertase subtilisin/kexin type 9 (PCSK9) inhibitor, ezetimibe, and a high-intensity statin after endovascular thrombectomy (EVT) for emergent large vessel occlusion (ELVO) remains uncertain.
METHODS: We retrospectively analyzed patients with AIS due to ELVO who underwent successful EVT at four comprehensive stroke centers between January 2021 and December 2024. Patients were classified into triple therapy or high-intensity statin monotherapy (standard therapy) and followed up for 90 days. Multivariable regression and propensity score matching were used.
RESULTS: Among 197 patients (mean age, 70.8 ± 12.1; 36.0% male), 55 received triple therapy. Baseline total cholesterol (TC) and LDL-C levels were comparable between groups. At both 4 and 12 weeks, the triple therapy group demonstrated significantly lower mean TC and LDL-C levels compared with the standard therapy group. Triple therapy was independently associated with a reduced risk of early neurological deterioration (adjusted odds ratio [aOR], 0.14; 95% confidence interval [CI], 0.03-0.81). In the subgroup of patients with ELVO due to large-artery atherosclerosis (LAA), triple therapy was further associated with a higher likelihood of functional independence at 90 days (aOR 9.30; 95% CI 1.86-46.56).
CONCLUSIONS: Triple therapy achieved faster and greater LDL-C reduction and improved clinical outcomes following EVT, particularly among patients with AIS due to ELVO from LAA.",https://pubmed.ncbi.nlm.nih.gov/42545629/,,,stroke,(Stroke[MeSH] OR stroke[tiab] OR brain ischemia[tiab] OR cerebrovascular[tiab]) AND (treatment[tiab] OR intervention[tiab] OR therapy[tiab]),2026-08-05T18:00:54+00:00,,,,,,"Let's evaluate the provided abstract against the inclusion and exclusion criteria step by step.

### Inclusion Criteria
We must assess whether the abstract meets ALL inclusion criteria:

1. **Pathogen: Must be about Stroke**
   - The study focuses on acute ischemic stroke (AIS), meeting this criterion.

2. **Language: English only**
   - The abstract is in English, meeting this criterion.

3. **Study type: Peer-reviewed, original research (note systematic reviews/meta-analyses for special consideration)**
   - The study appears to be original research (retrospective analysis), which qualifies it.

4. **Population: Human subjects**
   - The study involves human subjects, specifically patients with AIS due to endovascular thrombectomy, meeting this criterion.

5. **Content: Must contain AT LEAST ONE of:**
   - The study reports on functional outcomes, specifically the likelihood of functional independence at 90 days (aOR 9.30; 95% CI 1.86-46.56), which qualifies it under content.

### Exclusion Criteria
Next, we check if ANY exclusion criteria apply:

1. **Pathogen: Not about Stroke (exclude studies on other pathogens)**
   - This study is about stroke, so this criterion does not apply.

2. **Language: Non-English**
   - The abstract is in English, so this criterion does not apply.

3. **Publication type: Conference proceedings, abstracts, posters, correspondence**
   - The abstract does not indicate that it is from a conference proceeding or similar, making it eligible.

4. **Study design: In-vitro studies only (no human or animal component)**
   - This study involves human subjects, thus it does not fall under this exclusion.

5. **Study design: Solely animal studies AND animal studies that do not report transmission parameters**
   - This study involves human subjects and no animal studies, so this does not apply.

6. **Outbreak type: Accidental laboratory outbreaks (not natural disease transmission)**
   - This study is not related to laboratory outbreaks.

### Conclusion
Since all inclusion criteria are satisfied and no exclusion criteria are applicable, the abstract should be included in the systematic review.

<decision>INCLUDE</decision>",INCLUDE,True,2026-08-06T00:58:44.664377
PMID_42545518,PubMed,42545518,PMC4741409,10.1161/circulationaha.115.017719,Risk prediction of traumatic and non-traumatic subdural hematoma after ischemic stroke: a nationwide competing-risk model with external validation.,"Kim, Junseok; Choi, Suein; Jung, Seungpil; Lee, Jeong-Hyun; Ha, Jeonghoon; Eun, Jin",Neurosurgical review,2026,"Subdural hematoma (SDH) represents a growing hemorrhagic concern among ischemic stroke survivors receiving long-term antithrombotic therapy. Although aging, multimorbidity, and antithrombotic exposure are all contributors to SDH, there is limited evidence on subtype-specific risk factors in stroke populations, and existing studies have often overlook competing mortality. Practical tools to guide individualized antithrombotic stewardship remain absent from contemporary guidelines. A nationwide retrospective cohort study was conducted using Korean National Health Insurance Service data from 2010 to 2023. Adults with incident ischemic stroke were followed for traumatic and non-traumatic SDH using Fine-Gray competing risk regression and cause-specific hazard models. Variables were selected using the Akaike information criterion to develop integer-based prediction scores. Internal validation used cross-validation, and external validation applied the models to an independent ischemic stroke cohort from the UK Biobank. A web-based calculator was employed to facilitate clinical use. Among 506,746 ischemic stroke survivors (median follow-up 57.9 months), 7,425 developed traumatic SDH and 1,705 developed non-traumatic SDH. The 10-year cumulative incidences were 1.94% for traumatic and 0.43% for non-traumatic SDH. Older age, multimorbidity, and antithrombotic exposure were independently associated with increased risk. Traumatic SDH demonstrated stronger associations with antiplatelet therapy and diabetes, whereas non-traumatic SDH was most strongly linked to warfarin use. Warfarin emerged as the only modifiable risk factor. Prediction models showed clear risk-gradient separation for both subtypes and maintained stratification performance in the UK Biobank cohort. A web-enabled platform provided individualized 10-year cumulative incidence estimates using routinely available clinical variables. This nationwide competing-risk analysis identified subtype-specific associations of aging, comorbidities, and antithrombotic exposure with SDH risk among ischemic stroke survivors. Because the models predict SDH specifically rather than overall intracranial hemorrhage, they are intended to support risk-stratified surveillance, monitoring, and patient counseling rather than to guide antithrombotic cessation in isolation, as such decisions require balancing ischemic recurrence against the full spectrum of major bleeding risk.",https://pubmed.ncbi.nlm.nih.gov/42545518/,,,stroke,(Stroke[MeSH] OR stroke[tiab] OR brain ischemia[tiab] OR cerebrovascular[tiab]) AND (treatment[tiab] OR intervention[tiab] OR therapy[tiab]),2026-08-05T18:00:54+00:00,,,,,,"To determine whether to include or exclude the abstract provided, I'll systematically evaluate it against the Inclusion and Exclusion Criteria specified for the systematic review on Stroke.

### Inclusion Criteria
1. **Pathogen**: Must be about Stroke.
   - The study focuses on *ischemic stroke* and its association with subdural hematoma, which is a hemorrhagic complication post-stroke. This criterion is **met**.

2. **Language**: English only.
   - The abstract is written in English. This criterion is **met**.

3. **Study type**: Peer-reviewed, original research (note systematic reviews/meta-analyses for special consideration).
   - The study is described as a nationwide retrospective cohort study, which qualifies as original research. This criterion is **met**.

4. **Population**: Human subjects (animal studies acceptable if reporting specific parameters).
   - The study involves human participants (ischemic stroke survivors). This criterion is **met**.

5. **Content**: Must contain AT LEAST ONE of:
   - The abstract discusses risk factors and prediction models relevant to subdural hematomas in ischemic stroke survivors, which could be seen as an aspect of functional outcome related to stroke management and monitoring. It mentions specific associations and risk factors, hinting at the clinical outcomes related to stroke. Therefore, it could be interpreted as meeting this criterion due to its relevance to stroke complications and outcomes. This criterion is **met**.

### Exclusion Criteria
1. **Pathogen**: Not about Stroke (exclude studies on other pathogens).
   - The study is clearly about Stroke. This criterion is **not met**.

2. **Language**: Non-English.
   - The abstract is in English. This criterion is **not met**.

3. **Publication type**: Conference proceedings, abstracts, posters, correspondence.
   - The abstract format is consistent with research abstracts and does not indicate that it is a conference proceeding or similar publication type, meaning it is peer-reviewed original research and not excluded on these grounds. This criterion is **not met**.

4. **Study design**: In-vitro studies only (no human or animal component).
   - The study is based on a cohort analysis and involves human subjects. This criterion is **not met**.

5. **Study design**: Solely animal studies AND animal studies that do not report transmission parameters (R0, Rt, etc.).
   - The study does not involve animal studies. This criterion is **not met**.

6. **Outbreak type**: Accidental laboratory outbreaks (not natural disease transmission).
   - The abstract does not mention any outbreak, either accidental or otherwise. This criterion is **not met**.

### Conclusion
After evaluating all criteria, the abstract meets all five inclusion criteria and none of the exclusion criteria, implying it is relevant to the systematic review on Stroke. Therefore, the abstract should be included in the review to support the synthesis of evidence regarding stroke and its complications.

<decision>INCLUDE</decision>",INCLUDE,True,2026-08-06T00:58:44.664432
PMID_42545155,PubMed,42545155,,10.23736/s1973-9087.26.09209-9,Clinical effect of kinesio taping combined with dry needling to myofascial trigger point on shoulder-hand syndrome in hemiplegia patients: a randomized controlled trial.,"Lv, Xuehai; Xiang, Zhengmao; Chang, Cheng; Hao, Pengna; Li, Linxi; Yang, Nuan; Guo, Yinuo; Chai, Jia; Zhou, Xiaofei; Zhu, Xiaoshuai; Gao, Yuemin; Wu, Yiping",European journal of physical and rehabilitation medicine,2026,"BACKGROUND: Shoulder-hand syndrome (SHS) is a common complication after stroke, characterized by pain, edema, and functional impairment of the upper limb. Myofascial trigger points (MTrPs) play a key role in its pathophysiology. Kinesio taping (KT) and dry needling (DN) have been used individually for pain management, but their combined efficacy in post-stroke SHS remains unclear.
AIM: This study aimed to examine the efficacy of Kinesio taping combined with dry needling in the management of MTrPs among patients with post-stroke hemiplegic shoulder-hand syndrome.
DESIGN: A prospective, double-blind randomized controlled trial.
SETTING: Rehabilitation department of a tertiary hospital.
POPULATION: Eighty-four individuals diagnosed with SHS were enrolled and allocated to three intervention groups.
METHODS: Participants were randomly assigned to three groups: DN alone (Group A, N.=28), KT alone (Group B, N.=28), and combined DN+KT (Group C, N.=28). All participants received conventional rehabilitation therapy. Assessments included the Visual Analog Scale, Activities of Daily Living score assessed via the Barthel Index, Fugl-Meyer Assessment for Upper Extremity, passive range of motion (PROM), and an 8-figure volumetric measurement. Evaluations were conducted before and after a 28-day treatment period. Data were analyzed using SPSS version 27.0. Paired t-tests were applied for within-group comparisons, and independent sample t-tests for between-group differences, with a significance threshold of P<0.05.
RESULTS: Each group exhibited significant improvements across all outcome measures (P<0.05). Group C demonstrated superior results compared to both Group A and Group B in every metric (P<0.05). Statistically significant differences between Group A and Group B were observed only in the 8-figure volumetric measurement (P<0.05).
CONCLUSIONS: The combination of DN and KT yields greater benefits than either intervention alone in alleviating pain, reducing edema, and improving functional outcomes in patients with SHS.
CLINICAL REHABILITATION IMPACT: This combined approach offers an effective, non-pharmacological strategy that can be readily integrated into routine rehabilitation practice to enhance upper limb recovery, reduce disability, and improve quality of life in post-stroke patients with SHS.",https://pubmed.ncbi.nlm.nih.gov/42545155/,,,stroke,(Stroke[MeSH] OR stroke[tiab] OR brain ischemia[tiab] OR cerebrovascular[tiab]) AND (treatment[tiab] OR intervention[tiab] OR therapy[tiab]),2026-08-05T18:00:54+00:00,,,,,,"To determine whether the study should be included in the systematic review on stroke, we need to systematically evaluate it against both the inclusion and exclusion criteria provided.

### Inclusion Criteria
1. **Pathogen: Must be about Stroke**
    - The study focuses on shoulder-hand syndrome in post-stroke hemiplegia patients, which is directly related to stroke.
    - **Met.**
   
2. **Language: English only**
    - The abstract is in English.
    - **Met.**

3. **Study type: Peer-reviewed, original research**
    - The study is a randomized controlled trial, which qualifies as original research. 
    - **Met.**

4. **Population: Human subjects**
    - The study involves patients with shoulder-hand syndrome, which is a population of stroke patients.
    - **Met.**

5. **Content: Must contain AT LEAST ONE of the specified measures**
    - The study assesses functional outcomes, particularly the Barthel Index, which fits within the criteria of reporting functional outcomes.
    - **Met.**

### Exclusion Criteria
1. **Pathogen: Not about Stroke**
    - The study is about stroke and its complications.
    - **Not excluded.**

2. **Language: Non-English**
    - The study is in English.
    - **Not excluded.**

3. **Publication type: Conference proceedings, abstracts, posters, correspondence**
    - This abstract appears to be from a peer-reviewed source, specifically a randomized controlled trial. 
    - **Not excluded.**

4. **Study design: In-vitro studies only**
    - The study design is a randomized controlled trial, not in-vitro.
    - **Not excluded.**

5. **Study design: Solely animal studies**
    - The study involves human subjects, not animals.
    - **Not excluded.**

6. **Outbreak type: Accidental laboratory outbreaks**
    - The study is focused on a clinical intervention for a condition resultant from stroke and does not pertain to outbreaks.
    - **Not excluded.**

### Conclusion
All inclusion criteria have been met, and none of the exclusion criteria apply. The study assesses a treatment combination that directly benefits functional outcomes for patients with post-stroke complications. Thus, it should contribute valuable evidence to the systematic review.

<decision>INCLUDE</decision>",INCLUDE,True,2026-08-06T00:58:44.664485
PMID_42545076,PubMed,42545076,PMC6880479,10.1186/s13054-019-2663-7,Impact of Severe Postoperative Multi-Organ Dysfunction on Long-Term Outcomes After Modified Morrow Surgery.,"Wang, Tong; Ta, La; Zhang, Kui; Dong, Ran; Xiao, Yu; Wang, Jiayang",Clinical cardiology,2026,"BACKGROUND: The modified Morrow surgery is the gold standard surgical treatment for hypertrophic obstructive cardiomyopathy (HOCM). While effective, it carries a risk of postoperative severe multi-organ dysfunction and its impact on long-term cardiovascular outcomes remains poorly understood and controversial.
METHODS: This observational cohort study included 380 HOCM patients undergoing the modified Morrow surgery between July 2015 and March 2025. Severe multi-organ dysfunction was defined as a maximum Sequential Organ Failure Assessment (SOFA) score ≥ 11. The primary endpoint was the long-term incidence of major adverse cardiac and cerebrovascular events (MACCEs). Secondary endpoints included heart failure hospitalization (HFH), postoperative atrial fibrillation (AF) ablation, and cardiovascular mortality.
RESULTS: Compared to patients without severe multi-organ dysfunction (SOFA Maximum < 11, n = 234), those with SOFA Maximum ≥ 11 (n = 146) had significantly higher rates of MACCEs (53.4% vs. 17.5%, p < 0.001), cardiovascular mortality (11.6% vs. 0.9%, p < 0.001), HFH (21.9% vs. 8.5%, p < 0.001), and postoperative AF ablation (17.8% vs. 3.8%, p < 0.001). Multivariable Cox proportional hazards regression demonstrated that severe multi-organ dysfunction was independently associated with cardiovascular mortality (HR = 4.157, p = 0.047), MACCEs (HR = 2.296, p < 0.001), HFH (HR = 1.834, p = 0.042), and postoperative AF ablation (HR = 3.987, p < 0.001). Other independent predictors included family history of hypertrophic cardiomyopathy, left ventricular end-systolic dimension, postoperative left ventricular outflow tract velocity, and postoperative surgical intensive care unit ventilation time.
CONCLUSIONS: Postoperative severe multi-organ dysfunction is independently associated with an increased risk of adverse long-term outcomes after modified Morrow surgery. Incorporating the SOFA score into postoperative risk stratification may help identify high-risk patients warranting intensified long-term management.",https://pubmed.ncbi.nlm.nih.gov/42545076/,,,stroke,(Stroke[MeSH] OR stroke[tiab] OR brain ischemia[tiab] OR cerebrovascular[tiab]) AND (treatment[tiab] OR intervention[tiab] OR therapy[tiab]),2026-08-05T18:00:54+00:00,,,,,,"Let's evaluate the abstract step by step against the inclusion and exclusion criteria.

### Inclusion Criteria
1. **Pathogen: Must be about Stroke**
   - The study is about postoperative multi-organ dysfunction related to hypertrophic obstructive cardiomyopathy, not specifically about stroke. **Not met.**

2. **Language: English only**
   - The abstract is in English. **Met.**

3. **Study type: Peer-reviewed, original research (note systematic reviews/meta-analyses for special consideration)**
   - The study is an observational cohort study, which qualifies as original research. **Met.**

4. **Population: Human subjects**
   - The study involves human subjects (HOCM patients). **Met.**

5. **Content: Must contain AT LEAST ONE of the specified criteria a) to j)**
   - The abstract discusses cardiovascular and cerebrovascular outcomes (MACCEs). However, the focus is on a surgical intervention in a specific patient population, not on the outcomes of stroke patients directly. While cerebrovascular events are mentioned, it does not primarily address stroke. **Not met.**

### Exclusion Criteria
1. **Pathogen: Not about Stroke (exclude studies on other pathogens)**
   - The study does not focus on stroke but rather on multi-organ dysfunction post-surgery. **Applies.**

2. **Language: Non-English**
   - The abstract is in English. **Does not apply.**

3. **Publication type: Conference proceedings, abstracts, posters, correspondence**
   - There is no evidence suggesting this is a non-peer-reviewed abstract; it appears to be an original study. **Does not apply.**

4. **Study design: In-vitro studies only (no human or animal component)**
   - The study involves human subjects. **Does not apply.**

5. **Study design: Solely animal studies AND animal studies that do not report transmission parameters (R0, Rt, Re, r, growth rate, mutation rate)**
   - The study involves human patients. **Does not apply.**

6. **Outbreak type: Accidental laboratory outbreaks (not natural disease transmission)**
   - The study does not involve outbreak transmission, as it focuses on surgical outcomes rather than infectious disease outbreaks. **Does not apply.**

### Conclusion
The study does not meet the inclusion criteria because it does not focus on stroke. Rather, it deals with postoperative outcomes related to a surgical intervention for hypertrophic obstructive cardiomyopathy.

Therefore, the final decision is:

<decision>EXCLUDE</decision>",EXCLUDE,False,2026-08-06T00:58:44.664538
PMID_42544810,PubMed,42544810,,10.12200/j.issn.1003-0034.20241071,[Risk factors of postoperative complications in elderly patients with fragile hip fractures and their influence on postoperative mobility].,"Xu, Yunming; Wu, Gang; Diao, Renyue; Zou, Peng; Wang, Fulong; Zhou, Chao",Zhongguo gu shang = China journal of orthopaedics and traumatology,2026,"OBJECTIVE: To analyze the risk factors for postoperative complications in elderly patients with fragile hip fractures and their impact on postoperative mobility, and to construct a risk prediction model.
METHODS: A retrospective analysis was performed on the postoperative clinical data of 278 elderly patients diagnosed with fragility hip fractures, who received treatment between January 2019 and December 2024. Of these patients, 120 were male and 158 were female, aged from 63 to 82 with a mean age of (74.91±4.87) years old and an average bone mineral density (BMD) T uale was raging from -3.63 to -2.15 with an aberage of (-2.89±0.74) g·cm-2. The patients were categorized into two groups based on the presence or absence of postoperative complications:the complication group(78 patients) and the non-complication group (200 patients). Furthermore, according to the postoperative functional mobility status of elderly patients with fragile hip fractures, those in the complication group were further classified into a good activity ability group(37 patients) and a limited activity ability group (41patients). Clinical data were collected from patients, including gender, Charlson comorbidity index (CCI), mini-mental state examination(MMSE) scores, age, type of surgical procedure, and time to ambulation. The study further analyzed potential risk factors for postoperative complications and their impact on patients' postoperative functional mobility.
RESULTS: There were statistically significant differences between the complication group and the non-complication group with respect to age, MMSE score, CCI score, type of surgery, operation time, intraoperative blood loss, anesthesia method, and preoperative nutritional status(P<0.05). Logistic regression analysis demonstrated that age[OR=1.167, 95% CI(1.103, 1.234), P=0.001], MMSE score [OR=0.847, 95% CI(0.775, 0.927), P=0.001], CCI score[OR=1.374, 95% CI(1.099, 1.718), P=0.005], type of surgery [OR=2.976, 95% CI(1.700, 5.208), P=0.001], operation time [OR=2.065, 95% CI(1.209, 3.528), P=0.008], intraoperative blood loss[OR=1.024, 95% CI(1.004, 1.044), P=0.020], anesthesia method [OR=2.165, 95% CI(1.267, 3.698), P=0.005], and preoperative nutritional status[OR=0.500, 95% CI(0.348, 0.719), P=0.001], were significant independent risk factors associated with the development of postoperative complications in elderly patients with brittle hip fractures. There were statistically significant differences in activity levels among patients with different types of complications (P<0.05). Additionally, statistically significant differences were observed in the incidence of complications including pulmonary infection, deep vein thrombosis, pressure ulcers, surgical site infection, and cardiovascular and cerebrovascular diseases between the group with good activity ability and the group with limited activity ability (P<0.05). The receiver operating characteristic(ROC) curve of the nomogram prediction model, constructed based on independent risk factors, demonstrates that the mean area under the curve (AUC)>0.800 for each influencing factor.
CONCLUSION: The risk prediction model developed through multifactorial analysis facilitates the early identification of postoperative complications and functional limitations in elderly patients with fragility hip fractures, thereby supporting the clinical formulation of individualized intervention strategies and improving patient outcomes.",https://pubmed.ncbi.nlm.nih.gov/42544810/,,,stroke,(Stroke[MeSH] OR stroke[tiab] OR brain ischemia[tiab] OR cerebrovascular[tiab]) AND (treatment[tiab] OR intervention[tiab] OR therapy[tiab]),2026-08-05T18:00:54+00:00,,,,,,"To determine whether the abstract provided should be included or excluded from the systematic review on Stroke, I will evaluate it against each of the inclusion and exclusion criteria outlined above.

### Inclusion Criteria Assessment:
1. **Pathogen: Must be about Stroke**
   - The study investigates postoperative complications in elderly patients with fragile hip fractures, with no mention or relation to stroke. **Does not meet criterion.**
   
2. **Language: English only**
   - The abstract is written in English. **Meets criterion.**
   
3. **Study type: Peer-reviewed, original research (note systematic reviews/meta-analyses for special consideration)**
   - The abstract describes a retrospective analysis of clinical data and appears to be original research. However, we cannot confirm it is peer-reviewed based on the abstract alone. For now, I cannot fully assess this criterion without additional information. **Ambiguous.**
   
4. **Population: Human subjects (animal studies acceptable if reporting specified parameters)**
   - The study involves elderly human patients with fragile hip fractures. **Meets criterion.**
   
5. **Content: Must contain AT LEAST ONE of:**
   - a) Quantitative details of concluded/ongoing human outbreak (size, year, location, duration, spatial scale) – **Not applicable.**
   - b) Mathematical or statistical model of disease transmission – **Not applicable.**
   - c) Measures/estimates of transmission parameters: R, R0, Rt, r, Re, growth rate, doubling time – **Not applicable.**
   - d) Measures/estimates of timing parameters: generation time, serial interval, incubation period, latent period, infectious period – **Not applicable.**
   - e) Measures/estimates of severity: CFR, IFR, hospitalization rate, mortality rate, attack rate – **Not applicable.**
   - f) Measures/estimates of genetic evolution: mutation rate, substitution rate, evolutionary rate – **Not applicable.**
   - g) Measures of overdispersion or superspreading – **Not applicable.**
   - h) Seroprevalence data or serological surveys – **Not applicable.**
   - i) Risk factors for infection, severe disease, death, or hospitalization (with statistical measures) – This study discusses risk factors related to postoperative complications but is not relevant to stroke. **Not applicable.**
   - j) Measures/estimates of vector parameters – **Not applicable.**

### Exclusion Criteria Assessment:
1. **Pathogen: Not about Stroke (exclude studies on other pathogens)**
   - The study focuses on postoperative complications in hip fractures, which is not related to stroke. **Excludes.**
   
2. **Language: Non-English**
   - The abstract is in English. **Does not exclude.**
   
3. **Publication type: Conference proceedings, abstracts, posters, correspondence**
   - The type of publication is not specified. However, if it is an abstract for a conference, it would be excluded. **Ambiguous.**
   
4. **Study design: In-vitro studies only (no human or animal component)**
   - The study involves human subjects and clinical data, so this criterion does not apply. **Does not exclude.**
   
5. **Study design: Solely animal studies AND animal studies that do not report transmission parameters**
   - The study involves humans, so this criterion does not apply. **Does not exclude.**
   
6. **Outbreak type: Accidental laboratory outbreaks (not natural disease transmission)**
   - Not applicable to this study as it does not cover outbreaks. **Does not exclude.**

Given the relevance of the first exclusion criterion, where the study does not pertain to stroke at all, it clearly falls under the exclusion criteria.

### Conclusion:
After thorough evaluation against the criteria, the study does not meet the necessary requirements for inclusion in the systematic review on Stroke and should be excluded.

<decision>EXCLUDE</decision>",EXCLUDE,False,2026-08-06T00:58:44.664592
PMID_42544349,PubMed,42544349,PMC9285852,10.1589/jpts.38.358,Comparison of KAFO and AFO for extension thrust pattern after stroke: a randomized N-of-1 trial.,"Ogawa, Hideyuki; Shirogane, Satoshi; Haruna, Hirokazu",Journal of physical therapy science,2026,"[Purpose] Extension thrust pattern (ETP) during the stance phase is a common gait deviation after stroke; however, there is no consensus regarding the optimal orthosis, such as knee-ankle-foot orthosis (KAFO) or ankle-foot orthosis (AFO). This study aimed to compare the effects of KAFO and AFO on ETP using an N-of-1 trial design. [Participant and Methods] A 54-year-old male with right thalamic hemorrhage and post-stroke hemiplegia participated in this study. A prospective multiple-crossover N-of-1 trial was conducted. Five intervention periods (3 consecutive days each) of KAFO and AFO use were randomly assigned, with a 1-day washout period between interventions. Hip, knee, and ankle joint angles during mid-stance, 10-m walking time, and step count were measured. [Results] KAFO use significantly reduced ankle plantar flexion compared with AFO. A particularly large effect size was observed for the ankle dorsiflexion angle. Improvements in walking time and step count were also noted with KAFO. [Conclusion] KAFO was more effective than AFO in improving ETP in this patient. Objective evaluation using an N-of-1 trial may support more appropriate orthotic selection in clinical practice.",https://pubmed.ncbi.nlm.nih.gov/42544349/,,,stroke,(Stroke[MeSH] OR stroke[tiab] OR brain ischemia[tiab] OR cerebrovascular[tiab]) AND (treatment[tiab] OR intervention[tiab] OR therapy[tiab]),2026-08-05T18:00:54+00:00,,,,,,"To evaluate the provided abstract against the inclusion and exclusion criteria, let's examine each of the criteria step by step:

## Inclusion Criteria Assessment
1. **Pathogen: Must be about Stroke**  
   - The study is focused on stroke, specifically on comparing the effects of different orthoses after stroke. This criterion is **met**.

2. **Language: English only**  
   - The abstract is in English. This criterion is **met**.

3. **Study type: Peer-reviewed, original research (note systematic reviews/meta-analyses for special consideration)**  
   - The study is described as an original research trial (N-of-1). This criterion is **met**.

4. **Population: Human subjects**  
   - The study involves a human subject (a 54-year-old male with post-stroke hemiplegia). This criterion is **met**.

5. **Content: Must contain AT LEAST ONE of:**  
   - The abstract provides quantitative details related to functional outcomes (e.g., improvements in walking time, step count, and joint angles). This includes measures of functional outcomes relevant to stroke recovery. Therefore, this criterion is **met**.

## Exclusion Criteria Assessment
1. **Pathogen: Not about Stroke (exclude studies on other pathogens)**  
   - The study is about stroke. This criterion does not apply.

2. **Language: Non-English**  
   - The abstract is in English. This criterion does not apply.

3. **Publication type: Conference proceedings, abstracts, posters, correspondence**  
   - This abstract comes from a randomized N-of-1 trial and is not merely conference proceedings or correspondence. This criterion does not apply.

4. **Study design: In-vitro studies only (no human or animal component)**  
   - The study involves a human participant. This criterion does not apply.

5. **Study design: Solely animal studies AND animal studies that do not report transmission parameters**  
   - The study is not an animal study. This criterion does not apply.

6. **Outbreak type: Accidental laboratory outbreaks (not natural disease transmission)**  
   - The study does not involve outbreaks. This criterion does not apply.

In conclusion, all relevant inclusion criteria are met, and none of the exclusion criteria apply. Therefore, the study should be included in the systematic review. 

<decision>INCLUDE</decision>",INCLUDE,True,2026-08-06T00:58:44.664647
PMID_42544320,PubMed,42544320,PMC6907751,10.1371/journal.pgen.1008489,An NRIP1-Centric Monocyte Immunogenetic Bridge Between Heart Failure and Ischemic Stroke.,"Chen, Hongyao; Xiao, Yao; Yang, Xiaoyan; Zhou, Ying; Ding, Changsong",Journal of inflammation research,2026,"BACKGROUND: Heart failure (HF) and ischemic stroke (IS) frequently co-occur and worsen each other. Circulating immune cells may act as a cross-organ inflammatory bridge, but the key immune lineage, genetically supported mediators, and druggable targets remain unclear.
OBJECTIVE: To identify the immune-cell lineage, candidate gene, and tractable intervention target linking HF and IS.
METHODS: Bidirectional Mendelian randomization (MR) of genome-wide association study summary statistics was used to assess causal links between HF and IS. Mouse single-cell transcriptomic datasets from HF and IS models were integrated to define a shared immune/stromal atlas and characterize Ly6C⁺ monocyte expansion. Ly6C⁺ monocyte marker genes were mapped to human orthologs and evaluated using peripheral-blood expression quantitative trait locus data for gene-level MR, followed by expression validation, colocalization, summary-data-based MR, and spatial transcriptomics. In HF single-cell data, Ly6C⁺ monocytes were stratified by Nrip1 expression for cell-cell communication, pathway enrichment, and pseudotime analyses. Candidate-drug prediction, druggability evaluation, molecular docking, molecular dynamics simulation, and in vitro validation were then performed.
RESULTS: MR supported a bidirectional positive association between HF and IS. Both diseases showed expansion of inflammatory Ly6C⁺ monocytes at single-cell resolution. Among MR-implicated genes, NRIP1 was prioritized as a key gene associated with reduced IS risk, and genetic and spatial evidence supported its monocyte-mediated role in HF-IS coupling. Nrip1-stratified and pseudotime analyses suggested a homeostatic role through modulation of inflammatory thresholds and communication patterns. Drug prediction and in silico analyses indicated that retinoic acid-related small molecules may bind NRIP1 and exhibit preliminary druggability. In vitro, tretinoin alleviated ischemia-like HMC3 cell injury and inflammation by modulating monocyte NRIP1.
CONCLUSION: An NRIP1-centered monocyte network may represent a tractable immune bridge in HF-IS comorbidity, and tretinoin provides an entry point for NRIP1-targeted intervention.",https://pubmed.ncbi.nlm.nih.gov/42544320/,,,stroke,(Stroke[MeSH] OR stroke[tiab] OR brain ischemia[tiab] OR cerebrovascular[tiab]) AND (treatment[tiab] OR intervention[tiab] OR therapy[tiab]),2026-08-05T18:00:54+00:00,,,,,,"To assess the abstract titled ""An NRIP1-Centric Monocyte Immunogenetic Bridge Between Heart Failure and Ischemic Stroke"" against the predefined inclusion and exclusion criteria for the systematic review on stroke, we will proceed systematically through each criterion:

### Inclusion Criteria (ALL must be met):
1. **Pathogen: Must be about Stroke**
   - The abstract discusses ischemic stroke (IS) as part of a broader investigation into the relationship between heart failure (HF) and IS. This criterion is met.
   
2. **Language: English only**
   - The abstract is in English. This criterion is met.
   
3. **Study type: Peer-reviewed, original research (note systematic reviews/meta-analyses for special consideration)**
   - The abstract appears to be from a primary research study, not a systematic review or meta-analysis, and is peer-reviewed. This criterion is met.
   
4. **Population: Human subjects**
   - While the study utilizes mouse models, it mentions a human component by mapping genes to human orthologs and evaluating expression traits in peripheral blood. However, the primary focus appears to be animal studies. This criterion **is not clearly met**.

5. **Content: Must contain AT LEAST ONE of:**
   - The study investigates the links between heart failure and ischemic stroke, discussing monocyte expansion and genetic factors, which could be relevant to understanding stroke. However, it does not report on functional outcomes which would warrant inclusion. Thus, this criterion **is not sufficiently met**.

### Exclusion Criteria (Exclude if ANY apply):
1. **Pathogen: Not about Stroke**
   - The study addresses ischemic stroke. This criterion is not applicable for exclusion.
   
2. **Language: Non-English**
   - The abstract is in English. This criterion is not applicable for exclusion.
   
3. **Publication type: Conference proceedings, abstracts, posters, correspondence**
   - The type of publication is not specified, but assuming it is an abstract and fits this description, this could be a reason for exclusion. This criterion may apply.
   
4. **Study design: In-vitro studies only (no human or animal component)**
   - The study includes animal models and in vitro analysis in cells. This criterion does not apply for exclusion.
   
5. **Study design: Solely animal studies AND animal studies that do not report transmission parameters**
   - The abstract includes animal studies but focuses on investigating immunogenetic mechanisms rather than transmission parameters. Therefore, this criterion **may apply**.
   
6. **Outbreak type: Accidental laboratory outbreaks (not natural disease transmission)**
   - This criterion is not relevant to the abstract. It does not pertain to outbreaks.

### Conclusion:
After evaluating the abstract against the inclusion and exclusion criteria, it does not sufficiently meet the inclusion criteria due to its primary focus on animal models and a lack of direct reporting on functional outcomes. Additionally, it may fall under the exclusion criteria due to being an abstract. Therefore, it warrants exclusion.

<decision>EXCLUDE</decision>",EXCLUDE,False,2026-08-06T00:58:44.664700
PMID_42543700,PubMed,42543700,,10.2169/internalmedicine.7583-26,Recurrent Multi-level Spinal Subdural Hematoma in Granulomatosis with Polyangiitis: A Therapeutic Dilemma Between Ischemia and Hemorrhage.,"Koga, Tamon; Irie, Ken-Ichi; Mori, Shinichiro; Tanaka, Yoshiko; Isogai, Masanari; Imai, Tatsuya; Morimitsu, Makoto; Kaieda, Shinjiro; Hoshino, Tomoaki; Tateishi, Takahisa","Internal medicine (Tokyo, Japan)",2026,"Spinal subdural hematoma (SSDH) associated with granulomatosis with polyangiitis (GPA) is extremely rare. A 63-year-old man with GPA and recurrent cerebral infarctions developed multi-level SSDHs while receiving immunotherapy and antithrombotic therapy. The hematomas were resolved conservatively, but they recurred in the posterior fossa and thoracic spine one year later. High cerebrospinal fluid interleukin-6 levels during ischemic events suggest active central nervous system vasculitis. This case illustrates a critical therapeutic dilemma: managing the competing risks of vasculitic ischemic stroke and hemorrhagic complications, such as SSDH. This case highlights the importance of balancing aggressive immunotherapy to suppress the vasculitis activity with cautious antithrombotic management.",https://pubmed.ncbi.nlm.nih.gov/42543700/,,,stroke,(Stroke[MeSH] OR stroke[tiab] OR brain ischemia[tiab] OR cerebrovascular[tiab]) AND (treatment[tiab] OR intervention[tiab] OR therapy[tiab]),2026-08-05T18:00:54+00:00,,,,,,"Let's evaluate the provided abstract against the inclusion and exclusion criteria step by step.

### Inclusion Criteria

1. **Pathogen: Must be about Stroke**  
   The abstract mentions cerebral infarctions (which relate to ischemic stroke) and discusses complications associated with hemorrhage, indicating that it is relevant to stroke.  
   **Met.**

2. **Language: English only**  
   The abstract is written in English.  
   **Met.**

3. **Study type: Peer-reviewed, original research (note systematic reviews/meta-analyses for special consideration)**  
   The type of study is not explicitly mentioned in the excerpt, but it sounds like a case report. Therefore, it does not fit the inclusion criteria for study type.  
   **Not met.**

4. **Population: Human subjects (animal studies acceptable if reporting specified parameters)**  
   The study involves a human subject (a 63-year-old man).  
   **Met.**

5. **Content: Must contain AT LEAST ONE of the specified measures**  
   The abstract discusses therapeutic management challenges in a patient with concurrent ischemic stroke and hemorrhagic complications, which can provide insights into handling stroke patients. However, it does not provide quantitative details, statistical models, or measures of stroke outcomes (e.g., mRS, Barthel Index, NIHSS).  
   **Not met.**

### Exclusion Criteria

1. **Pathogen: Not about Stroke (exclude studies on other pathogens)**  
   The study relates to strokes and hemorrhagic complications.  
   **Not applicable.**

2. **Language: Non-English**  
   The abstract is in English.  
   **Not applicable.**

3. **Publication type: Conference proceedings, abstracts, posters, correspondence**  
   The type of publication is not specified, but if it is indeed a case report or similar summary, it likely falls under a less definitive category rather than peer-reviewed original research.  
   **Applicable as it does not meet the peer-reviewed original research criteria.**

4. **Study design: In-vitro studies only (no human or animal component)**  
   Not applicable as this involves a human subject.

5. **Study design: Solely animal studies AND animal studies that do not report transmission parameters**  
   Not applicable since this study involves a human subject.

6. **Outbreak type: Accidental laboratory outbreaks (not natural disease transmission)**  
   Not applicable.

### Conclusion
Given that the study does not fit the inclusion criteria due to being less than a fully peer-reviewed original research article and failing to meet the necessary content measures, it should be excluded. 

Therefore, the final decision is:  
<decision>EXCLUDE</decision>",EXCLUDE,False,2026-08-06T00:58:44.664753
PMID_42543324,PubMed,42543324,,10.19540/j.cnki.cjcmm.20260403.501,[Research advance on regulation of SREBP pathway by TCM in prevention and treatment of hyperlipidemia].,"Ma, Run-Han; Wang, Xin-Lu; Wu, Rui-Peng; Liu, Yan-Ze; Shen, Ao; Ping, Jing-Tao; Zhu, Ming-Jun; Wang, Yong-Xia",Zhongguo Zhong yao za zhi = Zhongguo zhongyao zazhi = China journal of Chinese materia medica,2026,"Hyperlipidemia(HLP) is a significant independent risk factor for the occurrence and development of cardiovascular and cerebrovascular diseases. Currently, the common clinical lipid-lowering agents include statins(inhibiting HMG-CoA reductase), fibrates(activating PPARα), cholesterol absorption inhibitors(blocking NPC1L1), and PCSK9 inhibitors(preventing LDLR degradation). However, clinical concerns remain about the combination use of multiple drugs, hepatorenal toxicity, and poor adherence to long-term application. The sterol regulatory element-binding protein(SREBP) pathway serves as a master regulator of lipid synthesis, concurrently controlling multiple steps in this process. Targeted intervention of the overactivated SREBP pathway has emerged as a novel research direction for regulating lipid metabolism disturbances, though it remains largely in the preclinical stage of drug research and development. TCM demonstrates multi-target and holistic regulatory advantages in regulating the SREBP pathway. Studies reveal that TCM compounds(Zexie Decoction, Xiangsha Liujunzi Decoction, and so on) and active constituents(berberine, curcumin, and so on) can systematically ameliorate lipid metabolic disturbances by inhibiting SREBP-1c/2 activation and the expression of downstream genes such as FAS, ACC, and HMGCR. This review summarized clinical trials and experimental research in recent years on the mechanisms by which TCM prevents and treats HLP by regulating the SREBP pathway, aiming to provide theoretical basis and new insights for the prevention and treatment of HLP as well as further research.",https://pubmed.ncbi.nlm.nih.gov/42543324/,,,stroke,(Stroke[MeSH] OR stroke[tiab] OR brain ischemia[tiab] OR cerebrovascular[tiab]) AND (treatment[tiab] OR intervention[tiab] OR therapy[tiab]),2026-08-05T18:00:54+00:00,,,,,,"To evaluate the abstract for inclusion in the systematic review on Stroke, I will systematically apply the inclusion and exclusion criteria to the information presented in the abstract.

### Inclusion Criteria
1. **Pathogen: Must be about Stroke**  
   - The abstract does not pertain directly to stroke; it focuses on hyperlipidemia and the SREBP pathway, which are related to cardiovascular diseases but do not specifically address stroke.
  
2. **Language: English only**  
   - The abstract is written in English.

3. **Study type: Peer-reviewed, original research (note systematic reviews/meta-analyses for special consideration)**  
   - The abstract does not specify whether it represents peer-reviewed original research; it discusses mechanisms and clinical trials related to hyperlipidemia but does not indicate it is presented as peer-reviewed research or as a systematic review.

4. **Population: Human subjects**  
   - The abstract mentions clinical trials and references clinical applications, suggesting human subjects may be involved, but it does not explicitly confirm this or discuss stroke patients.

5. **Content: Must contain AT LEAST ONE of the following**  
   - The abstract contains information about lipid-lowering agents, the SREBP pathway, and related interventions, but it does not provide quantitative clinical outcome measures specifically tied to stroke (such as mRS, Barthel Index, NIHSS) or any defined outcomes relevant to stroke.

### Exclusion Criteria
1. **Pathogen: Not about Stroke (exclude studies on other pathogens)**  
   - The topic is focused on hyperlipidemia and its regulation, not specifically on stroke.

2. **Language: Non-English**  
   - The abstract is in English.

3. **Publication type: Conference proceedings, abstracts, posters, correspondence**  
   - The abstract seems to summarize a review rather than an original study or a systematic review of stroke-specific interventions.

4. **Study design: In-vitro studies only (no human or animal component)**  
   - While it discusses drug mechanisms, it does not clarify whether it includes in-vitro studies or human studies relevant to Stroke.

5. **Study design: Solely animal studies AND animal studies that do not report transmission parameters**  
   - The focus is on human interventional studies and drug mechanisms, but does not address stroke outcomes.

6. **Outbreak type: Accidental laboratory outbreaks (not natural disease transmission)**  
   - Not applicable to the abstract.

### Conclusion
Based on the inclusion and exclusion criteria, the focus of the abstract is primarily on hyperlipidemia—the condition—and its treatment mechanisms rather than on stroke directly. Consequently, it does not qualify for inclusion as it fails to meet the primary objective of documenting evidence specifically related to stroke interventions or outcomes.

<decision>EXCLUDE</decision>",EXCLUDE,False,2026-08-06T00:58:44.664805
PMID_42542769,PubMed,42542769,PMC7674282,10.1177/11772719261456551,Assessment of Brain-Specific and Neuroendocrine Biomarkers for Intracerebral Hemorrhage Diagnosis: A Prospective Cohort Study.,"Apiliogullari, Seza; Elbayoumi, Eman; Collier, Nina; Cai, Guangzheng; Ocloo, Otis Kofi; Golpich, Mojtaba; Kobeissy, Firas; Zhu, Jiepei; Yadikar, Hamad; Ng, Stephania; Poon, Wai S; Wang, Kevin K",Biomarker insights,2026,"BACKGROUND AND PURPOSE: The timing of diagnosis is a critical factor that significantly impacts medical treatment and patient outcomes in individuals with intracerebral hemorrhage (ICH). The study primarily aimed to evaluate the diagnostic potential of four brain-specific biomarkers, glial fibrillary acidic protein (GFAP), neurofilament light chain (NfL), tau, and ubiquitin C-terminal hydrolase-L1 (UCH-L1) to differentiate CT-confirmed ICH patients from healthy controls. Secondary aims included comparing results between younger (18-59 years) and older (≥60 years) ICH patients and exploring neuroendocrine hormone levels (adrenocorticotropic hormone [ACTH], agouti-related peptide [AgRP], ciliary neurotrophic factor [CNTF], and growth hormone [GH]) as potential diagnostic tools.
METHODS: Serum samples were collected from consecutive adult patients with CT-confirmed ICH diagnoses on days 1 (first 24 hours), 2, 3, 7, and 14 for biomarker analyses in a pilot study. A total of 71 patients and 30 healthy controls were included in the analysis.
RESULTS: Serum concentrations of four brain-specific biomarkers demonstrated significant differentiation between ICH patients and controls at all assessed time points (Days 1, 2, 3, 7, and 14; all p<0.05), with similar significant elevations observed for NfL, tau, and UCH-L1. Day 1 GFAP levels were markedly higher in ICH patients (median 9598 pg/mL compared with healthy controls (39.2 pg/mL; p<0.05). No significant differences were found between young and aged adult ICH subgroups. Neuroendocrine ACTH and AgRP levels were significantly higher in ICH patients compared to controls on both measured time points (Days 1 and 7).
CONCLUSIONS: The study's findings suggest that GFAP, NfL, tau, UCH-L1, ACTH, and AgRP exhibit potential as biomarkers for differentiating spontaneous ICH patients from healthy controls. However, given the limitations of the current study design, these findings should be interpreted with caution and cannot be expected to translate directly into clinical practice. Further research is needed to assess these biomarkers' roles in distinguishing stroke types and predicting ICH outcomes.",https://pubmed.ncbi.nlm.nih.gov/42542769/,,,stroke,(Stroke[MeSH] OR stroke[tiab] OR brain ischemia[tiab] OR cerebrovascular[tiab]) AND (treatment[tiab] OR intervention[tiab] OR therapy[tiab]),2026-08-05T18:00:54+00:00,,,,,,"Let's evaluate the abstract against each inclusion and exclusion criterion systematically.

### Inclusion Criteria Evaluation
1. **Pathogen: Must be about Stroke**
   - This study is about intracerebral hemorrhage (ICH), which is a type of stroke. **(Inclusion criterion met)**

2. **Language: English only**
   - The abstract is in English. **(Inclusion criterion met)**

3. **Study type: Peer-reviewed, original research (note systematic reviews/meta-analyses for special consideration)**
   - The study is a prospective cohort study and is likely to be peer-reviewed. **(Inclusion criterion met)**

4. **Population: Human subjects**
   - The study involves adult patients with CT-confirmed ICH diagnoses, thus involving human subjects. **(Inclusion criterion met)**

5. **Content: Must contain AT LEAST ONE of:**
   - The study assesses biomarkers for diagnosing ICH and compares results across different patient age groups but does not report functional outcomes such as mRS, Barthel Index, or NIHSS. **(Inclusion criterion not met)**

### Exclusion Criteria Evaluation
1. **Pathogen: Not about Stroke (exclude studies on other pathogens)**
   - The study is focused on stroke (ICH). **(Exclusion criterion not applicable)**

2. **Language: Non-English**
   - The abstract is in English. **(Exclusion criterion not applicable)**

3. **Publication type: Conference proceedings, abstracts, posters, correspondence**
   - No indication that this abstract is part of conference proceedings or correspondence; assuming it is a peer-reviewed study. **(Exclusion criterion not applicable)**

4. **Study design: In-vitro studies only (no human or animal component)**
   - This is clearly a human study. **(Exclusion criterion not applicable)**

5. **Study design: Solely animal studies AND animal studies that do not report transmission parameters**
   - This does not apply as the study involves human subjects. **(Exclusion criterion not applicable)**

6. **Outbreak type: Accidental laboratory outbreaks (not natural disease transmission)**
   - There is no mention of accidental laboratory outbreaks in the study. **(Exclusion criterion not applicable)**

### Conclusion
The study does not meet the content inclusion criterion as it does not report on functional outcomes such as mRS, Barthel Index, or NIHSS. Therefore, despite being relevant to stroke, it does not fit the inclusion criteria outlined for this systematic review.

<decision>EXCLUDE</decision>",EXCLUDE,False,2026-08-06T00:58:44.664859
PMID_42542614,PubMed,42542614,PMC12006867,10.7759/cureus.111925,Delayed M1 Dissection After Thrombectomy Treated With Rescue Stenting and Tirofiban: A Case Report.,"Vargas, Oscar F; Salcedo-Mesa, Juliana; Valera, Paula; Ortiz Layton, Laura Camila",Cureus,2026,"Delayed re-occlusion after successful mechanical thrombectomy (MT) is uncommon and often underrecognized. Iatrogenic intracranial arterial dissection represents a rare but potentially devastating mechanism requiring rapid salvage intervention with or without a stent. A 63-year-old woman with a wake-up stroke underwent thrombolysis and MT with complete reperfusion (Thrombolysis in Cerebral Infarction (TICI) grade 3) and full neurological recovery. Three days later, she developed acute neurological deterioration. Angiography demonstrated a right M1 re-occlusion caused by a flow-limiting dissection. Following failed aspiration, emergent rescue stenting with a self-expanding Low-profile Visualized Intraluminal Support (LVIS) EVO stent achieved immediate reperfusion. A tirofiban-based bridging strategy with dual antiplatelet therapy was initiated without hemorrhagic complications. Follow-up imaging showed a small infarct. At 12 months, the patient remained functionally independent, with a modified Rankin Scale (mRS) score of 1 and a National Institutes of Health Stroke Scale (NIHSS) score of 0. Delayed iatrogenic dissection should be suspected in post-thrombectomy deterioration. Rescue intracranial stenting is a definitive and effective salvage strategy, provided that antithrombotic therapy is carefully individualized.",https://pubmed.ncbi.nlm.nih.gov/42542614/,,,stroke,(Stroke[MeSH] OR stroke[tiab] OR brain ischemia[tiab] OR cerebrovascular[tiab]) AND (treatment[tiab] OR intervention[tiab] OR therapy[tiab]),2026-08-05T18:00:54+00:00,,,,,,"Let's evaluate the abstract against the inclusion and exclusion criteria step by step.

### Inclusion Criteria
1. **Pathogen: Must be about Stroke**
   - The study is about delayed re-occlusion after thrombectomy in a patient with stroke, thus it is relevant.

2. **Language: English only**
   - The abstract is in English.

3. **Study type: Peer-reviewed, original research (note systematic reviews/meta-analyses for special consideration)**
   - As this is a case report and does not specify peer-reviewed original research, this might be a gray area. However, it reports on a clinical intervention related to stroke.

4. **Population: Human subjects (animal studies acceptable if reporting EITHER certain parameters)**
   - The study involves a 63-year-old woman who is human, meeting this criterion.

5. **Content: Must contain AT LEAST ONE of:**
   - a) Quantitative details of concluded/ongoing human outbreak 
   - b) Mathematical or statistical model of disease transmission 
   - c) Measures/estimates of transmission parameters 
   - d) Measures/estimates of timing parameters 
   - e) Measures/estimates of severity 
   - f) Measures/estimates of genetic evolution 
   - g) Measures of overdispersion or superspreading 
   - h) Seroprevalence data or serological surveys 
   - i) Risk factors for infection, severe disease, death, or hospitalization 
   - j) Measures/estimates of vector parameters 

The abstract does report on a substantial outcome measure (mRS and NIHSS scores) that reflects the effectiveness of thrombectomy and subsequent treatments. Specifically, it mentions the mRS score of 1 and NIHSS score of 0 at 12 months.

### Exclusion Criteria
1. **Pathogen: Not about Stroke (exclude studies on other pathogens)**
   - The study is about stroke.

2. **Language: Non-English**
   - The abstract is in English.

3. **Publication type: Conference proceedings, abstracts, posters, correspondence**
   - The abstract does not indicate it is part of any of these formats. It is a case report but does not fall into the excluded categories.

4. **Study design: In-vitro studies only (no human or animal component)**
   - The study does not describe an in-vitro study; it involves a human subject.

5. **Study design: Solely animal studies AND animal studies that do not report transmission parameters (R0, Rt, Re, r, growth rate, mutation rate)**
   - Not applicable, as this is a human study.

6. **Outbreak type: Accidental laboratory outbreaks (not natural disease transmission)**
   - Not applicable since it discusses clinical treatment rather than outbreaks.

### Conclusion
The study meets the inclusion criteria as it discusses a clinical case relevant to stroke, reports functional outcomes, and discusses therapeutic interventions, despite being a case report. The study does not fall under any of the exclusion criteria.

Therefore, balancing the perspectives and key aspects outlined, I would conclude:

<decision>INCLUDE</decision>",INCLUDE,True,2026-08-06T00:58:44.664911
PMID_42542287,PubMed,42542287,,10.1016/j.pnpbp.2026.111873,"How high ventilation breathwork alters consciousness: Hypoperfusion, network dynamics, and subjective experience.","Schmitz, Christian N; Bernardic, Marijan; Vlădoiu, Anamaria-Domnica; Harris, Rida; Carmana, Daniele; Kärtner, Laura; Oberthür, Gunilla; Gründer, Gerhard; Adolphi, Hana",Progress in neuro-psychopharmacology & biological psychiatry,2026,"High ventilation breathwork (HVB) is increasingly used in psychotherapeutic and contemplative contexts to induce altered states of consciousness (ASC), yet its neurobiological mechanisms remain poorly understood. Thirty experienced HVB practitioners (mean age 44.97 ± 11.80 years) underwent perfusion and resting-state fMRI to assess acute cerebrovascular and post-acute network changes. Cerebral blood flow (CBF) was measured using arterial spin labelling during baseline and the interval of maximal subjective effects. Acute psychotropic effects were rated using an online Likert scale, ASC intensity was assessed immediately after breathwork with the 5-Dimensional Altered States of Consciousness (5D-ASC) scale. HVB induced a 45.5% reduction in global grey matter cerebral blood flow (CBF; 29.81 ± 7.58 vs. 16.24 ± 4.35 ml/100 g/min; t(29) = -10.69, p < 0.001), accompanied by increased heart and respiratory rate. Default mode network (DMN) functional connectivity (FC) did not change significantly at the group level. In further exploratory analyses, greater decreases in DMN FC (pre - post breathwork) predicted higher 5D-ASC rating (β = -4.88, p < 0.05) in analyses using global signal regression, though this association was not significant without global signal regression (p = 0.75). CBF reductions were not associated with ΔDMN-FC or 5D-ASC ratings. HVB produces marked global cerebral hypoperfusion without systematic DMN FC changes, suggesting that hypoperfusion and network dynamics may represent partially dissociable mechanisms underlying breathwork-induced ASC. As a controllable, non-pharmacological means of inducing ASC, HVB may hold promise as a psychotherapeutic and psychedelic-adjacent intervention.",https://pubmed.ncbi.nlm.nih.gov/42542287/,,,stroke,(Stroke[MeSH] OR stroke[tiab] OR brain ischemia[tiab] OR cerebrovascular[tiab]) AND (treatment[tiab] OR intervention[tiab] OR therapy[tiab]),2026-08-05T18:00:54+00:00,,,,,,"Let's evaluate the abstract against the inclusion and exclusion criteria step by step.

### Inclusion Criteria
1. **Pathogen**: Must be about Stroke
   - The study does not mention stroke or any related vascular conditions. It focuses on high ventilation breathwork (HVB) and its effects on consciousness and cerebral blood flow.
   - **Not met**.

2. **Language**: English only
   - The abstract is in English.
   - **Met**.

3. **Study type**: Peer-reviewed, original research (note systematic reviews/meta-analyses for special consideration)
   - The abstract appears to be original research rather than a systematic review or meta-analysis.
   - **Met**.

4. **Population**: Human subjects
   - The study involves human participants (30 experienced HVB practitioners).
   - **Met**.

5. **Content**: Must contain AT LEAST ONE of:
   - The content discusses cerebral blood flow (CBF), which is related to brain function but does not specifically address outcomes related to stroke, such as rehabilitation, thrombolysis, or thrombectomy.
   - It does not mention functional outcomes related to stroke (like mRS, Barthel Index, NIHSS) or stroke recurrence/mortality.
   - **Not met**.

### Exclusion Criteria
1. **Pathogen**: Not about Stroke (exclude studies on other pathogens)
   - The study is not about stroke and focuses instead on breathwork and its neurobiological mechanisms.
   - **Applies**.

2. **Language**: Non-English
   - The abstract is in English.
   - **Does not apply**.

3. **Publication type**: Conference proceedings, abstracts, posters, correspondence
   - The abstract does not specify if it is a conference proceeding; however, it appears to be a standalone study.
   - **Does not apply**.

4. **Study design**: In-vitro studies only (no human or animal component)
   - The study involves human participants, so this does not apply.
   - **Does not apply**.

5. **Study design**: Solely animal studies AND animal studies that do not report transmission parameters
   - The study involves human participants.
   - **Does not apply**.

6. **Outbreak type**: Accidental laboratory outbreaks (not natural disease transmission)
   - This study does not pertain to outbreaks.
   - **Does not apply**.

### Conclusion
The study does not meet the primary inclusion criteria, particularly regarding its relevance to stroke, and it falls under the exclusion criteria since it does not address stroke specifically. Thus, it should be excluded.

<decision>EXCLUDE</decision>",EXCLUDE,False,2026-08-06T00:58:44.664964
PMID_42540485,PubMed,42540485,PMC11067722,10.7759/cureus.111879,Gender-Specific Disparities in Outcomes of Transcatheter Aortic Valve Implantation/Repair in Patients With Aortic Stenosis: A Systematic Review.,"Cedeno, Henry; Akram, Ammara; Ansari, Anam Fatima; Eze, Belinda; Meghji, Mohammed Askari; Sithole, Ayibongwe; Thomas, Angelica; Mitra, Siddharth; Chauhan, Nadeem; Saleh, Zainab; Luthra, Tavsimran S; Razi, Sara; Patel, Nipa; Khan, Alina S",Cureus,2026,"Aortic stenosis caused by calcification and sclerosis of the left ventricular outflow tract is a life-threatening condition associated with a high risk of heart failure. Transcatheter aortic valve replacement (TAVR) is the definitive treatment for this condition. Gender-specific disparities influence post-procedural recovery, as women, despite generally having better long-term survival, have higher risks of short-term mortality, vascular complications, and major bleeding. Understanding these differences is essential for better post-operative care. We performed a comprehensive literature search of PubMed, Google Scholar, and the Cochrane Library using the keywords ""Gender Disparities,"" ""TAVR,"" ""Aortic Stenosis,"" and ""TAVI."" Studies published between 2015 and 2025 were screened, yielding 25 eligible studies. Quality assessment was conducted using the Newcastle-Ottawa Scale for cohorts and the Cochrane risk-of-bias tool for randomized controlled trials. Overall, the included studies demonstrated moderate to high methodological quality, ensuring reliability of the findings. Female patients undergoing TAVR showed better long-term survival, with seven studies reporting higher all-cause mortality in females (p <0.05) and six reporting a significantly higher mortality in males (p<0.05). Stroke and MACE outcomes were mixed; some studies reported a higher incidence in females (p<0.05), whereas others found no significant difference (p > 0.05). Females had significantly higher rates of vascular complications, major or life-threatening bleeding (p<0.05), and a smaller aortic valve annulus. Secondary outcomes, including new pacemakers and non-home discharge, showed variable significance between genders. Women undergoing TAVR demonstrate better long-term survival despite higher rates of vascular complications and bleeding. Further research is needed to confirm these gender-related differences and guide post-procedural management.",https://pubmed.ncbi.nlm.nih.gov/42540485/,,,stroke,(Stroke[MeSH] OR stroke[tiab] OR brain ischemia[tiab] OR cerebrovascular[tiab]) AND (treatment[tiab] OR intervention[tiab] OR therapy[tiab]),2026-08-05T18:00:54+00:00,,,,,,"To determine whether the abstract meets the predefined inclusion and exclusion criteria for the systematic review on Stroke, we will step through each criterion systematically.

### Inclusion Criteria
1. **Pathogen: Must be about Stroke**  
   - The study focuses on outcomes related to Transcatheter Aortic Valve Implantation/Repair and aortic stenosis, not stroke.  
   - **Criterion not met.**

2. **Language: English only**  
   - The abstract is in English.  
   - **Criterion met.**

3. **Study type: Peer-reviewed, original research (note systematic reviews/meta-analyses for special consideration)**  
   - The study is a systematic review, which is noted for special consideration.  
   - **Criterion met.**

4. **Population: Human subjects**  
   - The study involves human subjects who have undergone TAVR due to aortic stenosis.  
   - **Criterion met.**

5. **Content: Must contain AT LEAST ONE of:**
   - The abstract discusses gender-specific outcomes in relation to mortality, complications, and quality of life for patients undergoing TAVR. However, none of the parameters listed (functional outcomes related to stroke such as mRS, Barthel Index, NIHSS) or treatments specific to stroke (thrombolysis, thrombectomy, rehabilitation) are mentioned.  
   - **Criterion not met.**

### Exclusion Criteria
1. **Pathogen: Not about Stroke (exclude studies on other pathogens)**  
   - This study is not about stroke.  
   - **Criterion met.**

2. **Language: Non-English**  
   - The abstract is in English.  
   - **Criterion not met.**

3. **Publication type: Conference proceedings, abstracts, posters, correspondence**  
   - This is a systematic review and not one of these publication types.  
   - **Criterion not met.**

4. **Study design: In-vitro studies only (no human or animal component)**  
   - This study involves human subjects.  
   - **Criterion not met.**

5. **Study design: Solely animal studies AND animal studies that do not report transmission parameters**  
   - Not applicable, as this study involves human subjects.  
   - **Criterion not met.**

6. **Outbreak type: Accidental laboratory outbreaks (not natural disease transmission)**  
   - Not applicable, as this study is not related to disease transmission.  
   - **Criterion not met.**

### Conclusion
The study does not meet the primary focus on stroke, which is a critical inclusion criterion. Since it focuses on aortic stenosis and TAVR outcomes rather than stroke-related interventions or outcomes, it is not suitable for this systematic review.

<decision>EXCLUDE</decision>",EXCLUDE,False,2026-08-06T00:58:44.665019
PMID_42539642,PubMed,42539642,PMC12065266,10.1186/s13643-025-02819-x,Assessing efficacy and safety of dynamic scalp acupuncture for post-stroke rehabilitation: systematic review and meta-analysis protocol.,"An, Sang-Joon; Shin, Woo-Chul; Song, Jungbin; Cho, Jae-Heung; Chung, Won-Seok; Song, Mi-Yeon; Kim, Hyungsuk",Frontiers in neurology,2026,"UNLABELLED: Stroke is a leading cause of long-term disability worldwide highlighting the need for effective rehabilitation strategies to improve functional recovery. Dynamic Scalp Acupuncture (DSA), which combines scalp acupuncture with concurrent task-oriented training, has emerged as a potentially beneficial intervention for stroke rehabilitation. However, evidence regarding DSA has not been systematically synthesized as a distinct task-integrated rehabilitation approach. This protocol outlines a systematic review and meta-analysis of randomized controlled trials (RCTs) to evaluate the efficacy and safety of DSA in stroke rehabilitation. This study will be conducted in accordance with the Preferred Reporting Items for Systematic Review and Meta-Analysis Protocols (PRISMA-P) guidelines. A comprehensive literature search will be performed in international databases, including PubMed, Embase, the Cochrane Central Register of Controlled Trials, and the Cumulative Index to Nursing and Allied Health Literature; Chinese databases, including the China National Knowledge Infrastructure and Wanfang; and Korean databases, including the Research Information Sharing Service, Korean Studies Information Service System, and Korea Medical database. Eligible studies will be RCTs evaluating DSA either as a standalone intervention or as an adjunct to conventional rehabilitation in adults with stroke. The primary outcome will be motor function. Secondary outcomes will include activities of daily living and adverse events, while exploratory outcomes will include neurological impairment, balance, spasticity, health-related quality of life, and depression. Two reviewers will independently conduct study selection, data extraction, and risk-of-bias assessment using the Cochrane Risk of Bias 2 tool. Where appropriate, meta-analyses will be performed using a random-effects model, and the certainty of evidence will be assessed using the Grading of Recommendations. Assessment, Development, and Evaluation approach. This systematic review is expected to provide up-to-date evidence on the efficacy and safety of DSA for stroke rehabilitation. The findings may inform clinical practice and policy, and help guide future research.
SYSTEMATIC REVIEW REGISTRATION: https://www.crd.york.ac.uk/PROSPERO/view/CRD420251117520, Identifier CRD420251117520.",https://pubmed.ncbi.nlm.nih.gov/42539642/,,,stroke,(Stroke[MeSH] OR stroke[tiab] OR brain ischemia[tiab] OR cerebrovascular[tiab]) AND (treatment[tiab] OR intervention[tiab] OR therapy[tiab]),2026-08-05T18:00:54+00:00,,,,,,"To determine whether to include or exclude this abstract in the systematic review on Stroke, we will evaluate it against the inclusion and exclusion criteria specified.

### Inclusion Criteria Evaluation
1. **Pathogen: Must be about Stroke**
   - **Evaluation**: The study explicitly focuses on stroke rehabilitation.
   - **Criterion Met**: Yes

2. **Language: English only**
   - **Evaluation**: The abstract is in English.
   - **Criterion Met**: Yes

3. **Study type: Peer-reviewed, original research (note systematic reviews/meta-analyses for special consideration)**
   - **Evaluation**: The abstract describes a systematic review and meta-analysis protocol. According to the inclusion criteria, systematic reviews are allowed for consideration.
   - **Criterion Met**: Yes

4. **Population: Human subjects**
   - **Evaluation**: The study targets adults with stroke.
   - **Criterion Met**: Yes

5. **Content: Must contain AT LEAST ONE of the defined content measures**
   - **Evaluation**: The primary outcomes include motor function, and secondary outcomes include activities of daily living. These relate to functional recovery metrics which are aligned with the inclusion criteria for functional outcomes.
   - **Criterion Met**: Yes

### Exclusion Criteria Evaluation
1. **Pathogen: Not about Stroke (exclude studies on other pathogens)**
   - **Evaluation**: The study is about stroke.
   - **Criterion Met**: No

2. **Language: Non-English**
   - **Evaluation**: The abstract is in English.
   - **Criterion Met**: No

3. **Publication type: Conference proceedings, abstracts, posters, correspondence**
   - **Evaluation**: This is a systematic review and meta-analysis protocol, not a conference proceeding, abstract, or correspondence. However, it is essential to note that guidelines state systematic reviews are included.
   - **Criterion Met**: No

4. **Study design: In-vitro studies only (no human or animal component)**
   - **Evaluation**: This study involves human subjects (stroke patients).
   - **Criterion Met**: No

5. **Study design: Solely animal studies AND animal studies that do not report transmission parameters (not applicable here)**
   - **Evaluation**: This criterion does not apply since the focus is on human subjects.
   - **Criterion Met**: No

6. **Outbreak type: Accidental laboratory outbreaks (not natural disease transmission)**
   - **Evaluation**: This is not applicable since the study pertains to stroke rehabilitation.
   - **Criterion Met**: No

### Decision
After evaluating the abstract against all the inclusion and exclusion criteria, the study meets all the specified inclusion criteria and does not meet any of the exclusion criteria.

Thus, based on the assessment, the final decision is <decision>INCLUDE</decision>.",INCLUDE,True,2026-08-06T00:58:44.665085
PMID_42539096,PubMed,42539096,PMC3824598,10.1038/s41380-026-03607-2,Fibrinogen as a Driver of Oxidative Stress and Apoptosis in the Fetal Brain After Maternal Influenza.,"Gonzalez-Ricon, Rafael J; Rigal, Fernando J; Chalen, Izan; Antonson, Adrienne M",Research square,2026,"Maternal infection during pregnancy has been associated with increased risk for adverse neurodevelopmental outcomes, yet the mechanisms linking maternal inflammation to fetal brain vulnerability remain under active investigation. Here, we used a mouse-adapted gestational influenza A virus (IAV; X31) model of maternal immune activation to assess cerebrovascular leakage of fibrinogen, fibrinogen-microglia colocalization, oxidative stress-related responses, and cell death in fetal brains. Maternal IAV infection induced classic sickness symptoms and fetoplacental growth restriction, reflected by reduced fetal weight, crown-to-rump length, and placental weight. In the fetal brain, maternal flu increased fibrinogen accumulation in the subventricular zone (SVZ), while fibrinogen-microglia colocalization increased in the SVZ, thalamus-third ventricle interface, and whole hemisphere, suggesting broad fibrinogen-microglia proximity. These changes were accompanied by increased Iba1⁺/p47 phox⁺ cell density in the same regions, consistent with greater microglial oxidative state. Because these regions contain neurogenic SOX2⁺ progenitors, we assessed whether fibrinogen accumulation and increased oxidation coincided with altered progenitor maintenance or survival. Although fetal SOX2⁺ neural progenitor density was not broadly altered by maternal flu, apoptosis analyses revealed a treatment- and sex-biased vulnerability, with males from IAV-infected dams demonstrating increased cell death, particularly within SOX2⁺ progenitors. Consistent with these in vivo findings, conditioned medium from fibrin-stimulated BV-2 microglia-like cells increased neural progenitor cell death in vitro , including amongst SOX2⁺ populations. Together, these findings support a framework in which maternal IAV-induced inflammation contributes to fibrinogen accumulation, microglial oxidative stress, and male-biased neural progenitor vulnerability in fetal brain regions critical for neurodevelopment.",https://pubmed.ncbi.nlm.nih.gov/42539096/,,,stroke,(Stroke[MeSH] OR stroke[tiab] OR brain ischemia[tiab] OR cerebrovascular[tiab]) AND (treatment[tiab] OR intervention[tiab] OR therapy[tiab]),2026-08-05T18:00:54+00:00,,,,,,"**Step-by-step Evaluation Against Inclusion and Exclusion Criteria:**

### Inclusion Criteria
1. **Pathogen: Must be about Stroke.**
   - The abstract focuses on maternal influenza infection and its impacts on fetal brain development, specifically related to oxidative stress and apoptosis. **This does not pertain to Stroke.** (Not met)

2. **Language: English only.**
   - The abstract is in English. **(Met)**

3. **Study type: Peer-reviewed, original research (note systematic reviews/meta-analyses for special consideration).**
   - The abstract appears to discuss original research. **(Met)**

4. **Population: Human subjects (animal studies acceptable if reporting EITHER: (a) transmission parameters, OR (b) vector parameters).**
   - The study describes a mouse model and does not involve human subjects, focusing solely on animal studies. **(Not met)**

5. **Content: Must contain AT LEAST ONE of the specified measures.**
   - The study evaluates effects on fetal brain outcomes but does not provide relevant measures or outcomes directly related to Stroke or its established metrics (like mRS, Barthel Index, NIHSS, rehabilitation, etc.). **(Not met)**

### Exclusion Criteria
1. **Pathogen: Not about Stroke (exclude studies on other pathogens).**
   - The abstract is about maternal influenza, not Stroke. **(Exclusion applies)**

2. **Language: Non-English.**
   - The abstract is in English. **(Not applicable for exclusion)**

3. **Publication type: Conference proceedings, abstracts, posters, correspondence.**
   - This criteria is not applicable as we are evaluating an abstract that needs to be screened against the inclusion criteria. **(Not applicable for exclusion)**

4. **Study design: In-vitro studies only (no human or animal component).**
   - The study includes an animal model (mouse), which disqualifies it from this specific exclusion. **(Not applicable for exclusion)**

5. **Study design: Solely animal studies AND animal studies that do not report transmission parameters.**
   - The study is solely animal research and does not report on transmission parameters relevant to Stroke. **(Exclusion applies)**

6. **Outbreak type: Accidental laboratory outbreaks (not natural disease transmission).**
   - Not applicable to this study as it discusses maternal infection rather than an outbreak. **(Not applicable for exclusion)**

### Conclusion
This study is focused solely on maternal influenza and fetal brain development with no direct relevance to Stroke. It does not meet the inclusion criteria, and it falls under the exclusion criteria because it is about a pathogen other than Stroke and does not provide relevant outcomes or data. 

<decision>EXCLUDE</decision>",EXCLUDE,False,2026-08-06T00:58:44.665542
PMID_42538734,PubMed,42538734,PMC11718563,10.1097/cce.0000000000001453,A Case Report on Cerebral Autoregulation in Posterior Reversible Encephalopathy Syndrome After Aneurysmal Subarachnoid Hemorrhage.,"Weiss, Miriam; Kastenholz, Nick; Conzen-Dilger, Catharina; Clusmann, Hans; Park, Soojin; Schubert, Gerrit Alexander",Critical care explorations,2026,"BACKGROUND: Disturbed cerebral autoregulation remains a theoretical contributor to posterior reversible encephalopathy syndrome (PRES), but it has not been captured before. We report invasively measured autoregulation indices in a 50-year-old female with aneurysmal subarachnoid hemorrhage.
CASE SUMMARY: PRES developed after induced hypertension and intra-arterial nimodipine infusion as treatment for delayed cerebral ischemia. The poorest autoregulation values were observed a week before PRES, at the time of delayed cerebral ischemia and sepsis. A second, less pronounced deterioration of autoregulation occurred before PRES diagnosis. Relevant comorbidities potentially related to PRES were fetal-type arterial supply to the posterior circulation, pneumonia, and steroid application.
CONCLUSIONS: This is the first reported case with cerebral autoregulation measurements during PRES. Hypothetically, autoregulation could have contributed to PRES in a setting of persistent hypertension, immunological factors, and a more susceptible posterior circulation. Further data are required to reliably investigate the relationship between autoregulation and PRES.",https://pubmed.ncbi.nlm.nih.gov/42538734/,,,stroke,(Stroke[MeSH] OR stroke[tiab] OR brain ischemia[tiab] OR cerebrovascular[tiab]) AND (treatment[tiab] OR intervention[tiab] OR therapy[tiab]),2026-08-05T18:00:54+00:00,,,,,,"### Evaluation of Abstract Against Inclusion and Exclusion Criteria:

#### Inclusion Criteria:
1. **Pathogen**: The study focuses on *Stroke*, specifically on the effects of an aneurysmal subarachnoid hemorrhage, thus this criterion is met.
2. **Language**: The abstract is in English, so this criterion is met.
3. **Study type**: Although this is a case report, which is generally not considered original research in the context of systematic reviews, it does report on a unique clinical phenomenon associated with stroke (PRES). However, case reports are generally excluded unless they provide significant insights into stroke.
4. **Population**: The study involves a human subject (a 50-year-old female), so this criterion is met.
5. **Content**: The abstract does not report functional outcomes (like mRS, Barthel Index, or NIHSS) or provide evidence related to thrombolysis, thrombectomy, or rehabilitation. It primarily discusses cerebral autoregulation in the context of posterior reversible encephalopathy syndrome.

#### Exclusion Criteria:
1. **Pathogen**: The study is about *Stroke*, so this criterion does not apply for exclusion.
2. **Language**: The abstract is in English, so this criterion does not apply for exclusion.
3. **Publication type**: The abstract is a case report, which is likely published in a peer-reviewed journal, but it may fall under the category that our systematic review is reluctant to include since it is not a traditional study design (e.g., RCT, cohort).
4. **Study design**: The type of study is a case report, which, while potentially informative, does not meet the desired study design standards for inclusion in a systematic review focused on broader clinical evidence. 
5. **Study design**: It does not report significant quantitative data typically expected within studies providing functional outcomes. Notably, it doesn’t report on functional outcome measures outlined in the inclusion criteria.
6. **Outbreak type**: Not applicable here as this is a case study rather than related to outbreaks.

### Conclusion:
While the abstract provides interesting insights into autoregulation related to a stroke event, it does not meet the necessary criteria concerning functional outcomes or types of studies sought for this systematic review. Therefore, it should be excluded.

<decision>EXCLUDE</decision>",EXCLUDE,False,2026-08-06T00:58:44.665597
PMID_42537913,PubMed,42537913,,10.1016/j.diabres.2026.113476,Serum ketone body levels and risk of incident kidney and cardiovascular events among patients with type 2 diabetes: a prospective cohort study.,"Shin, Soo Myoung; Lee, Jiyoon; Kim, Young-Eun; Kim, Jung A; Kim, Kyoung Jin; Kim, Kyeong Jin; Kim, Hee Young; Kim, Sin Gon; Kim, Nam Hoon",Diabetes research and clinical practice,2026,"AIM: To evaluate the associations between serum ketone body levels and kidney and cardiovascular outcomes in patients with type 2 diabetes.
METHODS: This prospective cohort analysis included 1392 clinically stable patients with type 2 diabetes who were not receiving insulin or thiazolidinedione therapy. Serum total ketone body concentrations were measured under stable outpatient conditions and categorized into tertiles: 0.08-92.3, 92.7-170.8, and 171.0-1629.6 µmol/L. Kidney outcomes included new-onset macroalbuminuria, ≥40% decline in eGFR and end-stage kidney disease. Cardiovascular outcomes included myocardial infarction, revascularization, ischemic stroke, hospitalization for heart failure, and cardiovascular death.
RESULTS: During a median 23.2-month follow-up, 158 kidney and 64 cardiovascular events occurred. Compared with the lowest ketone body tertile, the highest ketone body tertile was associated with lower risk of ≥40% eGFR decline (adjusted HR [aHR], 0.46; 95%CI 0.26-0.84) and composite kidney outcomes (aHR 0.63; 95%CI, 0.41-0.98). Among participants with baseline eGFR ≥ 60 mL/min/1.73 m2, incident chronic kidney disease was also reduced (aHR 0.50; 95%CI 0.31-0.79). Cardiovascular outcomes showed favorable but non-significant trends.
CONCLUSION: Mildly elevated serum ketone body levels were independently associated with lower adverse kidney outcomes in patients with type 2 diabetes, supporting their potential role as mediators of kidney risk.",https://pubmed.ncbi.nlm.nih.gov/42537913/,,,stroke,(Stroke[MeSH] OR stroke[tiab] OR brain ischemia[tiab] OR cerebrovascular[tiab]) AND (treatment[tiab] OR intervention[tiab] OR therapy[tiab]),2026-08-05T18:00:54+00:00,,,,,,"To screen the provided abstract, we will evaluate it against the inclusion and exclusion criteria systematically.

### Inclusion Criteria Evaluation:
1. **Pathogen:** The study focuses on cardiovascular events and kidney outcomes in the context of type 2 diabetes, with a mention of ""ischemic stroke."" While stroke is included, it does not appear to be the primary focus of the study.
2. **Language:** The abstract is in English, which meets the language criterion.
3. **Study type:** The study is a prospective cohort analysis, which does not meet the inclusion criteria requiring randomized controlled trials, cohort studies, or systematic reviews since it lacks a randomized controlled design.
4. **Population:** The population consists of patients with type 2 diabetes, not specifically patients with confirmed ischaemic or haemorrhagic stroke as required by the inclusion criteria.
5. **Content:** The study discusses various outcomes, including the ischemic stroke as a cardiovascular outcome. However, the primary focus of the article is on kidney outcomes in patients with diabetes, not on the interventions or outcomes more broadly relevant to stroke management.

### Exclusion Criteria Evaluation:
1. **Pathogen:** The study is related to stroke insofar as it includes ""ischemic stroke,"" but the primary focus is not on stroke, thus it might be interpreted as straddling the line between inclusion and exclusion. 
2. **Language:** The abstract is in English, which does not warrant exclusion.
3. **Publication type:** It is a peer-reviewed study, thus does not meet exclusion based on publication type.
4. **Study design:** It is not an in-vitro study but a prospective cohort study which does not directly fit the primary inclusion criteria of focusing on stroke-specific interventions.
5. **Study design:** It is not solely animal studies, hence does not meet this exclusion criterion.
6. **Outbreak type:** Not applicable as it is not about outbreaks.

### Conclusion:
While the study mentions ischemic stroke, it primarily focuses on kidney outcomes related to ketone levels in diabetes patients, lacking in direct intervention or outcomes specifically related to stroke management or recovery, which is a primary focus of our systematic review. Thus, it does not fulfill the key criteria for inclusion in the systematic review related to stroke.

Therefore, I conclude:
<decision>EXCLUDE</decision>",EXCLUDE,False,2026-08-06T00:58:44.665652
PMID_42537727,PubMed,42537727,,10.1016/j.jstrokecerebrovasdis.2026.108710,Comparative Efficacy and Safety of Dual Antiplatelet Therapy Strategies Defined by Drug Composition and Treatment Duration for Acute Minor Ischemic Stroke or High-Risk Transient Ischemic Attack: A Systematic Review and Bayesian Network Meta-Analysis.,"Zou, Sixuan; Liu, Ruoxuan; Zhang, Shuman; Gao, Miao; Shang, Na",Journal of stroke and cerebrovascular diseases : the official journal of National Stroke Association,2026,"BACKGROUND: Dual antiplatelet therapy (DAPT) comprising aspirin and a P2Y₁₂ inhibitor is the cornerstone of early-phase secondary prevention after acute minor ischemic stroke or high-risk transient ischemic attack (TIA). Multiple regimens varying in drug combination and treatment duration are available, yet their comparative efficacy and safety profiles have not been fully elucidated. We performed a systematic review and Bayesian network meta-analysis to simultaneously compare all available DAPT strategies-defined jointly by drug and duration-in terms of ischemic stroke prevention, major bleeding risk, and net clinical benefit.
METHODS: We systematically searched PubMed, EMBASE, the Cochrane Central Register of Controlled Trials, and Web of Science from inception to April 2026 for randomized controlled trials enrolling adults with acute non-cardioembolic minor ischemic stroke (National Institutes of Health Stroke Scale score ≤5) or high-risk TIA. Eligible interventions comprised aspirin monotherapy, clopidogrel plus aspirin for 21 or 90 days, ticagrelor plus aspirin for 21 or 30 days, and ticagrelor monotherapy, all initiated within 72 hours of symptom onset. The primary efficacy outcome was recurrent ischemic stroke at 90 days; the primary safety outcome was major bleeding. Bayesian random-effects network meta-analyses were conducted using Markov chain Monte Carlo methods. Treatment rankings were assessed with surface under the cumulative ranking curve (SUCRA) values, and benefit-risk balance was evaluated through cluster rank analysis. PROSPERO registration: [number would be inserted].
RESULTS: Eight trials encompassing 50,349 patients were included. Ticagrelor plus aspirin for 21 days achieved the greatest reduction in recurrent ischemic stroke compared with aspirin monotherapy (odds ratio [OR] 0.55, 95% credible interval [CrI] 0.46-0.66; SUCRA 0.92), followed by clopidogrel plus aspirin for 21 days (OR 0.68, 95% CrI 0.57-0.81; SUCRA 0.68). Clopidogrel plus aspirin for 21 days was the only DAPT strategy not associated with a significantly increased risk of major bleeding (OR 1.05, 95% CrI 0.70-1.58) and demonstrated the most favorable overall benefit-risk profile in cluster analysis. Ticagrelor plus aspirin for 21 days conferred the highest efficacy but at the expense of increased major bleeding (OR 1.80, 95% CrI 1.20-2.70). Ticagrelor plus aspirin for 30 days carried the greatest bleeding hazard (OR 2.10, 95% CrI 1.50-2.94). No significant inconsistency between direct and indirect evidence was detected, and findings were robust across sensitivity analyses and subgroups.
CONCLUSIONS: Among patients with acute minor ischemic stroke or high-risk TIA, clopidogrel plus aspirin for 21 days provides the most favorable net clinical benefit for the majority of patients, whereas ticagrelor plus aspirin for 21 days offers maximal ischemic protection at a cost of increased bleeding and may be preferred in selected high-risk individuals. These findings support individualized antiplatelet therapy and reinforce the importance of jointly considering drug composition and treatment duration in clinical decision-making.",https://pubmed.ncbi.nlm.nih.gov/42537727/,,,stroke,(Stroke[MeSH] OR stroke[tiab] OR brain ischemia[tiab] OR cerebrovascular[tiab]) AND (treatment[tiab] OR intervention[tiab] OR therapy[tiab]),2026-08-05T18:00:54+00:00,,,,,,"To screen the study abstract provided, we will evaluate it against the inclusion and exclusion criteria step by step.

### Inclusion Criteria
1. **Pathogen**: The study is about Stroke (specifically, acute minor ischemic stroke and high-risk transient ischemic attack). This criterion is met.
   
2. **Language**: The abstract is written in English. This criterion is met.

3. **Study type**: The study is a systematic review and employs a Bayesian network meta-analysis, which is considered for special consideration. This criterion is met.

4. **Population**: The study involves human subjects who have experienced acute non-cardioembolic minor ischemic stroke or high-risk TIA. This criterion is met.

5. **Content**:
   - It contains quantitative details regarding treatment and safety in the form of odds ratios for recurrent ischemic stroke and major bleeding risks, which is relevant to functional outcomes.
   - The efficacy outcome of recurrent ischemic stroke and the safety outcome of major bleeding are included, satisfying the requirement for functional outcome measures. This criterion is met.

### Exclusion Criteria
1. **Pathogen**: The study is about Stroke. This criterion is not applicable as it does not lead to exclusion.

2. **Language**: The study is in English. This criterion is not applicable as it does not lead to exclusion.

3. **Publication type**: The study is a systematic review/meta-analysis, which is acceptable. This criterion is not applicable as it does not lead to exclusion.

4. **Study design**: The study is a peer-reviewed systematic review. This criterion is not applicable as it does not lead to exclusion.

5. **Study design**: The study involves human subjects, and there are no solely animal studies included in the abstract. This criterion is not applicable as it does not lead to exclusion.

6. **Outbreak type**: Not applicable, as this criterion pertains to laboratory outbreaks rather than epidemiological studies.

Since the study meets all inclusion criteria and does not fall under any exclusion criteria, it should be included in the systematic review.

<decision>INCLUDE</decision>",INCLUDE,True,2026-08-06T00:58:44.665705
PMID_42537479,PubMed,42537479,,10.1016/j.msard.2026.107412,High early mortality and contributing factors in seropositive neuromyelitis optica spectrum disorder at a tertiary hospital in Zambia.,"Sahu, Malya; Saylor, Deanna",Multiple sclerosis and related disorders,2026,"BACKGROUND/OBJECTIVES: Mortality of aquaporin-4 positive neuromyelitis optica spectrum disorder (NMOSD) in Africa is understudied. This study sought to report preliminary findings of one-year mortality among a cohort of seropositive NMOSD patients in Zambia and characterize key contributing factors.
METHODS: This cross-sectional study included seropositive patients with NMOSD (via ELISA) at a tertiary care hospital in Zambia between 2019 and 2025. Demographic, clinical, treatment characteristics and mortality at one year are reported using descriptive statistics.
RESULTS: Among 13 seropositive NMOSD patients, the mean age at symptom onset was 33.7 years, and most were female (n = 11, 85%) and black African (n = 12, 92%). Of ten patients with at least one year of follow-up, four died within one year of symptom onset. All deceased patients were female, had at least two relapses within the first year of disease onset, and all developed longitudinally extensive transverse myelitis (LETM). Half of the deceased patients had been initiated on immunosuppression, both with rituximab. One-year mortality was higher in seropositive NMOSD as compared with multiple sclerosis and stroke in Zambia.
CONCLUSIONS: Higher mortality among those with LETM, more relapses, immobility-related complications, and limited access to immunosuppression all likely contributed to the observed high early mortality among seropositive NMOSD in Zambia. Urgent action to address contributing factors is needed.",https://pubmed.ncbi.nlm.nih.gov/42537479/,,,stroke,(Stroke[MeSH] OR stroke[tiab] OR brain ischemia[tiab] OR cerebrovascular[tiab]) AND (treatment[tiab] OR intervention[tiab] OR therapy[tiab]),2026-08-05T18:00:54+00:00,,,,,,"To determine whether the abstract should be included or excluded, we will evaluate it against the defined inclusion and exclusion criteria:

### Inclusion Criteria Evaluation
1. **Pathogen**: The study focuses on neuromyelitis optica spectrum disorder (NMOSD), not Stroke. It does reference stroke in a comparative context but does not primarily address it. **Criteria NOT met**.
2. **Language**: The abstract is in English. **Criteria MET**.
3. **Study type**: This is a peer-reviewed, original research study (cross-sectional). Although it's not a randomized controlled trial or systematic review, it is still considered original research. **Criteria MET**.
4. **Population**: The study involves human subjects with NMOSD, not stroke patients. **Criteria NOT met**.
5. **Content**: The study does not contain any of the required quantitative details or measures related to stroke. It centers on mortality and immunosuppression in NMOSD without addressing stroke outcomes. **Criteria NOT met**.

### Exclusion Criteria Evaluation
1. **Pathogen**: The study is not about Stroke; it pertains to NMOSD. **Criteria MET** for exclusion.
2. **Language**: The study is in English. **Criteria NOT MET** for exclusion.
3. **Publication type**: The abstract implies a completed study and does not indicate it is a conference proceeding or similar. **Criteria NOT MET** for exclusion.
4. **Study design**: This is a cross-sectional study which includes human subjects. **Criteria NOT MET** for exclusion.
5. **Study design**: It does not involve solely animal studies, so this criterion is not applicable. **Criteria NOT MET** for exclusion.
6. **Outbreak type**: Not applicable as this does not address outbreak transmission. **Criteria NOT MET** for exclusion.

### Overall Decision
The abstract does not meet the primary inclusion criteria needed for the systematic review focusing on Stroke, particularly failing the criteria related to the study's focus (not about Stroke) and Only reports on NMOSD. Since the study fails to align with the core objectives of synthesizing clinical evidence for Stroke, it warrants exclusion.

<decision>EXCLUDE</decision>",EXCLUDE,False,2026-08-06T00:58:44.665756
PMID_42535315,PubMed,42535315,,10.1002/smll.74733,AIEgen-Based Biomimetic Nanoplatform for Targeted Synergistic Sonodynamic Therapy and Macrophage Reprogramming of Hyperhomocysteinemic Atherosclerosis.,"Jia, Yue; Li, Bin; Gu, Qin; Zhang, Yunlong; Sang, Shuo; Ma, Fei; He, Changting; Wang, Yongli; Wu, Yanqiu; Jiang, Duo; Liu, Xueting; Duan, Han; Fu, Xinting; Wei, Zihui; Liao, Weihao; Liu, Zihuan; Wang, Weihan; Wang, Jiamei; Hao, Yinju; Wang, Dong; Ma, Shengchao; Liao, Yuhui; Jiang, Yideng","Small (Weinheim an der Bergstrasse, Germany)",2026,"The instability and subsequent rupture of atherosclerotic plaques are driven primarily by the progressive enlargement of the lipid-rich necrotic cores coupled with local macrophage dysfunction, which readily trigger life-threatening acute cardiovascular and cerebrovascular events. Homocysteine serves as an independent risk factor for atherosclerosis. Here, we developed a synergistic nanotherapeutic strategy for hyperhomocysteinemic atherosclerosis (HHcy-AS) by simultaneously targeting foam cells and diseased macrophages. Specifically, an aggregation-induced emission (AIE) sonosensitizer TTPY-COOH was encapsulated into OPN antibody-modified polymer nanoparticles to form TP-Ab cores, which were then co-loaded with dexamethasone into ROS-responsive platelet membrane-liposome hybrid vesicles, yielding the final nanodrug TP-Ab/Dex@PL. Following intravenous injection, this nanoplatform utilizes platelet membranes to precisely target atherosclerotic plaques, where it rapidly disassembles within the high ROS environments. The released TP-Ab cores selectively deliver TTPY-COOH to foam cells via specific antibody recognition, where subsequent ultrasound-triggered sonodynamic therapy induces cellular apoptosis. Meanwhile, locally released dexamethasone exhibits a robust anti-inflammatory effect and reprograms M1 macrophages into the M2 phenotype, enhancing their efferocytosis for apoptotic foam cells. In an HHcy-AS mouse model, TP-Ab/Dex@PL treatment significantly reduced plaque burden and improved plaque stability. This multifunctional nanoplatform integrates sonodynamic therapy, anti-inflammatory effects, and macrophage reprogramming, offering potential for the precise clinical treatment of atherosclerosis.",https://pubmed.ncbi.nlm.nih.gov/42535315/,,,stroke,(Stroke[MeSH] OR stroke[tiab] OR brain ischemia[tiab] OR cerebrovascular[tiab]) AND (treatment[tiab] OR intervention[tiab] OR therapy[tiab]),2026-08-05T18:00:54+00:00,,,,,,"Let's evaluate the provided abstract step by step against the inclusion and exclusion criteria for the systematic review on Stroke.

### Inclusion Criteria Evaluation
1. **Pathogen: Must be about Stroke**
   - The abstract discusses atherosclerosis and its link to cardiovascular and cerebrovascular events but does not directly address stroke. It focuses on a therapeutic approach for atherosclerosis rather than stroke itself. 
   
   **Not met.**

2. **Language: English only**
   - The abstract is in English. 

   **Met.**

3. **Study type: Peer-reviewed, original research (note systematic reviews/meta-analyses for special consideration)**
   - This appears to be original research, but it's unclear if it is peer-reviewed based on the abstract alone. 

   **Cannot determine, but assume met for this assessment.**

4. **Population: Human subjects**
   - The study is conducted on an HHcy-AS mouse model and does not involve human subjects.

   **Not met.**

5. **Content: Must contain AT LEAST ONE of the specified content types**
   - The abstract describes a therapeutic mechanism but does not present quantitative details regarding stroke, a specific outbreak, or transmission parameters, nor does it mention functional outcome measures relevant to stroke.

   **Not met.**

### Exclusion Criteria Evaluation
1. **Pathogen: Not about Stroke (exclude studies on other pathogens)**
   - The study focuses on atherosclerosis with implications for cerebrovascular events, but it primarily targets atherosclerosis rather than actual stroke events.

   **Exclude.**

2. **Language: Non-English**
   - The abstract is in English.

   **Not applicable.**

3. **Publication type: Conference proceedings, abstracts, posters, correspondence**
   - We are dealing with an abstract.

   **Exclude.**

4. **Study design: In-vitro studies only (no human or animal component)**
   - Although it involves a mouse model, it is primarily about the therapeutic strategy itself.

   **Does not apply here.**

5. **Study design: Solely animal studies AND animal studies that do not report transmission parameters**
   - The study involves only animal subjects and focuses on atherosclerosis without relevant human stroke outcomes.

   **Exclude.**

6. **Outbreak type: Accidental laboratory outbreaks (not natural disease transmission)**
   - This does not apply, as the study doesn't deal with disease transmission.

   **Not applicable.**

### Conclusion
Based on the evaluation, the study does not meet the inclusion criteria and falls into the exclusion category due to its focus on atherosclerosis and animal studies without relevant stroke outcomes. Thus, it should be excluded from the systematic review.

<decision>EXCLUDE</decision>",EXCLUDE,False,2026-08-06T00:58:44.665807
PMID_42535224,PubMed,42535224,PMC6168060,10.1055/s-0046-1816059,Effectiveness and Safety of Minimally Invasive Surgery for Infratentorial Hemorrhages: A Meta-Analysis of Clinical and Technical Outcomes.,"Frusteri, Marco; Sepúlveda, Juan Esteban Suárez; Zapata, Miguel Gaviria; Stockman, Isabelle G; Ocampo, Francisco Javier Londoño; González, Ignacio; Quiceno, Esteban",Asian journal of neurosurgery,2026,"Spontaneous infratentorial hemorrhages (SIHs) are a type of hemorrhagic stroke that compromise the cerebellum and/or brainstem. While minimally invasive surgical (MIS) approaches are effective in treating spontaneous supratentorial hemorrhage, their efficacy in managing SIH remains unclear. This uncertainty prompted the undertaking of this systematic review and meta-analysis. Following the Preferred Reporting Items for Systematic Reviews and Meta-Analyses guidelines, we conducted a comprehensive search of the PubMed, Scopus, and Cochrane Library databases. Studies were included if they had a minimum of five patients and reported at least one outcome of interest. The outcomes evaluated were technical success, mean hematoma reduction, good functional outcomes at 3- and 6-month follow-up, complication rates, rebleeding rates, and postoperative mortality. A subgroup analysis was performed based on hemorrhage location and surgical approach. Depending on the data, either a random-effects or common-effects model was applied, and heterogeneity was assessed using I 2 statistics. Seventeen studies met inclusion criteria. Postoperative mortality was 14.34% (95% confidence interval [CI]: 8.94-19.74%). Rate of good functional outcomes were 46.82% (95% CI: 18.88-74.77%) and 50.95% (95% CI: 32.72-69.17%) at 3 and 6 months, respectively. The overall complication rate was 6.86% (95% CI: 3.03-10.69%). Mortality by surgical technique ranged from 6.72% (miniature craniotomy only) to 26.27% (miniature craniotomy and catheter/puncture drainage), with no significant differences between approaches ( p  = 0.08). Patients with cerebellar hemorrhage experienced significantly greater rates of good functional outcome at 6 months compared with those with brainstem hemorrhage ( p  = 0.0004). Our study suggests that MIS for the treatment of SIH is an effective and feasible approach, as evidenced by low mortality rates and a limited number of associated complications. Larger randomized studies are warranted to compare different strategies and further optimize patient care.",https://pubmed.ncbi.nlm.nih.gov/42535224/,,,stroke,(Stroke[MeSH] OR stroke[tiab] OR brain ischemia[tiab] OR cerebrovascular[tiab]) AND (treatment[tiab] OR intervention[tiab] OR therapy[tiab]),2026-08-05T18:00:54+00:00,,,,,,"To evaluate the provided abstract against the inclusion and exclusion criteria for the systematic review on Stroke, let's analyze each criterion step by step.

## Inclusion Criteria
1. **Pathogen: Must be about Stroke**  
   The study clearly addresses spontaneous infratentorial hemorrhages (SIHs), which is a type of hemorrhagic stroke. **Criterion met.**
   
2. **Language: English only**  
   The abstract is in English. **Criterion met.**
   
3. **Study type: Peer-reviewed, original research (note systematic reviews/meta-analyses for special consideration)**  
   The abstract describes a meta-analysis of several studies, which qualifies it for this criterion (systematic reviews/meta-analyses are considered for inclusion). **Criterion met.**
   
4. **Population: Human subjects**  
   The studies analyzed involve human subjects with spontaneous infratentorial hemorrhages. **Criterion met.**
   
5. **Content: Must contain AT LEAST ONE of:**  
   The outcomes measured, including rates of good functional outcomes and postoperative mortality, fit under the outcomes of interest outlined in the inclusion criteria (functional outcomes). **Criterion met.**

## Exclusion Criteria
1. **Pathogen: Not about Stroke (exclude studies on other pathogens)**  
   The study is about stroke. **Criterion not applicable; proceed.**
   
2. **Language: Non-English**  
   The abstract is in English. **Criterion not applicable; proceed.**
   
3. **Publication type: Conference proceedings, abstracts, posters, correspondence**  
   The abstract pertains to a systematic review/meta-analysis, which is typically excluded only if it doesn’t adhere to inclusion. However, since this is a meta-analysis of clinical studies, it fits inclusion criteria. **Criterion not applicable; proceed.**
   
4. **Study design: In-vitro studies only (no human or animal component)**  
   The study involves human subjects and is based on clinical outcomes; hence it is not an in-vitro study. **Criterion not applicable; proceed.**
   
5. **Study design: Solely animal studies AND animal studies that do not report transmission parameters**  
   As the study involves human subjects only, this criterion does not apply. **Criterion not applicable; proceed.**
   
6. **Outbreak type: Accidental laboratory outbreaks (not natural disease transmission)**  
   This criterion is also not applicable since the focus is on a type of hemorrhagic stroke and not on outbreaks. **Criterion not applicable; proceed.**

After evaluation of all applicable criteria, the study meets the inclusion criteria while not falling under any exclusion criteria.

Based on this analysis, the final decision is:

<decision>INCLUDE</decision>",INCLUDE,True,2026-08-06T00:58:44.665862
PMID_42535207,PubMed,42535207,PMC7051514,10.1055/s-0046-1815945,A Case of Successful Stent Placement for Vertebral Artery Ostium Stenosis with Favorable Outcome.,"Shimoi, Akihiro; Yoshida, Keisuke; Aoki, Jun; Takahashi, Hironori; Yamada, Hiroki; Kowata, Kazuma; Akaji, Kazunori",Asian journal of neurosurgery,2026,"Vertebral artery ostium stenosis is a recognized risk factor for posterior circulation stroke, yet no standardized treatment guidelines exist. Endovascular stenting, particularly with balloon-expandable stents (BES), has emerged as a promising option. However, clinical data remain limited. An 85-year-old man presented with transient visual disturbances and was found to have multiple microinfarcts in the right occipital lobe and cerebellar hemisphere. Vascular imaging revealed severe right VA ostium stenosis with a contralateral PICA-ending VA. In the chronic phase, the patient underwent successful stenting of the right VA ostium using a Palmaz Genesis balloon-expandable stent via radial artery access. The procedure was uneventful, and follow-up MRI showed no new infarcts. The patient was discharged with no neurological deterioration (modified Rankin scale 1). Balloon-expandable stent placement at the vertebral artery ostium can be a safe and effective treatment option in selected patients with symptomatic vertebral artery ostium stenosis. Further studies are warranted to evaluate long-term outcomes and restenosis risk.",https://pubmed.ncbi.nlm.nih.gov/42535207/,,,stroke,(Stroke[MeSH] OR stroke[tiab] OR brain ischemia[tiab] OR cerebrovascular[tiab]) AND (treatment[tiab] OR intervention[tiab] OR therapy[tiab]),2026-08-05T18:00:54+00:00,,,,,,"To determine the inclusion or exclusion of the study titled ""A Case of Successful Stent Placement for Vertebral Artery Ostium Stenosis with Favorable Outcome,"" we will assess it against the predefined inclusion and exclusion criteria step-by-step.

### Inclusion Criteria Assessment
1. **Pathogen**: The study deals with a condition (stroke) that fits within the systematic review's focus. **(MEETS CRITERION)**
2. **Language**: The abstract is in English. **(MEETS CRITERION)**
3. **Study type**: This appears to be a case report, which is not considered peer-reviewed original research within the scope of randomised controlled trials, cohort studies, or systematic reviews required. However, it's not a systematic review or meta-analysis. **(DOES NOT MEET CRITERION)**
4. **Population**: The study involves a human subject (an 85-year-old man), thus meeting this criterion. **(MEETS CRITERION)**
5. **Content**: The abstract reports on a specific interventional procedure (stenting) and provides a functional outcome measure (mRS score of 1), fulfilling this requirement. **(MEETS CRITERION)**

### Summary of Inclusion Criteria
The study meets 4 out of 5 inclusion criteria but fails to meet the study type criterion regarding peer-reviewed original research.

### Exclusion Criteria Assessment
1. **Pathogen**: The study is about stroke. **(DOES NOT APPLY)**
2. **Language**: The study is in English. **(DOES NOT APPLY)**
3. **Publication type**: This is not a conference proceeding, abstract, poster, or correspondence; it is a case report. **(DOES NOT APPLY)**
4. **Study design**: This is a case report which typically does not provide enough robustness compared to RCTs or cohort studies but is not an in-vitro study. However, it may not meet the expected original research requirement in a systematic review context. **(DOES NOT APPLY)**
5. **Study design**: It is solely an observational study/case report rather than a robust study design involving controls or larger populations, which isn't sufficient based on the systematic review's criteria. **(EXCLUDE)**

### Summary of Exclusion Criteria
Overall, the study does not fall into other broader exclusion categories but does not meet the study design criteria aligning with the systematic review's requirements. 

Given that the study is a case report and does not align with the stated aim of synthesising clinical evidence through high-quality trials, it is prudent to classify it as not fitting the primary criteria set forth for inclusion in a systematic review.

Thus, based on the evaluations of the inclusion and exclusion criteria:

<decision>EXCLUDE</decision>",EXCLUDE,False,2026-08-06T00:58:44.665914
PMID_42534726,PubMed,42534726,PMC12931141,10.2147/jmdh.s576275,The association between social support and quality of life in patients with severe stroke: a chain mediation analysis of resilience and self-efficacy.,"Li, Yun; Liu, Yuru; Liu, Dan; Pang, Hongmei; Hao, Rongrong; Du, Juan; Liu, Xiaonan; Shi, Yining",Frontiers in psychiatry,2026,"OBJECTIVE: To explore the chain mediating effects of resilience and self-efficacy on the association between social support and quality of life (QoL) among patients with severe stroke.
METHODS: This cross-sectional study enrolled 272 inpatients between June 2023 and June 2025. Validated instruments were used to assess social support (SSRS), resilience (CD-RISC), self-efficacy (GSES), and quality of life (QoL) (SS-QOL). PROCESS Model 6 with 5,000 bias-corrected bootstrap samples was used to test sequential mediation while adjusting for key covariates.
RESULTS: Mean scores indicated moderate levels of social support, resilience, self-efficacy, and QoL. Quality of life scores were significantly higher among patients aged <60 years compared to those aged ≥60 years (54.62 ± 14.07 vs. 49.34 ± 13.12), among patients with higher education levels (college or above: 54.73 ± 14.27 vs. primary school or below: 47.26 ± 11.38), among patients covered by Employee Health Insurance compared to self-funded patients (53.26 ± 13.42 vs. 42.36 ± 11.25), and among patients with lower NIHSS scores (10-14 points: 56.38 ± 13.45 vs. 15-24 points: 46.44 ± 12.41). All comparisons were statistically significant at P < 0.05. All main variables were positively correlated. The direct association between social support and QoL was significant (adjusted unstandardized β = 0.88, 95% CI [0.790, 0.975]), accounting for 53.5% of the total association. The three indirect associations were: (1) SSRS - CD-RISC - SS-QOL: β = 0.255, 95% CI [0.192, 0.329]; (2) SSRS - GSES - SS-QOL: β = 0.126, 95% CI [0.020, 0.208]; and (3) SSRS - CD-RISC - GSES - SS-QOL: β = 0.385, 95% CI [0.289, 0.510],supporting the hypothesized chain mediation model.
CONCLUSION: Social support was strongly associated with QoL, both directly and indirectly through resilience and self-efficacy and their sequential pathways. These findings highlight potential intervention targets, although causal inferences are limited by the study's cross-sectional design. Strengthening social support and related psychological resources may improve rehabilitation outcomes in patients with severe strokes.",https://pubmed.ncbi.nlm.nih.gov/42534726/,,,stroke,(Stroke[MeSH] OR stroke[tiab] OR brain ischemia[tiab] OR cerebrovascular[tiab]) AND (treatment[tiab] OR intervention[tiab] OR therapy[tiab]),2026-08-05T18:00:54+00:00,,,,,,"Let's evaluate the abstract against the inclusion and exclusion criteria step by step.

## Inclusion Criteria
1. **Pathogen: Must be about Stroke**  
   The study is about severe stroke, meeting this criterion.
   
2. **Language: English only**  
   The abstract is in English, meeting this criterion.

3. **Study type: Peer-reviewed, original research (note systematic reviews/meta-analyses for special consideration)**  
   This study is a cross-sectional study, which qualifies as original research, thus meeting this criterion.

4. **Population: Human subjects**  
   The study involves human patients who have suffered a severe stroke, meeting this criterion.

5. **Content: Must contain AT LEAST ONE of:**  
   - a) **Quantitative details of concluded/ongoing human outbreak (size, year, location, duration, spatial scale)**  
   - b) **Mathematical or statistical model of disease transmission**  
   - c) **Measures/estimates of transmission parameters**  
   - d) **Measures/estimates of timing parameters**  
   - e) **Measures/estimates of severity (CFR, IFR, hospitalization rate, mortality rate, attack rate)**  
   - f) **Measures/estimates of genetic evolution**  
   - g) **Measures of overdispersion or superspreading**  
   - h) **Seroprevalence data or serological surveys**  
   - i) **Risk factors for infection, severe disease, death, or hospitalization (with statistical measures)**  
   - j) **Measures/estimates of vector parameters**  

   The abstract provides statistical analyses and measures regarding quality of life (QoL), social support, resilience, and self-efficacy among patients with severe stroke. It also includes risk factors related to QoL, which aligns with criterion (i), thus meeting this criterion.

## Exclusion Criteria
1. **Pathogen: Not about Stroke (exclude studies on other pathogens)**  
   The study is about stroke, so this does not apply. 

2. **Language: Non-English**  
   The abstract is in English, so this does not apply.

3. **Publication type: Conference proceedings, abstracts, posters, correspondence**  
   The study seems to be an original research article rather than a conference proceeding or the like, so this does not apply.

4. **Study design: In-vitro studies only (no human or animal component)**  
   The study involves human subjects, so this does not apply.

5. **Study design: Solely animal studies AND animal studies that do not report transmission parameters**  
   The study involves human patients, so this does not apply.

6. **Outbreak type: Accidental laboratory outbreaks (not natural disease transmission)**  
   This study does not pertain to accidental laboratory outbreaks as it focuses on patient behaviors and outcomes following stroke, so this does not apply.

### Conclusion
The study meets all inclusion criteria and does not meet any exclusion criteria. Hence, it should be included in the systematic review.

<decision>INCLUDE</decision>",INCLUDE,True,2026-08-06T00:58:44.665966
PMID_42534689,PubMed,42534689,PMC11843556,10.3389/fneur.2025.1505270,Mechanistic and clinical investigation of Jiajiang Xuming decoction in multi-modal programmed cell death in stroke-associated pneumonia.,"Li, Zezhao; Wang, Jie; Hong, Zhen; Li, Mengyao; Liu, Tian; Wang, Yue; Men, Lianchao",Frontiers in cell and developmental biology,2026,"BACKGROUND: Stroke-Associated Pneumonia (SAP) is one of the leading causes of sepsis and ICU mortality among stroke patients, attributed to dysregulated immune responses as well as multiple MODES of cell death. Jiajiang Xuming Decoction (JXD) is a traditional Chinese medicine (TCM) formula to treat the symptoms of Wind-Phlegm-Stasis Obstruction Syndrome, blamed for all SAP-related sepsis.
METHODS: A single-centre retrospective cohort study was conducted in 100 ICU patients with microbiologically confirmed sepsis (Sepsis-3 criteria): 58 Stroke-Associated Pneumonia (SAP) and 42 non-SAP sepsis, compared to thirty healthy controls. On admission, Day 3 and Day 7, serial inflammatory markers (IL-6, IL-1β, TNF-α PCT CRP) and organ-function indicators were measured (hepatic: ALT AST; renal: creatinine (BUN); cardiac: cTnI† NT-proBNP). Therapeutic efficacy of JXD was evaluated in a propensity-score-matched (JXD n = 29; conventional treatment n = 29) sub-cohort. Mechanistic evidence were derived from scRNA-seq and an in vitro LPS + OGD cell model as well as ferroptosis characterisation (GEO: GSM5319987).
RESULTS: Compared to non-SAP sepsis, SAP patients had significantly higher levels of inflammatory cytokines, markers of hepatic injury (ALT, AST), renal impairment (creatinine, BUN), and cardiac injury (cTnI, NT-proBNP) all P < 0.001; FDR q < 0.001). An AUC = 0.872 for SAP diagnosis with a combination of four markers (PCT + IL-6 + ALT + creatinine) was established. Supplemental JXD therapy provided a significant advantage over conventional treatment in Day-7 clinical improvement rate (72.4% vs. 48.3%, P = 0.048) and shortened ICU stay (12.1 vs. 16.3 days, P = 0.002), along with markers of mode microbiome-related inflammation and injury reduction in this population of patients with acute disturbances post-septic organs (Galluzzi et al., Cell Death Differ, 2018, 25(3), 486-541). JXD basically inhibited apoptosis (CASP3), pyroptosis (NLRP3), necroptosis (RIPK3) in vitro, and reversed ferroptotic death by restoring GPX4, downregulating MDA, as well as inhibiting ACSL4.
CONCLUSION: Multi-organ dysfunction biomarkers independently predicts sepsis sequelae post-SAP (AUC = 0.872)) and track treatments response Conclusions: JXD modulates a number of cellular death pathways in vitro, and markedly improves clinical outcomes in SAP-associated sepsis.",https://pubmed.ncbi.nlm.nih.gov/42534689/,,,stroke,(Stroke[MeSH] OR stroke[tiab] OR brain ischemia[tiab] OR cerebrovascular[tiab]) AND (treatment[tiab] OR intervention[tiab] OR therapy[tiab]),2026-08-05T18:00:54+00:00,,,,,,"To determine the eligibility of the study outlined in the abstract for inclusion in the systematic review on Stroke, we will evaluate it against the inclusion and exclusion criteria provided.

### Inclusion Criteria Evaluation
1. **Pathogen**: The study is about stroke, specifically addressing Stroke-Associated Pneumonia in stroke patients. **(Met)**
2. **Language**: The abstract is written in English. **(Met)**
3. **Study type**: This is a peer-reviewed original research study. While it includes retrospective data, it also discusses a cohort study. **(Met)**
4. **Population**: The study involves human subjects: 100 ICU patients with confirmed sepsis related to stroke. **(Met)**
5. **Content**: The study discusses the clinical improvement rates and outcomes in stroke patients receiving Jiajiang Xuming Decoction compared to conventional treatment, focusing on inflammatory markers and organ function outcomes. However, it mainly relates to pneumonia associated with stroke rather than stroke outcomes themselves. It does report some outcomes but the primary focus is on pneumonia rather than stroke functional outcomes. **(Not clearly met)**

### Exclusion Criteria Evaluation
1. **Pathogen**: The study is about Stroke, so this criterion does not apply. **(Not applicable)**
2. **Language**: The abstract is in English. **(Not applicable)**
3. **Publication type**: The abstract is from a peer-reviewed study, not conference proceedings or other excluded types. **(Not applicable)**
4. **Study design**: The study is not in-vitro only, it is a cohort study involving human patients. **(Not applicable)**
5. **Study design**: There are no solely animal studies reported in this abstract. **(Not applicable)**
6. **Outbreak type**: The study does not pertain to an accidental laboratory outbreak. **(Not applicable)**

### Conclusion
The study addresses stroke patients and examines therapeutic outcomes related to pneumonia, a common complication following stroke. Nevertheless, it primarily focuses on pneumonia as an outcome rather than direct functional outcomes of stroke (like mRS, Barthel Index, or NIHSS). Therefore, even though it meets some of the inclusion criteria with regard to stroke, it does not adequately fulfill the primary intent of documenting functional outcomes related to stroke itself.

As such, the abstract does not align closely enough with the core focus of the systematic review, which is documenting clinical evidence directly pertaining to stroke interventions and outcomes.

<decision>EXCLUDE</decision>",EXCLUDE,False,2026-08-06T00:58:44.666017
PMID_42534297,PubMed,42534297,PMC12402381,10.1016/j.amjcard.2008.08.036,Correlation Between Interatrial Septal In Situ Thrombus and Stroke Evaluated by Transesophageal Echocardiography.,"Wang, Bin; Wang, Shuang; Zhang, Minxin; Ding, Kehan; Zhang, Shuixing",Reviews in cardiovascular medicine,2026,"BACKGROUND: Patent foramen ovale (PFO) is a crucial etiology of cryptogenic stroke, with paradoxical embolism recognized as its classic pathogenic mechanism. However, the origin of most emboli remains unclear. This study aimed to detect the presence and location of in situ thrombus on the interatrial septum in patients with PFO using contrast-enhanced transesophageal echocardiography (c-TEE) and analyze its correlation with stroke and migraine, thereby providing novel insights into the pathogenesis of PFO-related diseases.
METHODS: A retrospective analysis was performed on 3343 patients who underwent TEE examination between March 2021 and December 2024. Patients were divided into the in situ thrombus group (n = 62) and the non-in situ thrombus group (n = 1211) based on TEE findings. According to clinical symptoms, patients were categorized into the stroke group (n = 210), the migraine group (n = 633), and the asymptomatic group (n = 430). TEE was used to comprehensively assess the location, size, and quantity of the in situ thrombus. The anatomical parameters and hemodynamic parameters of PFO were compared among different groups.
RESULTS: Among 1273 PFO patients, the overall detection rate of in situ thrombus on the interatrial septum by TEE was 4.56% (62/1273). The detection rate of in situ thrombus in the stroke group (11.90%, 25/210) was significantly higher than that in the migraine group (2.53%, 16/633) and the asymptomatic group (3.95%, 17/430) (p < 0.001). In situ thrombus was most commonly located on the right atrial surface of the interatrial septum (69.0%, 40/62). The PFO diameter in the thrombus group was significantly larger than that in the non-thrombus group (p = 0.0033), and the shunt velocity was also significantly higher (p < 0.001). At the same time, no significant difference in PFO length was observed between the two groups. All patients with a detected in situ thrombus had negative findings on lower-extremity venous ultrasonography. After PFO closure, the rate of symptom improvement in the stroke group was significantly higher than in the migraine group (95.68% vs 52.80%, p < 0.005).
CONCLUSIONS: c-TEE is an effective method for detecting in-situ thrombus in the atrial septum in patients with PFO, and such thrombus may play an important role in PFO-related stroke. PFO closure may be effective in stroke patients with concomitant in-situ thrombus. In clinical practice, routine risk stratification should be performed in patients with PFO, with an emphasis on identifying high-risk features and in situ thrombus lesions, to provide a basis for individualized treatment decisions.",https://pubmed.ncbi.nlm.nih.gov/42534297/,,,stroke,(Stroke[MeSH] OR stroke[tiab] OR brain ischemia[tiab] OR cerebrovascular[tiab]) AND (treatment[tiab] OR intervention[tiab] OR therapy[tiab]),2026-08-05T18:00:54+00:00,,,,,,"To determine if the abstract titled ""Correlation Between Interatrial Septal In Situ Thrombus and Stroke Evaluated by Transesophageal Echocardiography"" should be included in the systematic review on Stroke, we will evaluate it against the inclusion and exclusion criteria.

### Assessment Against Inclusion Criteria

1. **Pathogen: Must be about Stroke**
   - The study discusses stroke related to patent foramen ovale (PFO) and in situ thrombus. **Criterion met.**
   
2. **Language: English only**
   - The abstract is in English. **Criterion met.**
   
3. **Study type: Peer-reviewed, original research (note systematic reviews/meta-analyses for special consideration)**
   - The study appears to be original research and does not fall under systematic reviews or meta-analyses. **Criterion met.**
   
4. **Population: Human subjects**
   - The study involves human patients undergoing transesophageal echocardiography. **Criterion met.**
   
5. **Content: Must contain AT LEAST ONE of:**
   - a) Quantitative details of concluded/ongoing human outbreak (size, year, location, duration, spatial scale)
   - b) Mathematical or statistical model of disease transmission
   - c) Measures/estimates of transmission parameters: R, R0, Rt, r, Re, growth rate, doubling time
   - **The abstract does not provide traditional transmission parameters.** It discusses detection rates and outcomes related to stroke, but these do not fit the specified content measures. Therefore, this criterion is not fully met. 

### Assessment Against Exclusion Criteria

1. **Pathogen: Not about Stroke**
   - The study is about stroke. **Not excluded.**
   
2. **Language: Non-English**
   - The abstract is in English. **Not excluded.**
   
3. **Publication type: Conference proceedings, abstracts, posters, correspondence**
   - The abstract is a part of original research, hence does not fall under these categories. **Not excluded.**
   
4. **Study design: In-vitro studies only (no human or animal component)**
   - The study involves human patients; hence, it’s not an in-vitro study. **Not excluded.**
   
5. **Study design: Solely animal studies AND animal studies that do not report transmission parameters**
   - The study is not an animal study. **Not excluded.**

No exclusion criteria apply to this study.

### Conclusion
The study validates its relationship with stroke but does not meet all relevant inclusion criteria, particularly the fifth criterion requiring specific content measures. Thus, despite its relevance to stroke, it does not provide the data types outlined in the systematic review criteria.

Based on this assessment:

<decision>EXCLUDE</decision>",EXCLUDE,False,2026-08-06T00:58:44.666073
PMID_42532820,PubMed,42532820,,10.6224/jn.26409,[Improving the Nasogastric Tube Removal Rate in Stroke Patients Using a Quality Control Circle Method].,"Li, Yi-Hong; Kuo, Chia-Ming; Huang, Yu-Fen; Lo, I-Chieh; Tsai, Chiu-Man; Chiang, Tzu-Hui; Wu, Yu-Ju; Huang, Tsung-Rung; Lai, Li-Chin L; Ho, Bo-Lin; Huang, Meng-Chuan",Hu li za zhi The journal of nursing,2026,"BACKGROUND & PROBLEMS: Post-stroke dysphagia, which affects 40% to 70% of stroke survivors, frequently leads to aspiration pneumonia and diminished quality of life. Despite achieving a 98.8% initial swallowing screening rate, the nasogastric tube removal rate in our unit of 52.7% was below the national benchmark of 57.4%. A quality control circle root cause analysis was conducted, with five critical issues identified. These included a lack of routine in-service education, insufficient interdisciplinary collaboration, inconsistent screening tool versions being used, a deficit in integrated educational resources, and ambiguous re-screening protocols during patient transfers that resulted in a low re-screening rate (60.3%).
PURPOSE: This project was implemented to increase the nasogastric tube removal rate in stroke patients from the baseline of 52.7% to a minimum target of 67.8%.
RESOLUTION: Four key interventions were implemented using quality control circle methodologies. These included: (1) Organizing interdisciplinary workshops to clarify intervention timing and professional roles across disciplines; (2) Integrating a ""Three-Stage Swallowing Screening Tool"" incorporating pre-procedural oral hygiene protocols and clinical decision-making algorithms; (3) Developing interdisciplinary patient education materials encompassing nursing, traditional Chinese medicine, and speech-language pathology; and (4) Revising standard operating procedures to mandate re-screening during all inter-unit transfers.
RESULTS: Post-intervention, the nasogastric tube removal rate increased from 52.7% to 69.9%, which exceeded the targeted goal. Notably, no re-intubations occurred within the six-month post-discharge follow-up period. In addition, the re-screening rate during inter-unit transfers improved markedly from 60.3% to 97.4%. Ancillary benefits included redirecting approximately 15 minutes of tube maintenance time per nurse daily into high-value individualized patient care,and an estimated savings in annual healthcare costs of NT$24,708 per family.
CONCLUSIONS: The process standardization and enhanced interdisciplinary synergy achieved under this project effectively eliminated gaps in care, resulting in substantially improved patient safety and care quality.",https://pubmed.ncbi.nlm.nih.gov/42532820/,,,stroke,(Stroke[MeSH] OR stroke[tiab] OR brain ischemia[tiab] OR cerebrovascular[tiab]) AND (treatment[tiab] OR intervention[tiab] OR therapy[tiab]),2026-08-05T18:00:54+00:00,,,,,,"To evaluate the abstract against the inclusion and exclusion criteria, let's analyze each criterion step by step. 

### Inclusion Criteria
1. **Pathogen: Must be about Stroke**
   - The study focuses on stroke patients specifically related to nasogastric tube removal due to post-stroke dysphagia.
   - **Met.**

2. **Language: English only**
   - The abstract is written in English.
   - **Met.**

3. **Study type: Peer-reviewed, original research (note systematic reviews/meta-analyses for special consideration)**
   - The abstract discusses an original project aimed at improving care in stroke patients, although the publication type is not specified.
   - **Assumed Met** (assuming it is peer-reviewed).

4. **Population: Human subjects**
   - The study involves human subjects (stroke patients).
   - **Met.**

5. **Content: Must contain AT LEAST ONE of:**
   - a) Quantitative details of concluded/ongoing human outbreak
   - b) Mathematical or statistical model of disease transmission
   - c) Measures/estimates of transmission parameters
   - d) Measures/estimates of timing parameters
   - e) Measures/estimates of severity
   - f) Measures/estimates of genetic evolution
   - g) Measures of overdispersion or superspreading
   - h) Seroprevalence data or serological surveys
   - i) Risk factors for infection, severe disease, death, or hospitalization
   - j) Measures/estimates of vector parameters

   - The abstract primarily discusses quality improvement in the management of swallowing issues among stroke patients, without referencing any of the specific items listed above (e.g., transmission parameters, outbreak sizes, etc.).
   - **Not Met.**

### Exclusion Criteria
1. **Pathogen: Not about Stroke (exclude studies on other pathogens)**
   - The study is about stroke.
   - **Not Excluded.**

2. **Language: Non-English**
   - The abstract is in English.
   - **Not Excluded.**

3. **Publication type: Conference proceedings, abstracts, posters, correspondence**
   - It is not clear if this paper is classified as such; it appears more to be a formal study based on information provided.
   - **Assuming Not Excluded.**

4. **Study design: In-vitro studies only (no human or animal component)**
   - The study involves human subjects and is not in-vitro.
   - **Not Excluded.**

5. **Study design: Solely animal studies AND animal studies that do not report transmission parameters**
   - The study involves human subjects, which is consistent with inclusion criteria.
   - **Not Excluded.**

6. **Outbreak type: Accidental laboratory outbreaks (not natural disease transmission)**
   - This does not apply as the study pertains to stroke management.
   - **Not Excluded.**

### Conclusion
Upon review, the abstract meets most of the inclusion criteria related to stroke but fails to meet Criterion 5, which requires quantitative measures of outcomes relevant to the scope of stroke interventions specified in the systematic review objectives. Thus, this study can provide beneficial insights into stroke management but does not fulfill the specific criteria for inclusion based on the defined objectives.

Therefore, the final decision is:

<decision>EXCLUDE</decision>",EXCLUDE,False,2026-08-06T00:58:44.666132
PMID_42532677,PubMed,42532677,,10.3174/ajnr.a9556,"Longitudinal Neuroimaging in Pediatric Coccidioidomycosis: Full Spectrum of Brain, Spine and Head and Neck Findings.","Chambers, Stefanie; Esmeraldo, Mateus A; Moeremans, Marine; Halverson, Mark; Soares, Bruno P; Dahmoush, Hisham; Geraldo, Ana Filipa",AJNR. American journal of neuroradiology,2026,"Coccidioidomycosis is an endemic mycosis in some regions of the Americas including the southwestern United States with recognized potential for extra-pulmonary dissemination. Nevertheless, its neuroradiologic spectrum in children, particularly with respect to longitudinal evolution and head and neck involvement, remains incompletely characterized. We retrospectively reviewed n=16 pediatric patients with definitive or probable infection evaluated at a single quaternary care center in an endemic region, analyzing clinical/laboratory data and serial neuroimaging findings. Most children were previously healthy. Neuroimaging abnormalities represented the initial manifestation in more than one-third of cases and were frequently multifocal and temporally dynamic, including both clinically silent and delayed lesions. Craniospinal meningitis and related complications such as hydrocephalus, stroke, intracranial vasculopathy and chronic arachnoiditis were the most common and severe findings of central nervous system involvement. Parenchymal granulomas were more common than previously described, while cerebrovenous thrombosis and diffuse white matter signal abnormalities could also occur. Head and neck involvement was identified in 56% of patients, most commonly craniofacial osteomyelitis, but also temporomandibular joint septic arthritis, necrotic cervical lymphadenopathy/lymphadenitis, cutaneous lesions, and chorioretinitis, suggesting these features may be more prevalent in children than previously recognized. These findings expand the known imaging spectrum of pediatric coccidioidomycosis and underscore the importance of neuroradiologist familiarity with these patterns to facilitate early disease recognition within the appropriate clinical and epidemiologic context followed by timely initiation of antifungal therapy. A low threshold for neuroimaging, coupled with comprehensive, multi-compartment evaluation over time, is essential for accurate delineation of disease extent and for monitoring therapeutic response.",https://pubmed.ncbi.nlm.nih.gov/42532677/,,,stroke,(Stroke[MeSH] OR stroke[tiab] OR brain ischemia[tiab] OR cerebrovascular[tiab]) AND (treatment[tiab] OR intervention[tiab] OR therapy[tiab]),2026-08-05T18:00:54+00:00,,,,,,"The title and abstract focus on pediatric coccidioidomycosis and its neuroimaging findings, particularly related to craniospinal meningitis and complications like stroke. However, we need to assess it systematically against the predefined inclusion and exclusion criteria.

### Inclusion Criteria
1. **Pathogen: Must be about Stroke**  
   - The study discusses complications of coccidioidomycosis, including ""stroke,"" but the primary focus is not on stroke management or outcomes. Thus, it does not meet the primary focus area for inclusion related to stroke.

2. **Language: English only**  
   - The abstract is in English. **(Meets inclusion)**

3. **Study type: Peer-reviewed, original research (note systematic reviews/meta-analyses for special consideration)**  
   - There is no designation that this study is peer-reviewed original research, nor does it fit the systematic reviews/meta-analyses category. However, it appears to be an original study. It should be noted that the exclusion attributes state that publication types such as conference proceedings are to be excluded, but this specific aspect is not addressed in the abstract provided. We assume it is a typical research article unless indicated otherwise.

4. **Population: Human subjects**  
   - The study involves pediatric patients, thus involving human subjects. **(Meets inclusion)**

5. **Content: Must contain AT LEAST ONE of:**  
   - The study describes findings related to neuroimaging, complications of infection, and can imply functional outcomes (related to stroke, though not exclusively focused on stroke). While ""stroke"" is specifically mentioned, it doesn't include any functional outcome measures (like mRS, Barthel Index, NIHSS) or rehabilitation data relevant to stroke. It seems more focused on neuroimaging and the effects of an infection than on stroke as an intervention or outcome measure.

### Exclusion Criteria
1. **Pathogen: Not about Stroke (exclude studies on other pathogens)**  
   - This study is focused on coccidioidomycosis and its neurological complications, which, while they mention stroke, do not focus primarily on stroke interventions or outcomes. **(Meets exclusion)**

2. **Language: Non-English**  
   - The abstract is in English. **(Does not meet exclusion)**

3. **Publication type: Conference proceedings, abstracts, posters, correspondence**  
   - The abstract format indicates it may likely fall into this category, which leads to exclusion unless it's specified as full publication. **(Meets exclusion)**

4. **Study design: In-vitro studies only (no human or animal component)**  
   - The study involved human subjects. **(Does not meet exclusion)**

5. **Study design: Solely animal studies AND animal studies that do not report transmission parameters**  
   - Not applicable as the study involves human subjects. **(Does not meet exclusion)**  

6. **Outbreak type: Accidental laboratory outbreaks (not natural disease transmission)**  
   - Not applicable and doesn't meet this exclusion criterion. **(Does not meet exclusion)**

### Conclusion
The primary focus of the abstract revolves around pediatric coccidioidomycosis and its neuroimaging findings with marginal mention of stroke-related complications. Despite its inclusion of stroke as a complication, it does not align closely with the systematic review's objectives or the defined criteria regarding pharmacological/non-pharmacological interventions, functional outcomes, and the primary study focus on stroke. Additionally, it seems to likely be excluded due to its publication type.

Overall, it does not meet the inclusion criteria adequately and falls under the exclusion criteria based on focus and publication type.

<decision>EXCLUDE</decision>",EXCLUDE,False,2026-08-06T00:58:44.666186
PMID_42532675,PubMed,42532675,,10.3174/ajnr.a9558,Intravenous Cangrelor Versus Glycoprotein IIb/IIIa Inhibitors in Patients Undergoing Endovascular Thrombectomy for Middle Cerebral Artery Stroke: A Multi-Institutional Propensity Score-Matched Analysis.,"Essibayi, Muhammed Amir; Azzam, Ahmed Y; DeMessie, Bluyé; Kakadiya, Jay; Salim, Hamza A; Jamil, Hasan; Terraciano, Anthony P; Mandel, Daniel; Chen, Huanwen; Rai, Pranjal; McIntyre, Matthew K; Connolly, Brian; Buzzeli, Marc; Yedavalli, Vivek S; Khan, Majid; Dmytriw, Adam A; Colasurdo, Marco; Malhotra, Ajay; Gandhi, Dheeraj; Al Kasab, Sami; Ezzeldin, Mohamad; Haranhalli, Neil; Altschul, David J; Lakhani, Dhairya A",AJNR. American journal of neuroradiology,2026,"BACKGROUND: Antiplatelet therapy is frequently used during endovascular thrombectomy (EVT) for middle cerebral artery (MCA) stroke, particularly when intracranial stenting is required. This study compared clinical outcomes between intravenous cangrelor and glycoprotein IIb/IIIa inhibitors (GPIs) in patients undergoing EVT for MCA stroke.
METHODS: Using the TriNetX research network (113 healthcare organizations), we identified adult patients with MCA stroke who underwent EVT between January 2016 and January 2026 and received concomitant cangrelor or GPIs. Propensity score matching (1:1) was performed to balance baseline characteristics. Primary outcomes included major bleeding, intracranial hemorrhage (ICH), and decompressive hemicraniectomy. Prespecified subgroup analysis stratified patients by adjunctive angioplasty/stenting.
RESULTS: After matching, 302 patients remained in each group. In the overall cohort, no significant differences were observed in major bleeding (18.9% vs 24.5%; HR 0.74, P=0.084), ICH (17.9% vs 22.5%; HR 0.77, P=0.14), or mortality (17.2% vs 14.9%; HR 1.13, P=0.55). However, in the angioplasty/stenting subgroup (n=98 per group), cangrelor appeared to be associated with lower rates of major bleeding (15.3% vs 26.5%; HR 0.53, 95% CI 0.28-1.01, P=0.047), ICH (14.3% vs 25.5%; HR 0.52, P=0.04), decompressive hemicraniectomy (17.3% vs 31.6%; HR 0.52, P=0.02), and functional dependency (18.4% vs 31.6%; HR 0.50, P=0.02), but higher recurrent stroke at 1-24 months (32.7% vs 11.2%; HR 2.57, P<0.01). No difference in outcomes was found in the no angioplasty group.
CONCLUSIONS: Both drugs demonstrated comparable outcomes overall. In an exploratory angioplasty/stenting subgroup, cangrelor was associated with reduced hemorrhagic complications but increased recurrent stroke, suggesting a complex risk-benefit tradeoff requiring individualized antiplatelet selection.",https://pubmed.ncbi.nlm.nih.gov/42532675/,,,stroke,(Stroke[MeSH] OR stroke[tiab] OR brain ischemia[tiab] OR cerebrovascular[tiab]) AND (treatment[tiab] OR intervention[tiab] OR therapy[tiab]),2026-08-05T18:00:54+00:00,,,,,,"Let's evaluate the provided abstract against the systematic review's screening criteria.

## Inclusion Criteria Evaluation
1. **Pathogen: Must be about Stroke**
   - The study is about middle cerebral artery stroke. This criterion is met.

2. **Language: English only**
   - The abstract is in English. This criterion is met.

3. **Study type: Peer-reviewed, original research (note systematic reviews/meta-analyses for special consideration)**
   - The study appears to be original research and not a systematic review or meta-analysis. This criterion is met.

4. **Population: Human subjects (animal studies acceptable if reporting specific parameters)**
   - The study involves adult patients with middle cerebral artery stroke. This criterion is met.

5. **Content: Must contain AT LEAST ONE of:**
   - The abstract reports clinical outcomes such as major bleeding, intracranial hemorrhage (ICH), and functional dependency. The study also examines recurrent stroke at 1-24 months.
   - All these outcomes are clinically relevant to stroke management and align with the goal of documenting key clinical outcome measures. This criterion is met.

## Exclusion Criteria Evaluation
1. **Pathogen: Not about Stroke (exclude studies on other pathogens)**
   - The study is about stroke. This criterion is not applicable.

2. **Language: Non-English**
   - The abstract is in English. This criterion is not applicable.

3. **Publication type: Conference proceedings, abstracts, posters, correspondence**
   - Since this is an abstract, it technically aligns with the category of publication types that could potentially lead to exclusion. However, given that the research appears original and peer-reviewed, it could still be considered for inclusion based on the systematic review's special consideration for original studies.

4. **Study design: In-vitro studies only (no human or animal component)**
   - This is not an in-vitro study and involves human subjects; thus, this criterion is not applicable.

5. **Study design: Solely animal studies AND animal studies that do not report transmission parameters (R0, Rt, Re, r, growth rate, mutation rate)**
   - This study does not involve animal studies. This criterion is not applicable.

6. **Outbreak type: Accidental laboratory outbreaks (not natural disease transmission)**
   - The study does not concern accidental laboratory outbreaks. This criterion is not applicable.

After evaluating all criteria, the study meets all inclusion criteria and does not fall under any exclusion criterion that applies. The outcomes reported are relevant to the aims of the systematic review, providing evidence on pharmacological interventions and functional outcomes associated with stroke.

Therefore, I conclude that the abstract should be included in the systematic review.

<decision>INCLUDE</decision>",INCLUDE,True,2026-08-06T00:58:44.666238
PMID_42532674,PubMed,42532674,,10.3174/ajnr.a9560,ARISE II Consensus on Venous Sinus Stenting.,"Amans, Matthew R; Ding, Kevin; Hui, Ferdinand K; Fargen, Kyle M; Pereira, Vitor Mendes; Altschul, David J; Altschul, Dorothea; Burkhardt, Jan-Karl; Anderies, Barrett J; Colby, Geoffrey P; Choudhri, Omar A; Kan, Peter; Morales, José M; Al-Mufti, Fawaz; Siddiqui, Adnan H; Arthur, Adam S; Wakhloo, Ajay K; Patsalides, Athos",AJNR. American journal of neuroradiology,2026,"In recent years, venous sinus stenosis has been shown to be a key underlying contributor to idiopathic intracranial hypertensions (IIH) and the most common cause of pulsatile tinnitus (PT). Recent advancements in noninvasive venous imaging have improved the detection of venous sinus stenosis in IIH patients, and growing evidence supports a pathophysiological relationship between venous sinus stenosis, reduced cerebrospinal fluid (CSF) absorption, and elevated intracranial pressure (ICP) in a substantial subset of this population. The growing use of venous sinus stenting (VSS) as an effective treatment for sequelae of venous sinus stenosis highlights the importance of developing standardized, evidence-based diagnostic and management guidelines. A multidisciplinary roundtable of academic, government, and industry cerebrovascular experts convened at the ARISE II meeting to discuss existing evidence and develop areas of expert consensus. These discussions focused on developing standardized patient selection, diagnostic evaluation, procedural considerations, and post-treatment follow-up for VSS. Expert consensus supports VSS as a safe and effective therapy for appropriately selected patients with venous sinus stenosis. The recommendations discussed in this paper aim to standardize patient care, optimize outcomes, and identify opportunities for further investigation.",https://pubmed.ncbi.nlm.nih.gov/42532674/,,,stroke,(Stroke[MeSH] OR stroke[tiab] OR brain ischemia[tiab] OR cerebrovascular[tiab]) AND (treatment[tiab] OR intervention[tiab] OR therapy[tiab]),2026-08-05T18:00:54+00:00,,,,,,"To assess the abstract titled ""ARISE II Consensus on Venous Sinus Stenting"" against the inclusion and exclusion criteria for the systematic review on *Stroke*, we will evaluate it step by step.

## Inclusion Criteria
1. **Pathogen: Must be about Stroke**
   - The abstract discusses venous sinus stenosis and its relationship with idiopathic intracranial hypertension (IIH) and pulsatile tinnitus, rather than *Stroke* directly. While there may be indirect connections through intracranial pressure issues, the core subject is not focused on stroke.
  
2. **Language: English only**
   - The abstract is in English. This criterion is met.
  
3. **Study type: Peer-reviewed, original research (note systematic reviews/meta-analyses for special consideration)**
   - The provided abstract does not specify whether it is part of original research or merely a consensus report from a multidisciplinary meeting. Therefore, this criterion cannot be confirmed as met.
  
4. **Population: Human subjects**
   - Since the abstract discusses a treatment for a condition affecting human subjects (IIH), this criterion appears to be met.
  
5. **Content: Must contain AT LEAST ONE of:**
   - a) Quantitative details of concluded/ongoing human outbreak
   - b) Mathematical or statistical model of disease transmission
   - c) Measures/estimates of transmission parameters
   - d) Measures/estimates of timing parameters
   - e) Measures/estimates of severity
   - f) Measures/estimates of genetic evolution
   - g) Measures of overdispersion or superspreading
   - h) Seroprevalence data or serological surveys
   - i) Risk factors for infection, severe disease, death, or hospitalization
   - j) Measures/estimates of vector parameters
   - The abstract discusses the effectiveness of venous sinus stenting as a treatment for venous sinus stenosis related to IIH, which does not fall into any of the specified categories ranked from a) to j).

## Exclusion Criteria
1. **Pathogen: Not about Stroke**
   - The study is not primarily about Stroke. While there are related conditions, it does not focus on stroke pathology directly. This criterion warrants exclusion.
  
2. **Language: Non-English**
   - The abstract is in English; this criterion does not apply for exclusion.
  
3. **Publication type: Conference proceedings, abstracts, posters, correspondence**
   - The abstract appears to be an academic consensus report. Depending on classification, it may fall under exclusion due to being an abstract.
  
4. **Study design: In-vitro studies only (no human or animal component)**
   - The abstract pertains to human subjects and does not specify in-vitro studies. This criterion does not apply for exclusion.
  
5. **Study design: Solely animal studies AND animal studies that do not report transmission parameters**
   - The abstract involves human participants, thus this exclusion criterion does not apply.
  
6. **Outbreak type: Accidental laboratory outbreaks**
   - Not applicable as this study does not refer to outbreaks, thus this criterion does not apply.

## Conclusion
Based on the evaluation, the study fails to meet the key inclusion criteria related to *Stroke* and also fits within exclusion criteria regarding its focus. Therefore, this abstract does not align with the goals of the systematic review.

<decision>EXCLUDE</decision>",EXCLUDE,False,2026-08-06T00:58:44.666290
PMID_42532140,PubMed,42532140,,10.1016/j.expneurol.2026.115949,"Pre- and post-stroke memantine administration attenuates neurological deficits, infarct size, and astrogliosis, with a concomitant increase in MAP2 protein in a rat stroke model.","Martínez-Torres, Nestor I; Cárdenas-Bedoya, Jhonathan; Torres-Mendoza, Blanca Miriam",Experimental neurology,2026,"Over the past 30 years, the global incidence of stroke and related disability-adjusted life years has risen significantly, underscoring the urgent need for effective therapeutic strategies. Memantine (Mem), a non-competitive antagonist of N-methyl-d-aspartate (NMDA) glutamate receptors, has been investigated as a potential treatment in stroke models. By blocking NMDA receptor activity, Mem can prevent excessive calcium influx and excitotoxic neuronal death, thereby promoting neuroprotection with good tolerability. Because early intervention is crucial, we evaluated a sequential memantine regimen in 32 male Sprague-Dawley rats (300-350 g). A low dose of Mem (0.2 mg/kg) was administered before permanent middle cerebral artery occlusion (pMCAO), followed by a higher dose (10 mg/kg) two hours after occlusion. Neurological function was evaluated 24 h later using the modified Neurological Severity Score (mNSS). Brain tissue was collected for immunohistochemical analysis of glial fibrillary acidic protein (GFAP) and microtubule-associated protein 2 (MAP2) near the infarct area. Enzyme-linked immunosorbent assays (ELISA) measured brain-derived neurotrophic factor (BDNF) and postsynaptic density protein 95 (PSD95). Memantine treatment preserved neurological function, reduced infarct size, and decreased GFAP levels, indicating diminished astrocyte reactivity. Additionally, MAP2 presence increased compared to the untreated pMCAO group, suggesting neuronal preservation. No significant changes were observed in BDNF or PSD95 levels. Memantine administered before and after stroke minimized tissue loss and prevented early astrogliosis, while preserving neuronal structural integrity as indicated by MAP2. In contrast, no immediate changes were detected in BDNF or PSD95, implying that memantine-induced neuroprotection occurs before the appearance of plasticity-related molecular adaptations in the early post-stroke period.",https://pubmed.ncbi.nlm.nih.gov/42532140/,,,stroke,(Stroke[MeSH] OR stroke[tiab] OR brain ischemia[tiab] OR cerebrovascular[tiab]) AND (treatment[tiab] OR intervention[tiab] OR therapy[tiab]),2026-08-05T18:00:54+00:00,,,,,,"To determine whether the abstract in question should be included in the systematic review on stroke, we will examine it against the specified inclusion and exclusion criteria.

**Inclusion Criteria Check:**
1. **Pathogen:** The study is about stroke, so it meets this criterion.
2. **Language:** The abstract is in English, so it satisfies this criterion.
3. **Study type:** The study is related to original research, but it involves a rat model and therefore does not meet the requirement of being a human study. This criterion is not met.
4. **Population:** The study involves animal subjects (Sprague-Dawley rats) rather than human subjects, which does not meet this criterion.
5. **Content:** The study does contain quantitative measures of stroke outcomes (like infarct size and neurological deficits), but it does not meet the population criteria of including human subjects.

Since the study fails to meet the third and fourth inclusion criteria, it is disqualified based on these points alone.

**Exclusion Criteria Check:**
1. **Pathogen:** The study is focused on stroke, so it does not fall under this exclusion.
2. **Language:** The abstract is in English, so it does not fall under this exclusion.
3. **Publication type:** This is not applicable as no conference proceedings or non-peer-reviewed works are mentioned.
4. **Study design:** The study is an in-vivo study using rats, so it does not apply.
5. **Study design:** The study involves only animal models without human subjects, which falls under exclusion criteria (5).
6. **Outbreak type:** This is not applicable, as there is no discussion of accidental laboratory outbreaks.

Overall, while the abstract provides relevant insights into stroke treatment with memantine, it exclusively involves animal studies that do not meet the inclusion criteria for human subjects, leading to its exclusion.

Based on our assessment of both the inclusion and exclusion criteria, the appropriate decision regarding this abstract is:

<decision>EXCLUDE</decision>",EXCLUDE,False,2026-08-06T00:58:44.666343
PMID_42531250,PubMed,42531250,PMC12173386,10.1371/journal.pdig.0000899,A Multiagent Large Language Model Framework for Emergency Treatment Recommendation in Acute Ischemic Stroke: Development and Validation Study.,"Yan, Bicong; Zhang, Ruipeng; Chen, Li; Song, Xinyu; Cao, Zhongzheng; Li, Yuehua",Journal of medical Internet research,2026,"BACKGROUND: Acute ischemic stroke (AIS) treatment selection requires rapid, guideline-concordant integration of clinical, imaging, and laboratory data, including therapeutic windows, contraindications, stroke severity, and imaging eligibility. This process is complex, expertise-dependent, and vulnerable to safety-critical errors.
OBJECTIVE: This study aimed to develop and validate a structured multiagent large language model (LLM) framework for AIS decision support using real-world cases and to assess its accuracy, safety, auditability, and impact on physician decision-making, particularly among junior physicians and nonspecialists.
METHODS: We developed a multiagent LLM framework that used structured outputs and guideline-based reasoning to generate treatment recommendations (intravenous thrombolysis, endovascular thrombectomy, standard medical therapy, or non-AIS, or nonstroke) and Trial of ORG 10172 in Acute Stroke Treatment (TOAST) classification. The framework was evaluated using multicenter retrospective real-world cases from 2 hospitals collected between January 2018 and March 2025, prospective cases from February to May 2025, and literature-derived challenging cases from PubMed between January 2024 and January 2025. Performance was assessed against clinical reference standards. Safety was assessed using omission and hallucination event rates, instruction adherence, and 5-point clinical safety ratings. In a prospective physician study, physicians with different seniority and specialty backgrounds made AIS treatment and TOAST classification decisions with and without LLM support. Physician-case decision-level outcomes were analyzed using a binomial generalized linear mixed-effects model accounting for physician and case effects.
RESULTS: The final analysis included 1055 group A cases, 721 group B cases, 144 literature-derived group C cases, and 161 prospectively collected group D cases. Across representative Baichuan, Qwen, DeepSeek, and GPT models, the multiagent framework consistently improved treatment recommendation accuracy. Model-level accuracy ranges increased from 0.546-0.737 to 0.687-0.851 in group A, from 0.587-0.698 to 0.671-0.813 in group B, and from 0.507-0.646 to 0.667-0.750 in group C. TOAST classification improved overall, with cohort-level variation. Across evaluated models, the multiagent framework increased the mean clinical safety score from 3.70 to 4.01 and reduced mean hallucination and omission rates from 33.6% to 20.6% and from 38.5% to 24.5%, respectively. In the prospective physician study, LLM support increased treatment decision accuracy from 73.1% to 88.6% (odds ratio 2.86, 95% CI, 2.27-3.60; P<.001). Accuracy gains were largest among junior and nonspecialist physicians, including junior specialists (0.667 to 0.833), junior nonspecialists (0.600 to 0.846), and senior nonspecialists (0.667 to 0.850). TOAST classification performance also improved (odds ratio 3.63, 95% CI 2.85-4.64; P<.001).
CONCLUSIONS: A structured multiagent framework improved LLM performance with average improvements of 18.9% in AIS treatment recommendation and TOAST classification, while producing more structured, auditable outputs with higher safety ratings. It was associated with higher physician decision accuracy, with larger gains among less-experienced physicians, suggesting the potential to narrow expertise-related decision accuracy gaps. Prospective multicenter studies are needed to assess effects on workflow and clinical outcomes.",https://pubmed.ncbi.nlm.nih.gov/42531250/,,,stroke,(Stroke[MeSH] OR stroke[tiab] OR brain ischemia[tiab] OR cerebrovascular[tiab]) AND (treatment[tiab] OR intervention[tiab] OR therapy[tiab]),2026-08-05T18:00:54+00:00,,,,,,"To systematically assess the provided abstract based on the inclusion and exclusion criteria, we will consider each criterion step by step.

**Inclusion Criteria:**

1. **Pathogen: Must be about Stroke**  
   - The study explicitly focuses on Acute Ischemic Stroke (AIS) as the primary topic.  
   **Met.**

2. **Language: English only**  
   - The abstract is in English.  
   **Met.**

3. **Study type: Peer-reviewed, original research (note systematic reviews/meta-analyses for special consideration)**  
   - The study is described as a development and validation study, suggesting it is original research. There is no indication it is a systematic review or meta-analysis.  
   **Met.**

4. **Population: Human subjects (animal studies acceptable if reporting EITHER ...)**  
   - The study involves human subjects, utilizing real-world cases and assessments involving physicians.  
   **Met.**

5. **Content: Must contain AT LEAST ONE of ...**  
   - The study discusses treatment recommendations and their accuracy for AIS. It reports quantitative details regarding treatment accuracy and clinical safety ratings, which could relate to clinical outcomes in stroke management.  
   **Met.**

**Exclusion Criteria:**

1. **Pathogen: Not about Stroke (exclude studies on other pathogens)**  
   - The study is about Stroke.  
   **Not Met.**

2. **Language: Non-English**  
   - The abstract is in English.  
   **Not Met.**

3. **Publication type: Conference proceedings, abstracts, posters, correspondence**  
   - The study is presented as original research and not a conference proceeding or similar form.  
   **Not Met.**

4. **Study design: In-vitro studies only (no human or animal component)**  
   - The study involves human subjects and does not solely focus on in-vitro studies.  
   **Not Met.**

5. **Study design: Solely animal studies AND animal studies that do not report transmission parameters ...**  
   - There are no animal studies involved.  
   **Not Met.**

6. **Outbreak type: Accidental laboratory outbreaks (not natural disease transmission)**  
   - This criterion is irrelevant as the study does not focus on outbreak types.  
   **Not Met.**

**Conclusion:**
The study meets all inclusion criteria and does not meet any exclusion criteria, as it is relevant to stroke management and reports on significant clinical outcomes related to acute ischemic stroke.

Thus, the decision is:
<decision>INCLUDE</decision>",INCLUDE,True,2026-08-06T00:58:44.666397
PMID_42531182,PubMed,42531182,PMC12852599,10.12659/ajcr.951348,"Management of Shamblin Type III Carotid Body Tumor With Preoperative Embolization, Surgical Resection, and Rescue Endovascular Stroke Treatment: A Case Report.","Proczka, Michal S; Kaszczewski, Piotr; Sajdek, Michał M; Maciąg, Amelia; Maciąg, Rafał; Nawrot, Ireneusz; Gałązka, Zbigniew",The American journal of case reports,2026,"BACKGROUND This report describes the case of a 51-year-old woman with a history of transient ischemic attack and a diagnosis of a large Shamblin type III carotid body tumor (CBT) encasing the carotid artery. The CBT was managed by preoperative embolization and surgical resection, which was complicated by postoperative stroke and arterial damage requiring surgical repair. CBTs are usually slow-growing, pulsatile cervical tumors that can cause clinical symptoms secondary to catecholamine secretion in functional lesions or symptoms related to compression of adjacent structures in nonfunctional lesions. CASE REPORT The patient was diagnosed with CBT. Ten months prior, she had a transient ischemic attack with left-sided temporary hemiparesis. The surgical excision of the CBT was preceded by endovascular embolization. Despite this, significant bleeding occurred intraoperatively. The complete excision of the CBT was complicated by damage of the common carotid artery, with repair requiring temporal shunting. Two hours after surgery, the patient showed weakness of the left side of the body. Dissection of the right common and internal carotid arteries, occlusion of the external carotid artery, and a thrombus at the bifurcation of the right middle cerebral artery were identified on computed tomography. A successful endovascular intervention with stent implantation and mechanical thrombectomy was performed. Postoperatively, a slight face asymmetry and mild deterioration of upper limb mobility were observed, which resolved completely following successful rehabilitation. CONCLUSIONS Despite having a low incidence, CBTs remain a serious therapeutic problem. An interdisciplinary approach and availability of different specialties is key to successful treatment of complex CBTs.",https://pubmed.ncbi.nlm.nih.gov/42531182/,,,stroke,(Stroke[MeSH] OR stroke[tiab] OR brain ischemia[tiab] OR cerebrovascular[tiab]) AND (treatment[tiab] OR intervention[tiab] OR therapy[tiab]),2026-08-05T18:00:54+00:00,,,,,,"To evaluate whether to include or exclude the provided abstract titled ""Management of Shamblin Type III Carotid Body Tumor With Preoperative Embolization, Surgical Resection, and Rescue Endovascular Stroke Treatment: A Case Report,"" we will systematically review it against the inclusion and exclusion criteria.

### Inclusion Criteria
1. **Pathogen: Must be about Stroke**
   - The study pertains to stroke, specifically mentioning a postoperative stroke resulting from surgical intervention for a carotid body tumor. **(Met)**
   
2. **Language: English only**
   - The abstract is written in English. **(Met)**
   
3. **Study type: Peer-reviewed, original research (note systematic reviews/meta-analyses for special consideration)**
   - This is a case report, and while case reports are not usually considered high-tier research, the content may still be valuable for understanding clinical outcomes related to stroke. However, it's not a randomised controlled trial or systematic review. **(Partially Met)**
   
4. **Population: Human subjects**
   - The study involves a human subject—specifically a 51-year-old woman. **(Met)**
   
5. **Content: Must contain AT LEAST ONE of:**
   - The abstract discusses stroke (a clinical outcome post-surgery) and mentions rehabilitation outcomes. The report describes deterioration and subsequent recovery of mobility, which relates to functional outcomes. **(Met)**

### Exclusion Criteria
1. **Pathogen: Not about Stroke (exclude studies on other pathogens)**
   - This study is about stroke, thus does not fall within this exclusion criterion. **(Not applicable)**
   
2. **Language: Non-English**
   - The abstract is in English. **(Not applicable)**
   
3. **Publication type: Conference proceedings, abstracts, posters, correspondence**
   - Since this is a case report, it aligns with original research rather than being a conference proceeding or similar. **(Not applicable)**
   
4. **Study design: In-vitro studies only (no human or animal component)**
   - The study involves human intervention, so this does not apply. **(Not applicable)**
   
5. **Study design: Solely animal studies AND animal studies that do not report transmission parameters**
   - Again, this is not an animal study. **(Not applicable)**
   
6. **Outbreak type: Accidental laboratory outbreaks (not natural disease transmission)**
   - This is not relevant as it pertains to a clinical case rather than an outbreak. **(Not applicable)**

### Conclusion
The abstract presents a clinical case related to stroke, includes relevant functional outcome measures, and involves human subjects. Although it is a case report and the methodology is less rigorous than RCTs or systematic reviews, it does furnish valuable insights into outcomes and interventions pertinent to stroke management. 

Based on the evaluation, the study meets enough of the inclusion criteria without crossing any exclusion criteria resulting in significant concern.

<decision>INCLUDE</decision>",INCLUDE,True,2026-08-06T00:58:44.666450
PMID_42530894,PubMed,42530894,,10.1177/10538135261472484,Effect of Visual Modification by Video See-Through Augmented Reality with REHA-Glasses on Postural Verticality in Individuals with Post-Stroke Lateropulsion.,"Yokota, Chiaki; Kamada, Masatoshi; Liu, Hailong; Omae, Katsuhiro; Doda, Daishi; Shioiri, Kanta; Shimano, Katsuaki; Wada, Takahiro; Ito, Koichi",NeuroRehabilitation,2026,"ObjectivesTo examine whether post-stroke lateropulsion can be corrected to the upright position by wearing REHA-glasses, which provide the wearer with front-view images rotated based on body tilt.MethodsA prospective, open-label, single-arm, exploratory, interventional study for individuals with first-ever acute stroke and spontaneous body posture rated ≥ 0.75 on the Scale for Contraversive Pushing (SCP) was conducted in a single center in Japan. The intervention was performed by three physical therapists who understood the study protocol. When the participants wore REHA-glasses, the therapist rotated the visual field of view with the intent of moving the participants' position to an upright stance. Differences in assessment between therapists were resolved by mutual agreement. The primary outcome was the change in the total SCP score between the pre-wearing and wearing periods. Adverse events included falling, cybersickness symptoms, deterioration of neurological symptoms, and mechanical problems.ResultsTwenty-four participants (mean 67.6 years) were enrolled. The total SCP score was lower during wearing than during pre-wearing: mean 0.62 (standard deviation: 0.96) vs. 2.26 (1.13); median 0.1 (interquartile range: 0-0.9) vs. 2.0 (1.3-2.5); mean difference 1.64 (95% confidence interval: 1.29-1.97), respectively, p < 0.001, Cohen's dz = 2.04. Mechanical problems, due to damage to the connection port of the headset, was the only adverse event, which did not endanger the participants' safety.ConclusionsPost-stroke lateropulsion was improved by modulating visual input using REHA-glasses.",https://pubmed.ncbi.nlm.nih.gov/42530894/,,,stroke,(Stroke[MeSH] OR stroke[tiab] OR brain ischemia[tiab] OR cerebrovascular[tiab]) AND (treatment[tiab] OR intervention[tiab] OR therapy[tiab]),2026-08-05T18:00:54+00:00,,,,,,"To assess whether the study should be included in the systematic review on Stroke, we will carefully evaluate it against both the inclusion and exclusion criteria.

### Inclusion Criteria Evaluation
1. **Pathogen**: The study is about Stroke.
   - **Met**: Yes, it is focused on post-stroke lateropulsion.
  
2. **Language**: The abstract is in English.
   - **Met**: Yes.

3. **Study type**: The study is peer-reviewed original research.
   - **Met**: Yes, it describes a prospective interventional study.

4. **Population**: The study involves human subjects with a history of stroke.
   - **Met**: Yes, it focuses on individuals with first-ever acute stroke.

5. **Content**: The study discusses the effect of visual modification on postural verticality, and it reports an outcome measure (SCP score).
   - **Met**: Yes, it provides quantitative details on changes in the total SCP score which relate to functional outcomes.

### Exclusion Criteria Evaluation
1. **Pathogen**: The study is about Stroke.
   - **Not Met**: No exclusion based on pathogen.

2. **Language**: The abstract is in English.
   - **Not Met**: No exclusion on language.

3. **Publication type**: The abstract is not a conference proceeding, poster, or correspondence.
   - **Not Met**: No exclusion based on publication type.

4. **Study design**: The study involves human subjects and is not in-vitro only.
   - **Not Met**: No exclusion based on study design.

5. **Study design**: The study is not solely animal studies.
   - **Not Met**: No exclusion based on animal studies.

6. **Outbreak type**: The study does not deal with laboratory outbreaks.
   - **Not Met**: No exclusion based on outbreak type.

### Conclusion
The study meets all inclusion criteria and does not meet any exclusion criteria. Thus, it should be included in the systematic review.

<decision>INCLUDE</decision>",INCLUDE,True,2026-08-06T00:58:44.666503
PMID_42530688,PubMed,42530688,PMC6082705,10.1038/s41591-018-0092-9,A review of animal models of vascular dementia.,"Song, Yuanyu; Chen, Yinghua",Molecular biology reports,2026,"Vascular dementia (VD) is characterized by the presence of cerebrovascular lesions, specifically hemorrhagic or ischemic lesions within the brain parenchyma, with ischemic lesions being more prevalent. The resultant progressive decline in cognitive abilities and memory poses a significant challenge to public health and quality of life. Consequently, a growing number of researchers have focused on exploring the pathogenesis, prevention, and treatment strategies for VD. The establishment of suitable animal models for investigating the underlying mechanisms of VD treatment and assessing therapeutic efficacy has emerged as a focal point in this area of research. This review systematically compares the construction methods, pathological features, and behavioral phenotypes of classical and modified VD animal models, while analyzing their respective advantages and limitations. Key obstacles to clinical translation presented by the existing models are highlighted, including species differences, behavioral confounding factors, and issues related to methodological reproducibility. Furthermore, this article offers a reference framework for model selection based on various research objectives, aimed at enhancing the translational value of preclinical VD investigations.",https://pubmed.ncbi.nlm.nih.gov/42530688/,,,stroke,(Stroke[MeSH] OR stroke[tiab] OR brain ischemia[tiab] OR cerebrovascular[tiab]) AND (treatment[tiab] OR intervention[tiab] OR therapy[tiab]),2026-08-05T18:00:54+00:00,,,,,,"To determine whether the abstract should be included in the systematic review on Stroke, we will evaluate it against the outlined inclusion and exclusion criteria.

## Inclusion Criteria
1. **Pathogen: Must be about Stroke**
   - The abstract discusses vascular dementia (VD), which is a neurocognitive disorder rather than a stroke. While VD may be associated with cerebrovascular issues, it does not specifically focus on stroke itself.
   - **Result: Not met**
  
2. **Language: English only**
   - The abstract is in English.
   - **Result: Met**

3. **Study type: Peer-reviewed, original research (note systematic reviews/meta-analyses for special consideration)**
   - The abstract describes a review of animal models, indicating it is a review and not original research or a systematic review/meta-analysis focusing on human stroke studies.
   - **Result: Not met**

4. **Population: Human subjects**
   - The focus of the study is on animal models, not human subjects.
   - **Result: Not met**

5. **Content: Must contain AT LEAST ONE of the specified criteria**
   - The content of the abstract does not contain any quantitative details or measures related to stroke, its transmission parameters, or the other specified criteria.
   - **Result: Not met**

## Exclusion Criteria
1. **Pathogen: Not about Stroke**
   - The study is about vascular dementia, which is not explicitly about stroke.
   - **Result: Excluded**

2. **Language: Non-English**
   - The abstract is in English.
   - **Result: Not met**

3. **Publication type: Conference proceedings, abstracts, posters, correspondence**
   - The type of publication is not specified in this excerpt, but the abstract indicates a review rather than original research.
   - **Result: Not met**

4. **Study design: In-vitro studies only (no human or animal component)**
   - The study involves animal models; hence, this criterion is not applicable.
   - **Result: Not met**

5. **Study design: Solely animal studies AND animal studies that do not report transmission parameters**
   - The study discusses animal models and does not pertain to human subjects, nor does it address parameters relevant to stroke.
   - **Result: Excluded**

6. **Outbreak type: Accidental laboratory outbreaks (not natural disease transmission)**
   - This criterion is not relevant to the content of the abstract.
   - **Result: Not applicable**

Considering the assessment above, the abstract does not meet the necessary inclusion criteria for the systematic review and falls under exclusion criteria because it primarily discusses a condition (vascular dementia) that is not classified directly as stroke.

<decision>EXCLUDE</decision>",EXCLUDE,False,2026-08-06T00:58:44.666553
PMID_42529831,PubMed,42529831,,10.1161/strokeaha.126.055940,Myeloid Cell-Specific Retinoid X Receptor Signaling Facilitates White Matter Repair and Stroke Recovery in Aged Mice.,"Lyu, Junxuan; Hassan, Sulaiman; Zhang, Wenting; Wu, Wan-Chen; Chen, Huaijun; Zhang, Feng; Ye, Qing; Li, Sicheng; Wu, Yun; Pu, Hongjian; Stetler, R Anne; Hu, Xiaoming; Leak, Rehana K; Shi, Yejie; Chen, Jun",Stroke,2026,"BACKGROUND: As stroke is the leading cause of long-term disability in the elderly, effective pharmacological therapies for neurorestoration remain an unmet clinical need. RXR (retinoid X receptor) signaling regulates inflammation and tissue repair, but the downstream repair processes linking RXR activation to stroke recovery in the aged central nervous system remain incompletely defined. We used aged mice to test the hypotheses that (1) pharmacological RXR stimulation with the brain-penetrant pan-RXR agonist bexarotene boosts poststroke recovery and (2) myeloid cell-specific RXR signaling facilitates white matter repair and underlies the therapeutic effects of bexarotene.
METHODS: Permanent focal cerebral ischemia was induced in 18- to 22-month-old C57BL/6 male and female mice by distal middle cerebral artery occlusion. Pharmacological RXR activation and genetic ablation were achieved by poststroke bexarotene administration and generation of myeloid cell-specific RXR conditional knockout mice, respectively. Functional (sensorimotor and cognitive performance) and structural measures of central nervous system recovery were assessed up to 35 days after stroke.
RESULTS: Poststroke treatment with bexarotene (5-10 mg/kg) improved sensorimotor performance in the rotarod, foot fault, and adhesive removal tests and alleviated cognitive deficits in the Morris water maze and passive avoidance tests. Bexarotene improved white matter integrity at 35 days after distal middle cerebral artery occlusion, without impacting white matter at 3 days or preventing gray matter atrophy at chronic injury stages. Bexarotene also suppressed immune cell infiltration and proinflammatory cytokine production, enhanced inflammation-resolving efferocytosis, promoted long-term oligodendrogenesis and angiogenesis, and fostered a prorepair central nervous system microenvironment. Accordingly, stroke outcomes were markedly worsened in aged RXR conditional knockout mice compared with age-matched wild-type mice, and the functional and white matter benefits of bexarotene were blocked in RXR conditional knockout mice.
CONCLUSIONS: Myeloid RXR signaling promotes long-term stroke recovery in aged mice of both sexes and engages anti-inflammatory and prorepair mechanisms. Bexarotene warrants further evaluation as a potential neurorestorative therapy for stroke.",https://pubmed.ncbi.nlm.nih.gov/42529831/,,,stroke,(Stroke[MeSH] OR stroke[tiab] OR brain ischemia[tiab] OR cerebrovascular[tiab]) AND (treatment[tiab] OR intervention[tiab] OR therapy[tiab]),2026-08-05T18:00:54+00:00,,,,,,"To screen the abstract for inclusion in the systematic review on Stroke, we will evaluate it against the inclusion and exclusion criteria methodically.

### Inclusion Criteria

1. **Pathogen**: The study is about Stroke, which is our primary focus. **(Met)**
2. **Language**: The abstract is in English. **(Met)**
3. **Study type**: The study involves original research with a detailed methodology and results. However, it involves animal models (aged mice), not human subjects. **(Not Met)**
4. **Population**: The study only includes aged mice, which does not meet our inclusion criterion that specifies human subjects. **(Not Met)**
5. **Content**: Although the study provides functional outcomes (such as sensorimotor performance), it does not meet the criterion since it does not involve human subjects. **(Not Met)**

### Exclusion Criteria

1. **Pathogen**: The study is about Stroke. **(Not Applicable)**
2. **Language**: The study is in English. **(Not Applicable)**
3. **Publication type**: The abstract is presumably from a peer-reviewed study, given that it reports findings and methodologies. **(Not Applicable)**
4. **Study design**: The study is based on animal research only and does not involve human subjects. **(Applies - Excluded)**
5. **Study design**: The study involves solely animal studies and thus does not fulfill our inclusion requirement for human subjects. **(Applies - Excluded)**
6. **Outbreak type**: Not applicable as it does not concern any outbreak or transmission of disease. **(Not Applicable)**

### Conclusion
The key factors leading to exclusion are that the study only involves animal models (aged mice) and does not meet the inclusion criteria requiring human subjects as a population for the systematic review.

Thus, after thorough consideration of the set criteria, I conclude:

<decision>EXCLUDE</decision>",EXCLUDE,False,2026-08-06T00:58:44.666604
PMID_42529513,PubMed,42529513,PMC11973529,10.5551/jat.64984,Diagnostic value of cardiovascular biomarkers for cerebral-cardiac syndrome risk in acute ischemic stroke.,"Liu, Zegang; Zhao, Ying; Wang, Mei; Li, Chenwei; Zhu, Xurong; Wang, Peirui; Wang, Ke",Frontiers in medicine,2026,"BACKGROUND: Cerebral-cardiac syndrome (CCS) is a complication commonly observed following an ischemic stroke, which results in increased morbidity and mortality. Timely diagnosis of CCS is of prognostic significance. This study investigates the significance of multiple cardiovascular biomarkers for CCS in patients with acute ischemic stroke (AIS).
METHODS: This study retrospectively analyzed 177 patients with AIS admitted to Yongchuan People's Hospital of Chongqing from March 2022 to March 2023. Plasma levels of BNP (B-type natriuretic peptide), cTnI (cardiac Troponin I), Myo (myoglobin), CK-MB (creatine kinase isoenzyme), D-Dimer (DD), FDP (fibrin degradation product), and CRP (C-reactive protein) were measured. Multivariable Firth's penalized logistic regression was used to identify independent risk factors for CCS, and receiver operating characteristic analysis and bootstrap validation were performed to evaluate the diagnostic performance.
RESULTS: CCS occurred in 97 patients (54.8%). BNP, DD, cTnI, Myo, and CK-MB were significantly elevated in the CCS group compared to the non-CCS group (all p < 0.001). After adjustment for covariates, age (OR = 1.047, p = 0.036), BNP (OR = 1.028, p < 0.001), and Myo (OR = 1.003, p = 0.048) remained as independent risk factors. The combined model incorporating age, BNP, and Myo yielded an area under the curve of 0.945 (95% CI: 0.914-0.977), with bootstrap-adjusted AUC = 0.941, indicating excellent discriminatory ability of the model and strong concordance with the clinical diagnosis.
CONCLUSION: Age, BNP, and Myo constitute a robust diagnostic model for the early identification of CCS in AIS patients. This panel may facilitate timely risk stratification and intervention in the clinical management of CCS.",https://pubmed.ncbi.nlm.nih.gov/42529513/,,,stroke,(Stroke[MeSH] OR stroke[tiab] OR brain ischemia[tiab] OR cerebrovascular[tiab]) AND (treatment[tiab] OR intervention[tiab] OR therapy[tiab]),2026-08-05T18:00:54+00:00,,,,,,"Let's assess the abstract against the predefined inclusion and exclusion criteria step by step.

### Inclusion Criteria
1. **Pathogen: Must be about Stroke**
   - The study explicitly focuses on acute ischemic stroke (AIS), thus meeting this criterion.
   
2. **Language: English only**
   - The abstract is written in English, so it satisfies this criterion.

3. **Study type: Peer-reviewed, original research (note systematic reviews/meta-analyses for special consideration)**
   - The abstract mentions a retrospective study of patients, suggesting it is original research and presumably peer-reviewed, which aligns with the requirement.

4. **Population: Human subjects (animal studies acceptable if reporting specific parameters)**
   - The study involves human patients with acute ischemic stroke, fulfilling this criterion.

5. **Content: Must contain AT LEAST ONE of:**
   - a) Quantitative details of concluded/ongoing human outbreak (size, year, location, duration, spatial scale)
     - Not applicable; it is not an outbreak.
   - b) Mathematical or statistical model of disease transmission
     - Not applicable; the study focuses on diagnostic models.
   - c) Measures/estimates of transmission parameters
     - Not applicable as this is not about infectious disease transmission.
   - d) Measures/estimates of timing parameters
     - Not applicable.
   - e) Measures/estimates of severity
     - The study discusses morbidity and mortality related to CCS, which might be relevant.
   - f) Measures/estimates of genetic evolution
     - Not applicable.
   - g) Measures of overdispersion or superspreading
     - Not applicable.
   - h) Seroprevalence data or serological surveys
     - Not applicable.
   - i) Risk factors for infection, severe disease, death, or hospitalization (with statistical measures)
     - This is satisfied as the study identifies independent risk factors for CCS with statistical measures (OR values).
   - j) Measures/estimates of vector parameters
     - Not applicable.

The key insight is that while the study does not focus on classic infectious disease parameters, it provides relevant clinical insights about stroke and risk factors for complications, particularly for CCS.

### Exclusion Criteria
1. **Pathogen: Not about Stroke (exclude studies on other pathogens)**
   - The study is about stroke, so this does not apply.

2. **Language: Non-English**
   - The abstract is in English, so this does not apply.

3. **Publication type: Conference proceedings, abstracts, posters, correspondence**
   - The abstract appears to be a summary of an original research article. If this were an abstract for a conference, it could potentially be excluded, but it's more likely to be from a peer-reviewed source.

4. **Study design: In-vitro studies only (no human or animal component)**
   - The study involves human patients, so this does not apply.

5. **Study design: Solely animal studies AND animal studies that do not report transmission parameters**
   - Not applicable as the study involves humans.

6. **Outbreak type: Accidental laboratory outbreaks (not natural disease transmission)**
   - Not applicable.

### Conclusion
Based on the above analysis, the study meets the inclusion criteria related to the population (human subjects), intervention (biomarkers for CCS after stroke), and relevant clinical outcomes (risk factors for CCS and diagnostic metrics). It does not clearly meet the exclusion criteria either. 

Therefore, despite the study focusing on biomarkers, which is tangentially related rather than directly addressing stroke rehabilitation interventions or outcomes, its focus on stroke-related complications and risk factors is significant for our systematic review.

<decision>INCLUDE</decision>",INCLUDE,True,2026-08-06T00:58:44.666655
PMID_42222637,EuropePMC,42222637,PMC13221690,10.7759/cureus.109913,Non-ST-Segment Elevation Myocardial Infarction (NSTEMI) in a High-Risk Rheumatoid Arthritis Patient on Long-Term Baricitinib: Drug Signal or Risk Factor Convergence?,"Alghaithi AD, Alnaqbi KA.",,2026,"Rheumatoid arthritis (RA) is associated with increased cardiovascular (CV) morbidity and mortality, partly related to chronic systemic inflammation and accelerated atherosclerosis. Janus kinase (JAK) inhibitors, including baricitinib, are effective targeted therapies for RA, but their use in older patients and those with baseline CV risk factors requires careful risk assessment. We report a clinically detailed case of non-ST-elevation myocardial infarction (NSTEMI) during long-term baricitinib therapy and use it to discuss real-world CV risk stratification, monitoring, and pharmacovigilance in patients with RA receiving JAK inhibitors. A 77-year-old Omani woman with seropositive erosive RA since age 69 (Month 0), poorly controlled type 2 diabetes mellitus, well-controlled hypertension, well-controlled hyperlipidemia, obesity, and family history of myocardial infarction was treated with baricitinib 4 mg daily (Month 47) after inadequate response to previous disease-modifying antirheumatic drugs. Her RA remained in sustained remission for approximately 33 months on baricitinib and methotrexate. A cardiac evaluation performed five years earlier, including echocardiography and dobutamine stress testing, had not shown evidence of inducible ischemia or structural heart disease at that time. She subsequently developed sudden chest pain during physiotherapy, was diagnosed with NSTEMI (Month 79), and underwent percutaneous coronary intervention for severe calcified coronary artery disease with critical left anterior descending and diagonal branch stenoses. Baricitinib was discontinued at Month 80, and she remained in RA remission on methotrexate alone without recurrent CV events through her most recent follow-up (Month 108). A comprehensive literature review using MEDLINE/PubMed, Scopus, EMBASE, and Google Scholar identified only three relevant cases describing NSTEMI during baricitinib therapy in RA, but they lacked sufficient clinical detail for meaningful comparison. Naranjo adverse drug reaction probability scale supports a possible association. This case highlights the need for structured CV risk reassessment, shared decision-making, and pharmacovigilance during long-term JAK inhibitor therapy in high-risk patients with RA.",https://pubmed.ncbi.nlm.nih.gov/42222637/,,https://europepmc.org/articles/PMC13221690?pdf=render,stroke,(Stroke[MeSH] OR stroke[tiab] OR brain ischemia[tiab] OR cerebrovascular[tiab]) AND (treatment[tiab] OR intervention[tiab] OR therapy[tiab]),2026-08-05T18:00:54+00:00,,,,,,"To determine whether to include or exclude the study based on the predefined criteria for the systematic review on *Stroke*, we will evaluate the abstract against both the inclusion and exclusion criteria step by step.

### Inclusion Criteria Assessment
1. **Pathogen: Must be about Stroke**
   - The abstract discusses a case of non-ST-elevation myocardial infarction (NSTEMI) in a patient with rheumatoid arthritis, which is unrelated to stroke. **Not met.** 

2. **Language: English only**
   - The abstract is in English. **Met.**

3. **Study type: Peer-reviewed, original research (note systematic reviews/meta-analyses for special consideration)**
   - While the abstract suggests a detailed case report, it doesn't confirm whether it is part of a peer-reviewed journal. This criterion can be ambiguous without access to the journal context, but based on the content, it seems more like a case report rather than a robust original research study. **Uncertain/Not sufficiently clear.**

4. **Population: Human subjects**
   - The study involves human subjects (a 77-year-old woman). **Met.**

5. **Content: Must contain AT LEAST ONE of:**
   - The summary lacks any reference to stroke or relevant outcome measures associated with stroke (like mRS, Barthel Index, NIHSS). There’s no data supporting the study's relevance to stroke or functional outcomes from stroke. **Not met.**

### Exclusion Criteria Assessment
1. **Pathogen: Not about Stroke (exclude studies on other pathogens)**
   - The study is about NSTEMI, not stroke. **Exclude.**

2. **Language: Non-English**
   - The abstract is in English. **Not applicable.**

3. **Publication type: Conference proceedings, abstracts, posters, correspondence**
   - The abstract appears to be a standalone summary of a case, fitting under ""abstract"" since it lacks comprehensive detail. This limits its inclusion in a systematic review of clinical evidence. **Exclude.**

4. **Study design: In-vitro studies only (no human or animal component)**
   - This point is not applicable as the study involves a human patient. **Not applicable.**

5. **Study design: Solely animal studies AND animal studies that do not report transmission parameters (R0, Rt, Re, r, growth rate, mutation rate)**
   - This point is not applicable as the study involves humans. **Not applicable.**

6. **Outbreak type: Accidental laboratory outbreaks (not natural disease transmission)**
   - This point does not apply to the context of the abstract. **Not applicable.**

### Summary
After evaluating the abstract against the inclusion and exclusion criteria, the primary reason for exclusion stems from the fact that it does not relate to stroke, as it focuses on NSTEMI rather than any form of stroke (ischaemic or haemorrhagic). This completely eliminates the paper’s eligibility based on the first exclusion criterion.

Thus, the final decision is:

<decision>EXCLUDE</decision>",EXCLUDE,False,2026-08-06T00:58:44.666707
PMID_41536190,EuropePMC,41536190,PMC13155221,10.11124/jbies-25-00112,Effectiveness of various dosage parameters of Wii Fit Plus exergames for enhancing balance and postural control among people post-stroke: a systematic review protocol.,"Pratihar S, Rajasekaran K, Janakiraman B.",,2026,"<h4>Objective</h4>The objective of this review is to synthesize the evidence on the effectiveness of various dosage parameters (session duration, frequency, and total intervention period), including their potential dose-response impact (if meta-analysis is feasible), on postural control and balance using Wii Fit Plus balance exergaming in patients post-stroke.<h4>Introduction</h4>Wii Fit Plus is an innovative exergaming tool that consists of interactive standing balance exercises to improve balance and postural control in patients with stroke. However, the optimal treatment effects and dosage response for achieving these outcomes remain unclear.<h4>Eligibility criteria</h4>This review will consider randomized controlled trials, quasi-experimental studies, and other types of experimental studies evaluating preliminary efficacy or effectiveness of Wii Fit Plus balance exergames for adults and older adults post-stroke. The comparators will include standard-care physiotherapy and alternative exergaming interventions. The outcomes of interest will be postural control and balance, quality of life, functional independence, gait performance, and functional mobility.<h4>Methods</h4>A systematic search will be conducted across PubMed, Embase, Scopus, PEDro, Web of Science, and CINAHL (EBSCOhost) for studies published from 2010 onward. The review will follow the JBI methodology for systematic reviews of effectiveness. Study selection, data extraction, and critical appraisal will be independently performed by 2 reviewers. Dose-response meta-analysis using a random effects model will be used to estimate pooled effect size, with subgroup analyses exploring dosing variations. If meta-analysis is not feasible, a narrative synthesis will be conducted. The overall strength of the evidence will be determined using the Grading of Recommendations, Assessment, Development and Evaluation (GRADE) approach.<h4>Review registration</h4>PROSPERO CRD42025641558.",https://pubmed.ncbi.nlm.nih.gov/41536190/,,https://europepmc.org/articles/PMC13155221?pdf=render,stroke,(Stroke[MeSH] OR stroke[tiab] OR brain ischemia[tiab] OR cerebrovascular[tiab]) AND (treatment[tiab] OR intervention[tiab] OR therapy[tiab]),2026-08-05T18:00:54+00:00,,,,,,"Let's assess the provided abstract against the predefined inclusion and exclusion criteria step by step.

### Inclusion Criteria
1. **Pathogen**: The abstract is about Stroke. **(Met)**
2. **Language**: The abstract is in English. **(Met)**
3. **Study type**: It is a systematic review protocol, which hints at original research potential (note: systematic reviews are considered for special consideration). **(Met)**
4. **Population**: The abstract discusses adults and older adults post-stroke, which fits the requirement for human subjects with confirmed stroke. **(Met)**
5. **Content**: The outcomes of interest include postural control and balance, which are relevant to functional outcomes, but they do not explicitly mention mRS, Barthel Index, or NIHSS. However, the context of functional outcomes related to stroke is implied. **(Partially Met)**

### Exclusion Criteria
1. **Pathogen**: The study is directly related to Stroke. **(Not applicable)**
2. **Language**: The abstract is in English. **(Not applicable)**
3. **Publication type**: It is a systematic review protocol, not a conference proceeding, abstract, or poster. **(Not applicable)**
4. **Study design**: It involves human subjects as it discusses post-stroke patients. **(Not applicable)**
5. **Study design**: It is not solely an animal study. **(Not applicable)**
6. **Outbreak type**: Not applicable as it doesn't pertain to accidental laboratory outbreaks or disease transmission. **(Not applicable)**

### Conclusion
While the study has strong relevance concerning stroke and discusses functional outcomes that can be associated with the aims of this systematic review, its explicit mention of outcome measures like mRS, Barthel Index, or NIHSS is lacking. Due to this, the study does not entirely meet the inclusion criteria, specifically on functional outcomes.

Given that explicit outcome measures related to stroke are not fully addressed in the abstract, we will conclude with the following decision:

<decision>EXCLUDE</decision>",EXCLUDE,False,2026-08-06T00:58:44.666760
PMID_42333325,EuropePMC,42333325,PMC13283347,10.7759/cureus.109425,Assessment of the Effectiveness of Early Versus Delayed Invasive Strategies in Non-ST Elevation Myocardial Infarction (NSTEMI): A Systematic Review and Meta-Analysis.,"Kamble A, Revunuru NR, Rangachari B, Bharat Patel V, Ullah I, Ahmed Z.",,2026,"In recent years, early invasive strategies for non-ST-elevation myocardial infarction (NSTEMI) have been increasingly studied as a means of promptly identifying and treating culprit coronary lesions. However, the optimal timing of invasive management remains uncertain, particularly because most available evidence is derived from developed or high-resource healthcare settings. This systematic review and meta-analysis compared early vs. delayed invasive strategies in adults with NSTEMI for major adverse cardiovascular events and key secondary outcomes. A Population, Intervention, Comparison, Outcome framework guided eligibility criteria, and relevant studies were identified through PubMed/MEDLINE, Cochrane, and Embase. Preferred Reporting Items for Systematic Review and Meta-Analysis guidelines were followed, and quantifiable outcomes were analyzed using RevMan v5.4.1 (The Cochrane Collaboration, London, UK). Ten studies were included. Overall, five of 10 studies reported significant benefits favoring early or immediate invasive strategies, four found no significant benefit in adjusted or long-term analyses, and one reported increased adverse events with early intervention. Meta-analysis showed that early intervention significantly reduced all-cause mortality (risk ratio (RR) = 0.68, 95% confidence interval (CI): 0.61-0.76, p < 0.00001) and rehospitalization due to heart failure (RR = 0.41, 95% CI: 0.29-0.58, p < 0.0001). However, no significant benefit was observed for nonfatal acute myocardial infarction (RR = 0.62, 95% CI: 0.18-2.11, p = 0.45) or cardiovascular death at five years (RR = 0.99, 95% CI: 0.66-1.48, p = 0.94). Early invasive intervention within 24 hours may improve selected NSTEMI outcomes, especially mortality and heart-failure rehospitalization. However, because the included studies were predominantly from developed countries, these findings may not be directly applicable to low-resource settings where catheterization facilities, specialists, and rapid referral systems are limited. Further evidence from low- and middle-income regions is needed.",https://pubmed.ncbi.nlm.nih.gov/42333325/,,https://europepmc.org/articles/PMC13283347?pdf=render,stroke,(Stroke[MeSH] OR stroke[tiab] OR brain ischemia[tiab] OR cerebrovascular[tiab]) AND (treatment[tiab] OR intervention[tiab] OR therapy[tiab]),2026-08-05T18:00:54+00:00,,,,,,"To assess whether the paper should be included in the systematic review on Stroke, I will evaluate it against the predefined inclusion and exclusion criteria step by step.

## Inclusion Criteria
1. **Pathogen:** The study is not about Stroke; it focuses on non-ST-elevation myocardial infarction (NSTEMI). This criterion is not met.
   
2. **Language:** The abstract is in English. This criterion is met.

3. **Study type:** This is a systematic review and meta-analysis. It falls under the special consideration for systematic reviews. This criterion is met.

4. **Population:** The study involves adults with NSTEMI. However, it does not involve patients with confirmed ischaemic or haemorrhagic stroke. This criterion is not met.

5. **Content:** The study discusses major adverse cardiovascular events but does not provide information on stroke-related outcomes or interventions. This criterion is not met.

Since the first and fourth inclusion criteria are not met, the study does not qualify for inclusion in the systematic review.

## Exclusion Criteria
1. **Pathogen:** The study is not about Stroke. This criterion applies, and the study should be excluded.
   
2. **Language:** The abstract is in English. This criterion does not apply for exclusion.

3. **Publication type:** The study is a systematic review and meta-analysis, meaning it is eligible for consideration despite being a review. This criterion does not apply for exclusion.

4. **Study design:** The study is not an in-vitro study and involves human subjects. This criterion does not apply for exclusion.

5. **Study design:** The study is not solely animal studies; it discusses human subjects. This criterion does not apply for exclusion.

6. **Outbreak type:** Not applicable as this criterion addresses laboratory outbreaks related to infectious diseases.

Since the study clearly falls under the first exclusion criterion (not about Stroke), it warrants exclusion from the systematic review.

Based on the above evaluation, the conclusion is:

<decision>EXCLUDE</decision>",EXCLUDE,False,2026-08-06T00:58:44.666812
PMID_41745384,EuropePMC,41745384,PMC12941452,10.3390/jpm16020092,Deep Biological Clocks in Critical Care Medicine: A Scoping Review Toward Translational Precision Care.,"Cheyne I, Voinič M, Radaideh T, Daher A, Niezgoda J, Romanowska MA, Mikaszewska-Sokolewicz M.",,2026,"<b>Background</b>: Outcomes after critical illness vary markedly despite similar diagnoses and severity scores, underscoring the limitations of chronological age and conventional Intensive Care Unit (ICU) prognostic tools. Personalization of critical care is increasingly essential to improve not only short-term survival but also long-term post-discharge outcomes. Biological aging clocks provide a quantitative framework to capture physiological reserve, immune competence, and vulnerability to stress. <b>Methods</b>: We conducted a scoping review of original human studies published between January 2015 and October 2025 that evaluated biological aging biomarkers in adult ICU populations. PubMed/MEDLINE, Scopus, Web of Science, and Embase were searched, with backward citation screening. <b>Results</b>: Across epigenetic, telomere-based, cfDNA, proteomic, metabolomic, and phenotypic aging measures, accelerated biological aging was consistently associated with increased mortality, organ dysfunction, and post-ICU vulnerability. Despite substantial methodological heterogeneity, a convergent signal emerged linking inflammation-weighted and stress-responsive deep biological clocks to clinically meaningful outcomes in critically ill patients. <b>Conclusions</b>: Biological aging biomarkers represent a mechanistically grounded approach to personalized prognostication in critical care. From a translational perspective, deep biological clocks hold promise for personalized risk stratification, prognostication, and the identification of high-risk recovery phenotypes, although prospective validation and implementation studies are required.",https://pubmed.ncbi.nlm.nih.gov/41745384/,,https://europepmc.org/articles/PMC12941452?pdf=render,stroke,(Stroke[MeSH] OR stroke[tiab] OR brain ischemia[tiab] OR cerebrovascular[tiab]) AND (treatment[tiab] OR intervention[tiab] OR therapy[tiab]),2026-08-05T18:00:54+00:00,,,,,,"Let's evaluate the abstract against the inclusion and exclusion criteria outlined above.

### Inclusion Criteria Assessment:
1. **Pathogen: Must be about Stroke**
   - The study does not focus on stroke but rather on biological aging in critically ill patients. **Not met.**

2. **Language: English only**
   - The abstract is in English. **Met.**

3. **Study type: Peer-reviewed, original research (note systematic reviews/meta-analyses for special consideration)**
   - The abstract indicates it's a scoping review of original research. **Met.**

4. **Population: Human subjects (animal studies acceptable if reporting specific parameters)**
   - The study involves human subjects (adult ICU populations). **Met.**

5. **Content: Must contain AT LEAST ONE of the specified content criteria**
   - The study does not address any of the specific content measures related to stroke, such as functional outcomes, interventions, or stroke-related mortality. **Not met.**

### Exclusion Criteria Assessment:
1. **Pathogen: Not about Stroke (exclude studies on other pathogens)**
   - The study does not focus on stroke. **Met.**

2. **Language: Non-English**
   - The abstract is in English. **Not met.**

3. **Publication type: Conference proceedings, abstracts, posters, correspondence**
   - The abstract appears to be part of peer-reviewed literature. **Not met.**

4. **Study design: In-vitro studies only (no human or animal component)**
   - The study involves human subjects and is not an in-vitro study. **Not met.**

5. **Study design: Solely animal studies AND animal studies that do not report transmission parameters**
   - The study does not focus on animals. **Not met.**

6. **Outbreak type: Accidental laboratory outbreaks (not natural disease transmission)**
   - The study does not pertain to outbreak types. **Not met.**

### Conclusion:
Based on the evaluation, the study does not meet the inclusion criteria, particularly since it does not address stroke as its primary focus. It does not contain risk factors, functional outcomes, interventions, or similar stroke-related data required for inclusion. Therefore, it should be excluded from the systematic review. 

The decision is: 
<decision>EXCLUDE</decision>",EXCLUDE,False,2026-08-06T00:58:44.666870
PMID_41464657,EuropePMC,41464657,PMC12733553,10.3390/jcm14248755,Impact of Thyroid Hormone Imbalance on Electrocardiographic Parameters: Systematic Review and Meta-Analysis.,"Kłosowicz M, Urbańczuk M, Burbelka A, Gala-Błądzińska A, Balawender K.",,2025,"<b>Background:</b> Thyroid dysfunction is a prevalent endocrine disorder with significant cardiovascular consequences, particularly through its effects on cardiac electrophysiology. Electrocardiography (ECG), as a widely available and cost-effective diagnostic tool, provides valuable insight into these alterations. This systematic review and meta-analysis aimed to evaluate the relationship between thyroid hormone imbalance and ECG parameters. <b>Methods:</b> A comprehensive search of PubMed, ScienceDirect, and Google Scholar identified 1099 studies, of which 121 underwent full-text analysis. Ultimately, 37 studies with complete datasets were included in the quantitative synthesis, encompassing 167,074 participants across overt hyperthyroidism, subclinical and overt hypothyroidism, and euthyroid control groups. <b>Results:</b> Meta-analysis revealed significant alterations in key electrophysiological markers. Overt hyperthyroidism was associated with QTc and Tp-e prolongation, consistent with increased repolarization heterogeneity and arrhythmic risk. In overt hypothyroidism, QTc and Tp-e intervals were also prolonged, accompanied by reduced heart rate variability, reflecting autonomic imbalance. Subclinical forms demonstrated more variable results, though trends toward conduction and repolarization disturbances were observed. Importantly, several studies indicated that levothyroxine therapy or surgical treatment normalized abnormal ECG findings, underscoring their reversible nature. <b>Conclusions:</b> These results highlight the strong association between thyroid hormone abnormalities and ECG alterations, which may serve as early markers of arrhythmic risk and sudden cardiac death. Incorporating ECG screening into thyroid disease management could improve early detection, risk stratification, and cardiovascular prevention strategies.",https://pubmed.ncbi.nlm.nih.gov/41464657/,,https://europepmc.org/articles/PMC12733553?pdf=render,stroke,(Stroke[MeSH] OR stroke[tiab] OR brain ischemia[tiab] OR cerebrovascular[tiab]) AND (treatment[tiab] OR intervention[tiab] OR therapy[tiab]),2026-08-05T18:00:54+00:00,,,,,,"Let's evaluate the abstract against the inclusion and exclusion criteria step by step.

## Inclusion Criteria
1. **Pathogen: Must be about Stroke**
   - The abstract discusses thyroid hormone imbalance and its effects on electrocardiographic parameters, which is not related to stroke.
  
2. **Language: English only**
   - The abstract is in English.

3. **Study type: Peer-reviewed, original research (note systematic reviews/meta-analyses for special consideration)**
   - It is a systematic review and meta-analysis, which would typically be considered for inclusion.

4. **Population: Human subjects (animal studies acceptable if reporting EITHER)**
   - The abstract involves human subjects, as it reports on a total of 167,074 participants.

5. **Content: Must contain AT LEAST ONE of…**
   - The abstract does not relate to stroke, hence it does not meet any of the specific content requirements related to stroke.

## Exclusion Criteria
1. **Pathogen: Not about Stroke (exclude studies on other pathogens)**
   - The study is not about stroke; it focuses on thyroid dysfunction and ECG parameters.

2. **Language: Non-English**
   - The abstract is in English.

3. **Publication type: Conference proceedings, abstracts, posters, correspondence**
   - It is a systematic review/meta-analysis, which is not excluded under this criterion.

4. **Study design: In-vitro studies only (no human or animal component)**
   - It involves human studies, thus does not fall under this exclusion.

5. **Study design: Solely animal studies AND animal studies that do not report transmission parameters**
   - This is not applicable as the population is human.

6. **Outbreak type: Accidental laboratory outbreaks (not natural disease transmission)**
   - This criterion is irrelevant to the abstract.

Given the evaluation, the study does not meet the essential requirement of being about stroke per the inclusion criteria. Therefore, it must be excluded.

<decision>EXCLUDE</decision>",EXCLUDE,False,2026-08-06T00:58:44.666922
PMID_41503542,EuropePMC,41503542,PMC12772977,10.1002/hsr2.71577,Arterial Embolization for the Internal Hemorrhoids Management: A Systematic Review.,"Golezar MH, Ghorani H, Alemi F, Fayedeh F, Yeganegi M, Toutounchian S, Amani H, Yazdi HR.",,2026,"<h4>Background and aims</h4>Hemorrhoids are common vascular structures that can become symptomatic when prolapsed, representing the most prevalent benign anorectal condition worldwide. Despite affecting up to 11% of the population with symptoms including pain, bleeding, and discomfort, hemorrhoids remain underdiagnosed and often inappropriately managed. This systematic review aimed to evaluate the efficacy, clinical outcomes, and morbidity of endovascular artery embolization in hemorrhoids.<h4>Method</h4>Up to August 2022, PubMed, Scopus, Web of Science, and Embase were searched comprehensively. All studies had eligible criteria included, except review articles, articles published in a language other than English, and case reports or series of cases. Two independent reviewers performed a literature review and data extraction. Preferred Reporting Items for Systematic Reviews and Meta-Analysis (PRISMA) 2020 checklist was used for quality assessment.<h4>Results</h4>The systematic review included 15 studies. The patient's age ranged from 40.5 ± 9.51 to 72.2 ± 10.9. Eleven studies mentioned the sample size as gender-specific, with 57.89% (<i>n</i> = 187/323) male patients. The embolic site involved in embolization, according to the frequency, was 424 patients for the superior rectal artery in all studies, and coils and micro coils were utilized as Embolic material in most cases. No major complication or death was noted in 12 studies. The most frequent complications were postoperative pain and tenesmus, bleeding, ulceration and fibrotic scars, and low-grade fever. In 11.79% (<i>n</i> = 27/229) of patients re-embolization and after-treatment surgery were due to surgical failure and symptom recurrence, such as bleeding.<h4>Conclusion</h4>Rectal artery embolization using microcoils, embolic particles, or a combination is a new method for managing internal hemorrhoids with proper clinical efficacy without significant complications. QoL score has improved after emborrhoid, and most cases had a lower bleeding score.",https://pubmed.ncbi.nlm.nih.gov/41503542/,,https://europepmc.org/articles/PMC12772977?pdf=render,stroke,(Stroke[MeSH] OR stroke[tiab] OR brain ischemia[tiab] OR cerebrovascular[tiab]) AND (treatment[tiab] OR intervention[tiab] OR therapy[tiab]),2026-08-05T18:00:54+00:00,,,,,,"To assess whether the abstract provided should be included in the systematic review on Stroke, I will evaluate it against the specified inclusion and exclusion criteria step-by-step.

### Inclusion Criteria Evaluation
1. **Pathogen: Must be about Stroke**
   - This study is focused on the management of hemorrhoids, not on stroke. **This criterion is NOT met.**

2. **Language: English only**
   - The abstract is in English. **This criterion is met.**

3. **Study type: Peer-reviewed, original research (note systematic reviews/meta-analyses for special consideration)**
   - The study is a systematic review, which is noted as permissible for consideration. **This criterion is met.**

4. **Population: Human subjects (animal studies acceptable if reporting specified parameters)**
   - The study focuses on human patients with hemorrhoids. **This criterion is NOT met** since it does not involve stroke patients.

5. **Content: Must contain AT LEAST ONE of the specified quantitative details**
   - The content pertains to hemorrhoids rather than stroke, including surgical methods and patient outcomes related to hemorrhoid treatment. **This criterion is NOT met.**

### Exclusion Criteria Evaluation
1. **Pathogen: Not about Stroke (exclude studies on other pathogens)**
   - The study is about hemorrhoids, not stroke. **This criterion is met for exclusion.**

2. **Language: Non-English**
   - The abstract is in English. **This criterion is NOT met for exclusion.**

3. **Publication type: Conference proceedings, abstracts, posters, correspondence**
   - The document appears to be an abstract of a systematic review. **This criterion is NOT met for exclusion.**

4. **Study design: In-vitro studies only (no human or animal component)**
   - The study is a systematic review of treatment in humans, not an in-vitro study. **This criterion is NOT met for exclusion.**

5. **Study design: Solely animal studies AND animal studies that do not report transmission parameters**
   - The study is focused on humans, not on animal studies. **This criterion is NOT met for exclusion.**

6. **Outbreak type: Accidental laboratory outbreaks (not natural disease transmission)**
   - This does not apply since the study is about hemorrhoids, not any outbreak or transmission. **This criterion is NOT met for exclusion.**

### Conclusion
Overall, this study does not meet the inclusion criteria since it focuses on hemorrhoids rather than stroke and thus fails the initial criterion about being related to stroke. Therefore, the study is irrelevant to the systematic review's aims and should be excluded.

<decision>EXCLUDE</decision>",EXCLUDE,False,2026-08-06T00:58:44.666984
PMID_41194945,EuropePMC,41194945,PMC12584096,10.47176/mjiri.39.121,The Role of 2-Dimensional and 3-Dimensional Speckle Tracking Echocardiography in Detecting Early Myocardial Dysfunction in Obstructive Sleep Apnea Patients.,"Mohtasham Kia Y, Haji Mohammadi A, Emami S, Barati M.",,2025,"<h4>Background</h4>Obstructive sleep apnea (OSA), a worldwide prevalent sleep-related breathing disorder, is associated with an increased rate of cardiovascular disease (CVD) incidence and higher all-cause mortality. Evidence demonstrates that OSA can contribute to subclinical cardiac damage and lead to a significantly higher risk of future heart failure. Speckle tracking echocardiography (STE) is a new technique that is useful for detecting subclinical dysfunction in patients without clinical manifestations of cardiac problems and who have normal conventional echocardiography. This review examines the application of STE for the early detection of subclinical dysfunction in all four heart chambers of individuals with OSA.<h4>Methods</h4>To provide an in-depth overview of the current evidence in this review study, we conducted a broad literature search across 4 major databases-PubMed, Scopus, Embase, and Web of Science-in July 2025. Keywords and combinations related to ""speckle tracking echocardiography,"" ""global longitudinal strain,"" ""left atrium,"" ""left ventricle,"" ""right atrium,"" ""right ventricle,"" and ""obstructive sleep apnea"" were used to identify relevant studies. We aimed to explore studies examining subtle functional alterations in cardiac chambers among patients with OSA using STE. Systematic reviews, meta-analyses, case reports, abstracts, letters, conference proceedings, and non-English publications were excluded to maintain focus on original research and clinical insights.<h4>Results</h4>After screening by title/abstract and full-text review, from a total of 145 studies, 29 were included based on the best match with our inclusion criteria. Our key finding in this systematic review were as follows: (1) left atrium (LA) subclinical systolic and early diastolic strain/strain rate decrease before alteration in conventional echocardiography indexes; (2) left ventricle (LV) early detectable strain/strain rate decrease in all its 3 contracting directions (longitudinal, circumferential, and radial); (3) subtle changes in LV myocardial work index (MWI); (4) valuable information about early strain changes in different directions of RV wall contraction despite its complex geometry.<h4>Conclusion</h4>Our study highlighted available studies describing subclinical strain and strain rate alterations in each cardiac chamber through speckle tracking echocardiography and addresses this method's feasibility to detect early changes in myocardium as a result of OSA.",https://pubmed.ncbi.nlm.nih.gov/41194945/,,https://europepmc.org/articles/PMC12584096?pdf=render,stroke,(Stroke[MeSH] OR stroke[tiab] OR brain ischemia[tiab] OR cerebrovascular[tiab]) AND (treatment[tiab] OR intervention[tiab] OR therapy[tiab]),2026-08-05T18:00:54+00:00,,,,,,"To evaluate this abstract for inclusion in the systematic review on Stroke, we will assess it against the inclusion and exclusion criteria provided.

### Step-by-Step Evaluation

**Inclusion Criteria**
1. **Pathogen: Must be about Stroke**  
   - **Assessment**: The abstract addresses obstructive sleep apnea (OSA) and its potential impact on cardiovascular dysfunction but does not mention stroke.  
   - **Result**: Not met.

2. **Language: English only**  
   - **Assessment**: The abstract is in English.  
   - **Result**: Met.

3. **Study type: Peer-reviewed, original research (note systematic reviews/meta-analyses for special consideration)**  
   - **Assessment**: This is labeled as a systematic review, which falls under special consideration, but it focuses on echocardiography in OSA rather than stroke interventions.  
   - **Result**: Met in terms of type but irrelevant to stroke.

4. **Population: Human subjects**  
   - **Assessment**: The abstract discusses patients with obstructive sleep apnea, not related to human patients with stroke.  
   - **Result**: Not met.

5. **Content: Must contain AT LEAST ONE of:**
   - This criterion has multiple sub-points related to stroke, such as functional outcomes, treatment measures, etc.  
   - **Assessment**: The study discusses myocardial dysfunction associated with OSA but does not provide any information relevant to stroke, such as functional outcomes like mRS, Barthel Index, or NIHSS.  
   - **Result**: Not met.

**Exclusion Criteria**
1. **Pathogen: Not about Stroke (exclude studies on other pathogens)**  
   - **Assessment**: The study is not about stroke; it addresses cardiovascular issues related to OSA.  
   - **Result**: Excluded.

2. **Language: Non-English**  
   - **Assessment**: The abstract is in English.  
   - **Result**: Not applicable for exclusion.

3. **Publication type: Conference proceedings, abstracts, posters, correspondence**  
   - **Assessment**: Since the abstract is from a systematic review, it is likely that it may have been derived from conference proceedings.  
   - **Result**: Could be considered for exclusion based on publication type, but the primary concern is its relevance.

4. **Study design: In-vitro studies only (no human or animal component)**  
   - **Assessment**: The study is focused on human subjects; however, it does not relate to stroke.  
   - **Result**: Not applicable for exclusion.

5. **Study design: Solely animal studies AND animal studies that do not report transmission parameters**  
   - **Assessment**: This criterion does not apply as it involves human studies.  
   - **Result**: Not applicable.

6. **Outbreak type: Accidental laboratory outbreaks (not natural disease transmission)**  
   - **Assessment**: This does not apply as the study is unrelated to outbreak types or transmission dynamics relevant to stroke.  
   - **Result**: Not applicable.

### Conclusion
- The abstract does not meet the primary inclusion criteria related to stroke and pertinent functional outcome measures. Additionally, it should be excluded due to its focus on cardiovascular issues related to obstructive sleep apnea rather than stroke.

Thus, based on the evaluation, the final decision is **EXCLUDE**.

<decision>EXCLUDE</decision>",EXCLUDE,False,2026-08-06T00:58:44.667037
PMID_41827518,EuropePMC,41827518,PMC12984584,10.3390/healthcare14050564,Review of Risk Factors for Opioid Misuse and Addiction Following Traumatic Injury.,"Lawler NJ, Sobhani B, Salihu EY, Muller H, Edwards J, Ringo M, Brown R.",,2026,"Traumatic injuries represent a significant public health challenge, affecting millions worldwide annually and necessitating acute pain management that frequently involves the use of opioid analgesics to mitigate discomfort and facilitate recovery. Although opioids remain an integral part of post-traumatic injury pain management, their use exposes trauma survivors to the risk of developing persistent use, misuse, or opioid use disorder (OUD). Pre-injury health determinants, such as age, gender, psychiatric conditions, medical conditions, and substance use history, may interact with injury-related factors to acutely escalate the risk for misuse and addiction. Despite the growing recognition of these potential vulnerabilities, there remains a lack of evidence-based clinical decision support on modifiable and non-modifiable risk factors specific to post-traumatic injury opioid risk trajectories. This review summarizes the literature related to the multifactorial contributors to opioid misuse and addiction following traumatic injury such as patient-level (e.g., demographics, behavioral health), injury-related (e.g., severity, type), and system-level (e.g., prescribing patterns) characteristics. A comprehensive literature search, inclusive of the literature from 1995 to November 2025, was performed in PubMed/MEDLINE, Scopus, and Google Scholar using combinations of terms related to ""opioids,"" ""misuse,"" ""addiction,"" ""trauma,"" and ""injury."" Search keywords and operators were developed in collaboration with a university librarian. Reference lists of articles were searched and synthesized. Case reports, case series, editorials, mini-reviews, letters to editor without original data, and qualitative studies were excluded. The findings of the review are expected to provide insight into clinical-decision making as it relates to the management of pain, pain-related distress and functional impact, and co-occurring conditions that may impact injury-related outcomes and the potential likelihood of substance misuse and addiction.",https://pubmed.ncbi.nlm.nih.gov/41827518/,,https://europepmc.org/articles/PMC12984584?pdf=render,stroke,(Stroke[MeSH] OR stroke[tiab] OR brain ischemia[tiab] OR cerebrovascular[tiab]) AND (treatment[tiab] OR intervention[tiab] OR therapy[tiab]),2026-08-05T18:00:54+00:00,,,,,,"To assess whether this paper should be included in the systematic review on *Stroke*, we will evaluate each of the predefined inclusion and exclusion criteria step by step.

### Inclusion Criteria Evaluation

1. **Pathogen: Must be about Stroke**
   - **Evaluation**: The abstract does not mention stroke at all; it focuses solely on opioid misuse and addiction following traumatic injury.
   - **Result**: Not met

2. **Language: English only**
   - **Evaluation**: The abstract is in English.
   - **Result**: Met

3. **Study type: Peer-reviewed, original research (note systematic reviews/meta-analyses for special consideration)**
   - **Evaluation**: The abstract discusses a literature review rather than an original research study. 
   - **Result**: Not met.

4. **Population: Human subjects (animal studies acceptable if reporting specific parameters)**
   - **Evaluation**: The population discussed (trauma survivors) involves human subjects, but this is irrelevant as the focus is on opioid misuse rather than stroke.
   - **Result**: Not relevant to stroke.

5. **Content: Must contain AT LEAST ONE of the specified measures relevant to stroke**
   - **Evaluation**: The content is about opioid misuse following trauma and does not contain any quantitative data or measures related to stroke, such as functional outcomes like mRS, Barthel Index, or NIHSS.
   - **Result**: Not met.

### Exclusion Criteria Evaluation

1. **Pathogen: Not about Stroke (exclude studies on other pathogens)**
   - **Evaluation**: The study does not involve stroke and focuses on opioid misuse related to trauma.
   - **Result**: Met (therefore should be excluded).

2. **Language: Non-English**
   - **Evaluation**: The abstract is in English.
   - **Result**: Not met (but irrelevant as the first exclusion criterion is met).

3. **Publication type: Conference proceedings, abstracts, posters, correspondence**
   - **Evaluation**: The abstract appears to be outlining a literature review, which implies it is more like a conference abstract rather than a full original research article.
   - **Result**: Could be met.

4. **Study design: In-vitro studies only (no human or animal component)**
   - **Evaluation**: The study does involve human subjects, but it is not relevant due to the focus on opioid misuse.
   - **Result**: Not applicable (but excluded regardless).

5. **Study design: Solely animal studies AND animal studies that do not report transmission parameters**
   - **Evaluation**: The study is focused on human subjects and not on animals.
   - **Result**: Not applicable.

6. **Outbreak type: Accidental laboratory outbreaks (not natural disease transmission)**
   - **Evaluation**: Not applicable.

### Conclusion

The study does not meet the inclusion criteria, particularly because it does not focus on stroke, which is the primary subject of the systematic review. Furthermore, it includes discussions of opioid misuse in traumatic injuries, which falls significantly outside the scope of stroke management and treatment.

Thus, the final decision is <decision>EXCLUDE</decision>.",EXCLUDE,False,2026-08-06T00:58:44.667090
PMID_41960075,EuropePMC,41960075,PMC13059862,10.1016/j.xjon.2025.11.003,No-touch versus conventional vein harvesting in coronary bypass surgery: A meta-analysis of randomized controlled trials.,"Yoshida T, Shimoda TM, Sakurai Y, Yokoyama Y, Fukuhara S, Shimamura J, Hibino M, Kaneko T, Takayama H, Sa MP, Takagi H, Kuno T.",,2026,"<h4>Objectives</h4>The study evaluated whether no-touch saphenous vein harvesting (NTH) improves graft patency compared with conventional harvesting (CH) and whether this translates into clinical benefit in coronary artery bypass grafting.<h4>Methods</h4>A systematic literature review was performed during May 2025 to retrieve randomized controlled trials comparing NTH and CH in coronary artery bypass grafting. Primary outcomes included graft occlusion per graft and per patient, and graft failure per patient. Secondary outcomes included all-cause death, myocardial infarction, repeat revascularization, recurrent angina, and leg wound complications. Data were extracted and pooled analyses were performed using a random-effects model.<h4>Results</h4>Ten randomized controlled trials with 4251 patients (NTH: 2143, CH: 2108) and 4848 grafts (NTH: 2415, CH: 2433) were included. Weighted mean follow-up was 39.0 months (range, 0.2-192 months). NTH was associated with a lower risk of graft occlusion per graft (risk ratio [RR], 0.70; 95% CI, 0.61-0.81), per patient (RR, 0.71; 95% CI, 0.60-0.84), and graft failure per patient (RR, 0.74; 95% CI, 0.64-0.87). Secondary outcomes showed no significant differences in all-cause death (hazard ratio [HR], 0.87; 95% CI, 0.43-1.79), myocardial infarction (HR, 0.79; 95% CI, 0.34-1.87), repeat revascularization (HR, 0.80; 95% CI, 0.32-1.95), and recurrent angina (HR, 0.59; 95% CI, 0.11-3.33), except for leg wound complications, which were significantly higher with NTH (RR, 1.78; 95% CI, 1.30-2.43).<h4>Conclusions</h4>NTH significantly improves graft patency compared with CH but confers no midterm advantage in major clinical outcomes, with increased leg wound complications. Large-scale studies with extended follow-up are needed to define its clinical influence.",https://pubmed.ncbi.nlm.nih.gov/41960075/,,https://europepmc.org/articles/PMC13059862?pdf=render,stroke,(Stroke[MeSH] OR stroke[tiab] OR brain ischemia[tiab] OR cerebrovascular[tiab]) AND (treatment[tiab] OR intervention[tiab] OR therapy[tiab]),2026-08-05T18:00:54+00:00,,,,,,"To determine whether the provided abstract should be included in the systematic review on *Stroke*, we will evaluate it against the defined inclusion and exclusion criteria step-by-step.

### Inclusion Criteria
**1. Pathogen: Must be about Stroke**  
This study is focused on coronary bypass surgery and does not pertain to stroke.  
**Not met.**

**2. Language: English only**  
The abstract is in English.  
**Met.**

**3. Study type: Peer-reviewed, original research (note systematic reviews/meta-analyses for special consideration)**  
The study is a meta-analysis of randomized controlled trials, which falls under the special consideration for systematic reviews/meta-analyses.  
**Met.**

**4. Population: Human subjects**  
The study involves human subjects undergoing coronary bypass surgery.  
**Met.**

**5. Content: Must contain AT LEAST ONE of:**  
None of the listed criteria pertain to stroke or stroke-related outcomes. The study's focus on graft patency and coronary outcomes does not include any measures relevant to stroke.  
**Not met.**

### Exclusion Criteria
**1. Pathogen: Not about Stroke**  
This study is focused on coronary bypass surgery and, as mentioned, does not involve stroke.  
**Exclude.**

**2. Language: Non-English**  
The abstract is in English.  
**Not applicable.**

**3. Publication type: Conference proceedings, abstracts, posters, correspondence**  
The abstract discusses a peer-reviewed study.  
**Not applicable.**

**4. Study design: In-vitro studies only (no human or animal component)**  
This study involves human subjects and is not an in-vitro study.  
**Not applicable.**

**5. Study design: Solely animal studies AND animal studies that do not report transmission parameters**  
This study does not involve animal studies.  
**Not applicable.**

**6. Outbreak type: Accidental laboratory outbreaks (not natural disease transmission)**  
This study does not pertain to outbreaks.  
**Not applicable.**

Upon reviewing all criteria, it is clear that the study does not meet the primary focus of our inclusion criteria pertaining to stroke. Therefore, based on the evaluation:

<decision>EXCLUDE</decision>",EXCLUDE,False,2026-08-06T00:58:44.667142
PMID_39885673,EuropePMC,39885673,PMC12296412,10.4103/nrr.nrr-d-24-01030,Electroacupuncture for the treatment of ischemic stroke: A preclinical meta-analysis and systematic review.,"Yang G, Guan C, Liu M, Lin Y, Xing Y, Feng Y, Li H, Wu Y, Wang N, Luo L.",,2026,"Stroke remains a leading cause of death and disability worldwide, and electroacupuncture has a long history of use in stroke treatment. This meta-analysis and systematic review aimed to evaluate the efficacy of electroacupuncture and explore its potential mechanisms in animal models of ischemic stroke. The PubMed, EMBASE, Web of Science, CENTRAL, and CINAHL databases were comprehensively searched up to May 1, 2024. This review included articles on preclinical investigations of the efficacy and mechanisms of electroacupuncture in treating ischemic stroke. Data from 70 eligible studies were analyzed in Stata 18.0, using a random-effects model to calculate the standardized mean difference (Hedge's g). The risk of bias was assessed using RevMan 5.4 software, and the quality of evidence was rated according to the Grading of Recommendations, Assessment, Development, and Evaluation (GRADE) system. Subgroup analyses were conducted to test the consistency of the results and sensitivity analyses were used to assess their robustness. The quality assessment revealed that most studies adequately handled incomplete data and selective reporting. However, several methodological limitations were identified: only 4 studies demonstrated a low risk of allocation concealment, 26 achieved a low risk of outcome assessment bias, and 9 had a high risk of randomization bias. Additionally, there was an unclear risk regarding participant blinding and other methodological aspects. The GRADE assessment rated 12 outcomes as moderate quality and 6 as low quality. The mechanisms of electroacupuncture treatment for ischemic stroke can be categorized as five primary pathways: (1) Electroacupuncture significantly reduced infarct volume and apoptotic cell death ( P < 0.01) in ischemic stroke models; (2) electroacupuncture significantly decreased the levels of pro-inflammatory factors ( P < 0.01) while increasing the levels of anti-inflammatory factors ( P = 0.02); (3) electroacupuncture reduced the levels of oxidative stress indicators ( P < 0.01) and enhanced the expression of antioxidant enzymes ( P < 0.01); (4) electroacupuncture significantly promoted nerve regeneration ( P < 0.01); and (5) electroacupuncture influenced blood flow remodeling ( P < 0.01) and angiogenesis ( P < 0.01). Subgroup analyses indicated that electroacupuncture was most effective in the transient middle cerebral artery occlusion model ( P < 0.01) and in post-middle cerebral artery occlusion intervention ( P < 0.01). Dispersive waves were found to outperform continuous waves with respect to neuroprotection and anti-inflammatory effects ( P < 0.01), while scalp acupoints demonstrated greater efficacy than body acupoints ( P < 0.01). The heterogeneity among the included studies was minimal, and sensitivity analyses indicated stable results. Their methodological quality was generally satisfactory. In conclusion, electroacupuncture is effective in treating cerebral ischemia by modulating cell apoptosis, oxidative stress, inflammation, stroke-induced nerve regeneration, blood flow remodeling, and angiogenesis. The efficacy of electroacupuncture may be influenced by factors such as the middle cerebral artery occlusion model, the timing of intervention onset, waveform, and acupoint selection. Despite the moderate to low quality of evidence, these findings suggest that electroacupuncture has clinical potential for improving outcomes in ischemic stroke.",https://pubmed.ncbi.nlm.nih.gov/39885673/,,https://europepmc.org/articles/PMC12296412?pdf=render,stroke,(Stroke[MeSH] OR stroke[tiab] OR brain ischemia[tiab] OR cerebrovascular[tiab]) AND (treatment[tiab] OR intervention[tiab] OR therapy[tiab]),2026-08-05T18:00:54+00:00,,,,,,"To decide whether to include or exclude the paper, I will assess the abstract against the defined inclusion and exclusion criteria step by step.

### Inclusion Criteria Assessment

1. **Pathogen: Must be about Stroke**
   - The abstract is about ischemic stroke, which aligns with the focus. **(Met)**

2. **Language: English only**
   - The abstract is in English. **(Met)**

3. **Study type: Peer-reviewed, original research (note systematic reviews/meta-analyses for special consideration)**
   - This study is a meta-analysis and systematic review, which are specifically noted for consideration. **(Met)**

4. **Population: Human subjects**
   - The study involves animal models rather than human subjects. **(Not Met)**

5. **Content: Must contain AT LEAST ONE of the specified measures related to outcomes and parameters**
   - The study discusses several outcomes and measures related to the efficacy of electroacupuncture on ischemic stroke, but they are derived from animal studies. However, since criteria 4 was not met, we cannot count this criterion as fulfilled. **(Not Met)**

### Exclusion Criteria Assessment

1. **Pathogen: Not about Stroke (exclude studies on other pathogens)**
   - The study is about stroke. **(Not Excluded)**

2. **Language: Non-English**
   - The abstract is in English. **(Not Excluded)**

3. **Publication type: Conference proceedings, abstracts, posters, correspondence**
   - The abstract does not list that it is a conference proceeding or in another excluded category. **(Not Excluded)**

4. **Study design: In-vitro studies only (no human or animal component)**
   - The study involves animal models, not just in vitro studies. **(Not Excluded)**

5. **Study design: Solely animal studies AND animal studies that do not report transmission parameters (R0, Rt, Re, r, growth rate, mutation rate)**
   - The study involves solely animal studies regarding electroacupuncture for ischemic stroke. Since it does not discuss human subjects and the measure of interest on functional outcomes specifically in humans is not met nor stipulated, this is grounds for exclusion. **(Excluded)**

6. **Outbreak type: Accidental laboratory outbreaks (not natural disease transmission)**
   - Not applicable here as this study is not related to laboratory outbreaks. **(Not Excluded)**

### Conclusion
The abstract does not meet Inclusion Criteria 4 regarding the population involved, as it discusses animal models only and does not provide data on human subjects or functional outcomes specifically for human stroke cases. Given that this is a primary exclusion criterion, I recommend excluding the study.

<decision>EXCLUDE</decision>",EXCLUDE,False,2026-08-06T00:58:44.667193
PMID_39781317,EuropePMC,39781317,PMC11707721,10.47176/mjiri.38.103,Cost-effectiveness of Telemedicine Intervention for Acute Myocardial Infarction: A Systematic Review.,"Abedinejad M, Hadian M, Hadian M, Behrooj S, Bagheri Faradonbeh S, Saniee N.",,2024,"<h4>Background</h4>One of the most important causes of mortality in the world is acute myocardial infarction. There are two general treatments including thrombolytic drugs and percutaneous coronary interventions. But, monitoring outpatient AMI treatment from a remote or rural location has emerged as a successful telemedicine technique. So, the present study aimed to review the economic evaluation studies of telemedicine in patients with acute myocardial infarction.<h4>Methods</h4>This study was conducted based on Preferred Reporting Items for Systematic Reviews and Meta-Analysis checklist (PRISMA is a 27-item checklist used to improve transparency in systematic reviews) guidelines in 2022. PubMed, Scopus, Web of Science, Proquest, Iranian databases (SID, Magiran), and Google Scholar were searched with the keywords of telemedicine and myocardial infarction from 2000 to 2022. After eliminating duplicates, titles and abstracts were screened based on inclusion and exclusion criteria, details, and the most important results of eligible studies were recorded in the data collection form.<h4>Results</h4>904 records were identified in this search, of which 147 were duplicates. Finally, 6 records were included in this study. Among these studies, 4 were cost-effectiveness, one was cost analysis, and one was cost-utility. The willingness to pay threshold was between 20,000 and 100,000, and the outcomes were measured with QALY (Quality-adjusted life-years). The reviewed studies showed that telemedicine can improve outcomes such as quality of life and reduce disease costs.<h4>Conclusion</h4>The results showed that telemedicine interventions for acute myocardial infarction can be helpful, and cost-effective. However in some cases, it can cause increased costs and may not have a significant difference in effectiveness with other methods because of the condition and stage of the disease.",https://pubmed.ncbi.nlm.nih.gov/39781317/,,https://europepmc.org/articles/PMC11707721?pdf=render,stroke,(Stroke[MeSH] OR stroke[tiab] OR brain ischemia[tiab] OR cerebrovascular[tiab]) AND (treatment[tiab] OR intervention[tiab] OR therapy[tiab]),2026-08-05T18:00:54+00:00,,,,,,"Let's evaluate the provided abstract against the inclusion and exclusion criteria defined for the systematic review on Stroke.

### Inclusion Criteria
1. **Pathogen**: Must be about Stroke
   - The abstract focuses on acute myocardial infarction, not stroke. 
   - **Not met**.

2. **Language**: English only
   - The abstract is in English.
   - **Met**.

3. **Study type**: Peer-reviewed, original research (note systematic reviews/meta-analyses for special consideration)
   - The abstract describes a systematic review.
   - **Met**.

4. **Population**: Human subjects (animal studies acceptable if reporting specified parameters)
   - The study involves human subjects with acute myocardial infarction.
   - **Not met** (since it is not stroke).

5. **Content**: Must contain AT LEAST ONE of specified content measures (evidence related to outbreak or transmission parameters)
   - The abstract provides cost-effectiveness data and outcomes for myocardial infarction but does not discuss stroke-related outcomes, transmission parameters, or related metrics.
   - **Not met**.

### Exclusion Criteria
1. **Pathogen**: Not about Stroke (exclude studies on other pathogens)
   - The study is about acute myocardial infarction, which is not stroke. 
   - **Applies**.

2. **Language**: Non-English
   - The abstract is in English.
   - **Not applicable**.

3. **Publication type**: Conference proceedings, abstracts, posters, correspondence
   - The abstract appears to summarize a systematic review, which does not fall under this exclusion criterion.
   - **Not applicable**.

4. **Study design**: In-vitro studies only (no human or animal component)
   - The study includes human subjects.
   - **Not applicable**.

5. **Study design**: Solely animal studies AND animal studies that do not report transmission parameters (if applicable)
   - The study does not involve animals.
   - **Not applicable**.

6. **Outbreak type**: Accidental laboratory outbreaks (not natural disease transmission)
   - Not relevant to the discussion of myocardial infarction.
   - **Not applicable**.

### Conclusion
Overall, the abstract does not meet the inclusion criteria due to its focus on myocardial infarction rather than stroke. Additionally, it fits the exclusion criteria as it is about an unrelated condition (acute myocardial infarction) rather than stroke.

Thus, the final decision is:
<decision>EXCLUDE</decision>",EXCLUDE,False,2026-08-06T00:58:44.667244
PMID_37551161,EuropePMC,37551161,PMC10841079,10.11124/jbies-22-00356,Impact of lifestyle-based interventions on absolute cardiovascular disease risk: a systematic review and meta-analysis.,"Kariuki JK, Imes CC, Engberg SJ, Scott PW, Klem ML, Cortes YI.",,2024,"<h4>Objective</h4>The objective of the review was to synthesize the evidence of the effectiveness of lifestyle-based interventions for mitigating absolute cardiovascular disease (CVD) risk.<h4>Introduction</h4>Evidence-based guidelines recommend employing an absolute CVD risk score to inform the selection and intensity of preventive interventions. However, studies employing this strategy have reported mixed results, hence the need for a systematic review of the current evidence.<h4>Inclusion criteria</h4>Studies published in English that included a lifestyle-based intervention to mitigate CVD risk were considered. Studies were eligible if they enrolled individuals aged ≥18 years, with no history of CVD at baseline. The primary outcome was change in absolute CVD risk score post-intervention.<h4>Methods</h4>PubMed, Embase, and CINAHL searches were conducted from database inception to February 2022. The trial registers searched included Cochrane Central Register of Controlled Trials (CENTRAL) and ClinicalTrials.gov. Searches for unpublished studies/gray literature were conducted in ProQuest Dissertations and Theses Global, GreyLit Report, and OCLC First Search Proceedings. Two independent reviewers selected the studies and critically appraised them for methodological quality using JBI tools. Data extraction was performed for main outcome variables. Data were presented using separate pooled statistical meta-analysis for quasi-experimental and randomized clinical trials. Random effects models were employed in the analyses. Effect sizes (Cohen's d) were expressed as standardized mean difference at 95% CI. Heterogeneity was assessed via Cochran's Q statistic, and the inconsistency index ( I2 ) was used to describe variability in effect estimates due to heterogeneity rather than sampling error.<h4>Results</h4>Twenty-nine studies with a total sample of 5490 adults with no CVD at baseline were included. Fifteen were randomized controlled trials (RCTs; n=3605) and 14 were quasi-experimental studies (n=1885). The studies were conducted in Europe (n=18), the United States (n = 5), Asia (n=3), Mexico (n=1), Canada (n = 1), and Australia (n=1) and included the following lifestyle interventions: diet, physical activity, motivational interviewing, problem-solving, psychological counseling, cardiovascular risk assessment and feedback, health self-management education, and peer support. Six validated absolute CVD risk assessment tools were used to measure the study outcomes, including Framingham, SCORE, Heart Health Risk Assessment Score, Dundee, ASSIGN, and The UK Prospective Diabetes Study risk score. Overall, the methodological rigor of the RCTs and quasi-experimental studies was high. Of the 15 RCTs included in the meta-analysis, lifestyle intervention was favored over control in reducing absolute CVD risk score (Cohen's d = -0.39; P =0.032; Z= -2.14; I2 = 96). Similarly, in the 14 quasi-experimental studies, the absolute CVD risk score after lifestyle intervention was significantly lower compared to baseline (Cohen's d = -0.39; P <0.001; Z= -3.54; I2= 88). RCTs that combined diet and physical activity reported no significant impact on absolute CVD risk score, but those that used either intervention independently reported significant improvement in the absolute CVD risk score.<h4>Conclusions</h4>There is evidence supporting the positive impact of lifestyle modification on absolute CVD risk score in adult populations without CVD. Our analysis further suggests that diet and physical activity had significant impact on absolute CVD risk, and a variety of validated screening tools can be used to monitor, evaluate, and communicate changes in absolute risk score after lifestyle modification.<h4>Supplemental digital content</h4>A Spanish-language version of the abstract of this review is available [ http://links.lww.com/SRX/A29 ].",https://pubmed.ncbi.nlm.nih.gov/37551161/,,https://europepmc.org/articles/PMC10841079?pdf=render,stroke,(Stroke[MeSH] OR stroke[tiab] OR brain ischemia[tiab] OR cerebrovascular[tiab]) AND (treatment[tiab] OR intervention[tiab] OR therapy[tiab]),2026-08-05T18:00:54+00:00,,,,,,"Let's evaluate the abstract step by step against the inclusion and exclusion criteria.

## Inclusion Criteria
1. **Pathogen: Must be about Stroke**
   - This study focuses on cardiovascular disease risk, not specifically on stroke. 
   - **Criterion Not Met**

2. **Language: English only**
   - The abstract is in English.
   - **Criterion Met**

3. **Study type: Peer-reviewed, original research (note systematic reviews/meta-analyses for special consideration)**
   - This is a systematic review and meta-analysis.
   - **Criterion Met**

4. **Population: Human subjects (animal studies acceptable if reporting specific parameters)**
   - The study involves human subjects (adults aged ≥18 years) with no history of CVD at baseline.
   - **Criterion Met**

5. **Content: Must contain AT LEAST ONE of...**
   - The study deals only with absolute cardiovascular disease risk and does not include measures, estimates, or outcomes directly related to stroke (e.g., functional outcomes like mRS, Barthel Index, NIHSS).
   - **Criterion Not Met**

## Exclusion Criteria
1. **Pathogen: Not about Stroke (exclude studies on other pathogens)**
   - The study is about cardiovascular disease, not stroke.
   - **Criterion Met (This triggers exclusion)**

2. **Language: Non-English**
   - The abstract is in English.
   - **Criterion Not Met**

3. **Publication type: Conference proceedings, abstracts, posters, correspondence**
   - The abstract does not fall under these categories but is a systematic review and original research.
   - **Criterion Not Met**

4. **Study design: In-vitro studies only (no human or animal component)**
   - This is a systematic review involving human studies.
   - **Criterion Not Met**

5. **Study design: Solely animal studies AND animal studies that do not report transmission parameters...**
   - The study does not involve animals.
   - **Criterion Not Met**

6. **Outbreak type: Accidental laboratory outbreaks (not natural disease transmission)**
   - This does not apply, as the study is on CVD risk.
   - **Criterion Not Met**

## Conclusion
The study does not meet the primary inclusion criteria related to stroke. Therefore, despite meeting some inclusion criteria and the language requirement, the fundamental focus on cardiovascular disease risk rather than stroke leads to its exclusion.

<decision>EXCLUDE</decision>",EXCLUDE,False,2026-08-06T00:58:44.667296
PMID_37942888,EuropePMC,37942888,PMC12827016,10.1111/hir.12515,Evidence surveillance for a living clinical guideline: Case study of the Australian stroke guidelines.,"McDonald S, Hill K, Li HZ, Turner T.",,2025,"<h4>Background</h4>Continual evidence surveillance is an integral feature of living guidelines. The Australian Stroke Guidelines include recommendations on 100 clinical topics and have been 'living' since 2018.<h4>Objectives</h4>To describe the approach for establishing and evaluating an evidence surveillance system for the living Australian Stroke Guidelines.<h4>Methods</h4>We developed a pragmatic surveillance system based on an analysis of the searches for the 2017 Stroke Guidelines and evaluated its reliability by assessing the potential impact on guideline recommendations. Search retrieval and screening workload are monitored monthly, together with the frequency of changes to the guideline recommendations.<h4>Results</h4>Evidence surveillance was guided by practical considerations of efficiency and sustainability. A single PubMed search covering all guideline topics, limited to systematic reviews and randomised trials, is run monthly. The search retrieves about 400 records a month of which a sixth are triaged to the guideline panels for further consideration. Evaluations with Epistemonikos and the Cochrane Stroke Trials Register demonstrated the robustness of adopting this more restrictive approach. Collaborating with the guideline team in designing, implementing and evaluating the surveillance is essential for optimising the approach.<h4>Conclusion</h4>Monthly evidence surveillance for a large living guideline is feasible and sustainable when applying a pragmatic approach.",https://pubmed.ncbi.nlm.nih.gov/37942888/,,https://europepmc.org/articles/PMC12827016?pdf=render,stroke,(Stroke[MeSH] OR stroke[tiab] OR brain ischemia[tiab] OR cerebrovascular[tiab]) AND (treatment[tiab] OR intervention[tiab] OR therapy[tiab]),2026-08-05T18:00:54+00:00,,,,,,"To determine whether the study should be included in the systematic review on Stroke, we will assess the abstract against the predefined inclusion and exclusion criteria step by step.

### Inclusion Criteria
1. **Pathogen: Must be about Stroke**: The study indeed focuses on stroke as it discusses the Australian Stroke Guidelines and their evidence surveillance, so this criterion is met.

2. **Language: English only**: The abstract is written in English, thus this criterion is also met.

3. **Study type: Peer-reviewed, original research (note systematic reviews/meta-analyses for special consideration)**: The abstract does not indicate that it is an original research study but instead discusses the surveillance approach related to existing guidelines. It lacks evidence of presenting new primary research data.

4. **Population: Human subjects**: The study pertains to guidelines for stroke management, which involves human subjects; however, it does not present original data involving direct observations of patients or trials.

5. **Content: Must contain AT LEAST ONE of**: This abstract does not appear to contain any quantitative data on clinical outcomes or intervention measures, nor does it report on statistical models or parameters relevant to individual patient outcomes as specified in the criteria.

### Exclusion Criteria
1. **Pathogen: Not about Stroke (exclude studies on other pathogens)**: The study is about Stroke, so this criterion does not apply.

2. **Language: Non-English**: The abstract is in English, so this criterion does not apply.

3. **Publication type: Conference proceedings, abstracts, posters, correspondence**: The abstract refers to a living clinical guideline and does not seem to be a conference proceeding or correspondence. However, given its nature as a systematic surveillance study, it may be considered akin to an abstract published without original research data.

4. **Study design: In-vitro studies only (no human or animal component)**: This criterion is not applicable as the study relates to a clinical guideline involving human clinical topics.

5. **Study design: Solely animal studies AND animal studies that do not report transmission parameters**: This does not apply, as the study does not involve animal studies.

6. **Outbreak type: Accidental laboratory outbreaks (not natural disease transmission)**: This criterion does not apply as the study is about guidelines and their development.

Based on this assessment:

- The study discusses stroke and provides valuable insight into the methods of evidence surveillance, but it does not fulfill the study type requirement for original research that directly evaluates clinical interventions or outcomes related to stroke patients. 
- There is no presentation of new data or interventions related to functional outcomes necessary for the systematic review.

Given the overall analysis, particularly the lack of original data presented that meets inclusion thresholds, we conclude:

<decision>EXCLUDE</decision>",EXCLUDE,False,2026-08-06T00:58:44.667349
PMID_36611421,EuropePMC,36611421,PMC9818280,10.3390/diagnostics13010128,Clinical Applications of Quantitative Perfusion Imaging with a C-Arm Flat-Panel Detector-A Systematic Review.,"Zaid Al-Kaylani AHA, Schuurmann RCL, Maathuis WD, Slart RHJA, De Vries JPM, Bokkers RPH.",,2022,"C-arm systems with digital flat-panel detectors are used in interventional radiology and hybrid operating rooms for visualizing and performing interventions on three-dimensional structures. Advances in C-arm technology have enabled intraoperative quantitative perfusion imaging with these scanners. This systematic review provides an overview of flat-panel detector C-arm techniques for quantifying perfusion, their clinical applications, and their validation. A systematic search was performed for articles published between January 2000 and October 2022 in which a flat-panel detector C-arm technique for quantifying perfusion was compared with a reference technique. Nine articles were retrieved describing two techniques: two-dimensional perfusion angiography (n = 5) and dual-phase cone beam computed tomography perfusion (n = 4). A quality assessment revealed no concerns about the applicability of the studies. The risk of bias was relatively high for the index and reference tests. Both techniques demonstrated potential for clinical application; however, weak-to-moderate correlations were reported between them and the reference techniques. In conclusion, both techniques could add new possibilities to treatment planning and follow-up; however, the available literature is relatively scarce and heterogeneous. Larger-scale randomized prospective studies focusing on clinical outcomes and standardization are required for the full understanding and clinical implementation of these techniques.",https://pubmed.ncbi.nlm.nih.gov/36611421/,,https://www.mdpi.com/2075-4418/13/1/128/pdf?version=1672398908,stroke,(Stroke[MeSH] OR stroke[tiab] OR brain ischemia[tiab] OR cerebrovascular[tiab]) AND (treatment[tiab] OR intervention[tiab] OR therapy[tiab]),2026-08-05T18:00:54+00:00,,,,,,"To evaluate the abstract for inclusion in the systematic review on Stroke, we will carefully assess it against the predefined inclusion and exclusion criteria.

### Assessment Against Inclusion Criteria

1. **Pathogen:** This study is not about Stroke; it focuses on C-arm flat-panel detector techniques for perfusion imaging. **Not met.**
  
2. **Language:** The abstract is in English. **Met.**
  
3. **Study type:** The abstract appears to be a systematic review, which is acceptable. **Met.**
  
4. **Population:** The study does not mention involving human subjects with confirmed ischaemic or haemorrhagic stroke. It focuses on imaging techniques rather than patient outcomes. **Not met.**
  
5. **Content:** The content does not include functional outcomes (mRS, Barthel Index, NIHSS) or information on specific interventions related to stroke (like thrombolysis, thrombectomy, or rehabilitation). **Not met.**

### Assessment Against Exclusion Criteria

1. **Pathogen:** The study does not pertain to Stroke. **Exclusion criterion applies.**
  
2. **Language:** The abstract is in English. **Not applicable.**
  
3. **Publication type:** The study is a systematic review, which is permissible. **Not applicable.**
  
4. **Study design:** The study design does not involve in-vitro studies only, as it describes clinical applications. **Not applicable.**
  
5. **Study design:** The study does not involve solely animal studies. **Not applicable.**
  
6. **Outbreak type:** Not applicable since this is not an outbreak study. **Not applicable.**

### Conclusion
Since the study does not meet the essential inclusion criteria regarding its focus on Stroke, and indeed falls under an explicit exclusion criterion on the topic, it clearly warrants exclusion.

<decision>EXCLUDE</decision>",EXCLUDE,False,2026-08-06T00:58:44.667401
PMID_35641913,EuropePMC,35641913,PMC9152837,10.1186/s12884-022-04751-7,Self-monitoring of blood pressure among women with hypertensive disorders of pregnancy: a systematic review.,"Yeh PT, Rhee DK, Kennedy CE, Zera CA, Lucido B, Tunçalp Ö, Gomez Ponce de Leon R, Narasimhan M.",,2022,"<h4>Background</h4>The World Health Organization (WHO) recommends self-monitoring of blood pressure (SMBP) for hypertension management. In addition, during the COVID-19 response, WHO guidance also recommends SMBP supported by health workers although more evidence is needed on whether SMBP of pregnant individuals with hypertension (gestational hypertension, chronic hypertension, or pre-eclampsia) may assist in early detection of pre-eclampsia, increase end-user autonomy and empowerment, and reduce health system burden. To expand the evidence base for WHO guideline on self-care interventions, we conducted a systematic review of SMBP during pregnancy on maternal and neonatal outcomes.<h4>Methods</h4>We searched for publications that compared SMBP with clinic-based monitoring during antenatal care. We included studies measuring any of the following outcomes: maternal mortality, pre-eclampsia, long-term risk and complications, autonomy, HELLP syndrome, C-section, antenatal hospital admission, adverse pregnancy outcomes, device-related issues, follow-up care with appropriate management, mental health and well-being, social harms, stillbirth or perinatal death, birthweight/size for gestational age, and Apgar score. After abstract screening and full-text review, we extracted data using standardized forms and summarized findings. We also reviewed studies assessing values and preferences as well as costs of SMBP.<h4>Results</h4>We identified 6 studies meeting inclusion criteria for the effectiveness of SMBP, 6 studies on values and preferences, and 1 study on costs. All were from high-income countries. Overall, when comparing SMBP with clinic-monitoring, there was no difference in the risks for most of the outcomes for which data were available, though there was some evidence of increased risk of C-section among pregnant women with chronic hypertension. Most end-users and providers supported SMBP, motivated by ease of use, convenience, self-empowerment and reduced anxiety. One study found SMBP would lower health sector costs.<h4>Conclusion</h4>Limited evidence suggests that SMBP during pregnancy is feasible and acceptable, and generally associated with maternal and neonatal health outcomes similar to clinic-based monitoring. However, more research is needed in resource-limited settings.<h4>Systematic review registration</h4>PROSPERO CRD42021233839 .",https://pubmed.ncbi.nlm.nih.gov/35641913/,,https://bmcpregnancychildbirth.biomedcentral.com/counter/pdf/10.1186/s12884-022-04751-7,stroke,(Stroke[MeSH] OR stroke[tiab] OR brain ischemia[tiab] OR cerebrovascular[tiab]) AND (treatment[tiab] OR intervention[tiab] OR therapy[tiab]),2026-08-05T18:00:54+00:00,,,,,,"Let's evaluate the abstract against the inclusion and exclusion criteria:

## Inclusion Criteria
1. **Pathogen: Must be about Stroke** - The study is about self-monitoring of blood pressure during pregnancy and does not focus on stroke. **[NOT MET]**
2. **Language: English only** - The abstract is in English. **[MET]**
3. **Study type: Peer-reviewed, original research (note systematic reviews/meta-analyses for special consideration)** - This is a systematic review, which is given special consideration in the criteria. **[MET]**
4. **Population: Human subjects** - The study involves human subjects (women with hypertensive disorders during pregnancy). **[MET]**
5. **Content: Must contain AT LEAST ONE of:**  
   - The study does not provide any specific measures or details relevant to stroke outcomes or interventions. **[NOT MET]**

Since the abstract fails to meet the first and fifth criteria, we can exclude it based on the inclusion criteria.

## Exclusion Criteria
1. **Pathogen: Not about Stroke (exclude studies on other pathogens)** - The study is not about stroke. **[MET]**
2. **Language: Non-English** - The abstract is in English. **[NOT MET]**
3. **Publication type: Conference proceedings, abstracts, posters, correspondence** - The abstract represents a systematic review. **[NOT MET]**
4. **Study design: In-vitro studies only (no human or animal component)** - The study includes human subjects. **[NOT MET]**
5. **Study design: Solely animal studies AND animal studies that do not report transmission parameters** - Not applicable here since it involves human subjects. **[NOT MET]**
6. **Outbreak type: Accidental laboratory outbreaks (not natural disease transmission)** - Not applicable, as this is focused on self-monitoring during pregnancy. **[NOT MET]**

However, the study is related to a different health condition (hypertensive disorders during pregnancy) which is outside the scope of stroke research, thereby validating the exclusion based on the first criterion of exclusion.

Based on this evaluation, the majority of criteria lead to a conclusion that doesn't support its inclusion in the systematic review on Stroke.

<decision>EXCLUDE</decision>",EXCLUDE,False,2026-08-06T00:58:44.667452
PMID_37681564,EuropePMC,37681564,PMC10486190,10.1002/14651858.cd001888.pub5,Cell salvage for minimising perioperative allogeneic blood transfusion in adults undergoing elective surgery.,"Lloyd TD, Geneen LJ, Bernhardt K, McClune W, Fernquest SJ, Brown T, Dorée C, Brunskill SJ, Murphy MF, Palmer AJ.",,2023,"<h4>Background</h4>Concerns regarding the safety and availability of transfused donor blood have prompted research into a range of techniques to minimise allogeneic transfusion requirements. Cell salvage (CS) describes the recovery of blood from the surgical field, either during or after surgery, for reinfusion back to the patient.<h4>Objectives</h4>To examine the effectiveness of CS in minimising perioperative allogeneic red blood cell transfusion and on other clinical outcomes in adults undergoing elective or non-urgent surgery.<h4>Search methods</h4>We searched CENTRAL, MEDLINE, Embase, three other databases and two clinical trials registers for randomised controlled trials (RCTs) and systematic reviews from 2009 (date of previous search) to 19 January 2023, without restrictions on language or publication status.<h4>Selection criteria</h4>We included RCTs assessing the use of CS compared to no CS in adults (participants aged 18 or over, or using the study's definition of adult) undergoing elective (non-urgent) surgery only.<h4>Data collection and analysis</h4>We used standard methodological procedures expected by Cochrane.<h4>Main results</h4>We included 106 RCTs, incorporating data from 14,528 participants, reported in studies conducted in 24 countries. Results were published between 1978 and 2021. We analysed all data according to a single comparison: CS versus no CS. We separated analyses by type of surgery. The certainty of the evidence varied from very low certainty to high certainty. Reasons for downgrading the certainty included imprecision (small sample sizes below the optimal information size required to detect a difference, and wide confidence intervals), inconsistency (high statistical heterogeneity), and risk of bias (high risk from domains including sequence generation, blinding, and baseline imbalances). Aggregate analysis (all surgeries combined: primary outcome only) Very low-certainty evidence means we are uncertain if there is a reduction in the risk of allogeneic transfusion with CS (risk ratio (RR) 0.65, 95% confidence interval (CI) 0.59 to 0.72; 82 RCTs, 12,520 participants). Cancer: 2 RCTs (79 participants) Very low-certainty evidence means we are uncertain whether there is a difference for mortality, blood loss, infection, or deep vein thrombosis (DVT). There were no analysable data reported for the remaining outcomes. Cardiovascular (vascular): 6 RCTs (384 participants) Very low- to low-certainty evidence means we are uncertain whether there is a difference for most outcomes. No data were reported for major adverse cardiovascular events (MACE). Cardiovascular (no bypass): 6 RCTs (372 participants) Moderate-certainty evidence suggests there is probably a reduction in risk of allogeneic transfusion with CS (RR 0.82, 95% CI 0.69 to 0.97; 3 RCTs, 169 participants). Very low- to low-certainty evidence means we are uncertain whether there is a difference for volume transfused, blood loss, mortality, re-operation for bleeding, infection, wound complication, myocardial infarction (MI), stroke, and hospital length of stay (LOS). There were no analysable data reported for thrombosis, DVT, pulmonary embolism (PE), and MACE. Cardiovascular (with bypass): 29 RCTs (2936 participants) Low-certainty evidence suggests there may be a reduction in the risk of allogeneic transfusion with CS, and suggests there may be no difference in risk of infection and hospital LOS. Very low- to moderate-certainty evidence means we are uncertain whether there is a reduction in volume transfused because of CS, or if there is any difference for mortality, blood loss, re-operation for bleeding, wound complication, thrombosis, DVT, PE, MACE, and MI, and probably no difference in risk of stroke. Obstetrics: 1 RCT (1356 participants) High-certainty evidence shows there is no difference between groups for mean volume of allogeneic blood transfused (mean difference (MD) -0.02 units, 95% CI -0.08 to 0.04; 1 RCT, 1349 participants). Low-certainty evidence suggests there may be no difference for risk of allogeneic transfusion. There were no analysable data reported for the remaining outcomes. Orthopaedic (hip only): 17 RCTs (2055 participants) Very low-certainty evidence means we are uncertain if CS reduces the risk of allogeneic transfusion, and the volume transfused, or if there is any difference between groups for mortality, blood loss, re-operation for bleeding, infection, wound complication, prosthetic joint infection (PJI), thrombosis, DVT, PE, stroke, and hospital LOS. There were no analysable data reported for MACE and MI. Orthopaedic (knee only): 26 RCTs (2568 participants) Very low- to low-certainty evidence means we are uncertain if CS reduces the risk of allogeneic transfusion, and the volume transfused, and whether there is a difference for blood loss, re-operation for bleeding, infection, wound complication, PJI, DVT, PE, MI, MACE, stroke, and hospital LOS. There were no analysable data reported for mortality and thrombosis. Orthopaedic (spine only): 6 RCTs (404 participants) Moderate-certainty evidence suggests there is probably a reduction in the need for allogeneic transfusion with CS (RR 0.44, 95% CI 0.31 to 0.63; 3 RCTs, 194 participants). Very low- to moderate-certainty evidence suggests there may be no difference for volume transfused, blood loss, infection, wound complication, and PE. There were no analysable data reported for mortality, re-operation for bleeding, PJI, thrombosis, DVT, MACE, MI, stroke, and hospital LOS. Orthopaedic (mixed): 14 RCTs (4374 participants) Very low- to low-certainty evidence means we are uncertain if there is a reduction in the need for allogeneic transfusion with CS, or if there is any difference between groups for volume transfused, mortality, blood loss, infection, wound complication, PJI, thrombosis, DVT, MI, and hospital LOS. There were no analysable data reported for re-operation for bleeding, MACE, and stroke.<h4>Authors' conclusions</h4>In some types of elective surgery, cell salvage may reduce the need for and volume of allogeneic transfusion, alongside evidence of no difference in adverse events, when compared to no cell salvage. Further research is required to establish why other surgeries show no benefit from CS, through further analysis of the current evidence. More large RCTs in under-reported specialities are needed to expand the evidence base for exploring the impact of CS.",https://pubmed.ncbi.nlm.nih.gov/37681564/,,https://europepmc.org/articles/PMC10486190?pdf=render,stroke,(Stroke[MeSH] OR stroke[tiab] OR brain ischemia[tiab] OR cerebrovascular[tiab]) AND (treatment[tiab] OR intervention[tiab] OR therapy[tiab]),2026-08-05T18:00:54+00:00,,,,,,"To screen the abstract for inclusion in the systematic review on Stroke, let's evaluate it against each of the predefined inclusion and exclusion criteria.

### Step-by-Step Evaluation:

**Inclusion Criteria:**
1. **Pathogen: Must be about Stroke**  
   - The abstract is focused on cell salvage for minimizing perioperative blood transfusion in surgical patients, not directly related to stroke.  
   - **Criterion not met.**

2. **Language: English only**  
   - The abstract is in English.  
   - **Criterion met.**

3. **Study type: Peer-reviewed, original research (note systematic reviews/meta-analyses for special consideration)**  
   - The abstract discusses a systematic review of randomized controlled trials (RCTs) regarding cell salvage in surgery, not specifically about stroke.  
   - **Criterion not met.**

4. **Population: Human subjects**  
   - The study involves human participants undergoing elective surgery, but it does not mention stroke patients.  
   - **Criterion not met.**

5. **Content: Must contain AT LEAST ONE of** (a)-(j)  
   - The study discusses outcomes related to allogeneic blood transfusion and its potential impact on various surgical populations, but specific measures regarding stroke are not mentioned.  
   - **No relevant content related to stroke.**  
   - **Criterion not met.**

**Exclusion Criteria:**
1. **Pathogen: Not about Stroke (exclude studies on other pathogens)**  
   - The study is not about stroke.  
   - **Exclusion criterion applies.**

2. **Language: Non-English**  
   - The language is English.  
   - **Criterion not applicable.**

3. **Publication type: Conference proceedings, abstracts, posters, correspondence**  
   - The abstract appears to be part of a systematic review, which may or may not count as a publication type to be excluded based on earlier criteria.  
   - **Criterion not applicable.**

4. **Study design: In-vitro studies only (no human or animal component)**  
   - The study involves human subjects.  
   - **Criterion not applicable.**

5. **Study design: Solely animal studies AND animal studies that do not report transmission parameters**  
   - This is a human study.  
   - **Criterion not applicable.**

6. **Outbreak type: Accidental laboratory outbreaks (not natural disease transmission)**  
   - This abstract does not mention any outbreak.  
   - **Criterion not applicable.**

### Conclusion:
After analyzing each criterion, the paper does not meet the inclusion criteria, specifically because the focus is not on stroke and the implications are irrelevant to the systematic review's objectives. Given these considerations, the study should be excluded from the systematic review.

<decision>EXCLUDE</decision>",EXCLUDE,False,2026-08-06T00:58:44.667504
PMID_33530189,EuropePMC,33530189,PMC7850748,10.1097/md.0000000000023908,Efficacy and safety of massage in the treatment of poststroke depression: A systematic review and meta-analysis of protocols.,"Shen Y, Nie Q, Zhang Y, Xu L.",,2021,"<h4>Background</h4>Poststroke depression (PSD) is a severe problem; it will significantly increase the mortality of patients after stroke, and affect the quality of life of patients after discharge. For stroke patients without noticeable adverse reactions, massage can effectively improve the patient's mood, thereby treating poststroke depression. But so far, there is still no systematic research to provide reliable evidence that massage can effectively treat poststroke depression. Therefore, the purpose of this study is to comprehensively summarize and evaluate the effectiveness and safety of massage therapy for poststroke depression.<h4>Methods</h4>We conduct a detailed search regardless of publication grade and language status. The search databases include the Web of Science, the Cochrane Library search, EMBASE, PubMed, CNKI, Chinese biomedical literature database, Chongqing VIP, and Wanfang. All randomized controlled trials and cohort studies on massage therapy for poststroke depression are published, as of November 15, 2020. The team consists of 2 experienced researchers who will select the retrieved documents and extract data. Later they used RevMan V.5.3 software for data analysis and data synthesis.<h4>Results</h4>The effectiveness and safety of massage therapy intended for poststroke depression will be subject to a systematic evaluation under this program.<h4>Conclusion</h4>It will be substantiated in this review whether massage therapy is a reliable intervention for poststroke depression by examining the evidence collected.<h4>Inplasy registration number</h4>INPLASY2020110085.",https://pubmed.ncbi.nlm.nih.gov/33530189/,,https://europepmc.org/articles/PMC7850748?pdf=render,stroke,(Stroke[MeSH] OR stroke[tiab] OR brain ischemia[tiab] OR cerebrovascular[tiab]) AND (treatment[tiab] OR intervention[tiab] OR therapy[tiab]),2026-08-05T18:00:54+00:00,,,,,,"Let's evaluate the provided abstract against the specified inclusion and exclusion criteria step by step.

### Inclusion Criteria
1. **Pathogen: Must be about Stroke**  
   The study is focused on poststroke depression, which pertains to patients who have experienced a stroke. Thus, it meets this criterion.

2. **Language: English only**  
   The abstract is written in English and therefore meets this criterion.

3. **Study type: Peer-reviewed, original research (note systematic reviews/meta-analyses for special consideration)**  
   The study is a systematic review and meta-analysis, which is given special consideration and is a valid study type for inclusion.

4. **Population: Human subjects**  
   The study discusses poststroke depression in patients who have had a stroke, thus involving human subjects.

5. **Content: Must contain AT LEAST ONE of the specified measures**  
   The abstract does not explicitly mention quantitative outcome measures like mRS, Barthel Index, or NIHSS related to functional outcomes, but it does suggest an intention to evaluate the effectiveness of massage therapy on poststroke depression. However, it lacks details on the specific functional outcomes that would typically be reported in studies relevant to this systematic review and does not present details or estimates of severity related to the original inclusion criteria.

### Exclusion Criteria
1. **Pathogen: Not about Stroke (exclude studies on other pathogens)**  
   This criterion is not applicable since the study is about stroke.

2. **Language: Non-English**  
   The language criterion is satisfied as it is in English.

3. **Publication type: Conference proceedings, abstracts, posters, correspondence**  
   The abstract summarizes a study, but as it is intended for a systematic review, it suggests that data will be collated from published trials, which adheres to the regular research publication standards. This point does not apply for exclusion.

4. **Study design: In-vitro studies only**  
   This study does not involve in-vitro studies and thus does not fall under this exclusion.

5. **Study design: Solely animal studies AND animal studies that do not report transmission parameters**  
   This study involves human subjects and is not animal research.

6. **Outbreak type: Accidental laboratory outbreaks (not natural disease transmission)**  
   This criterion does not apply to this study; thus, it is not applicable for exclusion.

### Conclusion
While the abstract does focus on a relevant topic of poststroke depression in stroke patients, it fails to report specific functional outcomes (mRS, Barthel Index, NIHSS) as required by the inclusion criteria. Therefore, despite its relevance, it does not meet the strict standards set for inclusion in the review. 

Based on this evaluation, the final decision is:

<decision>EXCLUDE</decision>",EXCLUDE,False,2026-08-06T00:58:44.667555
PMID_32838784,EuropePMC,32838784,PMC7446109,10.1186/s12913-020-05633-4,Patient experiences with technology enabled care across healthcare settings- a systematic review.,"Leonardsen AL, Hardeland C, Helgesen AK, Grøndahl VA.",,2020,"<h4>Background</h4>Healthcare services are facing extensive challenges due to the increased proportion of elderly persons and persons with chronic disease. Technology enabled care (TEC) is a collective term for telecare, telehealth, telemedicine, mobile (m)-, digital- and electronic (e) health services. TEC is increasingly seen as a solution to many of the challenges facing the health sector. Patient perspectives may provide a useful evaluation tool for new healthcare technologies that have limited clinical data to support their effectiveness. More studies need to be done to better understand the acceptance of technology in healthcare. This review aim to summarize empirical studies exploring patient experiences with TEC. Findings in this study can be used to better understand what is needed to develop, implement and improve such services.<h4>Methods</h4>Systematic searches were conducted in the Pubmed, Psycinfo, Cinahl, Embase, Cochrane systematic reviews and Cochrane clinical trials databases. These studies were systematically reviewed using the Preferred Reporting Items for Systematic Reviews and Meta-Analyses (PRISMA) guidelines, subjected to quality appraisals using the Critical Appraisal Skills Program (CASP), and synthesized via integrative analysis.<h4>Results</h4>After removal of duplicates, languages other than English, and non-scientific records, 4087 titles and abstracts were screened. After assessment against inclusion and exclusion criteria, 69 records were screened in full-text, and underwent quality appraisal. 21 records were included in the integrative analysis. Patients' experiences with TEC related to 1) technological features, namely functionality and appearance, and 2) evolving independence, namely empowerment, autonomy and security. Technological challenges lead to frustrations and negative experiences, while a stigmatizing appearance lead to patients not using the solution. Through the use of TECs, patients felt more empowered, learning about their condition, increasing awareness to their symptoms and treatment, and feeling more safe and self-efficient. Patient participation was seen as a central aspect of the development of the TECT, as well as when using it.<h4>Conclusion</h4>This review deepens the understanding of patients' experiences with technology enabled care solutions. Patients' experiences not only relate to the practical/technical element of the device or solution, but to how this impact on their everyday life. Patient participation in development and planned use of such solutions should be considered an integral part in healthcare quality initiatives.",https://pubmed.ncbi.nlm.nih.gov/32838784/,,https://europepmc.org/articles/PMC7446109?pdf=render,stroke,(Stroke[MeSH] OR stroke[tiab] OR brain ischemia[tiab] OR cerebrovascular[tiab]) AND (treatment[tiab] OR intervention[tiab] OR therapy[tiab]),2026-08-05T18:00:54+00:00,,,,,,"To determine whether the study should be included or excluded based on the predefined inclusion and exclusion criteria, let's go through each one systematically.

## Inclusion Criteria

1. **Pathogen: Must be about Stroke**  
   - The title and abstract do not mention stroke at all; instead, they center around technology-enabled care.  
   **Decision**: Not met.

2. **Language: English only**  
   - The abstract is in English.  
   **Decision**: Met.

3. **Study type: Peer-reviewed, original research (note systematic reviews/meta-analyses for special consideration)**  
   - The abstract indicates that it is a systematic review. While this study type is noted for special consideration, the primary focus does not align with stroke.  
   **Decision**: Not met significantly due to focus on technology and not stroke.

4. **Population: Human subjects**  
   - The abstract discusses patient experiences, suggesting it involves human subjects.  
   **Decision**: Met.

5. **Content: Must contain AT LEAST ONE of the specified elements**  
   - The content does not relate to stroke or specific clinical outcome measures relevant to the review's objectives. It discusses patient experiences with technology, which falls outside the predefined parameters.  
   **Decision**: Not met.

## Exclusion Criteria

1. **Pathogen: Not about Stroke (exclude studies on other pathogens)**  
   - The study is clearly not about stroke.  
   **Decision**: Excluded.

2. **Language: Non-English**  
   - The abstract is in English.  
   **Decision**: Not applicable.

3. **Publication type: Conference proceedings, abstracts, posters, correspondence**  
   - The study is a systematic review, which is different from those types.  
   **Decision**: Not applicable.

4. **Study design: In-vitro studies only (no human or animal component)**  
   - The study involves human subjects, so this does not apply.  
   **Decision**: Not applicable.

5. **Study design: Solely animal studies AND animal studies that do not report transmission parameters**  
   - This does not pertain to the study, as it involves human subjects.  
   **Decision**: Not applicable.

6. **Outbreak type: Accidental laboratory outbreaks (not natural disease transmission)**  
   - This is not relevant as the study focuses on technology-enabled care, not outbreaks.  
   **Decision**: Not applicable.

Based on the review against the inclusion and exclusion criteria, the study fails to discuss stroke and does not meet important inclusion criteria. As it is centered on technology-enabled care rather than stroke, it clearly falls under the exclusion category.

Thus, the final decision is:  
<decision>EXCLUDE</decision>",EXCLUDE,False,2026-08-06T00:58:44.667608
PMID_31560644,EuropePMC,31560644,PMC6795069,10.5888/pcd16.180641,Current Knowledge on Correlations Between Highly Prevalent Dental Conditions and Chronic Diseases: An Umbrella Review.,"Seitz MW, Listl S, Bartols A, Schubert I, Blaschke K, Haux C, Van Der Zande MM.",,2019,"<h4>Introduction</h4>Studies have investigated the relationships between chronic systemic and dental conditions, but it remains unclear how such knowledge can be used in clinical practice. In this article, we provide an overview of existing systematic reviews, identifying and evaluating the most frequently reported dental-chronic disease correlations and common risk factors.<h4>Methods</h4>We conducted a systematic review of existing systematic reviews (umbrella review) published between 1995 and 2017 and indexed in 4 databases. We focused on the 3 most prevalent dental conditions and 10 chronic systemic diseases with the highest burden of disease in Germany. Two independent reviewers assessed all articles for eligibility and methodologic quality using the AMSTAR criteria and extracted data from the included studies.<h4>Results</h4>Of the initially identified 1,249 systematic reviews, 32 were included for qualitative synthesis. The dental condition with most frequently observed correlations to chronic systemic diseases was periodontitis. The chronic systemic disease with the most frequently observed correlations with a dental condition was type 2 diabetes mellitus (T2DM). Most dental-chronic disease correlations were found between periodontitis and T2DM and periodontitis and cardiovascular disease. Frequently reported common risk factors were smoking, age, sex, and overweight. Using the AMSTAR criteria, 2 studies were assessed as low quality, 26 studies as moderate quality, and 4 studies as high quality.<h4>Conclusion</h4>The quality of included systematic reviews was heterogeneous. The most frequently reported correlations were found for periodontitis with T2DM and for periodontitis with cardiovascular disease. However, the strength of evidence for these and other disease correlations is limited, and the evidence to assess the causality of these disease correlations remains unclear. Future research should focus on the causality of disease links in order to provide more decisive evidence with respect to the design of intersectoral care processes.",https://pubmed.ncbi.nlm.nih.gov/31560644/,,https://europepmc.org/articles/PMC6795069?pdf=render,stroke,(Stroke[MeSH] OR stroke[tiab] OR brain ischemia[tiab] OR cerebrovascular[tiab]) AND (treatment[tiab] OR intervention[tiab] OR therapy[tiab]),2026-08-05T18:00:54+00:00,,,,,,"To determine if this abstract should be included or excluded from the systematic review on Stroke, let's go through the inclusion and exclusion criteria carefully one by one.

### Inclusion Criteria
1. **Pathogen: Must be about Stroke**
   - This study is about dental conditions and chronic diseases, not about Stroke. 
   - **Not met.**

2. **Language: English only**
   - The abstract is in English.
   - **Met.**

3. **Study type: Peer-reviewed, original research (note systematic reviews/meta-analyses for special consideration)**
   - This is an umbrella review of existing systematic reviews, which falls under systematic reviews/meta-analyses.
   - **Met.**

4. **Population: Human subjects (animal studies acceptable if reporting transmission parameters)**
   - The study involves human subjects (assessing dental conditions and chronic diseases in humans).
   - **Met.**

5. **Content: Must contain AT LEAST ONE of:**
   - None of the specified content categories regarding stroke or its outcomes are addressed in this abstract.
   - **Not met.**

### Exclusion Criteria
1. **Pathogen: Not about Stroke (exclude studies on other pathogens)**
   - The study does not address Stroke as it focuses on dental conditions and chronic diseases.
   - **Applied.**

2. **Language: Non-English**
   - The abstract is in English.
   - **Not applied.**

3. **Publication type: Conference proceedings, abstracts, posters, correspondence**
   - The study is a systematic review and not categorized under conference proceedings or similar.
   - **Not applied.**

4. **Study design: In-vitro studies only (no human or animal component)**
   - The study involves human subjects and is not an in-vitro study.
   - **Not applied.**

5. **Study design: Solely animal studies AND animal studies that do not report transmission parameters**
   - The study does not involve animals.
   - **Not applied.**

6. **Outbreak type: Accidental laboratory outbreaks (not natural disease transmission)**
   - This criterion does not apply since the study is not about outbreaks of any kind. 
   - **Not applied.**

Based on this analysis, criteria 1 from the inclusion set clearly disqualifies the study due to its focus on dental conditions rather than Stroke. Even though it meets the language and study type criteria, the predominant focus on non-stroke-related health issues aligns it more closely with the exclusion criteria.

Thus, the concluding decision is as follows:

<decision>EXCLUDE</decision>",EXCLUDE,False,2026-08-06T00:58:44.667660
PMID_33900363,EuropePMC,33900363,PMC8077045,10.1001/jamaneurol.2021.0873,Sex Disparities in Enrollment in Recent Randomized Clinical Trials of Acute Stroke: A Meta-analysis.,"Strong B, Pudar J, Thrift AG, Howard VJ, Hussain M, Carcel C, de Los Campos G, Reeves MJ.",,2021,"<h4>Importance</h4>The underenrollment of women in randomized clinical trials represents a threat to the validity of the evidence supporting clinical guidelines and potential disparities in access to novel treatments.<h4>Objective</h4>To determine whether women were underenrolled in contemporary randomized clinical trials of acute stroke therapies published in 9 major journals after accounting for their representation in underlying stroke populations.<h4>Data sources</h4>MEDLINE was searched for acute stroke therapeutic trials published between January 1, 2010, and June 11, 2020.<h4>Study selection</h4>Eligible articles reported the results of a phase 2 or 3 randomized clinical trial that enrolled patients with stroke and/or transient ischemic attack and examined a therapeutic intervention initiated within 1 month of onset.<h4>Data extraction</h4>Data extraction was performed by 2 independent authors in duplicate. Individual trials were matched to estimates of the proportion of women in underlying stroke populations using the Global Burden of Disease database.<h4>Main outcomes and measures</h4>The primary outcome was the enrollment disparity difference (EDD), the absolute difference between the proportion of trial participants who were women and the proportion of strokes in the underlying disease populations that occurred in women. Random-effects meta-analyses of the EDD were performed, and multivariable metaregression was used to explore the associations of trial eligibility criteria with disparity estimates.<h4>Results</h4>The search returned 1529 results, and 115 trials (7.5%) met inclusion criteria. Of 121 105 randomized patients for whom sex was reported, 52 522 (43.4%) were women. The random-effects summary EDD was -0.053 (95% CI, -0.065 to -0.040), indicating that women were underenrolled by 5.3 percentage points. This disparity persisted across virtually all geographic regions, intervention types, and stroke types, apart from subarachnoid hemorrhage (0.117 [95% CI, 0.084 to 0.150]). When subarachnoid hemorrhage trials were excluded, the summary EDD was -0.067 (95% CI, -0.078 to -0.057). In the multivariable metaregression analysis, an upper age limit of 80 years as an eligibility criterion was associated with a 6-percentage point decrease in the enrollment of women.<h4>Conclusions and relevance</h4>Further research is needed to understand the causes of the underenrollment of women in acute stroke trials. However, to maximize representation, investigators should avoid imposing age limits on enrollment.",https://pubmed.ncbi.nlm.nih.gov/33900363/,,https://jamanetwork.com/journals/jamaneurology/articlepdf/2778649/jamaneurology_strong_2021_oi_210017_1622672561.44206.pdf,stroke,(Stroke[MeSH] OR stroke[tiab] OR brain ischemia[tiab] OR cerebrovascular[tiab]) AND (treatment[tiab] OR intervention[tiab] OR therapy[tiab]),2026-08-05T18:00:54+00:00,,,,,,"Let's evaluate the abstract step by step against the inclusion and exclusion criteria.

## Inclusion Criteria Evaluation
1. **Pathogen: Must be about Stroke**
   - The study indeed discusses ""acute stroke"" and its related trials.
   - **Criteria Met**

2. **Language: English only**
   - The abstract is in English.
   - **Criteria Met**

3. **Study type: Peer-reviewed, original research (note systematic reviews/meta-analyses for special consideration)**
   - This is a meta-analysis of randomized clinical trials, which qualifies under the criteria for systematic reviews.
   - **Criteria Met**

4. **Population: Human subjects (animal studies acceptable if reporting EITHER: ...)**
   - The study involves human subjects who have experienced stroke and/or transient ischemic attack.
   - **Criteria Met**

5. **Content: Must contain AT LEAST ONE of: ...**
   - The study discusses enrollment disparities in randomized trials, which provides insights into recruitment of women for stroke interventions, indirectly relating to clinical outcomes and efficacy of interventions.
   - While it does primarily focus on enrollment disparities rather than specific clinical outcomes, it still relates to the overarching theme of therapeutic interventions in acute stroke.
   - **Criteria Met**

## Exclusion Criteria Evaluation
1. **Pathogen: Not about Stroke**
   - The abstract is about stroke.
   - **Criteria Not Met (inclusion)**

2. **Language: Non-English**
   - The abstract is in English.
   - **Criteria Not Met (inclusion)**

3. **Publication type: Conference proceedings, abstracts, posters, correspondence**
   - The abstract is a report on a completed meta-analysis, which would not fall under these categories but is instead primary research.
   - **Criteria Not Met (inclusion)**

4. **Study design: In-vitro studies only (no human or animal component)**
   - The study involves human participants, not in-vitro studies.
   - **Criteria Not Met (inclusion)**

5. **Study design: Solely animal studies AND animal studies that do not report transmission parameters ...**
   - The study does not involve animal studies.
   - **Criteria Not Met (inclusion)**

6. **Outbreak type: Accidental laboratory outbreaks (not natural disease transmission)**
   - This is not applicable as the study focuses on randomized trials and not on outbreaks.
   - **Criteria Not Met (inclusion)**

## Conclusion
After evaluating the abstract against all inclusion and exclusion criteria, it is determined that this study is relevant to the systematic review focusing on stroke due to its examination of randomized clinical trials of acute stroke therapies. While it does not focus on specific clinical outcomes or interventions directly, it contributes to understanding the representation in clinical trials, which is relevant to evidence-based practice.

Therefore, the final decision is:
<decision>INCLUDE</decision>",INCLUDE,True,2026-08-06T00:58:44.667712
PMID_30616299,EuropePMC,30616299,PMC6353242,10.1002/14651858.cd007293.pub4,Routine preoperative medical testing for cataract surgery.,"Keay L, Lindsley K, Tielsch J, Katz J, Schein O.",,2019,"<h4>Background</h4>Cataract surgery is practiced widely, and substantial resources are committed to an increasing cataract surgical rate in low- and middle-income countries. With the current volume of cataract surgery and future increases, it is critical to optimize the safety and cost-effectiveness of this procedure. Most cataracts are performed on older individuals with correspondingly high systemic and ocular comorbidities. It is likely that routine preoperative medical testing will detect medical conditions, but it is questionable whether these conditions should preclude individuals from cataract surgery or change their perioperative management.<h4>Objectives</h4>1. To investigate the evidence for reductions in adverse events through preoperative medical testing2. To estimate the average cost of performing routine medical testing SEARCH METHODS: We searched the Cochrane Central Register of Controlled Trials (CENTRAL) (which contains the Cochrane Eyes and Vision Trials Register) (2018, Issue 6); Ovid MEDLINE; Embase.com; PubMed; LILACS BIREME, the metaRegister of Controlled Trials (mRCT) (last searched 5 January 2012); ClinicalTrials.gov and the WHO ICTRP. The date of the search was 29 June 2018, with the exception of mRCT which is no longer in service. We searched the references of reports from included studies for additional relevant studies without restrictions regarding language or date of publication.<h4>Selection criteria</h4>We included randomized clinical trials in which routine preoperative medical testing was compared to no preoperative or selective preoperative testing prior to age-related cataract surgery.<h4>Data collection and analysis</h4>Two review authors independently assessed abstracts to identify possible trials for inclusion. For each included study, two review authors independently documented study characteristics, extracted data, and assessed risk of bias.<h4>Main results</h4>We identified three randomized clinical trials that compared routine preoperative medical testing versus selective or no preoperative testing for 21,531 cataract surgeries. The largest trial, in which 19,557 surgeries were randomized, was conducted in Canada and the USA. Another study was conducted in Brazil and the third in Italy. Although the studies had some issues with respect to performance and detection bias due to lack of masking (high risk for one study, unclear for two studies), we assessed the studies as at overall low risk of bias.The three randomized clinical trials included in this review reported results for 21,531 total cataract surgeries with 707 total surgery-associated medical adverse events, including 61 hospitalizations and three deaths. Of the 707 medical adverse events reported, 353 occurred in the pre-testing group and 354 occurred in the no-testing group (odds ratio (OR) 1.00, 95% confidence interval (CI) 0.86 to 1.16; high-certainty evidence). Most events were cardiovascular and occurred during the intraoperative period. Routine preoperative medical testing did not reduce the risk of intraoperative (OR 0.99, 95% CI 0.71 to 1.38) or postoperative ocular adverse events (OR 1.11, 95% CI 0.74 to 1.67) when compared to selective or no testing (2 studies; 2281 cataract surgeries; moderate-certainty evidence). One study evaluated cost savings, estimating the costs to be 2.55 times higher in those with preoperative medical testing compared to those without preoperative medical testing (1 study; 1005 cataract surgeries; moderate-certainty evidence). There was no difference in cancellation of surgery between those with preoperative medical testing and those with selective or no preoperative testing, reported by two studies with 20,582 cataract surgeries (OR 0.97, 95% CI 0.78 to 1.21; high-certainty evidence). No study reported outcomes related to clinical management changes (other than cancellation) or quality of life scores.<h4>Authors' conclusions</h4>This review has shown that routine preoperative testing does not increase the safety of cataract surgery. Alternatives to routine preoperative medical testing have been proposed, including self administered health questionnaires, which could substitute for health provider histories and physical examinations. Such avenues may lead to cost-effective means of identifying those at increased risk of medical adverse events due to cataract surgery. However, despite the rare occurrence, adverse medical events precipitated by cataract surgery remain a concern because of the large number of elderly patients with multiple medical comorbidities who have cataract surgery in various settings. The studies summarized in this review should assist recommendations for the standard of care of cataract surgery, at least in low- and middle-income settings. Unfortunately, in these settings, medical history questionnaires may be useless to screen for risk because few people have ever been to a physician, let alone been diagnosed with any chronic disease.",https://pubmed.ncbi.nlm.nih.gov/30616299/,,https://europepmc.org/articles/pmc6353242?pdf=render,stroke,(Stroke[MeSH] OR stroke[tiab] OR brain ischemia[tiab] OR cerebrovascular[tiab]) AND (treatment[tiab] OR intervention[tiab] OR therapy[tiab]),2026-08-05T18:00:54+00:00,,,,,,"Let's evaluate the abstract step by step against the predefined inclusion and exclusion criteria.

## Inclusion Criteria
1. **Pathogen:** The study does not concern Stroke; rather, it is focused on cataract surgery.
2. **Language:** The abstract is in English.
3. **Study type:** The study is peer-reviewed original research.
4. **Population:** The study involves human subjects but pertains to cataract surgery, not stroke.
5. **Content:** The content does not provide any information related to stroke. It focuses on adverse events and preoperative testing for cataract surgery.

Given that the first inclusion criterion is not met (the study is not about Stroke), we can conclude that the study must be excluded.

## Exclusion Criteria
1. **Pathogen:** The study is not about Stroke, and therefore it meets this exclusion criterion.
2. **Language:** English, which does not apply to an exclusion.
3. **Publication type:** Not applicable here since it's a peer-reviewed article.
4. **Study design:** This does not involve in-vitro studies concerning animal studies.
5. **Study design:** The study does not involve solely animal studies or fail to report on relevant transmission parameters.
6. **Outbreak type:** Not applicable as it is not relevant to the context of disease transmission.

The key exclusion criterion that leads to the decision is number 1: the study is not about Stroke.

Since the study does not meet all the inclusion criteria and does meet an exclusion criterion, we conclude that it should be excluded.

<decision>EXCLUDE</decision>",EXCLUDE,False,2026-08-06T01:00:06.986199
PMID_29233831,EuropePMC,29233831,PMC5728303,10.1136/bmjopen-2017-016739,The Efficacy of the proprioceptive neuromuscular facilitation (PNF) approach in stroke rehabilitation to improve basic activities of daily living and quality of life: a systematic review and meta-analysis protocol.,"Guiu-Tula FX, Cabanas-Valdés R, Sitjà-Rabert M, Urrútia G, Gómara-Toldrà N.",,2017,"<h4>Introduction</h4>Proprioceptive neuromuscular facilitation (PNF) is a widely used rehabilitation concept, although its efficacy has not yet been demonstrated in stroke survivors. The aim of this systematic review is to identify, assess and synthesise the potential benefits of using PNF to improve the activities of daily living (ADL) and quality of life (QoL) of individuals with stroke.<h4>Methods and analysis</h4>A systematic electronic search will be conducted in MEDLINE, Embase, CENTRAL and PEDro. We will include randomised or quasi-randomised controlled trials of PNF interventions conducted in stroke survivors up to April 2017. Two review authors will independently select relevant studies and will extract data using the Cochrane handbook for systematic reviews of interventions approach and the Preferred Reporting Items for Systematic Review and Meta-Analysis Protocols (PRISMA-P). The methodological quality will be assessed by using the PEDro scale. Finally, with the permitted numeric data, we will carry out a meta-analysis.<h4>Ethics and dissemination</h4>Ethical considerations will not be required. Results will be disseminated in a peer-review journal. This systematic review aims to examine the effects of PNF (neurophysiological approach) in order to clarify its efficacy in improving ADL and QoL in the rehabilitation process of stroke survivors.<h4>Prospero registration number</h4>CRD42016039135.",https://pubmed.ncbi.nlm.nih.gov/29233831/,,https://europepmc.org/articles/PMC5728303?pdf=render,stroke,(Stroke[MeSH] OR stroke[tiab] OR brain ischemia[tiab] OR cerebrovascular[tiab]) AND (treatment[tiab] OR intervention[tiab] OR therapy[tiab]),2026-08-05T18:00:54+00:00,,,,,,"To evaluate the abstract based on the provided inclusion and exclusion criteria, we'll step through each criterion in detail:

### Inclusion Criteria
1. **Pathogen: Must be about Stroke**  
   - The abstract discusses stroke rehabilitation, specifically in stroke survivors. This criterion is met.

2. **Language: English only**  
   - The abstract is in English. This criterion is met.

3. **Study type: Peer-reviewed, original research (note systematic reviews/meta-analyses for special consideration)**  
   - The abstract is a protocol for a systematic review and meta-analysis, which is a peer-reviewed original research. This criterion is met.

4. **Population: Human subjects (animal studies acceptable if reporting specific parameters)**  
   - The focus is on humans with stroke, specifically stroke survivors. This criterion is met.

5. **Content: Must contain AT LEAST ONE of the specified criteria related to study content**  
   - The abstract mentions the efficacy of PNF in improving activities of daily living (ADL) and quality of life (QoL) in stroke survivors. This may not be strictly quantifiable data on measures/estimates such as R, growth rate, CFR, etc., but it does seek to synthesize evidence on a rehabilitation intervention's impact on functional outcomes. Thus, this criterion is arguably met.

### Exclusion Criteria
1. **Pathogen: Not about Stroke (exclude studies on other pathogens)**  
   - The abstract is relevant to stroke. This criterion is not applicable for exclusion.

2. **Language: Non-English**  
   - The abstract is in English. This criterion is not applicable for exclusion.

3. **Publication type: Conference proceedings, abstracts, posters, correspondence**  
   - As a systematic review protocol, this abstract does not fall under the excluded publication types in this context. This criterion is not applicable for exclusion.

4. **Study design: In-vitro studies only (no human or animal component)**  
   - The study focuses on human subjects and does not involve in-vitro studies. This criterion is not applicable for exclusion.

5. **Study design: Solely animal studies AND animal studies that do not report transmission parameters**  
   - This abstract does not concern animal studies. This criterion is not applicable for exclusion.

6. **Outbreak type: Accidental laboratory outbreaks (not natural disease transmission)**  
   - The abstract does not discuss outbreaks; it focuses on rehabilitation. This criterion is not applicable for exclusion.

### Conclusion
After assessing the abstract against the inclusion and exclusion criteria, it meets all inclusion criteria and does not meet any exclusion criteria. The focus on a rehabilitation method for stroke patients aligns well with the systematic review objectives. Thus, the study should be included.

<decision>INCLUDE</decision>",INCLUDE,True,2026-08-06T01:00:06.986699
PMID_31549743,EuropePMC,31549743,PMC6757514,10.1002/14651858.cd013201.pub2,Stem cell-based interventions for the prevention and treatment of germinal matrix-intraventricular haemorrhage in preterm infants.,"Romantsik O, Bruschettini M, Moreira A, Thébaud B, Ley D.",,2019,"<h4>Background</h4>Germinal matrix-intraventricular haemorrhage (GMH-IVH) remains a substantial issue in neonatal intensive care units worldwide. Current therapies to prevent or treat GMH-IVH are limited. Stem cell-based therapies offer a potential therapeutic approach to repair, restore, and/or regenerate injured brain tissue. These preclinical findings have now culminated in ongoing human neonatal studies.<h4>Objectives</h4>To determine the benefits and harms of stem cell-based interventions for prevention or treatment of germinal matrix-intraventricular haemorrhage (GM-IVH) in preterm infants.<h4>Search methods</h4>We used the standard search strategy of Cochrane Neonatal to search the Cochrane Central Register of Controlled Trials (CENTRAL; 2019, Issue 1), in the Cochrane Library; MEDLINE via PubMed (1966 to 7 January 2019); Embase (1980 to 7 January 2019); and the Cumulative Index to Nursing and Allied Health Literature (CINAHL) (1982 to 7 January 2019). We also searched clinical trials databases, conference proceedings, and reference lists of retrieved articles for randomised controlled trials and quasi-randomised trials.<h4>Selection criteria</h4>We attempted to identify randomised controlled trials, quasi-randomised controlled trials, and cluster trials comparing (1) stem cell-based interventions versus control; (2) mesenchymal stromal cells (MSCs) of type or source versus MSCs of other type or source; (3) stem cell-based interventions other than MSCs of type or source versus stem cell-based interventions other than MSCs of other type or source; or (4) MSCs versus stem cell-based interventions other than MSCs. For prevention studies, we included extremely preterm infants (less than 28 weeks' gestation), 24 hours of age or less, without ultrasound diagnosis of GM-IVH; for treatment studies, we included preterm infants (less than 37 weeks' gestation), of any postnatal age, with ultrasound diagnosis of GM-IVH.<h4>Data collection and analysis</h4>For each of the included trials, two review authors independently planned to extract data (e.g. number of participants, birth weight, gestational age, type and source of MSCs, other stem cell-based interventions) and assess the risk of bias (e.g. adequacy of randomisation, blinding, completeness of follow-up). Primary outcomes considered in this review are all-cause neonatal mortality, major neurodevelopmental disability, GM-IVH, and extension of pre-existing non-severe GM-IVH. We planned to use the GRADE approach to assess the quality of evidence.<h4>Main results</h4>Our search strategy yielded 769 references. We did not find any completed studies for inclusion. One randomised controlled trial is currently registered and ongoing. Five phase 1 trials are described in the excluded studies.<h4>Authors' conclusions</h4>Currently no evidence is available to show the benefits or harms of stem cell-based interventions for treatment or prevention of GM-IVH in preterm infants.",https://pubmed.ncbi.nlm.nih.gov/31549743/,,https://europepmc.org/articles/PMC6757514?pdf=render,stroke,(Stroke[MeSH] OR stroke[tiab] OR brain ischemia[tiab] OR cerebrovascular[tiab]) AND (treatment[tiab] OR intervention[tiab] OR therapy[tiab]),2026-08-05T18:00:54+00:00,,,,,,"To screen the provided abstract against the inclusion and exclusion criteria defined for the systematic review on Stroke, we will systematically evaluate each criterion:

## Inclusion Criteria Evaluation

1. **Pathogen**: The study is focused on germinal matrix-intraventricular haemorrhage (GMH-IVH) in preterm infants, which is not directly related to Stroke (ischaemic or haemorrhagic). **Not met**.
   
2. **Language**: The abstract is in English. **Met**.

3. **Study type**: The abstract presents a review of trials and references their design, including randomized controlled trials and phase 1 trials of stem cell therapy. However, it does not focus specifically on stroke interventions. **Not met**.

4. **Population**: The study involves preterm infants, which is not aligned with the study population of adult patients with confirmed ischaemic or haemorrhagic stroke. **Not met**.

5. **Content**: The study focuses on the prevention and treatment of GMH-IVH rather than stroke. Therefore, it does not contain any relevant content regarding stroke outcomes (functional or otherwise). **Not met**.

## Exclusion Criteria Evaluation

1. **Pathogen**: The study does not address Stroke but rather GMH-IVH in preterm infants. **Met** (since the study is not about Stroke).

2. **Language**: The study is written in English. **Not met**.

3. **Publication type**: The study appears to be a peer-reviewed article related to ongoing trials, so it does not fall under the exclusion of conference proceedings, abstracts, posters, or correspondence. **Not met**.

4. **Study design**: Studies without a human or animal component are not applicable here, as they likely involve human trials but do not meet the criteria for Stroke. **Not met**.

5. **Study design**: The study is solely about preterm infants and GMH-IVH and does not report on stroke parameters. **Met**.

6. **Outbreak type**: Not applicable as this is not an outbreak study. **Not met**.

## Conclusion
Based on the evaluations, the abstract does not meet the inclusion criteria for the systematic review focused on Stroke, and it meets an exclusion criterion since the study does not pertain to Stroke at all.

Thus, the final decision on this abstract is:

<decision>EXCLUDE</decision>",EXCLUDE,False,2026-08-06T01:00:06.986808
PMID_35560150,EuropePMC,35560150,PMC9105486,10.1002/14651858.cd013484.pub3,Tocilizumab for giant cell arteritis.,"Antonio AA, Santos RN, Abariga SA.",,2022,"<h4>Background</h4>Giant cell arteritis (GCA) is the most common form of systemic vasculitis in people older than 50 years of age. It causes granulomatous inflammation of medium- to large-sized vessels. Tocilizumab is a recombinant monoclonal antibody directed against interleukin-6 receptors (IL-6R).<h4>Objectives</h4>To assess the effectiveness and safety of tocilizumab, given alone or with corticosteroids, compared with therapy without tocilizumab for treatment of GCA.<h4>Search methods</h4>We searched the Cochrane Central Register of Controlled Trials (CENTRAL) (which contains the Cochrane Eyes and Vision Trials Register) (2020, Issue 1); Ovid MEDLINE; Embase.com; PubMed; Latin American and Caribbean Health Science Information database (LILACS); ClinicalTrials.gov; and the World Health Organization (WHO) International Clinical Trials Registry Platform (ICTRP). There were no date or language restrictions in the electronic search for trials. We last searched the electronic databases on 3 January 2020.<h4>Selection criteria</h4>We included only randomized controlled trials (RCTs) that compared tocilizumab of any dosage regimen (alone or with corticosteroids) with therapy without tocilizumab that had a minimum follow-up of six months. Participants were at least 50 years of age, with biopsy-proven GCA or by large-vessel vasculitis by angiography, and met the American College of Rheumatology 1990 guidelines for GCA.<h4>Data collection and analysis</h4>We used standard Cochrane methodology.<h4>Main results</h4>Main results We included two RCTs in the review. The studies were conducted in the USA, Canada, and Europe and enrolled a total of 281 participants with GCA, of whom 74% were women. The mean age of participants was 70 years, with new-onset or relapsing GCA, and fulfilled the 1990 American College of Rheumatology criteria with no uncontrolled comorbidities. Both studies were funded by F. Hoffmann-La Roche AG, the manufacturer of tocilizumab. Findings One RCT (30 participants) compared tocilizumab administered every four weeks versus placebo. Point estimates at 12 months and beyond favored tocilizumab over placebo in terms of sustained remission (risk ratio (RR) 4.25, 95% confidence interval (CI) 1.21 to 14.88; moderate-certainty evidence). Point estimates suggest no evidence of a difference for all-cause mortality at 12 months or more (RR 0.17, 95% CI 0.01 to 3.94; moderate-certainty evidence). At 12 months, mean time to first relapse after induction of remission was 25 weeks in favor of participants receiving tocilizumab compared to placebo (mean difference (MD) 25, 95% CI 11.4 to 38.6; moderate-certainty evidence). The second RCT (250 participants) randomized participants into two intervention and two comparator groups to receive tocilizumab weekly (100 participants), bi-weekly (49 participants), weekly placebo + 26-week taper (50 participants), or weekly placebo + 52-week taper (51 participants). At 12 months, point estimates from this study on proportion of participants with sustained remission favored participants who received tocilizumab weekly versus placebo + 52-week taper (RR 3.17, 95% CI 1.71 to 5.89; 151 participants); tocilizumab weekly versus placebo + 26-week taper (RR 4.00, 95% CI 1.97 to 8.12; 150 participants); tocilizumab every other week versus placebo + 52-week taper (RR 3.01, 95% CI 1.57 to 5.75; 100 participants); tocilizumab every other week versus placebo + 26-week taper (RR 3.79, 95% CI 1.82 to 7.91; 99 participants) (moderate-certainty evidence). Point estimates on proportion of participants who did not need escape therapy (defined by the study as the inability to keep to the protocol-defined prednisone taper) favored participants who received tocilizumab weekly versus placebo + 52-week taper (RR 1.71, 95% CI 1.24 to 2.35; 151 participants); tocilizumab weekly versus placebo + 26-week taper (RR 2.96, 95% CI 1.83 to 4.78; 150 participants); tocilizumab every other week versus placebo + 52-week taper (RR 1.49, 95% CI 1.04 to 2.14; 100 participants) but not tocilizumab every other week versus placebo + 26-week taper (RR 0.65, 95% CI 0.27 to 1.54; 99 participants) (moderate-certainty evidence). This study did not report mean time to first relapse after induction of remission or all-cause mortality.  Across comparison groups, the same study found no evidence of a difference  in vision changes and inconsistent evidence with regard to quality of life. Evidence on quality of life as assessed by the physical (MD 8.17, 95% CI 4.44 to 11.90) and mental (MD 5.61, 95% CI 0.06 to 11.16) component score of the 36-Item Short Form Health Survey (SF-36) favored weekly tocilizumab versus placebo + 52-week taper but not bi-weekly tocillizumab versus placebo + 26-week taper (moderate-certainty evidence). Adverse events One RCT reported a lower percentage of participants who experienced serious adverse events when receiving tocilizumab every four weeks versus placebo. The second RCT reported no evidence of a difference among groups with regard to adverse events; however, fewer participants reported serious adverse events in the tocilizumab weekly and tocilizumab biweekly interventions compared with the placebo + 26-week taper and placebo + 52-week taper comparators. Investigators in both studies reported that infection was the most frequently reported adverse event.<h4>Authors' conclusions</h4>This review indicates that tocilizumab therapy may be beneficial in terms of proportion of participants with sustained remission, relapse-free survival, and the need for escape therapy. While the evidence was of moderate certainty, only two studies were included in the review, suggesting that further research is required to corroborate these findings. Future trials should address issues related to the required duration of therapy, patient-reported outcomes such as quality of life and economic outcomes, as well as the clinical outcomes evaluated in this review.",https://pubmed.ncbi.nlm.nih.gov/35560150/,,https://europepmc.org/articles/PMC9105486?pdf=render,stroke,(Stroke[MeSH] OR stroke[tiab] OR brain ischemia[tiab] OR cerebrovascular[tiab]) AND (treatment[tiab] OR intervention[tiab] OR therapy[tiab]),2026-08-05T18:00:54+00:00,,,,,,"Let's evaluate the provided abstract against the inclusion and exclusion criteria.

### Inclusion Criteria Evaluation
1. **Pathogen: Must be about Stroke**
   - The study is about giant cell arteritis, which is a form of vasculitis. This is unrelated to stroke. 
   
2. **Language: English only**
   - The abstract is in English.

3. **Study type: Peer-reviewed, original research (note systematic reviews/meta-analyses for special consideration)**
   - The study is a systematic review of randomized controlled trials, which qualifies under the special consideration category.

4. **Population: Human subjects**
   - The study involves human subjects (adults 50 years and older with giant cell arteritis).

5. **Content: Must contain AT LEAST ONE of the specified content types**
   - The study discusses treatment measures and outcomes related to tocilizumab for GCA but does not discuss stroke or any of the required content regarding stroke.

### Exclusion Criteria Evaluation
1. **Pathogen: Not about Stroke**
   - The study focuses on giant cell arteritis and does not pertain to stroke, which is a primary reason for exclusion.
   
2. **Language: Non-English**
   - The abstract is in English, so this criterion does not apply.

3. **Publication type: Conference proceedings, abstracts, posters, correspondence**
   - It is a peer-reviewed systematic review so this is not a basis for exclusion.

4. **Study design: In-vitro studies only**
   - The study does not involve only in-vitro studies.

5. **Study design: Solely animal studies AND animal studies that do not report transmission parameters**
   - The study is about human subjects, so this criterion does not apply.

6. **Outbreak type: Accidental laboratory outbreaks**
   - This criterion is not applicable as it does not discuss outbreak types.

### Conclusion
The primary focus of the abstract is on giant cell arteritis and the effectiveness of tocilizumab, which does not pertain to stroke. Since the study does not align with the inclusion criteria related to stroke research and focuses solely on a different condition, it clearly falls under the exclusion criteria for being not about stroke.

Thus, the decision is: 
<decision>EXCLUDE</decision>",EXCLUDE,False,2026-08-06T01:00:06.986904
PMID_35957576,EuropePMC,35957576,PMC11010555,10.1017/s0031182022001081,Monotherapy and combination chemotherapy for Chagas disease treatment: a systematic review of clinical efficacy and safety based on randomized controlled trials.,"Santana Nogueira S, Cardoso Santos E, Oliveira Silva R, Vilela Gonçalves R, Lima GDA, Dias Novaes R.",,2022,"From a systematic review framework, we analysed the clinical evidence on the effectiveness and safety of monotherapy and combination chemotherapy for Chagas disease (ChD) treatment. The research protocol was based on the Preferred Reporting Items for Systematic Reviews and Meta-Analyses and patient, intervention, comparison and outcome strategy. Only randomized controlled trials (RCT) were retrieved from Embase, Medline, Scopus and Web of Science databases. Diagnostic tools, treatment protocols, seroconversion rates and adverse events were investigated. Fifteen RCT mainly concentrated in endemic countries were identified. ChD diagnosis was mainly based on haemagglutination, immunofluorescence, enzyme-linked immunosorbent assay and polymerase chain reaction. Benznidazole (BNZ), nifurtimox, fosravuconazole, posaconazole, allopurinol and thioctic acid were the identified drugs. The best negative seroconversion results (100, 96, 94 and 91.3%) were, respectively, based on BNZ (5 mg kg day<sup>−1</sup>, 200 mg day<sup>−1</sup>, 150 mg day<sup>−1</sup> and 2.5 mg kg<sup>−1</sup>) administration for 60 days. Negative seroconversion was not achieved with allopurinol (300 mg day<sup>−1</sup> for 60 days). Adverse reactions ranged from 5 to 73% in patients receiving antiparasitic chemotherapy. Treatment discontinuation (1.5–57%) was mainly associated with gastrointestinal, cutaneous and neurological manifestations. Current RCT-based evidence indicates that BNZ is the most viable option for ChD treatment. However, new protocols need to be developed to mitigate side effects and increase patient adherence to antiparasitic chemotherapy. Therefore, shorter regimens, lower concentrations and treatments combining BNZ with posaconazole, fosravuconazole or ravuconazole may be viable to ensure comparable efficacy to BZN-based monotherapy, contributing to reduce dose- and time-dependent toxicity reactions.",https://pubmed.ncbi.nlm.nih.gov/35957576/,,https://europepmc.org/articles/PMC11010555?pdf=render,stroke,(Stroke[MeSH] OR stroke[tiab] OR brain ischemia[tiab] OR cerebrovascular[tiab]) AND (treatment[tiab] OR intervention[tiab] OR therapy[tiab]),2026-08-05T18:00:54+00:00,,,,,,"Let’s evaluate the abstract step by step against the inclusion and exclusion criteria:

## Inclusion Criteria
1. **Pathogen: Must be about Stroke**
   - The abstract pertains to Chagas disease, not Stroke. This criterion is **not met**.

2. **Language: English only**
   - The abstract is in English. This criterion is **met**.

3. **Study type: Peer-reviewed, original research (note systematic reviews/meta-analyses for special consideration)**
   - The abstract describes a systematic review of randomized controlled trials but does not present original research itself. This criterion is **not met**.

4. **Population: Human subjects**
   - The study involves human subjects with Chagas disease and analyzes their treatment outcomes. However, it does not pertain to stroke patients. Since it's not about stroke, this criterion is **not met**.

5. **Content: Must contain AT LEAST ONE of the functional outcomes related to Stroke**
   - The study focuses on Chagas disease treatment outcomes, not focused on functional outcomes relevant to stroke (mRS, Barthel Index, NIHSS). This criterion is **not met**.

## Exclusion Criteria
1. **Pathogen: Not about Stroke**
   - The abstract is about Chagas disease. This criterion applies, and thus it warrants exclusion.

2. **Language: Non-English**
   - The abstract is in English; this criterion does not apply.

3. **Publication type: Conference proceedings, abstracts, posters, correspondence**
   - The abstract is from a systematic review; this criterion does not apply.

4. **Study design: In-vitro studies only (no human or animal component)**
   - The study involves human subjects; this criterion does not apply.

5. **Study design: Solely animal studies AND animal studies that do not report transmission parameters**
   - The study involves humans; this criterion does not apply.

6. **Outbreak type: Accidental laboratory outbreaks (not natural disease transmission)**
   - This does not apply as it does not discuss outbreaks.

## Conclusion
Given that the study does not meet any of the inclusion criteria concerning stroke and clearly falls under the exclusion criteria regarding stroke focus, I conclude that it should be excluded.

<decision>EXCLUDE</decision>",EXCLUDE,False,2026-08-06T01:00:06.986995
PMID_34420204,EuropePMC,34420204,PMC8406620,10.1002/14651858.cd013484.pub2,Tocilizumab for giant cell arteritis.,"Antonio AA, Santos RN, Abariga SA.",,2021,"<h4>Background</h4>Giant cell arteritis (GCA) is the most common form of systemic vasculitis in people older than 50 years of age. It causes granulomatous inflammation of medium- to large-sized vessels. Tocilizumab is a recombinant monoclonal antibody directed against interleukin-6 receptors (IL-6R).<h4>Objectives</h4>To assess the effectiveness and safety of tocilizumab, given alone or with corticosteroids, compared with therapy without tocilizumab for treatment of GCA.<h4>Search methods</h4>We searched the Cochrane Central Register of Controlled Trials (CENTRAL) (which contains the Cochrane Eyes and Vision Trials Register) (2020, Issue 1); Ovid MEDLINE; Embase.com; PubMed; Latin American and Caribbean Health Science Information database (LILACS); ClinicalTrials.gov; and the World Health Organization (WHO) International Clinical Trials Registry Platform (ICTRP). There were no date or language restrictions in the electronic search for trials. We last searched the electronic databases on 3 January 2020.<h4>Selection criteria</h4>We included only randomized controlled trials (RCTs) that compared tocilizumab of any dosage regimen (alone or with corticosteroids) with therapy without tocilizumab that had a minimum follow-up of six months. Participants were at least 50 years of age, with biopsy-proven GCA or by large-vessel vasculitis by angiography, and met the American College of Rheumatology 1990 guidelines for GCA.<h4>Data collection and analysis</h4>We used standard Cochrane methodology.<h4>Main results</h4>Main results We included two RCTs in the review. The studies were conducted in the USA, Canada, and Europe and enrolled a total of 281 participants with GCA, of whom 74% were women. The mean age of participants was 70 years, with new-onset or relapsing GCA, and fulfilled the 1990 American College of Rheumatology criteria with no uncontrolled comorbidities. Both studies were funded by F. Hoffmann-La Roche AG, the manufacturer of tocilizumab. Findings One RCT (30 participants) compared tocilizumab administered every four weeks versus placebo. Point estimates at 12 months and beyond favored tocilizumab over placebo in terms of sustained remission (risk ratio (RR) 4.25, 95% confidence interval (CI) 1.21 to 14.88; moderate-certainty evidence). Point estimates suggest no evidence of a difference for all-cause mortality at 12 months or more (RR 0.17, 95% CI 0.01 to 3.94; moderate-certainty evidence). At 12 months, mean time to first relapse after induction of remission was 25 weeks in favor of participants receiving tocilizumab compared to placebo (mean difference (MD) 25, 95% CI 11.4 to 38.6; moderate-certainty evidence). The second RCT (251 participants) randomized participants into two intervention and two comparator groups to receive tocilizumab weekly (100 participants), bi-weekly (49 participants), weekly placebo + 26-week taper (50 participants), or weekly placebo + 52-week taper (51 participants). At 12 months, point estimates from this study on proportion of participants with sustained remission favored participants who received tocilizumab weekly versus placebo + 52-week taper (RR 3.17, 95% CI 1.71 to 5.89; 151 participants); tocilizumab weekly versus placebo + 26-week taper (RR 4.00, 95% CI 1.97 to 8.12; 150 participants); tocilizumab every other week versus placebo + 52-week taper (RR 3.01, 95% CI 1.57 to 5.75; 100 participants); tocilizumab every other week versus placebo + 26-week taper (RR 3.79, 95% CI 1.82 to 7.91; 99 participants) (moderate-certainty evidence). Point estimates on proportion of participants who did not need escape therapy (defined by the study as the inability to keep to the protocol-defined prednisone taper) favored participants who received tocilizumab weekly versus placebo + 52-week taper (RR 1.71, 95% CI 1.24 to 2.35; 151 participants); tocilizumab weekly versus placebo + 26-week taper (RR 2.96, 95% CI 1.83 to 4.78; 150 participants); tocilizumab every other week versus placebo + 52-week taper (RR 1.49, 95% CI 1.04 to 2.14; 100 participants); tocilizumab every other week versus placebo + 26-week taper (RR 0.65, 95% CI 0.27 to 1.54; 99 participants) (moderate-certainty evidence). This study did not report mean time to first relapse after induction of remission or all-cause mortality. The same study found no evidence of a difference between groups with regard to vision changes and quality of life, except for the assessment of quality of life with the physical component score of the 36-Item Short Form Health Survey (SF-36), which favored weekly tocilizumab versus placebo + 52-week taper (MD 8.17, 95% CI 4.44 to 11.90; moderate-certainty evidence). Adverse events One RCT reported a lower percentage of participants who experienced serious adverse events when receiving tocilizumab every four weeks versus placebo. The second RCT reported no evidence of a difference among groups with regard to adverse events; however, fewer participants reported serious adverse events in the tocilizumab weekly and tocilizumab biweekly interventions compared with the placebo + 26-week taper and placebo + 52-week taper comparators. Investigators in both studies reported that infection was the most frequently reported adverse event.<h4>Authors' conclusions</h4>This review indicates that tocilizumab therapy may be beneficial in terms of proportion of participants with sustained remission, relapse-free survival, and the need for escape therapy. While the evidence was of moderate certainty, only two studies were included in the review, suggesting that further research is required to corroborate these findings. Future trials should address issues related to the required duration of therapy, patient-reported outcomes such as quality of life and economic outcomes, as well as the clinical outcomes evaluated in this review.",https://pubmed.ncbi.nlm.nih.gov/34420204/,,https://europepmc.org/articles/PMC8406620?pdf=render,stroke,(Stroke[MeSH] OR stroke[tiab] OR brain ischemia[tiab] OR cerebrovascular[tiab]) AND (treatment[tiab] OR intervention[tiab] OR therapy[tiab]),2026-08-05T18:00:54+00:00,,,,,,"### Evaluation of the Abstract Against Inclusion and Exclusion Criteria

**Inclusion Criteria**

1. **Pathogen: Must be about Stroke**  
   The study is about giant cell arteritis, not stroke.  
   **Result: Not met**

2. **Language: English only**  
   The abstract is in English.  
   **Result: Met**

3. **Study type: Peer-reviewed, original research (note systematic reviews/meta-analyses for special consideration)**  
   The study is a systematic review of randomized controlled trials.  
   **Result: Met**

4. **Population: Human subjects**  
   The study involves human subjects.  
   **Result: Met**

5. **Content: Must contain AT LEAST ONE of the specified criteria (functional outcomes, interventions, etc.)**  
   The interventions discussed (tocilizumab for giant cell arteritis) do not relate to the specified inclusion criteria around stroke treatments or outcomes.  
   **Result: Not met**

**Exclusion Criteria**

1. **Pathogen: Not about Stroke (exclude studies on other pathogens)**  
   The study focuses on giant cell arteritis, which is not stroke-related.  
   **Result: Apply exclusion**

2. **Language: Non-English**  
   The abstract is in English.  
   **Result: Not applicable (not an exclusion criterion)**

3. **Publication type: Conference proceedings, abstracts, posters, correspondence**  
   There is no indication in this abstract that it is a conference proceeding or similar; it appears to be a published study.  
   **Result: Not applicable (not an exclusion criterion)**

4. **Study design: In-vitro studies only (no human or animal component)**  
   The study involves human subjects, not in-vitro studies.  
   **Result: Not applicable (not an exclusion criterion)**

5. **Study design: Solely animal studies AND animal studies that do not report transmission parameters**  
   This is not applicable as the study involves humans.  
   **Result: Not applicable (not an exclusion criterion)**

6. **Outbreak type: Accidental laboratory outbreaks (not natural disease transmission)**  
   This criterion does not apply as it is irrelevant to the study's content.  
   **Result: Not applicable (not an exclusion criterion)**

### Summary of Findings
The study does not meet the primary focus of the systematic review on stroke. Although it involves human subjects and is published research, it investigates a different medical condition entirely (giant cell arteritis) and discusses treatments unrelated to any aspects of stroke or its management.

Given the evaluation and application of the inclusion and exclusion criteria:

<decision>EXCLUDE</decision>",EXCLUDE,False,2026-08-06T01:00:06.987105
PMID_28489279,EuropePMC,28489279,PMC6481586,10.1002/14651858.cd012204.pub2,Dipeptidyl-peptidase (DPP)-4 inhibitors and glucagon-like peptide (GLP)-1 analogues for prevention or delay of type 2 diabetes mellitus and its associated complications in people at increased risk for the development of type 2 diabetes mellitus.,"Hemmingsen B, Sonne DP, Metzendorf MI, Richter B.",,2017,"<h4>Background</h4>The projected rise in the incidence of type 2 diabetes mellitus (T2DM) could develop into a substantial health problem worldwide. Whether dipeptidyl-peptidase (DPP)-4 inhibitors or glucagon-like peptide (GLP)-1 analogues are able to prevent or delay T2DM and its associated complications in people at risk for the development of T2DM is unknown.<h4>Objectives</h4>To assess the effects of DPP-4 inhibitors and GLP-1 analogues on the prevention or delay of T2DM and its associated complications in people with impaired glucose tolerance, impaired fasting blood glucose, moderately elevated glycosylated haemoglobin A1c (HbA1c) or any combination of these.<h4>Search methods</h4>We searched the Cochrane Central Register of Controlled Trials; MEDLINE; PubMed; Embase; ClinicalTrials.gov; the World Health Organization (WHO) International Clinical Trials Registry Platform; and the reference lists of systematic reviews, articles and health technology assessment reports. We asked investigators of the included trials for information about additional trials. The date of the last search of all databases was January 2017.<h4>Selection criteria</h4>We included randomised controlled trials (RCTs) with a duration of 12 weeks or more comparing DPP-4 inhibitors and GLP-1 analogues with any pharmacological glucose-lowering intervention, behaviour-changing intervention, placebo or no intervention in people with impaired fasting glucose, impaired glucose tolerance, moderately elevated HbA1c or combinations of these.<h4>Data collection and analysis</h4>Two review authors read all abstracts and full-text articles and records, assessed quality and extracted outcome data independently. One review author extracted data which were checked by a second review author. We resolved discrepancies by consensus or the involvement of a third review author. For meta-analyses, we planned to use a random-effects model with investigation of risk ratios (RRs) for dichotomous outcomes and mean differences (MDs) for continuous outcomes, using 95% confidence intervals (CIs) for effect estimates. We assessed the overall quality of the evidence using the GRADE instrument.<h4>Main results</h4>We included seven completed RCTs; about 98 participants were randomised to a DPP-4 inhibitor as monotherapy and 1620 participants were randomised to a GLP-1 analogue as monotherapy. Two trials investigated a DPP-4 inhibitor and five trials investigated a GLP-1 analogue. A total of 924 participants with data on allocation to control groups were randomised to a comparator group; 889 participants were randomised to placebo and 33 participants to metformin monotherapy. One RCT of liraglutide contributed 85% of all participants. The duration of the intervention varied from 12 weeks to 160 weeks. We judged none of the included trials at low risk of bias for all 'Risk of bias' domains and did not perform meta-analyses because there were not enough trials.One trial comparing the DPP-4 inhibitor vildagliptin with placebo reported no deaths (very low-quality evidence). The incidence of T2DM by means of WHO diagnostic criteria in this trial was 3/90 participants randomised to vildagliptin versus 1/89 participants randomised to placebo (very low-quality evidence). Also, 1/90 participants on vildagliptin versus 2/89 participants on placebo experienced a serious adverse event (very low-quality evidence). One out of 90 participants experienced congestive heart failure in the vildagliptin group versus none in the placebo group (very low-quality evidence). There were no data on non-fatal myocardial infarction, stroke, health-related quality of life or socioeconomic effects reported.All-cause and cardiovascular mortality following treatment with GLP-1 analogues were rarely reported; one trial of exenatide reported that no participant died. Another trial of liraglutide 3.0 mg showed that 2/1501 in the liraglutide group versus 2/747 in the placebo group died after 160 weeks of treatment (very low-quality evidence).The incidence of T2DM following treatment with liraglutide 3.0 mg compared to placebo after 160 weeks was 26/1472 (1.8%) participants randomised to liraglutide versus 46/738 (6.2%) participants randomised to placebo (very low-quality evidence). The trial established the risk for (diagnosis of) T2DM as HbA1c 5.7% to 6.4% (6.5% or greater), fasting plasma glucose 5.6 mmol/L or greater to 6.9 mmol/L or less (7.0 mmol/L or greater) or two-hour post-load plasma glucose 7.8 mmol/L or greater to 11.0 mmol/L (11.1 mmol/L). Altogether, 70/1472 (66%) participants regressed from intermediate hyperglycaemia to normoglycaemia compared with 268/738 (36%) participants in the placebo group. The incidence of T2DM after the 12-week off-treatment extension period (i.e. after 172 weeks) showed that five additional participants were diagnosed T2DM in the liraglutide group, compared with one participant in the placebo group. After 12-week treatment cessation, 740/1472 (50%) participants in the liraglutide group compared with 263/738 (36%) participants in the placebo group had normoglycaemia.One trial used exenatide and 2/17 participants randomised to exenatide versus 1/16 participants randomised to placebo developed T2DM (very low-quality evidence). This trial did not provide a definition of T2DM. One trial reported serious adverse events in 230/1524 (15.1%) participants in the liraglutide 3.0 mg arm versus 96/755 (12.7%) participants in the placebo arm (very low quality evidence). There were no serious adverse events in the trial using exenatide. Non-fatal myocardial infarction was reported in 1/1524 participants in the liraglutide arm and in 0/55 participants in the placebo arm at 172 weeks (very low-quality evidence). One trial reported congestive heart failure in 1/1524 participants in the liraglutide arm and in 1/755 participants in the placebo arm (very low-quality evidence). Participants receiving liraglutide compared with placebo had a small mean improvement in the physical component of the 36-item Short Form scale showing a difference of 0.87 points (95% CI 0.17 to 1.58; P = 0.02; 1 trial; 1791 participants; very low-quality evidence). No trial evaluating GLP-1-analogues reported data on stroke, microvascular complications or socioeconomic effects.<h4>Authors' conclusions</h4>There is no firm evidence that DPP-4 inhibitors or GLP-1 analogues compared mainly with placebo substantially influence the risk of T2DM and especially its associated complications in people at increased risk for the development of T2DM. Most trials did not investigate patient-important outcomes.",https://pubmed.ncbi.nlm.nih.gov/28489279/,,https://europepmc.org/articles/pmc6481586?pdf=render,stroke,(Stroke[MeSH] OR stroke[tiab] OR brain ischemia[tiab] OR cerebrovascular[tiab]) AND (treatment[tiab] OR intervention[tiab] OR therapy[tiab]),2026-08-05T18:00:54+00:00,,,,,,"To determine whether to include or exclude the paper based on the stated inclusion and exclusion criteria, let's evaluate it step by step.

### Inclusion Criteria
1. **Pathogen: Must be about Stroke**
   - The study is about the prevention of type 2 diabetes mellitus (T2DM) and its complications, not stroke. 
   - **Criterion not met.**

2. **Language: English only**
   - The abstract is in English. 
   - **Criterion met.**

3. **Study type: Peer-reviewed, original research (note systematic reviews/meta-analyses for special consideration)**
   - The study describes randomized controlled trials (RCTs), which meets this criterion. 
   - **Criterion met.**

4. **Population: Human subjects**
   - The study involves human subjects (participants with impaired glucose tolerance or similar conditions). 
   - **Criterion met.**

5. **Content: Must contain AT LEAST ONE of:**
   a) Quantitative details of concluded/ongoing human outbreak
   b) Mathematical or statistical model of disease transmission
   c) Measures/estimates of transmission parameters
   d) Measures/estimates of timing parameters
   e) Measures/estimates of severity
   f) Measures/estimates of genetic evolution
   g) Measures of overdispersion or superspreading
   h) Seroprevalence data or serological surveys
   i) Risk factors for infection, severe disease, death, or hospitalization
   j) Measures/estimates of vector parameters
   - The study focuses on T2DM and its complications, without any mention of stroke outcomes or the relevant parameters outlined in the inclusion criteria.
   - **Criterion not met.** 

### Exclusion Criteria
1. **Pathogen: Not about Stroke**
   - The study is not about stroke; it focuses solely on T2DM.
   - **Criterion met.**

2. **Language: Non-English**
   - The study is in English.
   - **Criterion not met.**

3. **Publication type: Conference proceedings, abstracts, posters, correspondence**
   - The type of publication is not specified as a conference proceeding or similar; it is a full study.
   - **Criterion not met.**

4. **Study design: In-vitro studies only (no human or animal component)**
   - The study involves human participants.
   - **Criterion not met.**

5. **Study design: Solely animal studies AND animal studies that do not report transmission parameters**
   - The study does not involve animal studies.
   - **Criterion not met.**

6. **Outbreak type: Accidental laboratory outbreaks**
   - Not applicable as the study does not address outbreaks.
   - **Criterion not met.**

### Conclusion
The primary focus of this study is on type 2 diabetes and its treatment, with no relation to stroke or its interventions. Since criterion 1 of the inclusion criteria is not met and criterion 1 of the exclusion criteria is met, this study does not align with the objectives of the systematic review on stroke.

Thus, the decision is:
<decision>EXCLUDE</decision>",EXCLUDE,False,2026-08-06T01:00:06.987205
PMID_27412989,EuropePMC,27412989,PMC4946327,10.3238/arztebl.2016.0445,Ezetimibe-Statin Combination Therapy.,"Nußbaumer B, Glechner A, Kaminski-Hartenthaler A, Mahlknecht P, Gartlehner G.",,2016,"<h4>Background</h4>To date, most clinical comparisons of ezetimibe-statin combination therapy versus statin monotherapy have relied entirely on surrogate variables. In this systematic review, we study the efficacy and safety of ezetimibe-statin combination therapy in comparison to statin monotherapy in terms of the prevention of cardiovascular events in hyperlipidemic patients with atherosclerosis and/or diabetes mellitus.<h4>Methods</h4>This review is based on a systematic literature search (1995 to July 2015) in PubMed, the Excerpta Medica Database (EMBASE), the Cochrane Library, and the ClinicalTrials.gov registry.<h4>Results</h4>Nine randomized, controlled trials with data from a total of 19 461 patients were included. Ezetimibe-statin combination therapy was associated with a lower risk of cardiovascular events than statin monotherapy: 33% of the patients treated with ezetimibe and a statin, and 35% of those treated with a statin alone, had a cardiovascular event within seven years (number needed to treat [NNT]: 50 over 7 years). Combination therapy was also significantly more effective in preventing a composite endpoint consisting of death due to cardiovascular disease, nonfatal myocardial infarction, unstable angina pectoris, coronary revascularization, and nonfatal stroke (hazard ratio [HR] 0.94, 95% confidence interval [0,89; 0,99]; p = 0.016). Diabetic patients benefited from combination therapy rather than monotherapy with respect to cardiovascular morbidity (HR 0.87 [0.78; 0.94]). On the other hand, the addition of ezetimibe to statin therapy did not lessen either cardiovascular or overall mortality. Serious undesired events occurred in 38% of the patients taking ezetimibe and a statin nd in 39% of the patients taking a statin alone (relative risk 1.09 [0.77; 1.55]).<h4>Conclusion</h4>In high-risk patients with an acute coronary syndrome, combination therapy with ezetimibe and a statin lowered the risk of cardiovascular events in comparison to statin monotherapy. The risk of dying or suffering an adverse drug effect was similar in the two treatment groups.",https://pubmed.ncbi.nlm.nih.gov/27412989/,,https://europepmc.org/articles/pmc4946327?pdf=render,stroke,(Stroke[MeSH] OR stroke[tiab] OR brain ischemia[tiab] OR cerebrovascular[tiab]) AND (treatment[tiab] OR intervention[tiab] OR therapy[tiab]),2026-08-05T18:00:54+00:00,,,,,,"To determine whether the study titled ""Ezetimibe-Statin Combination Therapy"" should be included in the systematic review on *Stroke*, I will assess it against the detailed inclusion and exclusion criteria.

### Inclusion Criteria Analysis:
1. **Pathogen: Must be about Stroke**  
   - The abstract primarily focuses on cardiovascular events and the efficacy of ezetimibe-statin therapy in patients with atherosclerosis and diabetes. Although it mentions ""nonfatal stroke"" as part of composite endpoints, it is not centrally focused on stroke as the primary pathology or condition being studied.  
   - **Criterion Not Met**.

2. **Language: English only**  
   - The abstract is in English.  
   - **Criterion Met**.

3. **Study type: Peer-reviewed, original research (note systematic reviews/meta-analyses for special consideration)**  
   - The abstract describes a systematic review, which may fall under special consideration for inclusion, but it does not specify if it includes original studies or meta-analyses specifically related to stroke. However, given that the abstract is largely centered on cardiovascular outcomes, it does not seem to fit the expected study type for this review, which is focused on stroke.  
   - **Criterion Not Fully Met**.

4. **Population: Human subjects (animal studies acceptable if reporting EITHER: ...)**
   - The study involves human subjects (patients with hyperlipidemia and diabetes).  
   - **Criterion Met**.

5. **Content: Must contain AT LEAST ONE of...**
   - The primary focus is on cardiovascular events rather than stroke-specific measures or outcomes associated directly with stroke. While it mentions stroke as a composite endpoint, it is not a predominant focus of the study. Therefore, it does not provide significant stroke-specific data intended for this review.  
   - **Criterion Not Fully Met**.

### Exclusion Criteria Analysis:
1. **Pathogen: Not about Stroke (exclude studies on other pathogens)**  
   - The study mentions stroke but does not focus on the pathological aspects of stroke itself. Its primary aim is examining cardiovascular outcomes.  
   - **Criterion Met**.

2. **Language: Non-English**  
   - The abstract is in English.  
   - **Criterion Not Met**.

3. **Publication type: Conference proceedings, abstracts, posters, correspondence**  
   - As this is a systematic review abstract, it does not fall under these categories.  
   - **Criterion Not Met**.

4. **Study design: In-vitro studies only (no human or animal component)**  
   - The study involves human patients, so this criterion does not apply.  
   - **Criterion Not Met**.

5. **Study design: Solely animal studies AND animal studies that do not report transmission parameters**  
   - The study does not involve animal studies.  
   - **Criterion Not Met**.

6. **Outbreak type: Accidental laboratory outbreaks (not natural disease transmission)**  
   - This criterion also does not apply as the study is focused on a clinical intervention rather than an outbreak.  
   - **Criterion Not Met**.

### Conclusion:
Given that the abstract does not meet the primary inclusion criteria focusing on stroke as the main condition under investigation, particularly the focus of the study on cardiovascular events rather than stroke outcomes, I find that it would not contribute relevant evidence specifically for the systematic review on stroke.

Thus, the final decision is as follows:  
<decision>EXCLUDE</decision>",EXCLUDE,False,2026-08-06T01:00:06.987297
PMID_34631130,EuropePMC,34631130,PMC8488455,10.1002/osp4.519,"Changes in body mass index, obesity, and overweight in Southern Africa development countries, 1990 to 2019: Findings from the Global Burden of Disease, Injuries, and Risk Factors Study.","Gona PN, Kimokoti RW, Gona CM, Ballout S, Rao SR, Mapoma CC, Lo J, Mokdad AH.",,2021,"<h4>Background</h4>High body mass index (BMI) is associated with stroke, ischemic heart disease (IHD), and type 2 diabetes mellitus (T2DM). An epidemiological analysis of the prevalence of high BMI, stroke, IHD, and T2DM was conducted for 16 Southern Africa Development Community (SADC) using Global Burden of Diseases, Injuries, and Risk Factors (GBD) Study data.<h4>Methods</h4>GBD obtained data from vital registration, verbal autopsy, and ICD codes. Prevalence of high BMI (≥25 kg/m<sup>2</sup>), stroke, IHD, and T2DM attributed to high BMI were calculated. Cause of Death Ensemble Model and Spatiotemporal Gaussian regression was used to estimate mortality due to stroke, IHD, and T2DM attributable to high BMI.<h4>Results</h4>Obesity in adult females increased 1.54-fold from 12.0% (uncertainty interval [UI]: 11.5-12.4) to 18.5% (17.9-19.0), whereas in adult males, obesity nearly doubled from 4.5 (4.3-4.8) to 8.8 (8.5-9.2). In children, obesity more than doubled in both sexes, and overweight increased by 27.4% in girls and by 37.4% in boys. Mean BMI increased by 0.7 from 22.4 (21.6-23.1) to 23.1 (22.3-24.0) in adult males, and by 1.0 from 23.8 (22.9-24.7) to 24.8 (23.8-25.8) in adult females. South Africa 44.7 (42.5-46.8), Swaziland 33.9 (31.7-36.0) and Lesotho 31.6 (29.8-33.5) had the highest prevalence of obesity in 2019. The corresponding prevalence in males for the three countries were 19.1 (17.5-20.7), 19.3 (17.7-20.8), and 9.2 (8.4-10.1), respectively. The DRC and Madagascar had the least prevalence of adult obesity, from 5.6 (4.8-6.4) and 7.0 (6.1-7.9), respectively in females in 2019, and in males from 4.9 (4.3-5.4) in the DRC to 3.9 (3.4-4.4) in Madagascar.<h4>Conclusions</h4>The prevalence of high BMI is high in SADC. Obesity more than doubled in adults and nearly doubled in children. The 2019 mean BMI for adult females in seven countries exceeded 25 kg/m<sup>2</sup>. SADC countries are unlikely to meet UN2030 SDG targets. Prevalence of high BMI should be studied locally to help reduce morbidity.",https://pubmed.ncbi.nlm.nih.gov/34631130/,,https://europepmc.org/articles/PMC8488455?pdf=render,stroke,(Stroke[MeSH] OR stroke[tiab] OR brain ischemia[tiab] OR cerebrovascular[tiab]) AND (treatment[tiab] OR intervention[tiab] OR therapy[tiab]),2026-08-05T18:00:54+00:00,,,,,,"To assess whether this study should be included in the systematic review on Stroke, we will evaluate it against the predefined inclusion and exclusion criteria.

### Inclusion Criteria Evaluation
1. **Pathogen: Must be about Stroke**  
   - The study references stroke in relation to high body mass index (BMI) and its associated risk factors. This criterion is met.

2. **Language: English only**  
   - The abstract is in English. This criterion is met.

3. **Study type: Peer-reviewed, original research (note systematic reviews/meta-analyses for special consideration)**  
   - The abstract indicates a study from the Global Burden of Diseases, Injuries, and Risk Factors Study, suggesting it is part of original research. This criterion is met.

4. **Population: Human subjects**  
   - The study involves human subjects in the context of the Southern Africa Development Community. This criterion is met.

5. **Content: Must contain AT LEAST ONE of the specified measures**  
   - The abstract discusses the prevalence of high BMI, stroke mortality rates attributable to high BMI, and the epidemiological relationship between BMI and stroke. It does not strictly quantify functional outcomes (mRS, Barthel Index, NIHSS) or specific intervention results but does provide epidemiological data connected to strokes and outcomes. This is somewhat related but does not adhere directly to the functional outcomes of interest. 

### Exclusion Criteria Evaluation
1. **Pathogen: Not about Stroke (exclude studies on other pathogens)**  
   - The study is about stroke as it relates to obesity, so this criterion does not exclude it.

2. **Language: Non-English**  
   - The abstract is in English, so this criterion does not exclude it.

3. **Publication type: Conference proceedings, abstracts, posters, correspondence**  
   - This does not appear to be a conference proceeding or similar; it is an original research study. This criterion does not exclude it.

4. **Study design: In-vitro studies only (no human or animal component)**  
   - This study involves human data. This criterion does not exclude it.

5. **Study design: Solely animal studies AND animal studies that do not report transmission parameters**  
   - Not applicable as this study focuses on human subjects. This criterion does not exclude it.

6. **Outbreak type: Accidental laboratory outbreaks (not natural disease transmission)**  
   - Not applicable as this study does not address any outbreak scenarios. This criterion does not exclude it.

### Conclusion
While the study contains relevant epidemiological data concerning stroke and its association with obesity, it lacks specific reporting on functional outcomes or interventions as required. The focus is more on prevalence rather than clinical interventions or outcomes necessary for our systematic review's objectives.

Therefore, it falls short of meeting all the necessary inclusion criteria and does not provide enough information to contribute meaningfully to the review’s goals.

<decision>EXCLUDE</decision>",EXCLUDE,False,2026-08-06T01:00:06.987387
PMID_26357785,EuropePMC,26357785,PMC4566828,10.1051/ject/201446197,Attenuating the Systemic Inflammatory Response to Adult Cardiopulmonary Bypass: A Critical Review of the Evidence Base.,"Landis RC, Brown JR, Fitzgerald D, Likosky DS, Shore-Lesserson L, Baker RA, Hammon JW.",,2014,"A wide range of pharmacological, surgical, and mechanical pump approaches have been studied to attenuate the systemic inflammatory response to cardiopulmonary bypass, yet no systematically based review exists to cover the scope of anti-inflammatory interventions deployed. We therefore conducted an evidence-based review to capture ""self-identified"" anti-inflammatory interventions among adult cardiopulmonary bypass procedures. To be included, trials had to measure at least one inflammatory mediator and one clinical outcome, specified in the ""Outcomes 2010"" consensus statement. Ninety-eight papers satisfied inclusion criteria and formed the basis of the review. The review identified 33 different interventions and approaches to attenuate the systemic inflammatory response. However, only a minority of papers (35 of 98 [35.7%]) demonstrated any clinical improvement to one or more of the predefined outcome measures (most frequently myocardial protection or length of intensive care unit stay). No single intervention was supported by strong level A evidence (multiple randomized controlled trials [RCTs] or meta-analysis) for clinical benefit. Interventions at level A evidence included off-pump surgery, minimized circuits, biocompatible circuit coatings, leukocyte filtration, complement C5 inhibition, preoperative aspirin, and corticosteroid prophylaxis. Interventions at level B evidence (single RCT) for minimizing inflammation included nitric oxide donors, C1 esterase inhibition, neutrophil elastase inhibition, propofol, propionyl-L-carnitine, and intensive insulin therapy. A secondary analysis revealed that suppression of at least one inflammatory marker was necessary but not sufficient to confer clinical benefit. The most effective interventions were those that targeted multiple inflammatory pathways. These observations are consistent with a ""multiple hit"" hypothesis, whereby clinically effective suppression of the systemic inflammatory response requires hitting multiple inflammatory targets simultaneously. Further research is warranted to evaluate if combinations of interventions that target multiple inflammatory pathways are capable of synergistically reducing inflammation and improving outcomes after cardiopulmonary bypass.",https://pubmed.ncbi.nlm.nih.gov/26357785/,,https://europepmc.org/articles/PMC4566828?pdf=render,stroke,(Stroke[MeSH] OR stroke[tiab] OR brain ischemia[tiab] OR cerebrovascular[tiab]) AND (treatment[tiab] OR intervention[tiab] OR therapy[tiab]),2026-08-05T18:00:54+00:00,,,,,,"First, let's assess the abstract against the inclusion and exclusion criteria systematically.

## Inclusion Criteria
1. **Pathogen**: The study is focused on cardiopulmonary bypass and does not pertain to stroke. **(Not met)**
2. **Language**: The abstract is in English. **(Met)**
3. **Study type**: The abstract discusses a critical review which appears to evaluate existing studies but is not classified as original research or a systematic review of new data on stroke as specified. **(Not met)**
4. **Population**: The population involves adult patients undergoing cardiopulmonary bypass, not those suffering from stroke. **(Not met)**
5. **Content**: The study includes information on inflammatory responses and clinical outcomes related to cardiopulmonary bypass, which is not relevant to stroke. **(Not met)**

## Exclusion Criteria
1. **Pathogen**: The study is not about Stroke; it focuses on cardiopulmonary bypass. **(Applies, thus excludes)**
2. **Language**: The abstract is in English. **(Does not apply)**
3. **Publication type**: It does not classify as a conference proceeding, abstract, or poster but rather a review of studies. **(Does not apply)**
4. **Study design**: While it synthesizes results from other studies, it is not an original study specific to stroke. **(Does not apply)**
5. **Study design**: This is not solely an animal study, but it does not pertain to human subjects with stroke. **(Does not apply)**
6. **Outbreak type**: The study does not involve any outbreak type relevant to natural disease transmission. **(Does not apply)**

Given that the abstract fails to meet the inclusion criteria and meets the first exclusion criterion (not about stroke), it should be excluded.

Therefore, the decision is:

<decision>EXCLUDE</decision>",EXCLUDE,False,2026-08-06T01:00:06.987482
PMID_25004278,EuropePMC,25004278,PMC11112650,10.1002/14651858.cd007514.pub3,Statins for the treatment of dementia.,"McGuinness B, Craig D, Bullock R, Malouf R, Passmore P.",,2014,"<h4>Background</h4>The use of statin therapy in established Alzheimer's disease (AD) or vascular dementia (VaD) is a relatively unexplored area. In AD, β-amyloid protein (Aβ) is deposited in the form of extracellular plaques and previous studies have determined Aβ generation is cholesterol dependent. Hypercholesterolaemia has also been implicated in the pathogenesis of VaD. Due to the role of statins in cholesterol reduction, it is biologically plausible they may be efficacious in the treatment of AD and VaD.<h4>Objectives</h4>To assess the clinical efficacy and safety of statins in the treatment of AD and VaD. To evaluate if the efficacy of statins in the treatment of AD and VaD depends on cholesterol level, ApoE genotype or cognitive level.<h4>Search methods</h4>We searched ALOIS, the Specialized Register of the Cochrane Dementia and Cognitive Improvement Group, The Cochrane Library, MEDLINE, EMBASE, PsycINFO, CINAHL and LILACS, as well as many trials registries and grey literature sources (20 January 2014).<h4>Selection criteria</h4>Double-blind, randomised controlled trials of statins given for at least six months in people with a diagnosis of dementia.<h4>Data collection and analysis</h4>Two independent authors extracted and assessed data against the inclusion criteria. We pooled data where appropriate and entered them into a meta-analysis. We used standard methodological procedures expected by The Cochrane Collaboration.<h4>Main results</h4>We identified four studies (1154 participants, age range 50 to 90 years). All participants had a diagnosis of probable or possible AD according to standard criteria and most participants were established on a cholinesterase inhibitor. The primary outcome in all studies was change in Alzheimer's Disease Assessment Scale - cognitive subscale (ADAS-Cog) from baseline. When we pooled data, there was no significant benefit from statin (mean difference -0.26, 95% confidence interval (CI) -1.05 to 0.52, P value = 0.51). All studies provided change in Mini Mental State Examination (MMSE) from baseline. There was no significant benefit from statins in MMSE when we pooled the data (mean difference -0.32, 95% CI -0.71 to 0.06, P value = 0.10). Three studies reported treatment-related adverse effects. When we pooled data, there was no significant difference between statins and placebo (odds ratio 1.09, 95% CI 0.58 to 2.06, P value = 0.78). There was no significant difference in behaviour, global function or activities of daily living in the statin and placebo groups. We assessed risk of bias as low for all studies. We found no studies assessing role of statins in treatment of VaD.<h4>Authors' conclusions</h4>Analyses from the studies available, including two large randomised controlled trials, indicate that statins have no benefit on the primary outcome measures of ADAS-Cog or MMSE.",https://pubmed.ncbi.nlm.nih.gov/25004278/,,https://europepmc.org/articles/PMC11112650?pdf=render,stroke,(Stroke[MeSH] OR stroke[tiab] OR brain ischemia[tiab] OR cerebrovascular[tiab]) AND (treatment[tiab] OR intervention[tiab] OR therapy[tiab]),2026-08-05T18:00:54+00:00,,,,,,"To decide whether the paper should be included in the systematic review on Stroke, we need to go through the inclusion and exclusion criteria step by step.

### Inclusion Criteria Assessment
1. **Pathogen: Must be about Stroke**
   - The study does not focus on stroke; it is about the use of statins in the treatment of Alzheimer's disease and vascular dementia. 
   - **Not met.**

2. **Language: English only**
   - The abstract is in English.
   - **Met.**

3. **Study type: Peer-reviewed, original research (note systematic reviews/meta-analyses for special consideration)**
   - It appears to be a systematic review/meta-analysis based on the phrasing and methods described in the abstract.
   - **Met.**

4. **Population: Human subjects (animal studies acceptable if reporting EITHER...)**
   - The study involves human subjects with dementia, specifically Alzheimer's disease and vascular dementia.
   - **Met.**

5. **Content: Must contain AT LEAST ONE of the specified content measures**
   - The outcomes of this study focus on cognitive assessment scales (ADAS-Cog and MMSE), which do not align with the specified outcomes for stroke (mRS, Barthel Index, NIHSS).
   - **Not met.**

### Exclusion Criteria Assessment
1. **Pathogen: Not about Stroke (exclude studies on other pathogens)**
   - The study is not focused on stroke but rather on dementia.
   - **Exclude.**

2. **Language: Non-English**
   - The abstract is in English.
   - **Not applicable.**

3. **Publication type: Conference proceedings, abstracts, posters, correspondence**
   - The study appears to be a systematic review, which may not fall under this exclusion.
   - **Not applicable.**

4. **Study design: In-vitro studies only (no human or animal component)**
   - The study involves human participants.
   - **Not applicable.**

5. **Study design: Solely animal studies AND animal studies that do not report transmission parameters**
   - The study does not involve animals.
   - **Not applicable.**

6. **Outbreak type: Accidental laboratory outbreaks (not natural disease transmission)**
   - This criterion does not apply to the study.
   - **Not applicable.**

### Conclusion
Given that the study fails to meet the primary focus on stroke and instead pertains to the treatment of dementia with statins, we find it does not align with the inclusion criteria necessary for this systematic review.

<decision>EXCLUDE</decision>",EXCLUDE,False,2026-08-06T01:00:06.987573
PMID_25687981,EuropePMC,25687981,PMC4608992,10.1007/s00420-015-1019-0,Psychosocial stress at work and cardiovascular diseases: an overview of systematic reviews.,"Fishta A, Backé EM.",,2015,"<h4>Purpose</h4>Based on information reported in systematic reviews (SRevs), this study aimed to find out whether psychosocial stress at work leads to cardiovascular (CV) morbidity and mortality.<h4>Methods</h4>A systematic search in PubMed and EMBASE (until 2014) used a string based on PICOS components. A manual search was followed. Applying the predefined criteria, two reviewers independently screened the titles, abstracts, selected full texts, and validated their quality. Discrepancies were resolved by discussion between reviewers. Studies of low quality were excluded. Contents of enrolled SRevs were extracted by one reviewer; a second reviewer evaluated their accurateness.<h4>Results</h4>The search resulted in 462 records. Six SRevs based on 81 studies (total population: ~1,468,670) fulfilled the inclusion criteria, four of ""very good"" (++) and two of ""good"" (+) quality. Excluded records were filed, and reasons for exclusion were documented in all cases. Different stress models were used to measure the work-related stress; the ""demand-control model"" was most commonly used. The two enrolled meta-analysis confirmed a modest (1.32, 95 % CI 1.09-1.59; Virtanen et al. 2013) to moderate evidence (1.45, 95 % CI 1.15-1.84; Kivimäki et al. 2006), predominantly among men, for the association between psychosocial stress at work and CV outcomes. Due to lacking information, it was not possible to give evidence on the dose-response relationship.<h4>Conclusions</h4>Same to a SRev, an overview of SRev is used to summarize literature and identify areas in which research is needed. This overview can be used to: (a) Disseminate an up-to-date information on work-related stress as a risk factors for CV morbidity and mortality to government, health care providers, workers, and other stakeholders; (b) Encourage governments to better regulate the working conditions and consider work-related psychosocial stress as a hazardous factor that leads to CV diseases or mortality; and (c) Analyze gaps in the literature and provide a summary of research needs.",https://pubmed.ncbi.nlm.nih.gov/25687981/,,https://europepmc.org/articles/PMC4608992?pdf=render,stroke,(Stroke[MeSH] OR stroke[tiab] OR brain ischemia[tiab] OR cerebrovascular[tiab]) AND (treatment[tiab] OR intervention[tiab] OR therapy[tiab]),2026-08-05T18:00:54+00:00,,,,,,"To determine if the abstract provided should be included or excluded from the systematic review on Stroke, we will assess it against the defined inclusion and exclusion criteria step by step.

### Inclusion Criteria
1. **Pathogen: Must be about Stroke**
   - The study focuses on cardiovascular diseases related to psychosocial stress at work. It does not address stroke specifically. 
   - **Not met.**

2. **Language: English only**
   - The abstract is in English.
   - **Met.**

3. **Study type: Peer-reviewed, original research (note systematic reviews/meta-analyses for special consideration)**
   - The abstract discusses systematic reviews, but it does not provide original research findings.
   - **Not met.**

4. **Population: Human subjects**
   - The population referenced includes nearly 1,468,670 human subjects. 
   - **Met.**

5. **Content: Must contain AT LEAST ONE of the outlined content measures (related to stroke)**
   - The content of the study focuses on psychosocial stress and cardiovascular outcomes, without any reference to stroke or related measures. 
   - **Not met.**

### Exclusion Criteria
1. **Pathogen: Not about Stroke (exclude studies on other pathogens)**
   - The study is about cardiovascular diseases, which does not meet the focus on Stroke.
   - **Applies.**

2. **Language: Non-English**
   - The abstract is in English.
   - **Does not apply.**

3. **Publication type: Conference proceedings, abstracts, posters, correspondence**
   - The abstract outlines a systematic review, which is acceptable for inclusion. 
   - **Does not apply.**

4. **Study design: In-vitro studies only (no human or animal component)**
   - The study involves human subjects and is not in-vitro.
   - **Does not apply.**

5. **Study design: Solely animal studies AND animal studies that do not report transmission parameters**
   - This criterion does not apply, as the study does not involve animal studies.
   - **Does not apply.**

6. **Outbreak type: Accidental laboratory outbreaks (not natural disease transmission)**
   - This criterion does not apply as the study does not mention outbreaks.
   - **Does not apply.**

### Conclusion
The abstract does not meet the inclusion criteria necessary for the systematic review, specifically focusing on stroke. It primarily concerns cardiovascular diseases related to psychosocial stress, which is outside the scope of the review objectives.

Therefore, the decision to be communicated is: 

<decision>EXCLUDE</decision>",EXCLUDE,False,2026-08-06T01:00:06.987662
PMID_23538683,EuropePMC,23538683,PMC3608853,10.3402/fnr.v57i0.20709,Dietary fiber and the glycemic index: a background paper for the Nordic Nutrition Recommendations 2012.,"Overby NC, Sonestedt E, Laaksonen DE, Birgisdottir BE.",,2013,"The aim of this study is to review recent data on dietary fiber (DF) and the glycemic index (GI), with special focus on studies from the Nordic countries regarding cardiometabolic risk factors, type 2 diabetes, cardiovascular disease, cancer, and total mortality. In this study, recent guidelines and scientific background papers or updates on older reports on DF and GI published between 2000 and 2011 from the US, EU, WHO, and the World Cancer Research Fund were reviewed, as well as prospective cohort and intervention studies carried out in the Nordic countries. All of the reports support the role for fiber-rich foods and DF as an important part of a healthy diet. All of the five identified Nordic papers found protective associations between high intake of DF and health outcomes; lower risk of cardiovascular disease, type 2 diabetes, colorectal and breast cancer. None of the reports and few of the Nordic papers found clear evidence for the GI in prevention of risk factors or diseases in healthy populations, although association was found in sub-groups, e.g. overweight and obese individuals and suggestive for prevention of type 2 diabetes. It was concluded that DF is associated with decreased risk of different chronic diseases and metabolic conditions. There is not enough evidence that choosing foods with low GI will decrease the risk of chronic diseases in the population overall. However, there is suggestive evidence that ranking food based on their GI might be of use for overweight and obese individuals. Issues regarding methodology, validity and practicality of the GI remain to be clarified.",https://pubmed.ncbi.nlm.nih.gov/23538683/,,https://foodandnutritionresearch.net/index.php/fnr/article/download/544/942,stroke,(Stroke[MeSH] OR stroke[tiab] OR brain ischemia[tiab] OR cerebrovascular[tiab]) AND (treatment[tiab] OR intervention[tiab] OR therapy[tiab]),2026-08-05T18:00:54+00:00,,,,,,"To evaluate the provided abstract against the inclusion and exclusion criteria for the systematic review on stroke, let's assess each criterion step by step.

### Inclusion Criteria Assessment
1. **Pathogen: Must be about Stroke** 
   - This study is about dietary fiber and glycemic index regarding cardiometabolic diseases and does not address stroke. 
   - **Not met**.

2. **Language: English only** 
   - The abstract is in English.
   - **Met**.

3. **Study type: Peer-reviewed, original research (note systematic reviews/meta-analyses for special consideration)** 
   - The abstract presents a background paper and summarizes various studies but does not imply it is an original research study. 
   - **Not explicitly a peer-reviewed original research study**.

4. **Population: Human subjects (animal studies acceptable if reporting certain parameters)** 
   - The abstract discusses research conducted in human populations related to dietary fiber and other health conditions but is not directly related to stroke patients.
   - **Not directly met for stroke**.

5. **Content: Must contain AT LEAST ONE of the listed measures** 
   - The abstract discusses dietary fiber's impact on several health outcomes but does not report any measures or estimates specifically related to stroke outcomes, functional measures (mRS, Barthel Index, NIHSS), or any relevant pharmacological or non-pharmacological interventions for stroke. 
   - **Not met**.

### Exclusion Criteria Assessment
1. **Pathogen: Not about Stroke (exclude studies on other pathogens)** 
   - The study does not address stroke at all. 
   - **Met** (this prompts exclusion).

2. **Language: Non-English** 
   - The abstract is in English.
   - **Not met**.

3. **Publication type: Conference proceedings, abstracts, posters, correspondence**
   - The abstract appears to summarize findings rather than report original research, which may not fit the requirements for original research studies.
   - **Potential concern** but not definitive grounds for exclusion yet.

4. **Study design: In-vitro studies only (no human or animal component)** 
   - The study discusses human subjects and does not solely focus on in-vitro studies. 
   - **Not met**.

5. **Study design: Solely animal studies AND animal studies that do not report transmission parameters** 
   - Not applicable since the study is not about animals. 
   - **Not met**.

6. **Outbreak type: Accidental laboratory outbreaks (not natural disease transmission)** 
   - Not applicable. 
   - **Not met**.

Given that the study is clearly not related to stroke at all, it easily falls under the first exclusion criterion. 

Therefore, the final decision regarding this abstract is:

<decision>EXCLUDE</decision>",EXCLUDE,False,2026-08-06T01:00:06.987767
PMID_29341066,EuropePMC,29341066,PMC6491319,10.1002/14651858.cd010947.pub2,Cerebral near-infrared spectroscopy (NIRS) for perioperative monitoring of brain oxygenation in children and adults.,"Yu Y, Zhang K, Zhang L, Zong H, Meng L, Han R.",,2018,"<h4>Background</h4>Various techniques have been employed for the early detection of perioperative cerebral ischaemia and hypoxia. Cerebral near-infrared spectroscopy (NIRS) is increasingly used in this clinical scenario to monitor brain oxygenation. However, it is unknown whether perioperative cerebral NIRS monitoring and the subsequent treatment strategies are of benefit to patients.<h4>Objectives</h4>To assess the effects of perioperative cerebral NIRS monitoring and corresponding treatment strategies in adults and children, compared with blinded or no cerebral oxygenation monitoring, or cerebral oxygenation monitoring based on non-NIRS technologies, on the detection of cerebral oxygen desaturation events (CDEs), neurological outcomes, non-neurological outcomes and socioeconomic impact (including cost of hospitalization and length of hospital stay).<h4>Search methods</h4>We searched the Cochrane Central Register of Controlled Trials (CENTRAL 2016, Issue 12), Embase (1974 to 20 December 2016) and MEDLINE (PubMed) (1975 to 20 December 2016). We also searched the World Health Organization (WHO) International Clinical Trials Registry Platform for ongoing studies on 20 December 2016. We updated this search in November 2017, but these results have not yet been incorporated in the review. We imposed no language restriction.<h4>Selection criteria</h4>We included all relevant randomized controlled trials (RCTs) dealing with the use of cerebral NIRS in the perioperative setting (during the operation and within 72 hours after the operation), including the operating room, the postanaesthesia care unit and the intensive care unit.<h4>Data collection and analysis</h4>Two authors independently selected studies, assessed risk of bias and extracted data. For binary outcomes, we calculated the risk ratio (RR) and its 95% confidence interval (CI). For continuous data, we estimated the mean difference (MD) between groups and its 95% CI. As we expected clinical and methodological heterogeneity between studies, we employed a random-effects model for analyses and we examined the data for heterogeneity (I<sup>2</sup> statistic). We created a 'Summary of findings' table using GRADEpro.<h4>Main results</h4>We included 15 studies in the review, comprising a total of 1822 adult participants. There are 12 studies awaiting classification, and eight ongoing studies.None of the 15 included studies considered the paediatric population. Four studies were conducted in the abdominal and orthopaedic surgery setting (lumbar spine, or knee and hip replacement), one study in the carotid endarterectomy setting, and the remaining 10 studies in the aortic or cardiac surgery setting. The main sources of bias in the included studies related to potential conflict of interest from industry sponsorship, unclear blinding status or missing participant data.Two studies with 312 participants considered postoperative neurological injury, however no pooled effect estimate could be calculated due to discordant direction of effect between studies (low-quality evidence). One study (N = 126) in participants undergoing major abdominal surgery reported that 4/66 participants experienced neurological injury with blinded monitoring versus 0/56 in the active monitoring group. A second study (N = 195) in participants having coronary artery bypass surgery reported that 1/96 participants experienced neurological injury in the blinded monitoring group compared with 4/94 participants in the active monitoring group.We are uncertain whether active cerebral NIRS monitoring has an important effect on the risk of postoperative stroke because of the low number of events and wide confidence interval (RR 0.25, 95% CI 0.03 to 2.20; 2 studies, 240 participants; low-quality evidence).We are uncertain whether active cerebral NIRS monitoring has an important effect on postoperative delirium because of the wide confidence interval (RR 0.63, 95% CI 0.27 to 1.45; 1 study, 190 participants; low-quality evidence).Two studies with 126 participants showed that active cerebral NIRS monitoring may reduce the incidence of mild postoperative cognitive dysfunction (POCD) as defined by the original studies at one week after surgery (RR 0.53, 95% CI 0.30 to 0.95, I<sup>2</sup> = 49%, low-quality evidence).Based on six studies with 962 participants, there was moderate-quality evidence that active cerebral oxygenation monitoring probably does not decrease the occurrence of POCD (decline in cognitive function) at one week after surgery (RR 0.62, 95% CI 0.37 to 1.04, I<sup>2</sup> = 80%). The different type of monitoring equipment in one study could potentially be the cause of the heterogeneity.We are uncertain whether active cerebral NIRS monitoring has an important effect on intraoperative mortality or postoperative mortality because of the low number of events and wide confidence interval (RR 0.63, 95% CI 0.08 to 5.03, I<sup>2</sup>= 0%; 3 studies, 390 participants; low-quality evidence). There was no evidence to determine whether routine use of NIRS-based cerebral oxygenation monitoring causes adverse effects.<h4>Authors' conclusions</h4>The effects of perioperative active cerebral NIRS monitoring of brain oxygenation in adults for reducing the occurrence of short-term, mild POCD are uncertain due to the low quality of the evidence. There is uncertainty as to whether active cerebral NIRS monitoring has an important effect on postoperative stroke, delirium or death because of the low number of events and wide confidence intervals. The conclusions of this review may change when the eight ongoing studies are published and the 12 studies awaiting assessment are classified. More RCTs performed in the paediatric population and high-risk patients undergoing non-cardiac surgery (e.g. neurosurgery, carotid endarterectomy and other surgery) are needed.",https://pubmed.ncbi.nlm.nih.gov/29341066/,,https://europepmc.org/articles/PMC6491319?pdf=render,stroke,(Stroke[MeSH] OR stroke[tiab] OR brain ischemia[tiab] OR cerebrovascular[tiab]) AND (treatment[tiab] OR intervention[tiab] OR therapy[tiab]),2026-08-05T18:00:54+00:00,,,,,,"To evaluate the abstract against the inclusion and exclusion criteria for the systematic review on Stroke, let's analyze the provided criteria step-by-step.

### Inclusion Criteria

1. **Pathogen: Must be about Stroke**  
   - The abstract discusses perioperative cerebral near-infrared spectroscopy (NIRS) monitoring, with a focus on neurological outcomes, including stroke. This criterion is met as stroke is mentioned.

2. **Language: English only**  
   - The abstract is in English. This criterion is met.

3. **Study type: Peer-reviewed, original research (note systematic reviews/meta-analyses for special consideration)**  
   - The study is a systematic review, which is noted for special consideration. This criterion is met.

4. **Population: Human subjects (animal studies acceptable if reporting specific transmission parameters)**  
   - The study involves human subjects, specifically adults (and children, though not included in the analysis). This criterion is met.

5. **Content: Must contain AT LEAST ONE of the specified details**  
   - The abstract provides data regarding the effect of active cerebral NIRS monitoring on risk of postoperative stroke (with quantitative outcome measures reported, such as risk ratios). This criterion is met.

### Exclusion Criteria

1. **Pathogen: Not about Stroke (exclude studies on other pathogens)**  
   - The abstract is about stroke. This exclusion criterion does not apply.

2. **Language: Non-English**  
   - The abstract is in English. This exclusion criterion does not apply.

3. **Publication type: Conference proceedings, abstracts, posters, correspondence**  
   - The publication type is a systematic review and not one of the excluded types. This exclusion criterion does not apply.

4. **Study design: In-vitro studies only (no human or animal component)**  
   - The study includes human subjects, thus not qualifying as in-vitro only. This exclusion criterion does not apply.

5. **Study design: Solely animal studies AND animal studies that do not report transmission parameters**  
   - The study involves human subjects and does not involve animal studies. This exclusion criterion does not apply.

6. **Outbreak type: Accidental laboratory outbreaks (not natural disease transmission)**  
   - The abstract does not pertain to an outbreak context. This exclusion criterion does not apply.

### Conclusion

After analyzing the study against the screening criteria, it meets all the inclusion criteria and does not qualify under any exclusion criteria. Despite the focus being on perioperative monitoring rather than traditional stroke interventions, the reported outcomes related to stroke still align with the objectives of the systematic review.

Thus, the overall decision is:
<decision>INCLUDE</decision>",INCLUDE,True,2026-08-06T01:00:06.987859
PMID_31646772,EuropePMC,31646772,PMC6813162,10.4070/kcj.2019.0194,Clinical Practice Guideline for Cardiac Rehabilitation in Korea: Recommendations for Cardiac Rehabilitation and Secondary Prevention after Acute Coronary Syndrome.,"Kim C, Sung J, Lee JH, Kim WS, Lee GJ, Jee S, Jung IY, Rah UW, Kim BO, Choi KH, Kwon BS, Yoo SD, Bang HJ, Shin HI, Kim YW, Jung H, Kim EJ, Lee JH, Jung IH, Jung JS, Lee JY, Han JY, Han EY, Won YH, Han W, Baek S, Joa KL, Lee SJ, Kim AR, Lee SY, Kim J, Choi HE, Lee BJ, Kim S.",,2019,"Though clinical practice guidelines (CPGs) for cardiac rehabilitation (CR) are an effective and widely used treatment method worldwide, they are as yet not widely accepted in Korea. Given that cardiovascular (CV) disease is the second leading cause of death in Korea, it is urgent that CR programs be developed. In 2008, the Government of Korea implemented CR programs at 11 university hospitals as part of its Regional Cardio-Cerebrovascular Center Project, and 3 additional medical facilities will be added in 2019. In addition, owing to the promotion of CR nationwide and the introduction of CR insurance benefits, 40 medical institutions nationwide have begun CR programs even as a growing number of medical institutions are preparing to offer CR. The purpose of this research was to develop evidence-based CPGs to support CR implementation in Korea. This study is based on an analysis of CPGs elsewhere in the world, an extensive literature search, a systematic analysis of multiple randomized control trials, and a CPG management, development, and assessment committee comprised of thirty-three authors-primarily rehabilitation specialists, cardiologists, and thoracic surgeons in 21 university hospitals and 2 general hospitals. Twelve consultants, primarily rehabilitation, sports medicine, and preventive medicine specialists, CPG experts, nurses, physical therapists, clinical nutritionists, and library and information experts participated in the research and development of these CPGs. After the draft guidelines were developed, 3 rounds of public hearings were held with staff members from relevant academic societies and stakeholders, after which the guidelines were further reviewed and modified. CR involves a more cost-effective use of healthcare resources relative to that of general treatments, and the exercise component of CR lowers CV mortality and readmission rates, regardless of the type of coronary heart disease and type and setting of CR. Individualized CR programs should be considered together with various factors, including differences in heart function and lifestyle, and doing so will boost participation and adherence with the CR program, ultimately meeting the final goals of the program, namely reducing the recurrence of myocardial infarction and mortality rates.",https://pubmed.ncbi.nlm.nih.gov/31646772/,,https://europepmc.org/articles/PMC6813162?pdf=render,stroke,(Stroke[MeSH] OR stroke[tiab] OR brain ischemia[tiab] OR cerebrovascular[tiab]) AND (treatment[tiab] OR intervention[tiab] OR therapy[tiab]),2026-08-05T18:00:54+00:00,,,,,,"To determine whether to include or exclude the provided abstract based on the systematic review's inclusion and exclusion criteria, we will evaluate it step by step as follows:

### Inclusion Criteria
1. **Pathogen: Must be about Stroke**  
   - The abstract discusses cardiac rehabilitation and secondary prevention after acute coronary syndrome, not stroke.  
   - **Status: Not met**

2. **Language: English only**  
   - The abstract is in English.  
   - **Status: Met**

3. **Study type: Peer-reviewed, original research (note systematic reviews/meta-analyses for special consideration)**  
   - While the abstract describes guidelines potentially based on systematic reviews and randomized controlled trials, the focus is on cardiac rehabilitation, not specifically on stroke research.  
   - **Status: Not met**

4. **Population: Human subjects (animal studies acceptable if reporting EITHER transmission parameters)**  
   - The population discussed is human subjects, but they are specifically related to cardiac rehabilitation. No stroke patients or interventions are mentioned.  
   - **Status: Not met**

5. **Content: Must contain AT LEAST ONE of...** (various measures related to stroke outcomes)  
   - The abstract does not contain any content specifically related to stroke, outcome measures for stroke, or interventions for stroke recovery.  
   - **Status: Not met**

### Exclusion Criteria
1. **Pathogen: Not about Stroke**  
   - The study does not focus on stroke; it is about cardiac rehabilitation after acute coronary syndrome.  
   - **Status: Excluded due to this criterion**

2. **Language: Non-English**  
   - The abstract is in English.  
   - **Status: Not applicable**

3. **Publication type: Conference proceedings, abstracts, posters, correspondence**  
   - This is a research abstract, which is typically considered an abstract of a larger study. However, if it's a standalone CPG, it may not qualify as original research relevant to the review.  
   - **Status: Not applicable**

4. **Study design: In-vitro studies only (no human or animal component)**  
   - The study involves human components.  
   - **Status: Not applicable**

5. **Study design: Solely animal studies AND animal studies that do not report transmission parameters**  
   - This does not apply, as the study is not an animal study.  
   - **Status: Not applicable**

6. **Outbreak type: Accidental laboratory outbreaks (not natural disease transmission)**  
   - This does not apply here.  
   - **Status: Not applicable**

### Conclusion
The abstract does not meet any of the inclusion criteria related to stroke and explicitly discusses cardiac rehabilitation which is outside the scope of the systematic review focused on stroke. Therefore, the study should be excluded.

<decision>EXCLUDE</decision>",EXCLUDE,False,2026-08-06T01:00:06.987948
PMID_21249686,EuropePMC,21249686,PMC13061356,10.1002/14651858.cd007038.pub2,Factor Xa inhibitors for acute coronary syndromes.,"Brito V, Ciapponi A, Kwong J.",,2011,"<h4>Background</h4>The activation of coagulation mechanisms plays a central role in the pathogenesis of acute coronary syndromes (ACS). Administration of unfractionated heparin (UFH) and low molecular weight heparins (LMWH), agents preventing the progression of thrombus formation, is a crucial therapeutic strategy. However, some limitations related to their use have recently stimulated the development of new synthetic agents.<h4>Objectives</h4>To evaluate the clinical efficacy and safety of factor Xa inhibitors for treatment of ACS compared to UFH or LMWH.<h4>Search strategy</h4>We searched the Cochrane Central Register of Controlled Trials (CENTRAL) of the Cochrane Library (Issue 1, 2008), PubMed, EMBASE and LILACS as well as the publications from International Congresses and the reference lists of the selected studies in December 2008.<h4>Selection criteria</h4>We used randomized controlled trials (RCTs) comparing factor Xa inhibitors to UFH or LMWH during the course of ACS. Outcome measures included all-cause mortality, myocardial infarction, re-infarction, ischemia recurrence, and adverse events.<h4>Data collection and analysis</h4>The selection, quality assessment and data extraction of the included trials were done independently by two authors and disagreements were resolved by consensus. Data were analysed by the use of risk ratio (RR) with 95% confidence interval (CI), and the numbers needed to treat (NNT) were reported as needed.<h4>Main results</h4>A total of four RCTs involving 27,976 subjects were included. Fondaparinux was the only factor Xa inhibitor identified in our included RCTs. Fondaparinux appeared to be related to a lower risk in all-cause mortality at 90 to 180 days (RR 0.89; 95% CI 0.81 to 0.97), especially in the group where enoxaparin (a LMWH) was the control drug. Fondaparinux was also associated with a lower risk in major and minor bleeding at 30 days compared to enoxaparin (RR 0.63, 95% CI 0.55 to 0.73; RR 0.34, 95% CI 0.28 to 0.43, respectively), but not when compared to UFHs (RR 1.41; 95% CI 0.49 to 4.10; RR 0.70, 95% CI 0.14 to 3.39 respectively).<h4>Authors' conclusions</h4>The therapeutic efficacy of factor Xa inhibitors in ACS seemed to be related to a reduced risk in all-cause mortality at 90 to 180 days, with a better safety profile than enoxaparin in terms of reduce incidence of major and minor bleeding.",https://pubmed.ncbi.nlm.nih.gov/21249686/,,https://europepmc.org/articles/PMC13061356?pdf=render,stroke,(Stroke[MeSH] OR stroke[tiab] OR brain ischemia[tiab] OR cerebrovascular[tiab]) AND (treatment[tiab] OR intervention[tiab] OR therapy[tiab]),2026-08-05T18:00:54+00:00,,,,,,"Let's evaluate the provided abstract against the inclusion and exclusion criteria step by step.

## Inclusion Criteria
1. **Pathogen: Must be about Stroke**  
   - The study is focused on acute coronary syndromes (ACS), not on stroke.  
   - **Not met** 

2. **Language: English only**  
   - The abstract is in English.  
   - **Met** 

3. **Study type: Peer-reviewed, original research (note systematic reviews/meta-analyses for special consideration)**  
   - The abstract presents results from randomized controlled trials (RCTs), which qualifies as original research.  
   - **Met** 

4. **Population: Human subjects**  
   - The study involves human subjects (27,976 subjects in total).  
   - **Met** 

5. **Content: Must contain AT LEAST ONE of:**  
   - The study looks at all-cause mortality, myocardial infarction, re-infarction, ischemia recurrence, and adverse events, but none of these are related to stroke or post-stroke treatments.  
   - **Not met**  

## Exclusion Criteria
1. **Pathogen: Not about Stroke (exclude studies on other pathogens)**  
   - The focus is on acute coronary syndromes, not stroke.  
   - **Applies** 

2. **Language: Non-English**  
   - The abstract is in English.  
   - **Does not apply** 

3. **Publication type: Conference proceedings, abstracts, posters, correspondence**  
   - It is an abstract summarizing original research.  
   - **Applies** (though this may be reconsidered based on interpretation as some systematic reviews may include synopsis of RCT data)

4. **Study design: In-vitro studies only (no human or animal component)**  
   - The study involves human subjects, so this does not apply.  
   - **Does not apply** 

5. **Study design: Solely animal studies AND animal studies that do not report transmission parameters (3) R0, Rt, Re, r, growth rate, mutation rate)**  
   - Not applicable, as this study involves human participants.  
   - **Does not apply** 

6. **Outbreak type: Accidental laboratory outbreaks (not natural disease transmission)**  
   - Not applicable, as the study deals with treatment efficacy in humans, not outbreaks.  
   - **Does not apply** 

## Conclusion
Given that the study does not involve stroke (a key requirement for inclusion) and is focused on a different medical issue (acute coronary syndromes), the appropriate decision based on our screening criteria would be to exclude this study.

<decision>EXCLUDE</decision>",EXCLUDE,False,2026-08-06T01:00:06.988037
