article_id,source,pmid,pmcid,doi,title,authors,journal,year,abstract,url,openalex_id,openalex_pdf_url,pathogen,query,harvested_at,downloaded,downloaded_path,download_attempted_at,download_source,download_error,ai4epi_abstract_response,ai4epi_abstract_decision,to_ocr,screening_timestamp
PMID_42484748,PubMed,42484748,PMC3234452,10.15421/021875,Correspondence: Erythrina caffra in cadmium-induced Alzheimer's-like pathology: A new candidate or a familiar pattern?,"Abroumand Gholami, Arman; Ghadiminia, Nikki; Akhrorova, Shakhlo; Kubaev, Aziz; Agamurodov, Sarvar; Salomova, Feruza",Molecular biology reports,2026,"Cadmium neurotoxicity has been increasingly linked to neurodegenerative processes, and plant-derived compounds are being explored for their protective potential. The recent study by Ed-Day and colleagues investigated the neuroprotective effects of Erythrina caffra seed extract in a cadmium-induced Alzheimer's-like model in rats, reporting improvements in memory, cholinergic function, oxidative stress, and neuroinflammation. Four principal concerns are identified: (1) treatment protocol ambiguity, use of young rats to model an age-related disease, and unclear prevention-versus-therapy distinction; (2) memantine as positive control, mechanistically mismatched with cadmium toxicity pathways; (3) claim of Alzheimer's-like pathology without measuring Aβ plaques and tau tangles; and (4) no cadmium quantification in tissues or biofluids, leaving the mechanism, direct neuroprotection versus reduced bioavailability, unresolved. While the study offers promising preliminary evidence for the neuroprotective potential of E. caffra, its translational significance is constrained by these methodological and interpretative limitations. Addressing these concerns in future investigations would strengthen the evidence base for this medicinal plant's therapeutic potential.",https://pubmed.ncbi.nlm.nih.gov/42484748/,,,alzheimers,(Alzheimer Disease[MeSH] OR Alzheimer[tiab] OR amyloid beta[tiab] OR tau protein[tiab]) AND (treatment[tiab] OR intervention[tiab] OR therapy[tiab]),2026-07-27T15:34:14+00:00,,,,,,"To screen the provided abstract against the inclusion and exclusion criteria, we will systematically evaluate each point in the criteria:

## Inclusion Criteria Analysis

1. **Pathogen**: The study must be about Alzheimer's Disease.
   - The abstract discusses Alzheimer’s-like pathology, indicating relevance. **(Met)**

2. **Language**: English only.
   - The abstract is in English. **(Met)**

3. **Study type**: Peer-reviewed, original research (note systematic reviews/meta-analyses for special consideration).
   - The abstract indicates it is a correspondence regarding a recent study but does not confirm whether this is original research or merely commentary. This is ambiguous. However, it likely reflects on an original study rather than being original research itself. **(Possibly Not Met)**

4. **Population**: Human subjects (animal studies acceptable if reporting certain parameters).
   - The study uses cadmium-induced Alzheimer’s-like model in rats, which is not directly applicable to human subjects. The abstract does not indicate any human data. **(Not Met)**

5. **Content**: Must contain at least one quantitative detail related to Alzheimer’s disease.
   - The abstract discusses various concerns about the neuroprotective effects of a plant extract in an animal model, but it does not report quantitative cognitive outcomes, such as MMSE scores or similar measures. **(Not Met)**

## Exclusion Criteria Analysis

1. **Pathogen**: Not about Alzheimer's Disease.
   - The abstract is related to Alzheimer's-like pathology. **(Not Applicable)**

2. **Language**: Non-English.
   - The abstract is in English. **(Not Applicable)**

3. **Publication type**: Conference proceedings, abstracts, posters, correspondence.
   - This abstract appears to be a correspondence regarding a study. **(Met)**

4. **Study design**: In-vitro studies only.
   - The study does involve animal models (rats) rather than in-vitro only. **(Not Met)**

5. **Study design**: Solely animal studies AND not reporting transmission parameters.
   - As this study uses an animal model solely with no direct relevance to human cognitive outcomes, it falls under this exclusion criterion. **(Met)**

6. **Outbreak type**: Accidental laboratory outbreaks (not natural disease transmission).
   - This criterion does not apply as it is focused on Alzheimer’s pathology in an experimental context. **(Not Applicable)**

## Conclusion
Based on the evaluation, the study is predominantly non-compliant with several key inclusion criteria and could be excluded due to its focus on non-human subjects without qualitative cognitive outcome data, and the fact that it is classified as correspondence, rather than original research.

<decision>EXCLUDE</decision>",EXCLUDE,False,2026-08-01T06:18:11.651750
PMID_42447555,PubMed,42447555,,10.1016/j.bios.2026.119018,Ultrasensitive electrochemiluminescence aptasensor for Tau protein based on gold nanoparticle-modified perovskite nanocrystals.,"Wei, Fuliang; Song, Haicheng; Zhou, Xiaoqian; Hu, Ziheng; Gao, Nan; Chen, Yingying; Li, Zhenzhen; Feng, Lingyan",Biosensors & bioelectronics,2026,"Early diagnosis for Alzheimer's disease (AD) is vital for effective therapeutic intervention and improved patient prognosis. In this work, we developed a highly sensitive electrochemiluminescence (ECL) aptasensor for detecting a key AD biomarker, Tau protein. An all-inorganic perovskite CsPbBr3 nanocrystals (NCs) were used as ECL emitters and were encapsulated with polyvinylpyrrolidone (PVP) to improve the stability of CsPbBr3 NCs in aqueous solution. Moreover, -PVP encapsulation significantly enhanced the ECL response via coordination between the lone-pair electrons of oxygen atoms and Pb2+. The obtained CsPbBr3@PVP composite was further functionalized with gold nanoparticles, which served as anchoring sites for the immobilization of a Tau-specific aptamer. The sensing mechanism relies on the specific recognition between the surface-bound aptamer and the Tau protein. The formation of the aptamer-target complex impeded the ECL reaction efficiency of the system, resulting in an ""off"" ECL sensing response. This strategy enables ultrasensitive detection of Tau protein with a wide linear range from 10 fg/mL to 108 fg/mL and a detection limit as low as 0.80 fg/mL. The aptasensor also demonstrated satisfactory recoveries of 97.2% to 108.6% in mouse cerebrospinal fluid with relative standard deviations below 6.5%, indicating its promising potential for early diagnosis of AD.",https://pubmed.ncbi.nlm.nih.gov/42447555/,,,alzheimers,(Alzheimer Disease[MeSH] OR Alzheimer[tiab] OR amyloid beta[tiab] OR tau protein[tiab]) AND (treatment[tiab] OR intervention[tiab] OR therapy[tiab]),2026-07-27T15:34:14+00:00,,,,,,"To assess the provided abstract against the inclusion and exclusion criteria, let's go through each point carefully.

### Inclusion Criteria Assessment
1. **Pathogen**: The study is about Alzheimer's Disease (meets criterion).
2. **Language**: The abstract is in English (meets criterion).
3. **Study type**: The research appears to be original and is presumably peer-reviewed given the context, though it is not clearly stated if this is a full paper (there's no indication of it being a systematic review or meta-analysis, so we'll consider it for inclusion) (potentially meets criterion, but further context is needed).
4. **Population**: The focus is on Tau protein as a biomarker for Alzheimer's Disease, but it does not directly involve human subjects or report on a specific patient population. Therefore, this criterion is not met.
5. **Content**: The abstract discusses a biomarker (Tau protein) related to Alzheimer's Disease, but primarily relates to the development of a detection mechanism rather than intervention results or cognitive outcomes (does not fully meet criterion as it does not report on cognitive outcomes or interventions).

### Exclusion Criteria Assessment
1. **Pathogen**: The study is about Alzheimer's Disease (does not apply).
2. **Language**: The abstract is in English (does not apply).
3. **Publication type**: The study should be peer-reviewed original research; further context is needed but no indication of conference proceedings or similar (does not apply).
4. **Study design**: The study seems to focus on an in-vitro approach for biomarker detection, with no mention of human or animal components (applies - excludes).
5. **Study design**: The study does not involve solely animal studies but focuses on detection, which may lean towards laboratory methods (partially applies, but we already have a more definitive exclusion on in-vitro).
6. **Outbreak type**: Not applicable here since it does not pertain to disease transmission.

### Conclusion
The key factors leading to exclusion are the focus on biomarker detection rather than any intervention, absence of human subjects in the context of Alzheimer’s studies, and the experimental nature of the research without cognitive outcomes or interventions reported. Since the study emphasizes a detection technology and does not satisfy the population criteria of involving patient data or cognitive outcomes, it doesn't fit within the scope of the required interventions regarding Alzheimer’s Disease.

Thus, the decision is clear.

<decision>EXCLUDE</decision>",EXCLUDE,False,2026-08-01T06:18:11.656689
PMID_42366338,PubMed,42366338,,10.1186/s12906-026-05447-7,Isolation and identification of hasubanan alkaloids having anti-cholinesterase and antioxidant activity from the stem Stephania japonica.,"Dey, Anik Kumar; Al-Amin, Md Yusuf; Ferdous, Rafia; Alam, A H M Khurshid; Rahman, Aziz Abdur; Hossen, Md Bayazid; Mollah, Md Nurul Haque; Sadik, Md Golam",BMC complementary medicine and therapies,2026,"BACKGROUND: A recent report showed that Stephania japonica chloroform fraction has potential anticholinesterase and antioxidant activities and is able to improve learning and memory in mice. Therefore, the aim of the present study was to isolate and identify compounds from the chloroform fraction with cholinesterase inhibitory and antioxidant activity that may be useful as new candidates for the treatment of AD.
METHODS: Chromatographic methods were used for isolation of compounds and the isolated compounds were analyzed by spectroscopic methods for structure elucidation. Acetyl- and butyryl-cholinesterase inhibitory activity were evaluated for by Ellman's method and the antioxidant activity by several in vitro models such as DPPH and hydroxyl radicals scavenging, reducing power, total antioxidant activity, and inhibition of brain lipid peroxidation. The interaction of cholinesterase enzymes and isolated compounds were examined by molecular docking studies.
RESULTS: Bioactivity guided approach led to the isolation of four compounds from the chloroform fraction and identified as aknadinine, aknadilactam, aknadicine and stephisoferuline on the basis of their 1H-NMR and 13C-NMR spectral data. All the compounds were of hasubanan type. They showed significant inhibition against acetylcholinesterase and butyrylcholinesterase, with at least two fold increased affinity for butyrylcholinesterase than acetylcholinesterase. The IC50 values of the alkaloids were in the range of 9.36-14.89 µg/mL against acetylcholinesterase and 3.97-6.66 µg/mL against butyrylcholinesterase. Kinetic analysis revealed that all the four compounds exhibited mixed type of inhibition against both acetylcholinesterase and butyrylcholinesterase. The interaction of compounds with several amino acids of enzymes was supported by molecular docking studies. All the hasubanan alkaloids showed antioxidant activity in all in vitro assays and inhibited peroxidation of brain lipid. The IC50 values of the compounds for scavenging of DPPH and hydroxyl radicals, and lipid peroxidation inhibition were found to be in the range of 5.1-40.91, 10.44-19.41, and 20.60-31.72 µg/mL, respectively.
CONCLUSION: The hasubabanan alkaloids isolated from S. japonica may represent a new class of anti-cholinesterase compounds. The multitargeted activity of hasubanan alkaloids may lead to new candidates for the treatment of AD.",https://pubmed.ncbi.nlm.nih.gov/42366338/,,,alzheimers,(Alzheimer Disease[MeSH] OR Alzheimer[tiab] OR amyloid beta[tiab] OR tau protein[tiab]) AND (treatment[tiab] OR intervention[tiab] OR therapy[tiab]),2026-07-27T15:34:14+00:00,,,,,,"To determine if the study described in the abstract meets the inclusion criteria for the systematic review on Alzheimer's Disease, we must carefully evaluate each of the specified criteria.

### Inclusion Criteria Assessment

1. **Pathogen: Must be about Alzheimer's Disease**
   - The study focuses on potential treatment candidates for Alzheimer's Disease using extracts from a plant. **(Met)**

2. **Language: English only**
   - The abstract is in English. **(Met)**

3. **Study type: Peer-reviewed, original research (note systematic reviews/meta-analyses for special consideration)**
   - The abstract represents original research; it does not indicate that it is a systematic review or meta-analysis but appears to comply as original peer-reviewed research. **(Met)**

4. **Population: Human subjects (animal studies acceptable if reporting EITHER: transmission parameters or vector parameters)**
   - The study is conducted on mice, which are animals, not humans. **(Not met)**

5. **Content: Must contain AT LEAST ONE of the specified measures**
   - The study demonstrates cholinesterase inhibitory activity and antioxidant activity which may relate to cognitive outcomes associated with Alzheimer's Disease, although no detailed quantitative data about cognitive outcomes such as MMSE, ADAS-Cog, or CDR scores are provided concerning human subjects. **(Not clearly met)**

### Exclusion Criteria Assessment

1. **Pathogen: Not about Alzheimer's Disease (exclude studies on other pathogens)**
   - The study is about Alzheimer's Disease. **(Not applicable)**

2. **Language: Non-English**
   - The abstract is in English. **(Not applicable)**

3. **Publication type: Conference proceedings, abstracts, posters, correspondence**
   - There is no indication that this is a conference abstract or proceeding by the formatting, thus we assume it is a full research article. **(Not applicable)**

4. **Study design: In-vitro studies only (no human or animal component)**
   - The study involves animal subjects (mice), so it is not an in-vitro study only. **(Not applicable)**

5. **Study design: Solely animal studies AND animal studies that do not report transmission parameters**
   - This study exclusively uses mice and does not report any transmission parameters relevant to human transmission (which is an exclusion). **(Met)**

6. **Outbreak type: Accidental laboratory outbreaks (not natural disease transmission)**
   - This does not apply as the study does not involve outbreak dynamics. **(Not applicable)**

### Conclusion

The pivotal factor leading to exclusion here is the population criterion; the study involves animal subjects (mice) and does not provide outcomes relevant directly to human subjects with Alzheimer's Disease. Additionally, it does not include detailed cognitive outcome measures specific to human conditions.

Therefore, we have sufficient grounds to exclude the abstract based on its failure to meet key inclusion criteria.

<decision>EXCLUDE</decision>",EXCLUDE,False,2026-08-01T06:18:11.656843
PMID_42352925,PubMed,42352925,PMC12131090,10.1002/trc2.70098,The Role of Sphingosine-1-Phosphate Signaling in Cerebral Ischemia/Reperfusion Injury and Alzheimer's Disease Pathology.,"Czubowicz, Kinga; Motyl, Joanna Agata; Wencel, Agnieszka; Strosznajder, Robert Piotr",International journal of molecular sciences,2026,"Sphingosine-1-phosphate (S1P) is a pleiotropic bioactive sphingolipid that regulates key cellular processes, like proliferation, apoptosis, inflammation, and vascular homeostasis. S1P acts as a signaling molecule both inside and outside cells by interacting with five G-protein-coupled S1P receptors (S1PR1-S1PR5). Accumulating evidence indicates that dysregulation of S1P signaling is implicated in the pathophysiology of cerebral ischemia/reperfusion (I/R) injury and Alzheimer's disease (AD). In I/R injury, S1P signaling regulates vascular permeability, immune cell infiltration, and neuronal survival and death. In AD, alterations in S1P metabolism are associated with β-amyloid deposition, tau hyperphosphorylation, synaptic dysfunction, and sustained neuroinflammation. S1P receptor (S1PR) modulators represent promising therapeutic agents in both preclinical and clinical studies. Fingolimod was the first oral disease-modifying therapy approved for the treatment of multiple sclerosis and, at the same time, the first S1PR modulator introduced into clinical practice. New selective S1PR-targeting agents, including siponimod and ozanimod (S1PR1 and S1PR5), as well as the S1PR1-selective agent ponesimod, have also been approved for clinical use. In addition to their immunomodulatory properties, S1PR modulators have direct effects in the central nervous system, facilitating the maintenance of blood-brain barrier integrity, reducing microglial activation, and enhancing neuronal survival pathways. Building on this knowledge, we discuss the role of S1P signaling, highlighting recent advances in S1PR modulators as promising therapeutic agents for cerebral I/R injury and AD.",https://pubmed.ncbi.nlm.nih.gov/42352925/,,,alzheimers,(Alzheimer Disease[MeSH] OR Alzheimer[tiab] OR amyloid beta[tiab] OR tau protein[tiab]) AND (treatment[tiab] OR intervention[tiab] OR therapy[tiab]),2026-07-27T15:34:14+00:00,,,,,,"To screen this abstract against the inclusion and exclusion criteria, let's evaluate each criterion step by step.

### Inclusion Criteria Evaluation
1. **Pathogen**: The study is about Alzheimer's Disease, which meets this criterion.
   
2. **Language**: The abstract is in English, satisfying this requirement.

3. **Study type**: The abstract appears to summarize original research regarding S1P signaling in Alzheimer's Disease but does not clarify whether it is published in a peer-reviewed journal. The abstract could relate to a systematic review or meta-analysis, but that’s not explicitly indicated.

4. **Population**: The study discusses Alzheimer's disease pathology, but it does not specify whether it involves human subjects or report specific studies or trials involving patients.

5. **Content**: The abstract discusses potential pharmacological interventions with S1P receptor modulators, which may be relevant to the review. However, it lacks quantitative details on cognitive outcomes (MMSE, ADAS-Cog, CDR scores) or specific statistical data backing these findings.

### Exclusion Criteria Evaluation
1. **Pathogen**: The study is about Alzheimer's Disease, so this criterion does not apply.

2. **Language**: The abstract is in English, so this criterion does not apply.

3. **Publication type**: Not explicitly stated whether it's published or a conference abstract; however, it should be assessed in context. If this is an abstract for a conference without peer review, it would be excluded.

4. **Study design**: The abstract refers to research that seems to include cellular mechanisms but does not specify human or animal components. If it only discusses in-vitro results or lacks direct human application, it may fall under exclusion.

5. **Study design**: If the study consists of in-vitro components without specific human trials or outcomes related to Alzheimer's disease, it would also qualify for exclusion.

6. **Outbreak type**: This criterion is not relevant to this study.

### Conclusion
While the abstract does address Alzheimer's Disease and discusses potential therapeutic interventions, it lacks clarity on whether it meets the inclusion criteria regarding study type, population, and whether it provides quantitative cognitive outcomes. If this is merely an abstract without sufficient detail to confirm it meets the required epidemiological criteria, particularly those related to human population studies, it would warrant exclusion.

Given these considerations, I conclude that:

<decision>EXCLUDE</decision>",EXCLUDE,False,2026-08-01T06:18:11.656954
PMID_42266137,PubMed,42266137,,10.1002/ddr.70331,Harnessing the Ocean's Power: Fucoidan as a Novel Neuroregenerative Agent.,"Wu, Qingyuan; Hui, Xiangqi; Cui, Aoyun; Meng, Xianyu",Drug development research,2026,"Neurological disorders, characterized by progressive neuronal loss and functional decline, pose a formidable challenge to global health due to the lack of effective therapies. Fucoidan, a class of fucose-rich sulfated polysaccharides derived from brown seaweed, has emerged as a highly promising candidate for neuronal regeneration. This review synthesizes the extensive body of preclinical evidence supporting the neuroprotective and neuroregenerative potential of fucoidan. Its therapeutic efficacy relies on potent anti-inflammatory activity through the modulation of glial cell activation, significant antioxidant effects by neutralizing reactive oxygen species and reinforcing endogenous defenses, and direct anti-apoptotic actions that inhibit programmed cell death. Furthermore, this review highlights the pivotal and emerging role of the microbiota-gut-brain axis as a key regulator of the neuroprotective effects of fucoidan, whereby its prebiotic activity in the gut instigates systemic benefits that extend to the central nervous system. By consolidating findings from diverse preclinical models of ischemic stroke, traumatic brain injury, Alzheimer's disease, and Parkinson's disease, we conclude that fucoidan is a powerful, multitarget agent. Future research focused on establishing precise structure-activity relationships and further elucidating its action via the gut-brain axis will be important for translating this promising natural compound into a validated clinical therapy for neurological disorders.",https://pubmed.ncbi.nlm.nih.gov/42266137/,,,alzheimers,(Alzheimer Disease[MeSH] OR Alzheimer[tiab] OR amyloid beta[tiab] OR tau protein[tiab]) AND (treatment[tiab] OR intervention[tiab] OR therapy[tiab]),2026-07-27T15:34:14+00:00,,,,,,"Let's evaluate the provided abstract against the inclusion and exclusion criteria step by step. 

### Inclusion Criteria
1. **Pathogen:** The study mentions Alzheimer's disease, which fits our primary focus. ✔️
2. **Language:** The abstract is in English. ✔️
3. **Study type:** It is a review; however, the inclusion criteria state a preference for original research while noting systematic reviews/meta-analyses can be considered. This may require careful consideration since the abstract synthesizes data rather than presenting original findings. It's not clear if this qualifies for a systematic review/mixed treatment; the focus appears to be on neuroregeneration rather than on direct clinical outcomes related to Alzheimer's disease. ⚠️
4. **Population:** The review references Alzheimer’s disease, which indicates a human subject focus. ✔️
5. **Content:** The abstract focuses on the neuroprotective effects and mechanisms of fucoidan but does not provide quantitative cognitive outcomes such as MMSE, ADAS-Cog, or CDR scores nor does it document any pharmacological or non-pharmacological interventions directly as per the systematic review’s objective. Instead, it discusses fucoidan's potential broadly. It mentions preclinical models without providing specific clinical outcomes or trials related to Alzheimer's disease. ⚠️

### Exclusion Criteria
1. **Pathogen:** The content is about Alzheimer's disease. ❌
2. **Language:** The language is English. ❌
3. **Publication type:** Since this is an abstract of a review, it is not classified as original research, which could lead to exclusion based on the publication type. ⚠️
4. **Study design:** Focuses on preclinical evidence without a human component for the discussed effects. ⚠️
5. **Study design:** It is primarily a review without original data or specific clinical trial reports. ⚠️
6. **Outbreak type:** Not applicable here. ❌

### Conclusion
The abstract presents a review of neuroprotective strategies related to Alzheimer's disease and discusses potential interventions involving fucoidan. However, it does not meet the key criteria for providing original research or quantitative cognitive outcomes explicitly required by the systematic review's objectives. Additionally, since it is primarily a review rather than an original study, it raises questions regarding its inclusion. 

Given these evaluations, especially concerning the lack of quantitative clinical outcomes and the nature of the study, it is most appropriate to exclude this abstract from the systematic review.

<decision>EXCLUDE</decision>",EXCLUDE,False,2026-08-01T06:18:11.657040
PMID_42201543,PubMed,42201543,PMC12564920,10.3390/diagnostics15202559,"Development of a serverless, interactive application for Alzheimer's disease detection and visualization using MRI images.","Huynh, Tri; Nguyen, My; Ha, Huong T T; Ngo, Lua",The neuroradiology journal,2026,"BackgroundAlzheimer's disease requires early detection for effective intervention with disease-modifying treatments, yet significant implementation barriers persist in clinical practice, including limited computational infrastructure and the gap between research model performance and practical deployment in resource-constrained settings.ObjectivesTo develop and evaluate a computer-aided diagnosis system for classifying cognitive states (AD, MCI, and CN) from structural MRI, with automated preprocessing and cost-effective cloud deployment suitable for resource-constrained healthcare facilities.DesignComputer-aided diagnosis system integrating neural architecture search with serverless cloud infrastructure.MethodsA multi-view MRI analysis model was optimized through neural architecture search, incorporating Universal Inverted Bottleneck blocks and Kolmogorov-Arnold Networks. Automated MRI preprocessing using FSL was deployed through cloud-based serverless functions for scalable image processing. Evaluation used the ADNI dataset (1687 individuals: 368 AD, 625 MCI, and 694 CN). A web application was developed providing patient management, MRI visualization, and automated diagnostic prediction.ResultsThe model achieved 86.7% accuracy and 0.900 AUC in three-class classification with 1.7 million parameters. High specificity was observed across all classes (CN: 91.0%, MCI: 91.8%, AD: 97.3%), with 100% CN-AD specificity ensuring no AD cases were misclassified as cognitively normal. Operational costs were approximately 0.028 USD per diagnosis for typical hospital workloads.ConclusionThis system provides a cost-effective approach for early Alzheimer's diagnosis accessible to resource-constrained environments. Despite challenges in MCI classification, the combination of neural architecture search with serverless deployment demonstrates progress toward clinically deployable automated AD detection. Future work should focus on prospective clinical validation and integration of interpretability features.",https://pubmed.ncbi.nlm.nih.gov/42201543/,,,alzheimers,(Alzheimer Disease[MeSH] OR Alzheimer[tiab] OR amyloid beta[tiab] OR tau protein[tiab]) AND (treatment[tiab] OR intervention[tiab] OR therapy[tiab]),2026-07-27T15:34:14+00:00,,,,,,"### Screening Evaluation

1. **Pathogen**: The abstract is about Alzheimer's Disease, which meets the inclusion criterion.
  
2. **Language**: The abstract is presented in English, meeting the inclusion criterion.

3. **Study type**: The study is peer-reviewed and original research as it presents findings from the evaluation of a computer-aided diagnosis system, which meets the inclusion criterion.

4. **Population**: The abstract mentions the evaluation using the ADNI dataset, which includes individuals with Alzheimer's Disease (AD), Mild Cognitive Impairment (MCI), and cognitively normal individuals (CN). This meets the inclusion criterion.

5. **Content**: The study does contain quantitative details about the classification accuracy, specificity, and performance (e.g., 86.7% accuracy, 0.900 AUC) in detecting cognitive states. Therefore, it meets the inclusion criterion.

### Exclusion Criteria Evaluation

1. **Pathogen**: The study is about Alzheimer's Disease; thus, it does not meet this exclusion criterion.

2. **Language**: The abstract is in English; hence, this exclusion criterion is not applicable.

3. **Publication type**: The abstract is presented in a formal context and implies peer-reviewed research rather than being merely an abstract from a conference, which typically would fall under excluded publication types.

4. **Study design**: The study involves human subjects and is not in-vitro only. It assesses diagnostic capability for Alzheimer's disease through MRI, which does not fall under in-vitro studies.

5. **Study design**: The study does not solely focus on animal studies and involves human subjects. Thus, this exclusion criterion is not applicable.

6. **Outbreak type**: The study is related to Alzheimer's Disease detection rather than an outbreak or disease transmission, making this exclusion criterion not applicable.

### Conclusion
The study meets all the inclusion criteria and does not meet any of the exclusion criteria. It provides significant insights into detecting Alzheimer's Disease, which is relevant for the systematic review on Alzheimer's Disease.

<decision>INCLUDE</decision>",INCLUDE,True,2026-08-01T06:18:11.657127
PMID_42063523,PubMed,42063523,PMC10396070,10.1177/25424823251366640,Instrument for Assessment of Neurodegenerative Aphasia in Indonesia or Instrumen Afasia Neurodegeneratif Indonesia (IRFANI): Development and pilot study.,"Fitri, Fasihah Irfani; Rambe, Aldy Safruddin; Effendy, Elmeida; Kadri, Alfansuri; Prawiroharjo, Pukovisa; Lubis, Inke Nadia Diniyanti; Surbakti, Khairul Putra; Amin, Mustafa Mahmud; Rusda, Muhammad; Gustianingsih",Journal of Alzheimer's disease reports,2025,"BACKGROUND: Primary progressive aphasia (PPA) is a neurodegenerative disorder causing progressive language impairment. Early diagnosis is crucial for treatment planning, yet no standardized assessment exists for Indonesian speakers.
OBJECTIVE: This study describes the initial development of the Instrumen Afasia Neurodegeneratif Indonesia (IRFANI), focusing on test construction, content validity, and pilot testing.
METHODS: IRFANI was designed to assess syntax, motor speech, semantics, and phonology, following Gorno-Tempini et al. (2011) diagnostic criteria. The blueprint covered key domains, including confrontation naming (nouns/verbs), sentence production/comprehension, single-word comprehension, semantic association, and repetition tasks. Verbal stimuli were selected based on expert input and Indonesian word frequency lists, while custom black-and-white illustrations ensured linguistic and cultural relevance. Five neurobehavioral neurologists assessed content validity using Aiken's Content Validity Index (CVI). A pilot study was conducted with 30 participants diverse in age, sex, education, and ethnicity.
RESULTS: Expert consultations refined the test blueprint. Qualitative analysis identified ambiguous images, multiple correct answers, and unclear phrasing in naming and sentence tasks. Issues included visually similar images and ambiguous sentence structures. Quantitative validation (CVI = 0.9) confirmed strong expert agreement, with items scoring below 0.8 excluded. The pilot study demonstrated good reliability (0.923) and provided insights for further refinement.
CONCLUSIONS: IRFANI was systematically developed through expert validation, pilot testing, and iterative refinement, ensuring clarity and strong content validity. Further studies are needed to confirm its construct validity, reliability, and diagnostic accuracy.",https://pubmed.ncbi.nlm.nih.gov/42063523/,,,alzheimers,(Alzheimer Disease[MeSH] OR Alzheimer[tiab] OR amyloid beta[tiab] OR tau protein[tiab]) AND (treatment[tiab] OR intervention[tiab] OR therapy[tiab]),2026-07-27T15:34:14+00:00,,,,,,"To determine whether the paper should be included in the systematic review, we will systematically go through each criterion and provide the reasoning for each step.

### Inclusion Criteria Evaluation

1. **Pathogen:** The study is not focused on Alzheimer's Disease but on primary progressive aphasia (PPA), which is a symptom associated with neurodegeneration but does not confirm it as a study specifically about Alzheimer's Disease. 
   
   - **Evaluation:** Not met.

2. **Language:** The abstract is written in English.
   
   - **Evaluation:** Met.

3. **Study type:** The study appears to be original research on the development and validation of an assessment tool for neurodegeneration.
   
   - **Evaluation:** Met, but potentially falls under ""special consideration"" if it was for systematic reviews/meta-analyses.

4. **Population:** The study does not explicitly mention the involvement of patients diagnosed with Alzheimer's disease or mild cognitive impairment. It focuses on PPA without confirming the broader category including Alzheimer's.
   
   - **Evaluation:** Not met.

5. **Content:** The study discusses the development of a validation instrument but does not report cognitive outcomes or outcomes specific to Alzheimer's Disease or mild cognitive impairment.
   
   - **Evaluation:** Not met.

### Exclusion Criteria Evaluation

1. **Pathogen:** The study is not about Alzheimer's Disease but rather about primary progressive aphasia, which is related but not synonymous.
   
   - **Evaluation:** Exclude under this criterion.

2. **Language:** The abstract is in English.
   
   - **Evaluation:** Not applicable.

3. **Publication type:** The abstract is presumed to be part of a peer-reviewed journal and is not categorized as conference proceedings or other excluded types.
   
   - **Evaluation:** Not applicable.

4. **Study design:** The study involves human subjects and is not solely in vitro.
   
   - **Evaluation:** Not applicable.

5. **Study design:** The primary focus is not on a disease transmission model related to Alzheimer’s Disease; thus, it retains relevance for non-Alzheimer’s studies.
   
   - **Evaluation:** Not applicable.

6. **Outbreak type:** Not applicable since this does not pertain to outbreaks.

### Conclusion
Based on the evaluation of all criteria, the study does not meet the fundamental inclusion requirements necessary to be part of the systematic review. Primarily, it does not focus specifically on Alzheimer's Disease.

<decision>EXCLUDE</decision>",EXCLUDE,False,2026-08-01T06:18:11.657268
PMID_42047940,PubMed,42047940,PMC6999646,10.1002/cns.70910,AS1842856 Reduces β-Amyloid Burden via Inhibiting PLA2G4A-Mediated Lysosomal Dysfunction in APP/PS1 Mice.,"He, Da-Long; Wu, Zheng; Jia, Rong-Jun; Wu, Ting-Yao; Qiu, Yi-Min; Fan, Yong-Gang",CNS neuroscience & therapeutics,2026,"AIMS: Both cytosolic phospholipase A2 (PLA2G4A)-induced lysosomal membrane disruption and glycogen synthase kinase-3α/β (GSK3α/β)-mediated lysosomal dysfunction have been implicated in neurodegeneration, with a potential regulatory relationship between these two pathways. We recently identified AS1842856 (AS) as a suppressor of GSK3α/β. This study was therefore designed to investigate whether AS mitigates Alzheimer's disease (AD) progression by targeting PLA2G4A to restore lysosomal homeostasis.
METHODS: The therapeutic potential of AS was investigated in APP/PS1 mice by analyzing cognitive function, β-amyloid (Aβ) load, and lysosomal integrity, with its mechanism of action further explored in N2a-sw cells.
RESULTS: AS treatment reduced GSK3α/β expression in both APP/PS1 mice and N2a-sw cells. This suppression led to decreased PLA2G4A levels, restoration of lysosomal membrane integrity, and enhanced lysosomal degradation of Aβ. Consequently, AS administration alleviated Aβ burden and improved cognitive function in APP/PS1 mice. Moreover, AS was found to inhibit NF-κB-mediated PLA2G4A expression. Knockdown experiments further revealed that reduced GSK3β-but not GSK3α-reproduced the suppressive effect on PLA2G4A.
CONCLUSION: Our study identified the GSK3β/NF-κB/PLA2G4A signaling axis as a novel therapeutic target in AD, and AS could inhibit this axis to mitigate Aβ pathology by promoting lysosomal degradation of Aβ.",https://pubmed.ncbi.nlm.nih.gov/42047940/,,,alzheimers,(Alzheimer Disease[MeSH] OR Alzheimer[tiab] OR amyloid beta[tiab] OR tau protein[tiab]) AND (treatment[tiab] OR intervention[tiab] OR therapy[tiab]),2026-07-27T15:34:14+00:00,,,,,,"To screen this abstract for inclusion in the systematic review on Alzheimer's Disease, we will evaluate it against the predefined inclusion and exclusion criteria. 

### Inclusion Criteria
1. **Pathogen**: The study is about Alzheimer's Disease. **(Met)**
2. **Language**: The abstract is in English. **(Met)**
3. **Study type**: The study presents original research (as it reports findings from an intervention in mice). Note (systematic reviews/meta-analyses are excluded from this consideration, so we focus on original research content). **(Met)**
4. **Population**: Although the subjects are APP/PS1 mice (which are a model for Alzheimer’s), they do not involve human subjects. According to the inclusion criteria for human subjects, it appears this criterion is not met since it doesn’t involve human intervention directly. **(Not Met)**
5. **Content**: The study reports quantitative cognitive outcomes with respect to treatment effects on APP/PS1 mice and discusses mechanisms relevant to Alzheimer’s pathology. However, this is in the context of animal models and not human subjects, thus may not fulfill the requirement for content specifically meant for human cognitive outcomes. **(Ambiguous due to animal focus, leaning toward Not Met)**

### Exclusion Criteria
1. **Pathogen**: The study is about Alzheimer's Disease. **(Not applicable)**
2. **Language**: The abstract is in English. **(Not applicable)**
3. **Publication type**: It is not a conference proceeding, abstract, or correspondence. **(Not applicable)**
4. **Study design**: The study involves animal research (mice). While relevant for understanding mechanisms, it is not human research, which is essential according to exclusion criteria focusing on animal studies without relevant transmission data. **(Met, as it is solely animal studies)**
5. **Study design**: As the study solely involves animal models (APP/PS1 mice) and does not report any human outcomes, it meets the exclusion for being solely animal studies. **(Met)**
6. **Outbreak type**: Not applicable since this is not about a natural disease transmission context. **(Not applicable)**

Based on the analysis:
- Inclusion criteria specifically requires studies involving human subjects, and this study involving APP/PS1 mice, while relevant to Alzheimer's research, does not meet the inclusion criteria for human population consideration.
- Exclusion criteria also leads to exclusion due to it being solely animal studies.

Given that the study does not meet the core requirement of involving human subjects and focuses solely on animal models, it needs to be excluded from the review.

The final decision for this study is:
<decision>EXCLUDE</decision>",EXCLUDE,False,2026-08-01T06:18:11.657415
PMID_41963962,PubMed,41963962,PMC1865672,10.1128/iai.01862-06,Clostridium butyricum ameliorates Toxoplasma gondii-induced neuropsychiatric disorders by attenuating glial-mediated synaptic pruning via the gut-brain axis.,"Li, Yiling; Wu, Hongjin; Yang, Jiayi; Weedor, Jensen G; Ding, Haoxuan; Cui, Wenjing; Cui, Bingqian; He, Zhicheng; Zhang, Wenjun; Xing, Yihui; Zeng, Fan; Huang, Xufeng; Zheng, Kuiyang; Shen, Yujuan; Yu, Yinghua; Pan, Wei; Yang, Xiaoying",Journal of neuroinflammation,2026,"Gut microbiota dysbiosis contributes to Toxoplasma gondii (T. gondii)-induced neuropsychiatric disorders (TNDs); however, the underlying mechanisms remain largely elusive. Here, we identified the critical role of butyrate-producing bacteria in TNDs in mice. Decreased abundance of butyrate-producing bacteria was consistently observed in patients with Alzheimer’s disease and T. gondii-infected mice. Dietary supplementation with Clostridium butyricum (C. butyricum), a gut commensal butyrate-producing bacterium, reversed gut microbiota dysbiosis, ameliorated intestinal barrier disruption and inflammation, and reduced endotoxemia. Coincidentally, C. butyricum administration suppressed microglial and astrocytic activation, rescued synaptic ultrastructure damage and synaptic loss, thus alleviating cognitive impairment and anxiety/depression-like behaviors. Mechanistically, C. butyricum treatment mitigated the abnormal synaptic pruning mediated by glial cells and C1q to prevent the neuropathology induced by T. gondii infection. Importantly, fecal microbiota transplantation from C. butyricum-supplemented mice into antibiotic-treated recipients recapitulated the therapeutic effects on gut and brain pathology observed in infected mice. Together, our findings suggest that C. butyricum ameliorates TNDs by modulating glial cell-mediated abnormal synaptic pruning via the gut-brain axis, highlighting the therapeutic potential efficacy of butyrate-producing bacteria against TNDs.",https://pubmed.ncbi.nlm.nih.gov/41963962/,,,alzheimers,(Alzheimer Disease[MeSH] OR Alzheimer[tiab] OR amyloid beta[tiab] OR tau protein[tiab]) AND (treatment[tiab] OR intervention[tiab] OR therapy[tiab]),2026-07-27T15:34:14+00:00,,,,,,"Let's evaluate the provided abstract against the inclusion and exclusion criteria step by step.

### Inclusion Criteria Assessment
1. **Pathogen**: The study focuses on Alzheimer's disease, as it references decreased abundance of butyrate-producing bacteria in patients with Alzheimer's disease. **(Met)**
   
2. **Language**: The abstract is written in English. **(Met)**

3. **Study type**: The study presents original research and findings about Alzheimer's disease. However, it discusses gut microbiota dysbiosis in the context of Toxoplasma gondii-induced neuropsychiatric disorders, which may not fully adhere to the expected intervention for Alzheimer's specifications as per initial criteria. Still, there is mention of amelioration of cognitive impairment which is relevant. **(Met)**

4. **Population**: The study includes patients with Alzheimer's disease but mainly focuses on findings in mouse models. This could challenge its complete relevance to human subjects unless the findings can be convincingly translated, which may be unclear from the abstract alone. **(Partially Met)**
   
5. **Content**: The abstract discusses cognitive impairment and the pathogenic mechanisms influencing it, contributing essential data regarding a non-pharmacological intervention (dietary supplementation) and cognitive outcomes. **(Met)**

### Exclusion Criteria Assessment
1. **Pathogen**: The study indeed pertains to Alzheimer's disease. **(Not Excluded)**

2. **Language**: The abstract is in English. **(Not Excluded)**

3. **Publication type**: The abstract seems to be part of peer-reviewed research. **(Not Excluded)**

4. **Study design**: The study includes a human aspect by referencing Alzheimer's disease but predominantly discusses mouse models. Still, it aligns with ongoing investigations that might inspire human-level interventions. **(Not Excluded)**

5. **Study design**: The abstract does not solely focus on animal studies but includes findings directly related to humans with Alzheimer's disease. **(Not Excluded)**

6. **Outbreak type**: The study does not concern outbreaks or lab-specific disease transmission. **(Not Excluded)**

### Conclusion
The study provides insights relevant to Alzheimer's Disease and addresses cognitive outcomes related to potential therapeutic interventions. Though there is an animal component, significant mention of human implications justifies its inclusion. It meets the primary goals of synthesizing clinical evidence pertinent to Alzheimer's interventions.

Thus, even considering that the findings mainly derive from animal models but relate directly to human Alzheimer's research, it is valuable enough to consider relevant for inclusion in the systematic review.

<decision>INCLUDE</decision>",INCLUDE,True,2026-08-01T06:18:11.657553
PMID_41949026,PubMed,41949026,PMC9475529,10.1159/000051266,Proteomic profiling of brain organoids and extracellular vesicles identifies early Alzheimer's disease biomarkers and drug response heterogeneity.,"Boyd, Rachel J; Dong, Daiyun; Sagar, Ram; Iliuk, Anton; Ahmed, Waqar; Androni, Xenia; Porsteinsson, Anton P; Rosenberg, Paul B; Lyketsos, Constantine G; Witwer, Kenneth W; Mahairaki, Vasiliki",Alzheimer's & dementia : the journal of the Alzheimer's Association,2026,"INTRODUCTION: Alzheimer's disease (AD) exhibits high genetic and clinical heterogeneity that limits therapeutic success. Patient-derived brain organoids and their extracellular vesicles (EVs) provide physiologically relevant models to study disease mechanisms and individualized drug responses.
METHODS: We generated the largest brain organoid cohort to date, derived from 30 independent induced pluripotent stem cell (iPSC) lines from AD and control individuals. Comparative proteomic profiling was performed on both organoids and their secreted EVs to capture molecular diversity and treatment effects.
RESULTS: Organoids and EVs consistently recapitulated neuronal proteomic signatures and revealed early alterations in AD-related pathways, including synaptic and neurotransmitter dysfunction. Distinct proteomic responses mirrored individual variability in selective serotonin reuptake inhibitor sensitivity.
DISCUSSION: Integrating organoid and EV data provides a systems-level view of AD pathophysiology and treatment response, positioning this dual-platform model as a cost-effective tool for precision medicine and drug discovery.",https://pubmed.ncbi.nlm.nih.gov/41949026/,,,alzheimers,(Alzheimer Disease[MeSH] OR Alzheimer[tiab] OR amyloid beta[tiab] OR tau protein[tiab]) AND (treatment[tiab] OR intervention[tiab] OR therapy[tiab]),2026-07-27T15:34:14+00:00,,,,,,"To determine whether to include or exclude the study described in the abstract, we will evaluate it against each predefined inclusion and exclusion criterion in a systematic manner.

## Inclusion Criteria
**1. Pathogen: Must be about Alzheimer's Disease**  
The study is about Alzheimer's disease (AD). **Criterion met.**

**2. Language: English only**  
The abstract is in English. **Criterion met.**

**3. Study type: Peer-reviewed, original research (note systematic reviews/meta-analyses for special consideration)**  
The abstract indicates original research involving human-derived brain organoids. It does not mention being a systematic review or meta-analysis. **Criterion met.**

**4. Population: Human subjects (animal studies acceptable if reporting EITHER transmission parameters)**  
The study involves patient-derived brain organoids from human participants (30 independent induced pluripotent stem cell lines). **Criterion met.**

**5. Content: Must contain AT LEAST ONE of:**  
   a) Quantitative details of concluded/ongoing human outbreak (not applicable here)  
   b) Mathematical or statistical model of disease transmission (not applicable here)  
   c) Measures/estimates of transmission parameters (not applicable here)  
   d) Measures/estimates of timing parameters (not applicable here)  
   e) Measures/estimates of severity (not applicable here, although it discusses treatment response)  
   f) Measures/estimates of genetic evolution (not applicable here)  
   g) Measures of overdispersion or superspreading (not applicable here)  
   h) Seroprevalence data or serological surveys (not applicable here)  
   i) Risk factors for infection, severe disease, death, or hospitalization (with statistical measures) – mentions treatment response but does not quantify risk factors.  
   j) Measures/estimates of vector parameters (not applicable here)  

The abstract focuses on identifying biomarkers and drug response variability rather than the specified measures. However, while it discusses treatment response through proteomic profiling, it does not report quantitative measures of cognitive outcomes nor does it fulfill any of the specific categories listed. Therefore, **Criterion not met**.

## Exclusion Criteria
**1. Pathogen: Not about Alzheimer's Disease**  
The study is about Alzheimer's disease. **Criterion not applicable.**

**2. Language: Non-English**  
The abstract is in English. **Criterion not applicable.**

**3. Publication type: Conference proceedings, abstracts, posters, correspondence**  
The abstract appears to be from a journal article but does not provide enough detail to determine if it is merely a conference abstract or proceeding. This criterion cannot be confirmed with certainty but assumes it is a valid study considering its originality and detail. **Uncertain.**

**4. Study design: In-vitro studies only (no human or animal component)**  
The study involves human-derived brain organoids, which could count as the human component, thus not fitting this exclusion criterion. **Criterion not applicable.**

**5. Study design: Solely animal studies AND animal studies that do not report transmission parameters**  
The study involves human subjects. **Criterion not applicable.**

**6. Outbreak type: Accidental laboratory outbreaks (not natural disease transmission)**  
The study does not refer to an outbreak. **Criterion not applicable.**

## Conclusion
The critical issue lies with the fifth inclusion criterion, which requires measures of cognitive outcomes, and the study does not report any quantitative cognitive outcomes nor focuses on pharmacological or non-pharmacological interventions as outlined in the systematic review objectives. The biomarker aspect does not fully align with Alzheimer’s disease outcome measures specified. 

Given this analysis, I will decide to exclude the study.

<decision>EXCLUDE</decision>",EXCLUDE,False,2026-08-01T06:18:11.657683
PMID_41898738,PubMed,41898738,PMC3779285,10.1016/j.immuni.2013.08.001,Constructing Curcumin-Based Biological Metal-Organic Frameworks (MOFs) for the Treatment of Alzheimer's Disease Through the Pyroptosis Pathway.,"Sun, Fanshu; Liu, Kangning; Xi, Enpeng; Zhao, Yun; Gao, Nan",International journal of molecular sciences,2026,"Alzheimer's disease (AD) is a chronic, progressive neurodegenerative disorder that presents as neuronal cell death caused by the pyroptosis pathway. Currently, curcumin is widely reported in the treatment of AD due to its dual inhibitory effects on NLRP3-associated inflammasome activation, but it suffers from poor bioavailability. Therefore, in this study, a highly stable curcumin-based Zn-organic framework (medi-MOF-1) loaded with taxifolin (TAX@medi-MOF-1) was presented to overcome the defect with a specific surface area of 2530.652 m2 g-1. The loaded TAX could further enhance the anti-inflammatory and antioxidant properties. In 5×FAD transgenic mice, TAX@medi-MOF-1 significantly improved cognitive and motor functions, reduced Aβ plaque deposition, and downregulated key pyroptosis proteins (NLRP3, caspase-1, and GSDMD-N). The dual-drug system exhibited synergistic effects, offering a promising multi-target therapeutic strategy for AD.",https://pubmed.ncbi.nlm.nih.gov/41898738/,,,alzheimers,(Alzheimer Disease[MeSH] OR Alzheimer[tiab] OR amyloid beta[tiab] OR tau protein[tiab]) AND (treatment[tiab] OR intervention[tiab] OR therapy[tiab]),2026-07-27T15:34:14+00:00,,,,,,"To assess whether the paper should be included in the systematic review, let's evaluate it against the provided inclusion and exclusion criteria step by step.

### Inclusion Criteria
1. **Pathogen: Must be about Alzheimer's Disease**  
   - The study explicitly focuses on Alzheimer's Disease, hence this criterion is met.
   
2. **Language: English only**  
   - The abstract is in English, so this criterion is met.

3. **Study type: Peer-reviewed, original research (note systematic reviews/meta-analyses for special consideration)**  
   - The abstract indicates it is an original study (involving new findings regarding a curcumin-based treatment). This criterion is likely met, assuming it's published in a peer-reviewed journal.

4. **Population: Human subjects (animal studies acceptable if reporting EITHER: transmission parameters or vector parameters)**  
   - The study reports results from 5×FAD transgenic mice, which are animal studies. However, it does not report on transmission parameters or vector parameters, thereby failing to meet this criterion for human relevance.

5. **Content: Must contain AT LEAST ONE of:**  
   - The abstract details cognitive outcomes (improved cognitive and motor functions) and mentions biomarkers (Aβ plaque deposition and pyroptosis proteins). Therefore, it meets this content requirement.

### Exclusion Criteria
1. **Pathogen: Not about Alzheimer's Disease (exclude studies on other pathogens)**  
   - The study is indeed about Alzheimer's Disease, so this criterion does not apply for exclusion.

2. **Language: Non-English**  
   - The abstract is in English, so this criterion does not apply for exclusion.

3. **Publication type: Conference proceedings, abstracts, posters, correspondence**  
   - The current status of the publication type is not explicitly mentioned but is assumed to be an original research publication since it discusses a study. If it were just an abstract without additional detail, it could be excluded. Clarification is needed here.

4. **Study design: In-vitro studies only (no human or animal component)**  
   - The study involves animal models, so it does not apply for exclusion.

5. **Study design: Solely animal studies AND animal studies that do not report transmission parameters**  
   - This study is indeed an animal study and does not report transmission parameters or vector parameters, thus this criterion is met for exclusion.

6. **Outbreak type: Accidental laboratory outbreaks (not natural disease transmission)**  
   - This criterion does not apply as it does not mention outbreak contexts.

### Conclusion
Overall, while the study provides relevant information about Alzheimer's Disease and its treatment, it is primarily based on animal models, lacks human patient data, and does not meet the specified criteria for including animal studies relevant to human outcomes. Therefore, given the focus on understanding clinical vitamin for human subjects with Alzheimer's, this study should be excluded.

<decision>EXCLUDE</decision>",EXCLUDE,False,2026-08-01T06:18:11.657813
PMID_41837529,PubMed,41837529,,10.4103/nrr.nrr-d-25-01462,Alzheimer's disease therapy: Neurotrophin-based regenerative approaches.,"Cheung, Chung Yin Matthew; Gera, Ruchi; Kar, Aditya Kumar; Linderoth, Bengt; Eriksdotter, Maria; Mitra, Sumonto",Neural regeneration research,2026,"Neurotrophins are a class of proteins that maintain the health and phenotype of neuronal cells under normal physiological conditions. Nerve growth factor was the first neurotrophin to be discovered, supporting the survival and cholinergic phenotype of basal forebrain cholinergic neurons, which are crucial in maintaining cognitive function in healthy individuals. Nerve growth factor metabolism is altered in Alzheimer's disease and, along with the degeneration of basal forebrain cholinergic neurons and loss of cholinergic pathways in the affected brain, contributes to cognitive problems. These findings initiated the application of nerve growth factor supplementation as a regenerative strategy against Alzheimer's disease in the late 20 th century. Later decades witnessed the development of drugs that support cholinergic activity, namely, cholinesterase inhibitors offering small but persisting cognitive benefits in Alzheimer's disease patients. Further developments in the Alzheimer's disease field have witnessed the rise of anti-amyloid immunotherapies that target the amyloid plaques in Alzheimer's disease brains in an attempt to reduce disease pathology. Over the years, several reports have appeared in support of or undermining the therapeutic claims of each strategy, while many other therapeutic approaches are being presently tested. In this narrative review, we present broader perspectives regarding cholinergic therapeutic strategies against Alzheimer's disease, highlighting aspects in the Alzheimer's disease field that need to be addressed, and propose future perspectives. We provide a special focus on neurotrophic molecules, especially on nerve growth factor, due to its close association with cognitive pathways and its relationship with cholinergic pathways, since cholinesterase inhibitors remain a widely used medication for Alzheimer's disease patients even after 30 years of research.",https://pubmed.ncbi.nlm.nih.gov/41837529/,,,alzheimers,(Alzheimer Disease[MeSH] OR Alzheimer[tiab] OR amyloid beta[tiab] OR tau protein[tiab]) AND (treatment[tiab] OR intervention[tiab] OR therapy[tiab]),2026-07-27T15:34:14+00:00,,,,,,"To screen the abstract against the inclusion and exclusion criteria, let's analyze each criterion step by step:

## Inclusion Criteria

1. **Pathogen**: The study is about Alzheimer's Disease, so this criterion is met.
   
2. **Language**: The abstract is in English, so this criterion is met.
   
3. **Study type**: The abstract describes a narrative review. Although systematic reviews are considered for special consideration, a narrative review is not classified as original research. Therefore, this criterion is not met.
   
4. **Population**: The abstract discusses Alzheimer's Disease and its impact on cognitive function; however, it does not provide specific data on human subjects or specify if the studies mentioned involved humans with confirmed Alzheimer's or mild cognitive impairment. Thus, this criterion is not clearly met.
   
5. **Content**: The abstract discusses interventions (neurotrophic support and cholinesterase inhibitors) and their relevance to cognitive function. However, it primarily serves as an overview of existing literature rather than presenting new quantitative data or outcomes. Therefore, this criterion is not fully met as it lacks explicit cognitive outcome measures.

## Exclusion Criteria

1. **Pathogen**: The study is about Alzheimer's Disease, so this criterion is not applicable for exclusion.
   
2. **Language**: The abstract is in English, so this criterion is not applicable for exclusion.
   
3. **Publication type**: This is a narrative review, which implies it may not be an original study or peer-reviewed original research. While it doesn't fit into the exclusion criteria directly, it raises concerns about meeting the inclusion criteria.
   
4. **Study design**: It is not a study involving original empirical data; hence it is not a peer-reviewed, original research study. This raises red flags but does not lead to an outright exclusion based on strict criteria.
   
5. **Study design**: As previously stated, it is not solely based on animal studies or a study type that can qualify for inclusion based on human subjects. Hence, it does not align well with the inclusion requirements.
   
6. **Outbreak type**: Not applicable, as this criterion pertains to infectious disease outbreaks, not Alzheimer’s.

Given the lack of compliance with the inclusion criteria (particularly study type and population detail) and the nature of this being a narrative review rather than original empirical research, it is prudent to exclude this study.

Overall, the abstract does not provide original research findings or quantitative measures relevant to Alzheimer's Disease on the level that we require for the systematic review.

<decision>EXCLUDE</decision>",EXCLUDE,False,2026-08-01T06:18:11.657942
PMID_41834402,PubMed,41834402,PMC8263606,10.1177/13872877261430001,Gait and movement analysis for discrimination between people with dementia and healthy control persons based on pose estimation and machine learning.,"Al-Hammadi, Mustafa; Fleyeh, Hasan; Thomas, Ilias",Journal of Alzheimer's disease : JAD,2026,"BackgroundDementia disorders are affecting millions of people globally, characterized by memory loss, communication difficulties, and motor function decline. Accurate and early dementia detection is crucial for effective management and treatment. Gait analysis offers a non-invasive method for dementia detection by identifying subtle changes in walking patterns that often precede cognitive symptoms.ObjectiveThis study aims to evaluate the clinical utility of video-based gait analysis using the Timed Up and Go (TUG) test under single and dual-task conditions (TUGdt) for distinguishing individuals with dementia disorders from healthy controls (HCs).MethodThe study implemented three machine learning models: Support Vector Machine (SVM), Logistic Regression (LR), and Random Forest (RF), to discriminate between persons with dementia and HCs. The dataset consists of a cohort of 64 people with dementia (47 with Alzheimer's disease) and 67 HCs. The participants performed the TUG test as a single and dual-task (TUGdt). In the TUGdt, participants performed the TUG test while simultaneously completing an additional cognitive task (i.e., animal naming (TUGdt-NA) or reciting months in reverse order (TUGdt-MB)).ResultsThe results showed that dual-task classification outperformed the single-task. The SVM algorithm achieved the highest accuracy in the TUGdt-NA task (accuracy of 87% ± 5.1 and recall of 86.6% ± 3.2) using 5-fold cross-validation and accuracy of 85.5% and recall of 89.5% using Leave-One-Out Cross-Validation (LOOCV) in the TUGdt-MB task.ConclusionsIn summary, video-based gait features effectively distinguish people with dementia from HCs, particularly under dual-tasking, offering cost-effective, automated, and non-invasive pre-screening to complement clinical assessments.",https://pubmed.ncbi.nlm.nih.gov/41834402/,,,alzheimers,(Alzheimer Disease[MeSH] OR Alzheimer[tiab] OR amyloid beta[tiab] OR tau protein[tiab]) AND (treatment[tiab] OR intervention[tiab] OR therapy[tiab]),2026-07-27T15:34:14+00:00,,,,,,"To assess whether the paper should be included in the systematic review on Alzheimer's Disease, we will go through the included and excluded criteria step by step.

## Inclusion Criteria
1. **Pathogen**: The study is about Alzheimer's Disease. **(Met)**
2. **Language**: The abstract is in English. **(Met)**
3. **Study type**: The study is peer-reviewed, original research. **(Met)**
4. **Population**: The study involves human subjects with a cohort of 64 people with dementia, including 47 with Alzheimer's Disease. **(Met)**
5. **Content**: The study evaluates the clinical utility of video-based gait analysis for distinguishing individuals with dementia from healthy controls. While it does involve cognitive outcomes (distinguishing dementia), it does not report on specific cognitive scores (like MMSE, ADAS-Cog, or CDR scores). Based on this point, **(Not Met)**.

## Exclusion Criteria
1. **Pathogen**: The study is about Alzheimer's Disease, so this criterion does not apply. **(Not Applicable)**
2. **Language**: The abstract is in English, so this criterion does not apply. **(Not Applicable)**
3. **Publication type**: The paper is stated to be peer-reviewed original research, so this criterion does not apply. **(Not Applicable)**
4. **Study design**: The study is not an in-vitro study only. **(Not Applicable)**
5. **Study design**: The study involves human subjects and is not solely an animal study; hence this does not apply. **(Not Applicable)**
6. **Outbreak type**: Not applicable since this criterion relates to laboratory outbreaks, and the study is about a cognitive assessment method. **(Not Applicable)**

Given that the study does not meet the inclusion criterion regarding specific cognitive outcomes, even though it provides valuable insights into distinguishing individuals with dementia using gait analysis, it lacks reporting on cognitive measures as required in the inclusion criteria. 

Thus, based on the outlined criteria:

<decision>EXCLUDE</decision>",EXCLUDE,False,2026-08-01T06:18:11.658041
PMID_41797133,PubMed,41797133,,10.1016/j.bioorg.2026.109687,"Synthesis, spectral characterization, and cholinesterase inhibitory evaluation of benzothiazole-linked oxadiazole derivatives as potential anti-Alzheimer's agents.","Sonu; Alomar, Taghrid S; Parveen, Baby Rabiya; Altalhi, Rawan; Sayed, Amany A; AlMasoud, Najla; Abdel-Daim, Mohamed M; Yadav, Priyanka; Kumar, Amal; Kapoor, Khushi",Bioorganic chemistry,2026,"A series of eleven novel benzothiazole-based oxadiazole derivatives (K1-K11) were synthesized using 2-amino-4-methoxybenzenethiol as the key precursor. The structures of the synthesized compounds were confirmed by IR, 1H NMR, 13C NMR, and mass spectrometry. All derivatives were evaluated for their cholinesterase inhibitory activity against acetylcholinesterase (AChE) and butyrylcholinesterase (BChE), with donepezil used as the reference drug. Compounds K2 and K9 exhibited potent AChE inhibition, while K11 and K7 showed notable BChE inhibitory activity, with IC50 values comparable to the standard. Molecular docking studies supported the experimental results, revealing strong binding interactions of K2 and K7 with AChE and BChE, respectively. In silico ADME analysis indicated favorable drug-like properties for all compounds, suggesting their potential as promising leads for Alzheimer's disease therapy.",https://pubmed.ncbi.nlm.nih.gov/41797133/,,,alzheimers,(Alzheimer Disease[MeSH] OR Alzheimer[tiab] OR amyloid beta[tiab] OR tau protein[tiab]) AND (treatment[tiab] OR intervention[tiab] OR therapy[tiab]),2026-07-27T15:34:14+00:00,,,,,,"Let's evaluate the abstract against the specified inclusion and exclusion criteria step by step.

## Inclusion Criteria
1. **Pathogen: Must be about Alzheimer's Disease**  
   The study discusses cholinesterase inhibitory evaluation of compounds as potential anti-Alzheimer's agents. **This criterion is met.**

2. **Language: English only**  
   The abstract is written in English. **This criterion is met.**

3. **Study type: Peer-reviewed, original research (note systematic reviews/meta-analyses for special consideration)**  
   The abstract appears to be from a research study and not a review or meta-analysis. While the specifics of publication type are not fully detailed, we will assume it is original research. **This criterion is likely met.**

4. **Population: Human subjects (animal studies acceptable if reporting EITHER: transmission parameters…)**  
   The study clearly mentions novel compounds and their evaluation through in vitro studies involving cholinesterase activity but does not mention human subjects, nor does it present parameters as outlined for pathogen studies. **This criterion is not met.**

5. **Content: Must contain AT LEAST ONE of:**  
   a) Quantitative details of concluded/ongoing human outbreak (not applicable here)  
   b) Mathematical or statistical model of disease transmission (not applicable here)  
   c) Measures/estimates of transmission parameters (not applicable here)  
   d) Measures/estimates of timing parameters (not applicable here)  
   e) Measures/estimates of severity (not applicable here)  
   f) Measures/estimates of genetic evolution (not applicable here)  
   g) Measures of overdispersion or superspreading (not applicable here)  
   h) Seroprevalence data or serological surveys (not applicable here)  
   i) Risk factors for infection, severe disease, death, or hospitalization (not applicable here)  
   j) Measures/estimates of vector parameters (not applicable here)  

   None of the specific content measures are reported. **This criterion is not met.**

## Exclusion Criteria
1. **Pathogen: Not about Alzheimer's Disease (exclude studies on other pathogens)**  
   The study is indeed about Alzheimer's Disease. **This does not apply.**

2. **Language: Non-English**  
   The abstract is in English. **This does not apply.**

3. **Publication type: Conference proceedings, abstracts, posters, correspondence**  
   The excerpt is likely referring to an abstract but lacks details about publication type. However, since it is a summary, proceed with caution. **This criterion might apply, but is uncertain.**

4. **Study design: In-vitro studies only (no human or animal component)**  
   The study details in-vitro evaluation of compounds. It does not involve human or animal subjects in a substantive way. **This criterion is met.**

5. **Study design: Solely animal studies AND animal studies that do not report transmission parameters**  
   Not applicable since it does not involve animal studies. **This does not apply.**

6. **Outbreak type: Accidental laboratory outbreaks (not natural disease transmission)**  
   Not applicable as the study is focused on drug evaluation, not outbreaks. **This does not apply.**

Based on this evaluation, the most significant inclusion criteria (4 and key content measures of outcome) are not met. Additionally, exclusion criteria regarding the scope of study design (in vitro only) lead to a strong consideration against inclusion.

Therefore, it is clear this study should be excluded.

<decision>EXCLUDE</decision>",EXCLUDE,False,2026-08-01T06:18:11.658133
PMID_41770783,PubMed,41770783,PMC4064947,10.4137/pmc.s13384,Cheminformatics-driven discovery of natural isoquinoline alkaloid inhibitors of Beta-secretase I for Alzheimer's management.,"Ahmad, Iqra; Waheed, Sara; Alotaibi, Bader S; Abbasi, Sumra Wajid; Khan, Muhammad Umer; Rahman, Faiz Ur; Dib, Hanna; Fawy, Khaled Fahmi; Nishan, Umar; Ali, Abid; Zaman, Aqal; Shah, Mohibullah",PloS one,2026,"Alzheimer's disease (AD) is characterized by the gradual deterioration of cognitive functions, speech impairment, and memory loss. It can potentially be treated by targeting the beta-site amyloid precursor protein cleavage enzyme 1 (BACE1), which plays a key role in amyloid plaque formation, neurofibrillary tangles, and hyperphosphorylated tau protein. Current drugs have limitations in terms of safety, efficacy, and blood-brain barrier permeability. In view of this, this study was designed to determine the potential inhibitors of the BACE1 enzyme by virtual screening using a curated library of 415 natural products including terpenoids, phenolic compounds, and alkaloids from different medicinal plants. Based on the docking score and interaction analysis, 50 compounds were selected for the downstream analysis, such as ligand binding interactions, pharmacokinetics, druglikness and physicochemical parameters. Among the lead compounds, Palmatine (compound 45) and Berberine (compound 49), demonstrated optimal drug-likeness and blood-brain barrier permeability among the top compounds. 2-[(9Z,12Z)-heptadeca-9,12-dienyl]-6-hydroxybenzoic acid (compound 4) was inactive in most toxicity parameters. Pharmacophore analysis revealed that Palmatine and Berberine share similar features with the standard, highlighting their potential as effective compounds. Furthermore, structural chemistry analysis provided insights on their shared isoquinoline alkaloid framework, illustrating their structural similarities. Molecular dynamics simulations confirmed the stability of the Palmatine-BACE1 and Berberine-BACE1 complexes during a 50 ns production run. Overall, these findings highlighted the potential of Palmatine and Berberine as promising candidates for the experimental validation and the development of the drugs for the treatment of AD.",https://pubmed.ncbi.nlm.nih.gov/41770783/,,,alzheimers,(Alzheimer Disease[MeSH] OR Alzheimer[tiab] OR amyloid beta[tiab] OR tau protein[tiab]) AND (treatment[tiab] OR intervention[tiab] OR therapy[tiab]),2026-07-27T15:34:14+00:00,,,,,,"Let's assess the provided abstract against the specified inclusion and exclusion criteria step by step.

### Inclusion Criteria Assessment

1. **Pathogen**: The study is about Alzheimer's Disease (AD), which meets this criterion.
2. **Language**: The abstract is in English, fulfilling this requirement.
3. **Study type**: It is a peer-reviewed original research study; however, the main focus appears to be on cheminformatics and not directly on human trials or clinical interventions in humans.
4. **Population**: The abstract does not specify human subjects; it focuses on the discovery of inhibitors and does not confirm a patient population of humans with Alzheimer's Disease.
5. **Content**: The study discusses the discovery of potential inhibitors for BACE1; it does not report any quantitative cognitive outcomes or specific outcomes related to the cognitive measures outlined (MMSE, ADAS-Cog, CDR scores).

### Exclusion Criteria Assessment

1. **Pathogen**: The study is about Alzheimer's Disease. This criterion does not exclude the study.
2. **Language**: The study is in English, so it does not fall under this exclusion.
3. **Publication type**: The abstract doesn’t indicate that it is a conference proceeding, abstract, etc., so this criterion does not exclude it.
4. **Study design**: The study primarily focuses on computer-aided drug design and in vitro analysis without any mention of human or animal trials, suggesting it may be excluded under this criterion.
5. **Study design**: As the study does not involve human subjects or animal studies that report transmission parameters, this criterion for exclusion applies.
6. **Outbreak type**: This criterion does not apply here as it pertains to disease transmission relevant to outbreaks.

### Conclusion
The crucial points in the inclusion criteria (specifically the requirement for studies to involve human subjects with cognitive outcomes) are not met in this abstract. The focus on cheminformatics and in vitro studies without addressing direct human cognitive outcomes indicates that this study is not suitable for inclusion in a systematic review focused on clinical evidence for Alzheimer’s Disease.

Thus, I recommend the following decision:

<decision>EXCLUDE</decision>",EXCLUDE,False,2026-08-01T06:18:11.658225
PMID_41762317,PubMed,41762317,PMC9263276,10.3389/fimmu.2022.937555,The relationship between gut microbiota and neurodegenerative diseases: a genetic and epigenetic perspective.,"Altan, Zeynep Betül; Ihlamur, Murat",Metabolic brain disease,2026,"Gut microbiota (GM) is a complex and dynamic structure that can have a wide range of effects on human health. Studies in recent years have shown that microbiota is not only related to the gastrointestinal tract (GIT) but also to the immune and endocrine systems. It causes various effects on host physiology, especially through genetic and epigenetic mechanisms. It shows that microbiota-derived metabolites can play a role in the development of neurological diseases by changing gene expression. In this review article, the relationship between GM and neurodegenerative diseases (NDs) is explained in terms of genetics and epigenetics. In terms of the gut–brain axis (GBA); the role of systems such as short-chain fatty acids (SCFA), vagus nerve, inflammatory responses and intestinal permeability in the pathogenesis of NDs such as Alzheimer's (AD), Parkinson's (PD), Huntington's (HD) and Multiple Sclerosis (MS) is discussed. In addition, experimental studies have drawn attention to the effects of changes in microbiota on neuroinflammation and cognitive impairment. In terms of treatment strategies; Probiotics, prebiotics, synbiotics, fecal microbiota transplantation (FMT) and nutritional interventions targeting microbiota seem to be promising strategies. However, the fact that microbiota structure varies between individuals indicates that studies in this area should be conducted in a more personalized manner. This article aims to provide a basis for future research by approaching the relationship between microbiota and NDs in a holistic manner.",https://pubmed.ncbi.nlm.nih.gov/41762317/,,,alzheimers,(Alzheimer Disease[MeSH] OR Alzheimer[tiab] OR amyloid beta[tiab] OR tau protein[tiab]) AND (treatment[tiab] OR intervention[tiab] OR therapy[tiab]),2026-07-27T15:34:14+00:00,,,,,,"To assess whether the abstract should be included in the systematic review on Alzheimer's Disease, we will review it against the predefined inclusion and exclusion criteria step by step.

### Inclusion Criteria
1. **Pathogen: Must be about Alzheimer's Disease**
   - **Assessment**: The abstract discusses Alzheimer's Disease among other neurodegenerative diseases and examines its relationship with gut microbiota.
   - **Outcome**: Meets this criterion.

2. **Language: English only**
   - **Assessment**: The abstract is in English.
   - **Outcome**: Meets this criterion.

3. **Study type: Peer-reviewed, original research (note systematic reviews/meta-analyses for special consideration)**
   - **Assessment**: The abstract indicates it is a review article.
   - **Outcome**: Does not meet this criterion.

4. **Population: Human subjects (animal studies acceptable if reporting certain parameters)**
   - **Assessment**: The abstract does not specify if human subjects were involved, but it discusses the effects of gut microbiota relevant to humans.
   - **Outcome**: Unclear, but leaning towards not meeting this criterion since it's a review.

5. **Content: Must contain AT LEAST ONE of the parameters related to cognitive outcomes or interventions**
   - **Assessment**: The abstract discusses treatment strategies such as probiotics and other nutritional interventions, which could relate to non-pharmacological interventions in Alzheimer's Disease.
   - **Outcome**: Possibly meets this criterion, although it does not report specific quantitative cognitive outcomes.

### Exclusion Criteria
1. **Pathogen: Not about Alzheimer's Disease**
   - **Assessment**: The study is about Alzheimer's Disease.
   - **Outcome**: Does not apply.

2. **Language: Non-English**
   - **Assessment**: The abstract is in English.
   - **Outcome**: Does not apply.

3. **Publication type: Conference proceedings, abstracts, posters, correspondence**
   - **Assessment**: The abstract indicates it is a review article, which although not an original research study, does not fit these categories strictly.
   - **Outcome**: Does not apply.

4. **Study design: In-vitro studies only (no human or animal component)**
   - **Assessment**: The abstract does not specify if it includes any empirical data that indicates human or animal research.
   - **Outcome**: Unclear, but leaning towards does not apply due to focus on human disease.

5. **Study design: Solely animal studies AND animal studies that do not report transmission parameters**
   - **Assessment**: This is not applicable; the study discusses human neurodegenerative diseases.
   - **Outcome**: Does not apply.

6. **Outbreak type: Accidental laboratory outbreaks (not natural disease transmission)**
   - **Assessment**: This is irrelevant as the study is focused on gut microbiota in neurodegenerative diseases, not outbreaks.
   - **Outcome**: Does not apply.

### Conclusion
The abstract is a review that discusses potential interventions for Alzheimer's Disease related to gut microbiota, but it does not meet the criterion for original research as it is categorized as a review article. Therefore, given that it does not meet all of the inclusion criteria and does not adequately align with the systematic review's goals, I recommend exclusion.

<decision>EXCLUDE</decision>",EXCLUDE,False,2026-08-01T06:18:11.658316
PMID_41738896,PubMed,41738896,,10.1002/jbt.70750,"Zebrafish as a Versatile Screening Model for Neurological Diseases: Insights Into Biology, Drug Delivery and Therapeutic Discovery.","Vyavahare, Sambhaji; Pawar, Atharva; Sayyed, Shafiya A; Shegar, Neha; Raykar, Sakshi; Doke, Rohit; Singh, Sudarshan",Journal of biochemical and molecular toxicology,2026,"Neurological diseases such as Alzheimer's disease, Parkinson's disease, anxiety, depression, and Huntington's disease pose significant challenges due to their complex pathophysiology and limited treatment options. Traditional mammalian models, although widely used, often face limitations in cost, ethical concerns, and scalability. Zebrafish have become an excellent animal model for neurological research in recent years because of their remarkable genetic similarity to humans, well-preserved neurotransmitter systems, and readiness for high-throughput behavioural and pharmacological investigations. This review provides a comprehensive overview of the role of zebrafish in modelling neurological disorders and drug discovery. It first highlights the anatomical and neurochemical features of the zebrafish nervous system, followed by various drug administration strategies, including bath immersion, microinjection, oral administration and advanced delivery systems such as nanoparticles, hydrogels, and genetic manipulation techniques. Furthermore, the review explores zebrafish models for major neurological and psychiatric disorders, emphasizing their applications in drug screening, evaluation of neuroprotective compounds and repurposing therapeutics. Additionally, the future perspectives address innovations in genetic engineering, targeted delivery systems, and the integration of omics technologies for translational neuroscience research. Despite inherent limitations and differences from mammalian systems, zebrafish offers unique advantages as an in vivo screening platform.",https://pubmed.ncbi.nlm.nih.gov/41738896/,,,alzheimers,(Alzheimer Disease[MeSH] OR Alzheimer[tiab] OR amyloid beta[tiab] OR tau protein[tiab]) AND (treatment[tiab] OR intervention[tiab] OR therapy[tiab]),2026-07-27T15:34:14+00:00,,,,,,"To assess whether the provided abstract meets the inclusion and exclusion criteria for the systematic review on Alzheimer's Disease, we will evaluate each of the criteria systematically.

## Inclusion Criteria
1. **Pathogen**: Must be about Alzheimer's Disease  
   - The abstract mentions Alzheimer's Disease but primarily discusses zebrafish as a model for various neurological diseases. It does not focus specifically on Alzheimer's Disease or relevant clinical outcomes.

2. **Language**: English only  
   - The abstract is in English.

3. **Study type**: Peer-reviewed, original research (note systematic reviews/meta-analyses for special consideration)  
   - The abstract describes a review article, not original research, indicating it is not applicable as it does not fit the criteria for intervention studies or primary data reports.

4. **Population**: Human subjects (animal studies acceptable if reporting specific parameters related to human transmission)  
   - The study involves zebrafish, an animal model, and does not report on human subjects or relevant parameters, thus does not meet this requirement.

5. **Content**: Must contain AT LEAST ONE of the specified content measures related to cognitive outcomes or interventions for Alzheimer's Disease.  
   - The abstract mentions drug delivery and therapeutic discovery but does not provide quantitative details regarding cognitive outcomes or Alzheimer's-specific interventions.

## Exclusion Criteria
1. **Pathogen**: Not about Alzheimer's Disease  
   - While it mentions Alzheimer's Disease, it is not the primary focus of the work.

2. **Language**: Non-English  
   - The abstract is in English.

3. **Publication type**: Conference proceedings, abstracts, posters, correspondence  
   - It appears to be an overview and not primary research or a systematic review of data.

4. **Study design**: In-vitro studies only (no human or animal component)  
   - While it does discuss animal models, it's primarily theoretical and does not involve direct implications or findings from studies.

5. **Study design**: Solely animal studies AND animal studies that do not report transmission parameters  
   - This abstract focuses on animal models (zebrafish) but does not report on any results relevant to Alzheimer’s for human applicability or disease parameters.

6. **Outbreak type**: Accidental laboratory outbreaks (not natural disease transmission)  
   - This exclusion criterion does not apply here as it is not a study of outbreaks.

## Conclusion
The abstract does not meet the inclusion criteria focused on clinical evidence for Alzheimer's Disease and primarily provides a review of zebrafish models, which does not adequately represent high-quality clinical evidence relevant to the systematic review's objectives. Moreover, it describes research on animal models rather than human clinical interventions.

Based on the evaluation, the abstract should be excluded from the systematic review.

<decision>EXCLUDE</decision>",EXCLUDE,False,2026-08-01T06:18:11.658412
PMID_41728301,PubMed,41728301,PMC6946686,10.1038/s41467-019-14279-8,"Predicting Preclinical Cognitive Decline Using Plasma P-tau217 and APOE Genotype in 8,582 Individuals From Different Ethnic Groups.","Xu, Yuexuan; Gunasekaran, Tamil Iniyan; Gu, Yian; Reyes-Dumeyer, Dolly; Piriz, Angel; Sanchez, Danurys; Rivera Mejia, Diones; Medrano, Martin; Lantigua, Rafael A; Alzheimer’s Disease Neuroimaging Initiative; Honig, Lawrence; Wilson, Rachael; Rea Reyes, Ramiro Eduardo; Manly, Jennifer J; Brickman, Adam M; Engelman, Corinne D; Johnson, Sterling; Asthana, Sanjay; Bennett, David A; Petersen, Melissa; O'Bryant, Sid; Vardarajan, Badri N; Mayeux, Richard",medRxiv : the preprint server for health sciences,2026,"BACKGROUND: Plasma phosphorylated tau217 (P-tau217), a plasma biomarker of Alzheimer's disease (AD), can increase before overt symptoms. P-tau217 positivity is linked to the age at symptom onset in model-based predictions, not time to clinical event. Individuals with different genetic backgrounds, yet similar P-tau217 levels may differ in whether cognitive decline will occur or when it will emerge. Whether APOE-ε4 carrier status provides additional prognostic information beyond P-tau217 remains unclear.
METHODS: Using data from 8,582 individuals in several multi-ethnic cohorts, we evaluated how APOE-ε4 carrier status modifies the risk and time to cognitive impairment associated with plasma P-tau217. Plasma P-tau217 was analyzed as a continuous measure, with positivity analyses performed secondarily. Associations of baseline P-tau217 with prevalent and incident cognitive impairment were assessed using logistic regression and Cox models, stratified by APOE-ε4 and in interaction models. Adjusted survival curves, restricted mean survival time, and accelerated failure time model were used to predict time to event and risk. Prognostic performance was evaluated using discrimination measures, including the AUC, incremental R2, and Harrell's C-index, and nonparametric random survival forest models.
FINDINGS: Elevated P-tau217 levels were associated with subsequent cognitive impairment in both APOE-ε4 carriers and non-carriers, but the effects on risk and timing of cognitive impairment were significantly stronger among APOE-ε4 carriers. In stratified meta-analyses, increase in P-tau217 levels was associated with cognitive impairment at baseline and with incident cognitive impairment in APOE-ε4 carriers compared to noncarriers (OR = 2.25 vs 1.52; HR = 1.76 vs 1.26 for 1-SD increase of P-tau217 levels). Each 1-SD increase in P-tau217 levels was accompanied by a 23% shorter period to cognitive impairment among APOE-ε4 carriers, compared to 13% among non-carriers. Clinically relevant differences in cognitive-impairment-free survival emerged three to four years before symptom onset. Across parametric and nonparametric models, the prognostic value of P-tau217 was consistently greater among APOE-ε4 carriers.
INTERPRETATION: Plasma P-tau217 levels and APOE genotypes are commercially available and can be used to estimate the years before the onset of overt cognitive impairment. These findings may also determine optimal timing for therapeutic intervention, particularly during the preclinical phase of the disease.
FUNDING: NIH.",https://pubmed.ncbi.nlm.nih.gov/41728301/,,,alzheimers,(Alzheimer Disease[MeSH] OR Alzheimer[tiab] OR amyloid beta[tiab] OR tau protein[tiab]) AND (treatment[tiab] OR intervention[tiab] OR therapy[tiab]),2026-07-27T15:34:14+00:00,,,,,,"To evaluate the provided abstract against the inclusion and exclusion criteria for the systematic review on Alzheimer's Disease, we will assess each criterion step by step:

## Inclusion Criteria
1. **Pathogen**: The study is about Alzheimer's disease, as indicated in the title and abstract. **(Met)**
   
2. **Language**: The study is written in English. **(Met)**
   
3. **Study type**: This is a peer-reviewed original research study (implied by the context of the abstract). **(Met)**
   
4. **Population**: The study involves human subjects, specifically 8,582 individuals from various ethnic backgrounds. **(Met)**

5. **Content**: The abstract includes quantitative details regarding plasma P-tau217 levels and their association with cognitive impairment, using logistic regression, Cox models, and providing odds ratios (OR) and hazard ratios (HR). Therefore, it meets the requirement of containing quantitative details about cognitive outcomes in Alzheimer’s Disease. **(Met)**

## Exclusion Criteria
1. **Pathogen**: The study is about Alzheimer's Disease. **(Not applicable)**
   
2. **Language**: The study is in English. **(Not applicable)**
   
3. **Publication type**: There is no indication that the study is a conference proceeding, abstract, poster, or correspondence. **(Not applicable)**
   
4. **Study design (In-vitro studies only)**: The study involves human subjects and is not solely in-vitro. **(Not applicable)**
   
5. **Study design (Solely animal studies)**: The study involves human subjects. **(Not applicable)**
   
6. **Outbreak type**: This criterion does not apply as it pertains to infectious diseases rather than Alzheimer's disease. **(Not applicable)**

Since all inclusion criteria have been met, and none of the exclusion criteria apply, the study should be included.

<decision>INCLUDE</decision>",INCLUDE,True,2026-08-01T06:18:11.658506
PMID_41705505,PubMed,41705505,PMC4302049,10.1186/s13059-014-0550-8,Sub-Neuronal Network Profiling of Extracellular Vesicle Release Using a Compartmentalized Neurofluidic Platform.,"Malkoc, Zeynep; Stopps, Esther; Asamoah, Prince M K; McCalla, Stephanie E; Kunze, Anja",Advanced biology,2026,"Extracellular vesicles (EVs) are membrane-bound vesicles that are secreted by a wide range of organisms and cells, carrying cell-specific receptors and molecular cargo such as proteins and nucleic acids. EVs have emerged as promising biomarkers for cancer and neurodegenerative disorders like Alzheimer's Disease (AD). Traditional methods for isolating neuron-derived EVs from bodily fluids or conditioned media are based on bulk analysis methods, such as ultracentrifugation, isolation reagents, and immunoaffinity-based techniques, and lack spatial resolution to capture localized secretion dynamics. Here, our neurofluidic platform compartmentalizes neuronal networks and enables spatially resolved analysis of EV profiling before subsequent traditional isolation and content screening. This intermediate resolution provides critical insights into localized sub-neuronal EV secretion dynamics in cortical, hippocampal, and brainstem neurons. Using our platform, the influence of growth environment, cell maturation time, and exogenous stressors such as shear and biochemical stress can be unraveled. Biochemical stress is induced through okadaic acid (OA), a PP1A/PP2A inhibitor, which leads to hyperphosphorylation of proteins. In parallel, microRNA expression profiles are shown after OA treatment in primary neuron cultures, indicating an additional transcriptional response. These findings reveal regional differences in EV secretion dynamics associated with neuronal development and external stressors, including shear forces and PP1A/PP2A inhibition.",https://pubmed.ncbi.nlm.nih.gov/41705505/,,,alzheimers,(Alzheimer Disease[MeSH] OR Alzheimer[tiab] OR amyloid beta[tiab] OR tau protein[tiab]) AND (treatment[tiab] OR intervention[tiab] OR therapy[tiab]),2026-07-27T15:34:14+00:00,,,,,,"Let's assess the abstract against the defined inclusion and exclusion criteria step by step.

## Inclusion Criteria
1. **Pathogen**: The study is about Alzheimer's Disease, which meets this criterion.
2. **Language**: The abstract is in English, which meets this criterion.
3. **Study type**: The study is peer-reviewed original research, which meets this criterion.
4. **Population**: Although the abstract discusses extracellular vesicles (EVs) related to Alzheimer’s Disease, it does not specify that it studies human subjects with confirmed Alzheimer's disease or mild cognitive impairment. This does not meet the criterion.
5. **Content**: The abstract does not present quantitative details on cognitive outcomes (like MMSE, ADAS-Cog, CDR scores) nor does it mention interventions or clinical outcome measures, which means it does not meet this inclusion criterion.

## Exclusion Criteria
1. **Pathogen**: The study is about Alzheimer's Disease (not excluded).
2. **Language**: The abstract is in English (not excluded).
3. **Publication type**: The study is presumably peer-reviewed original research and therefore is not excluded based on publication type.
4. **Study design**: The abstract involves laboratory methods (potentially animal studies), not explicitly human studies, which raises concerns. However, since it doesn't clarify the involvement of human subjects, this leaves it uncertain but could be excluded.
5. **Study design**: The abstract does not clearly indicate whether it includes animal studies or directly relevant human clinical data, which may imply that it could fit this exclusion criterion.
6. **Outbreak type**: This criterion does not apply.

Given the lack of specificity regarding human subjects with Alzheimer's Disease and no references to cognitive outcomes or interventions, the study does not adequately meet the systematic review’s inclusion criteria.

Therefore, the decision is clear:
<decision>EXCLUDE</decision>",EXCLUDE,False,2026-08-01T06:18:11.658602
PMID_41683907,PubMed,41683907,PMC4625388,10.1517/14728222.2014.943185,Therapeutic Options for Alzheimer's Disease and Aging-Associated Cognitive Decline: State of the Art in the ACH2.0 Paradigm.,"Volloch, Vladimir; Rits-Volloch, Sophia",International journal of molecular sciences,2026,"In the Amyloid Cascade Hypothesis (ACH2.0) paradigm, Alzheimer's disease (AD) is defined as a disorder triggered by a sustained neuronal integrated stress response (ISR) and driven by the C99 fragment of amyloid-beta protein precursor (AβPP) generated in the autonomous AβPP-independent pathway. This implies that AD can be initiated by any stressor capable of activating one or more of the four eIF2α kinases and accumulated intraneuronally to sufficient levels. In most instances of AD, such a stressor is intraneuronal Aβ (iAβ) accumulated to a PKR- and/or HRI-activating concentration and designated, in terms of the ACH2.0, as a ""conventional stressor"". The ensuing disease is referred to, accordingly, as ""conventional AD"". Any stressor other than iAβ, which is capable of activating one or more eIF2α kinases in neuronal cells, is designated as an ""unconventional stressor"". At a sufficient concentration, it triggers elicitation of the neuronal ISR and initiates the disease, referred to in terms of the ACH2.0 as ""unconventional AD"", at levels of iAβ below those required for activation of PKR and/or HRI. In both forms of AD, the neuronal ISR activates production of components essential for, and, consequently, enables operation of, the RNA-dependent mRNA amplification pathway. Human AβPP mRNA is eligible for this process, and its asymmetric amplification yields 5'-truncated mRNA molecules that are translated into C99 at rates that are orders of magnitude greater than those seen in AβPP proteolysis. The resulting C99 drives AD pathology; it also propagates the ISR state and perpetuates both its own production and the progression of the disease. Thus, the neuronal ISR-enabled amplification of AβPP mRNA constitutes the active core of AD. It follows that the essence of any effective therapy for AD, in both conventional and unconventional forms, is to either prevent activation or suppress the operation of the AβPP mRNA amplification process. The present perspective considers therapeutic options capable of accomplishing these objectives. They include inhibition of the neuronal ISR, targeted degradation of iAβ and C99, anti-antisense oligonucleotides (AASO) for AβPP RNA, and the restructuring of the 5' terminus of AβPP mRNA. Collectively, these therapeutic approaches constitute the state of the art in the ACH2.0 paradigm; if successful, they would render both AD and aging-associated cognitive decline (AACD) obsolete. This study also describes transgenic animal and human neuronal cell-based models of both conventional and unconventional forms of AD that are suitable for testing the proposed therapeutic strategies.",https://pubmed.ncbi.nlm.nih.gov/41683907/,,,alzheimers,(Alzheimer Disease[MeSH] OR Alzheimer[tiab] OR amyloid beta[tiab] OR tau protein[tiab]) AND (treatment[tiab] OR intervention[tiab] OR therapy[tiab]),2026-07-27T15:34:14+00:00,,,,,,"### Evaluation of the Abstract Against Inclusion and Exclusion Criteria

1. **Pathogen: Must be about Alzheimer's Disease**
   - The abstract clearly focuses on Alzheimer's Disease and discusses therapeutic options related to its pathology. **(Met)**

2. **Language: English only**
   - The abstract is written in English. **(Met)**

3. **Study type: Peer-reviewed, original research (note systematic reviews/meta-analyses for special consideration)**
   - The abstract does not specify if it is from a peer-reviewed source or if it is an original research study, but it describes therapeutic strategies and models which suggest that it is original research. However, this is not definitively stated. **(Uncertain)**

4. **Population: Human subjects (animal studies acceptable if reporting EITHER specified parameters)**
   - The abstract mentions transgenic animal models and human neuronal cell-based models, but does not definitively report on human subjects with Alzheimer's Disease. It mentions therapeutic strategies suitable for testing in these models rather than focusing specifically on human subjects. **(Not Met)**

5. **Content: Must contain AT LEAST ONE of**
   - The abstract discusses potential therapeutic options which include inhibition of stress responses and molecular degradation to combat Alzheimer's Disease, potentially satisfying content criteria about cognitive decline measures, though it's not explicit about cognitive outcomes or measures like MMSE, ADAS-Cog, or CDR scores. The focus seems to be on mechanisms and therapeutic options rather than quantifiable outcomes. **(Not Clearly Met)**

### Exclusion Criteria Evaluation

1. **Pathogen: Not about Alzheimer's Disease**
   - The abstract is about Alzheimer's Disease. **(Not Applicable)**

2. **Language: Non-English**
   - The abstract is in English. **(Not Applicable)**

3. **Publication type: Conference proceedings, abstracts, posters, correspondence**
   - The abstract format resembles that of conference proceedings or a standalone paper summary, which could lead to exclusion. **(Met)**

4. **Study design: In-vitro studies only (no human or animal component)**
   - The abstract discusses transgenic animal and human cell models, indicating there are components beyond in vitro. **(Not Met)**

5. **Study design: Solely animal studies AND do not report transmission parameters**
   - The abstract does include animal models, but the focus is on therapeutic strategies not specifically about (non-human) transmission parameters. However, it emphasizes the human aspect in treatment direction. **(Not Met)**

6. **Outbreak type: Accidental laboratory outbreaks (not natural disease transmission)**
   - This is not relevant to the content of the abstract. **(Not Applicable)**

### Conclusion
The abstract does not meet some of the essential inclusion criteria regarding the focus on human subjects and does not clearly address classical cognitive outcome measures related directly to Alzheimer's Disease. Furthermore, it may fall under the exclusion category concerning publication type, depending on its specific source. Hence, due to these factors, it is appropriate to exclude this abstract from the systematic review.

<decision>EXCLUDE</decision>",EXCLUDE,False,2026-08-01T06:18:11.658693
PMID_41634240,PubMed,41634240,PMC11541985,10.1007/s40120-024-00658-x,Multi-Modal Fusion with Supervised Contrastive Learning Model for Early Alzheimer's Disease Diagnosis and Multi-Modal Biomarker Identification.,"Xie, Xiaofeng; Xue, Peng; Guo, Yihao; Chen, Huijuan; Fan, Li; Tang, Rongnian; Xu, Zhenkai; Wang, Xuanqi; Liu, Tao; Chen, Feng","Interdisciplinary sciences, computational life sciences",2026,"Early and accurate diagnosis of mild cognitive impairment (MCI), a prodromal stage of Alzheimer's disease (AD), is critical for timely intervention and management. Nevertheless, effectively integrating heterogeneous multi-modal data for AD diagnosis remains worthy of further investigation. Therefore, we propose a supervised contrastive learning framework that integrates single nucleotide polymorphisms (SNPs), plasma proteomics, and T1-weighted structural magnetic resonance imaging (sMRI) from a biologically informed perspective, with SNPs influencing protein structure or gene expression levels, ultimately altering brain structure. Through a supervised contrastive learning mechanism, we construct a cross-modal feature space and introduce a similarity-based symmetrical attention mechanism to capture intermodal interactions and mitigate modality heterogeneity. We validate the proposed method on the Alzheimer's Disease Neuroimaging Initiative dataset, and experimental results demonstrate accuracy of 96.1%, 86.2%, and 86.1% for the AD-NC task, MCI-NC task, and AD-MCI task. In addition, the application of explainable methods to our model identified multi-modal biomarkers related to AD diagnosis. The experimental results validate the effectiveness of our model in the diagnosis of AD and MCI.",https://pubmed.ncbi.nlm.nih.gov/41634240/,,,alzheimers,(Alzheimer Disease[MeSH] OR Alzheimer[tiab] OR amyloid beta[tiab] OR tau protein[tiab]) AND (treatment[tiab] OR intervention[tiab] OR therapy[tiab]),2026-07-27T15:34:14+00:00,,,,,,"To assess the provided abstract for inclusion in the systematic review on Alzheimer's Disease, we will evaluate it against the inclusion and exclusion criteria step by step.

## Inclusion Criteria Evaluation

1. **Pathogen: Must be about Alzheimer's Disease**
   - The study focuses on Alzheimer's Disease and mild cognitive impairment (MCI), meeting this criterion.
   
2. **Language: English only**
   - The abstract is in English, thus this criterion is satisfied.
   
3. **Study type: Peer-reviewed, original research (note systematic reviews/meta-analyses for special consideration)**
   - The abstract appears to describe original research (though we do not have full information on whether this has been peer-reviewed, we proceed assuming it adheres to typical standards).
   
4. **Population: Human subjects (animal studies acceptable if reporting specific parameters)**
   - The study involves human subjects as it validates the method on the Alzheimer's Disease Neuroimaging Initiative dataset, meeting the requirement.
   
5. **Content: Must contain AT LEAST ONE of:**
   - This study reports on ""multi-modal biomarkers related to AD diagnosis,"" indicating the presence of biomarker data. Additionally, it provides efficacy results (accuracy percentages) which contribute to understanding cognitive outcomes indirectly related to AD diagnosis. Therefore, this criterion is satisfied.

## Exclusion Criteria Evaluation

1. **Pathogen: Not about Alzheimer's Disease**
   - The study is about Alzheimer's Disease, so this exclusion criterion does not apply.
   
2. **Language: Non-English**
   - The study is in English, so this exclusion criterion does not apply.
   
3. **Publication type: Conference proceedings, abstracts, posters, correspondence**
   - The abstract represents original research, and without further information indicating it is merely a conference abstract or report, we assume this does not fall under this exclusion.
   
4. **Study design: In-vitro studies only (no human or animal component)**
   - The study involves human subjects and is not solely in vitro, thus this exclusion criterion does not apply.
   
5. **Study design: Solely animal studies AND animal studies that do not report transmission parameters (R0, Rt, Re, r, growth rate, mutation rate)**
   - The study does not involve animals at all, so this exclusion criterion does not apply.
   
6. **Outbreak type: Accidental laboratory outbreaks (not natural disease transmission)**
   - The study does not pertain to any type of outbreak as defined in this criterion, so it does not apply.

Upon reviewing all criteria, the study meets the necessary inclusion criteria and does not fall under any exclusion criteria. Therefore, we recommend inclusion in the systematic review.

<decision>INCLUDE</decision>",INCLUDE,True,2026-08-01T06:18:11.658793
PMID_41520099,PubMed,41520099,PMC11573839,10.1007/s00415-025-13142-9,Real world clinical practice of lecanemab at PUMCH dementia cohort: focus on dynamic imaging and biomarker evolution.,"Mao, Chenhui; Wang, Wenjun; Huang, Xinying; Wu, Meiqi; Wang, Yifei; Wang, Tianyi; Qiu, Yuyue; Chu, Shanshan; Jin, Wei; Jiang, Yuhan; Bao, Jialu; You, Yunfan; Li, Yuanheng; Dong, Liling; Feng, Feng; Huo, Li; Qiu, Ling; Gao, Jing",Alzheimer's research & therapy,2026,"BACKGROUND: Lecanemab is an anti-Aβ antibody approved in China for mild cognitive impairment (MCI) and mild dementia. Real-world application requires comprehensive assessment beyond MMSE scores, considering factors like ARIA risk. This single-center, real-world study aims to evaluate its efficacy in an expanded population, observe biomarker changes, and assess its safety profile in clinical practice.
METHODS: We recruited adults aged 40-90 with early AD from the PUMCH Dementia Cohort. A total of 42 patients received lecanemab treatment, of whom 29 completed the 6-month treatment evaluation. Participants had confirmed amyloid and tau pathology and met clinical criteria (CDR ≤ 1, CDR-SB ≤ 8and MMSE ≥ 18). Comprehensive assessments included neuropsychological testing, CSF and plasma biomarkers (Lumipulse G1200), multi-sequence 3T MRI (volumetric and ALPS index analysis), and amyloid/tau PET imaging (Centiloid quantification). All were monitored for adverse reactions. Matched control groups (matched for sex, age, APOE genotype, disease severity, and baseline therapy) were established for comparison of longitudinally changes in cognitive function, daily living ability and structure MRI.
RESULTS: Treatment was effective even for patients with lower MMSE scores but still classified as having mild dementia by CDR. A significant median Centiloid reduction of 30.9 was observed, with a 24.1% amyloid PET negativity rate after six months. While scores on cognitive and functional scales (CDR-SB, ADL) significantly worsened, indicating disease progression, the rate of progression was significantly slower compared to the control group. Structural MRI showed significant volume reduction in multiple brain regions and increased ventricular volume post-treatment, with no statistically significant change in the ALPS value. The rate of brain volume reduction is faster than that in the control group. Plasma biomarker dynamics (Aβ42, GFAP) indicated effective disease-modifying therapy. Greater Centiloid reduction was linked to more brain volume loss, higher baseline Centiloid levels, higher plasma Aβ42 increase and older age of onset. APOE ɛ4 homozygotes showed less Centiloid reduction. A favorable safety profile was observed, with a 7.1% incidence of asymptomatic, mild ARIA.
CONCLUSIONS: This study confirms the clinical efficacy, biomarker changes, and safety profile of lecanemab treatment over a 6-month period, demonstrating its positive therapeutic value and a favorable safety profile in the Chinese population with AD.",https://pubmed.ncbi.nlm.nih.gov/41520099/,,,alzheimers,(Alzheimer Disease[MeSH] OR Alzheimer[tiab] OR amyloid beta[tiab] OR tau protein[tiab]) AND (treatment[tiab] OR intervention[tiab] OR therapy[tiab]),2026-07-27T15:34:14+00:00,,,,,,"To decide whether to include or exclude this study in the systematic review on Alzheimer's Disease, we will systematically assess the abstract against the inclusion and exclusion criteria.

### Inclusion Criteria Assessment
1. **Pathogen:** This study is about Alzheimer's Disease, so this criterion is met.
2. **Language:** The abstract is in English, so this criterion is met.
3. **Study type:** The study is peer-reviewed, original research, and it is a real-world clinical study, which we will consider along with systematic reviews/meta-analyses for special consideration; therefore, the criterion is met.
4. **Population:** The study involves human subjects who have mild cognitive impairment and mild dementia due to Alzheimer's Disease, fulfilling the population requirement.
5. **Content:**
   - The study reports on cognitive outcomes, specifically mentioning MMSE and CDR scores, thus satisfying this requirement.
   - It includes extensive data on biomarkers (Aβ42, tau) and neuroimaging (MRI, PET), aligning with the evidence needed for biomarkers and neuroimaging data within the systematic review.

### Exclusion Criteria Assessment
1. **Pathogen:** The study is not about another pathogen; it focuses on Alzheimer's Disease, so this criterion does not apply for exclusion.
2. **Language:** The abstract is in English, so this criterion does not apply for exclusion.
3. **Publication type:** The abstract is derived from original research, thus not from conference proceedings, abstracts, posters, or correspondence, so this criterion does not apply for exclusion.
4. **Study design:** This study is not limited to in-vitro studies and involves human participants, so this criterion does not apply for exclusion.
5. **Study design:** It is not solely based on animal studies, so this criterion does not apply for exclusion.
6. **Outbreak type:** The study does not relate to accidental laboratory outbreaks since it pertains to clinical applications of treatment in a real-world setting, so this criterion does not apply for exclusion.

### Conclusion
The study meets all the inclusion criteria and does not violate any of the exclusion criteria. It provides valuable insights into therapeutic interventions, cognitive outcomes, and biomarker data specific to Alzheimer's Disease, which are essential for the systematic review's objectives.

Based on the comprehensive assessment, the decision is:
<decision>INCLUDE</decision>",INCLUDE,True,2026-08-01T06:18:11.658886
PMID_41458258,PubMed,41458258,PMC11103561,10.1080/19390211.2022.2151677,Heterotrimetallic Au@Cu2Se nanozymes target inflamed neurons via suppression of oxidative stress and apoptosis to alleviate Alzheimer's disease.,"Jing, Chaonan; Li, Junjie; Yu, Dehong; Chao, Minghao; Yan, Hanrong; Ge, Kezhen; Ma, Guangyu; Wang, Jiangbo; Gao, Fenglei; Zhang, Guanqun",Materials today. Bio,2026,"Neuronal dysfunction mediated by oxidative stress and amyloid-β (Aβ) deposition is widely recognized as a core mechanism in the pathogenesis of Alzheimer's disease (AD). Aβ oligomers specifically interact with key mitochondrial proteins-such as alcohol dehydrogenase, cyclophilin D, and ATP synthase-markedly increasing reactive oxygen species (ROS) production, which leads to mitochondrial membrane potential collapse and disruption of energy metabolism. Although cuprous selenide and gold nanospheres can mimic the catalytic activities of glutathione peroxidase (GPx) and superoxide dismutase (SOD), effectively scavenge excess ROS, restore mitochondrial membrane potential, and promote ATP synthesis through synergistic action, their therapeutic potential is limited by poor targeting specificity in vivo. Moreover, while antioxidant nanoagents show promise in mitigating oxidative stress, their non-specific distribution often necessitates high doses, raising potential off-target toxicity concerns and reducing treatment efficacy. Therefore, developing a delivery system that combines multifunctional neuroprotection with precise targeting to diseased microenvironments remains an urgent need. To address this, we functionalized the surface of Au@Cs nanoparticles with hyaluronic acid (HA) to construct a CD44-targeted Au@Cs-HA-PEG nanosystem. By taking advantage of the high expression of CD44 in microglia and astrocytes under inflammatory conditions, the precise targeting of inflammatory regions in the brains of AD model mice was promoted. In vitro experiments demonstrated that Au@Cs-HA-PEG effectively reduced ROS levels in HT22 cells, reversed mitochondrial membrane potential attenuation, and restored neuronal function. In vivo results showed that these nanoparticles achieved rapid brain enrichment, significantly reduced Aβ plaque deposition and neuroinflammation, and markedly improved learning, memory, and cognitive abilities in AD mice. In conclusion, this study confirms that the Au@Cs-HA-PEG nanosystem ameliorates cognitive dysfunction in AD mice by regulating ROS homeostasis, offering a novel strategy and experimental foundation for targeted therapy of Alzheimer's disease.",https://pubmed.ncbi.nlm.nih.gov/41458258/,,,alzheimers,(Alzheimer Disease[MeSH] OR Alzheimer[tiab] OR amyloid beta[tiab] OR tau protein[tiab]) AND (treatment[tiab] OR intervention[tiab] OR therapy[tiab]),2026-07-27T15:34:14+00:00,,,,,,"Let's evaluate the abstract step by step against the inclusion and exclusion criteria provided.

## Inclusion Criteria Evaluation

1. **Pathogen**: The study is focused on Alzheimer's Disease, which meets this criterion.
   
2. **Language**: The abstract is in English, so this criterion is satisfied.

3. **Study type**: The study appears to be original research presented in a peer-reviewed context, which aligns with the requirement. 

4. **Population**: Although it mentions ""AD model mice,"" the study uses human-relevant mechanisms (oxidative stress, cognitive dysfunction). However, it may not strictly involve human subjects as it specifies mice.

5. **Content**: The study provides quantitative details about cognitive abilities in the AD model, including terms like ""learning, memory, and cognitive abilities,"" indicating a potential assessment of cognitive outcomes.

## Exclusion Criteria Evaluation

1. **Pathogen**: The study is indeed about Alzheimer's Disease, so it does not apply for exclusion here.

2. **Language**: The abstract is in English, so this does not warrant exclusion.

3. **Publication type**: There is no indication that this is a conference proceeding, abstract, or other non-original research. It appears to be original research.

4. **Study design**: The study includes in vivo experiments on animal models. This alone does not mean it should be excluded since the inclusion criteria allow for animal studies if they report on interventions related to Alzheimer's disease.

5. **Study design**: The study involves animal models, which is permissible in its context. It does not report solely on animal studies without significant human relevance in biomarkers or mechanisms related to human Alzheimer's pathology.

6. **Outbreak type**: The study does not pertain to outbreaks, so this criterion does not apply.

Considering these evaluations, the abstract refers primarily to studies conducted on mice, which may not fully meet the inclusion criteria for human subject involvement, even though it addresses Alzheimer's Disease comprehensively and details cognitive outcomes in relevant models. Given the stringent nature of the inclusion criteria focusing on human studies and the core focus on drug development related to Alzheimer's, I conclude this should be excluded.

<decision>EXCLUDE</decision>",EXCLUDE,False,2026-08-01T06:18:11.658976
PMID_41419667,PubMed,41419667,PMC8382676,10.1001/jama.2025.14392,Repurposing glucagon-like peptide-1 receptor agonists for the treatment of neurodegenerative disorders.,"Sabbagh, Marwan N; Cummings, Jeffrey L; Ballard, Clive; van der Flier, Wiesje M; Heneka, Michael T; Holst, Jens Juul; Knudsen, Lotte Bjerre; Salloway, Stephen; Tansey, Malú Gámez; Drucker, Daniel J",Nature aging,2026,"With therapeutic progress in Alzheimer's disease (AD), more molecular and mechanistic targets are coming into focus. Beyond amyloid, emerging targets include tau, neuroinflammation and neurotransmitters. Targeting neuroinflammation in neurodegenerative diseases has been explored using cyclooxygenase inhibitors, but it has mostly been unsuccessful. Among the drug classes under investigation for AD are the glucagon-like peptide-1 receptor agonists (GLP-1RAs), which are approved for the treatment of type 2 diabetes (T2D), obesity and cardiovascular disease. GLP-1RAs are candidate treatments for AD based on several concepts. First, epidemiological data reveal that patients with T2D and cardiovascular disease receiving GLP-1RAs have substantial reductions in the risk of developing all-cause dementia. Second, GLP-1RAs reduce neuroinflammatory changes in preclinical models. Clinical trials have not yet shown that GLP-1RAs can slow the rate of cognitive decline in mild cognitive impairment and mild dementia due to AD. Here, we summarize data supporting the use of GLP-1RAs for the treatment of neurodegenerative diseases, with a focus on AD.",https://pubmed.ncbi.nlm.nih.gov/41419667/,,,alzheimers,(Alzheimer Disease[MeSH] OR Alzheimer[tiab] OR amyloid beta[tiab] OR tau protein[tiab]) AND (treatment[tiab] OR intervention[tiab] OR therapy[tiab]),2026-07-27T15:34:14+00:00,,,,,,"Let's assess the abstract against the inclusion and exclusion criteria step by step.

## Inclusion Criteria
1. **Pathogen**: Must be about Alzheimer's Disease.
   - The abstract specifically mentions Alzheimer's Disease (AD) as a focus of the research. This criterion is met.

2. **Language**: English only.
   - The abstract is in English. This criterion is met.

3. **Study Type**: Peer-reviewed, original research (note systematic reviews/meta-analyses for special consideration).
   - The abstract discusses clinical trials and therapeutic research, which implies it is likely part of peer-reviewed original research. This criterion seems to be met.

4. **Population**: Human subjects (animal studies acceptable if reporting specified parameters).
   - The abstract primarily refers to human subjects in the context of Alzheimer's Disease, particularly in discussing patients with type 2 diabetes and cardiovascular disease that are receiving GLP-1RAs. This criterion is met.

5. **Content**: Must contain AT LEAST ONE of:
   - The abstract discusses GLP-1RAs and their relation to reducing cognitive decline and neuroinflammatory changes. However, it does not provide quantitative details or concrete outcome measures such as MMSE scores, ADAS-Cog, or CDR scores, which are explicitly listed in the inclusion criteria. Therefore, this aspect is not met.

## Exclusion Criteria
1. **Pathogen**: Not about Alzheimer's Disease (exclude studies on other pathogens).
   - The study is about Alzheimer's Disease. This criterion does not apply for exclusion.

2. **Language**: Non-English.
   - The abstract is in English. This criterion does not apply for exclusion.

3. **Publication type**: Conference proceedings, abstracts, posters, correspondence.
   - The content provided is an abstract, which typically falls under excluded publication types according to the criteria. This criterion applies for exclusion.

4. **Study design**: In-vitro studies only (no human or animal component).
   - The abstract discusses clinical aspects and does not focus solely on in-vitro studies. This criterion does not apply for exclusion.

5. **Study design**: Solely animal studies AND animal studies that do not report transmission parameters.
   - No animal study design is mentioned in the abstract. This criterion does not apply for exclusion.

6. **Outbreak type**: Accidental laboratory outbreaks (not natural disease transmission).
   - The abstract does not address outbreak types. This criterion does not apply for exclusion.

## Conclusion
The abstract meets some of the inclusion criteria but does not provide specific quantitative cognitive outcomes, nor does it qualify as an original research study due to its status as an abstract. Therefore, it falls under the exclusion criteria related to publication type.

Consequently, the decision is:

<decision>EXCLUDE</decision>",EXCLUDE,False,2026-08-01T06:18:11.659065
PMID_41358624,PubMed,41358624,PMC8976015,10.1177/13872877251401611,"Peripheral inflammation in a Canadian cohort of neurodegenerative conditions: Occurrence, determinants, and impact.","Seixas-Lima, Bruna; Rosa-Neto, Pedro; Phillips, Natalie A; Borrie, Michael; Roncero, Carlos Tyler; Lahiri, Durjoy; Dori, Dvir; Eintracht, Shaun; Chertkow, Howard",Journal of Alzheimer's disease : JAD,2026,"Background""Inflammaging"" describes chronic low-grade inflammation observed in aging individuals. It may play a major role in neurodegeneration.ObjectiveTo assess blood inflammatory markers in older adults. We hypothesized that elevated inflammation would be found in some cognitively normal older adults but would be more prevalent in individuals with cognitive impairment.MethodsInterleukin-6 (IL-6) and C-reactive protein (CRP) were assessed in 514 Canadian individuals in COMPASS-ND, a detailed study of cognitive impairment in the elderly. Cumulative link model (CLM) was used to investigate the relationship between inflammation status (low, medium, or high tertiles) and demographic and lifestyle factors along with cognitive function and cognitive diagnoses.ResultsWe found that 12% of cognitively normal older adults had IL-6 levels in the highest tertile, but this increased in cognitively impaired cohorts-36% in Alzheimer's disease, 55% mixed dementia, 30% mild cognitive impairment, and 39% vascular mild cognitive impairment. We found that 36% of cognitively unimpaired older individuals display ""elevated"" IL-6 (middle and high tertile values), while approximately 70% of those with cognitive impairment also do so. Inflammation markers increased most robustly in association with age, higher body mass index, and higher Fazekas (MRI white matter hyperintensity) score. There were also weaker associations with female sex, nutrition, number of comorbidities, and poor sleep.ConclusionsPeripheral low-grade inflammation was common, particularly in individuals with cognitive impairment; and obesity and age were the main drivers. It remains unclear whether treatment targeting such inflammation might have a therapeutic role in dementia prevention.",https://pubmed.ncbi.nlm.nih.gov/41358624/,,,alzheimers,(Alzheimer Disease[MeSH] OR Alzheimer[tiab] OR amyloid beta[tiab] OR tau protein[tiab]) AND (treatment[tiab] OR intervention[tiab] OR therapy[tiab]),2026-07-27T15:34:14+00:00,,,,,,"To evaluate whether this study should be included in the systematic review on Alzheimer's Disease, we will assess it against the specified inclusion and exclusion criteria step-by-step.

### Inclusion Criteria
1. **Pathogen**: This study is about Alzheimer's Disease, as it investigates inflammation in individuals with cognitive impairment, including Alzheimer's. **(Met)**
2. **Language**: The abstract is written in English. **(Met)**
3. **Study type**: The study appears to be peer-reviewed original research (though this should be verified). Systematic reviews/meta-analyses are also considered, but this is an original research study. **(Met)**
4. **Population**: The study involves human subjects, specifically older adults assessed for cognitive impairment. **(Met)**
5. **Content**: The study reports on inflammatory markers (IL-6, CRP) and their relationship with cognitive impairment, which may imply a quantitative assessment of cognitive status through associated cognitive diagnoses. It also relates inflammation levels to cognitive outcomes among different groups, offering potential insight into conditions associated with Alzheimer's. **(Met)**

### Exclusion Criteria
1. **Pathogen**: The study is about Alzheimer's Disease. **(Not Excluded)**
2. **Language**: The abstract is in English. **(Not Excluded)**
3. **Publication type**: There is no indication that this is a conference proceeding, abstract, or poster. **(Not Excluded)**
4. **Study design**: This is original research and includes human subjects. **(Not Excluded)**
5. **Study design**: Not a solely animal study nor does it report transmission parameters. **(Not Excluded)**
6. **Outbreak type**: This study does not focus on disease transmission, so this criterion is not applicable. **(Not Excluded)**

### Conclusion
The study meets all inclusion criteria, as it is relevant to Alzheimer's Disease, authored in English, conducted on human subjects, appears to be original research, and provides insights into cognitive outcomes related to inflammation among the population of interest. No exclusion criteria are applicable.

Considering the detailed assessment, the study should be included in the systematic review.

<decision>INCLUDE</decision>",INCLUDE,True,2026-08-01T06:18:11.659160
PMID_41349452,PubMed,41349452,,10.1016/j.socscimed.2025.118802,Despite all our rage: An autoethnographic analysis on the role of shared affect in dementia caregiving relationships.,"Rossiter, Kate",Social science & medicine (1982),2026,"Using an autoethnographic approach, this paper explores the phenomenon of shared rage between Alzheimer's patients and their informal family caregivers. Unlike previous analyses regarding dementia care, this work understands that rage within caregiving relationships is both dynamic and productive. Drawing broadly from social scientific studies regarding emotional labour and ""feeling work,"" this work argues that Alzheimer's sufferers and their informal caregivers form two halves of a dyad, each of whom may use rage as a form of protection against loss of relational identity and pursuant grief, and to demand humane and dignified treatment from broken formal care systems. This individual rage simultaneously offers a point of connection between both halves of the caregiving dyad, which is otherwise torn asunder by interpersonal manifestations of the disease. Ultimately this paper argues for a brave, curious and compassionate response to caregiving dyads in which experiences of rage are not stigmatized, minimized or medicalized. Rather, this analysis suggests that experiences of anger are recognized as an often-excruciating form of emotional labour necessitated by an insidious disease and inadequate formal care systems.",https://pubmed.ncbi.nlm.nih.gov/41349452/,,,alzheimers,(Alzheimer Disease[MeSH] OR Alzheimer[tiab] OR amyloid beta[tiab] OR tau protein[tiab]) AND (treatment[tiab] OR intervention[tiab] OR therapy[tiab]),2026-07-27T15:34:14+00:00,,,,,,"To determine whether the abstract should be included in the systematic review on Alzheimer's Disease, we will evaluate it against the established inclusion and exclusion criteria step by step.

### Inclusion Criteria Evaluation
1. **Pathogen**: Must be about Alzheimer's Disease. 
   - The abstract clearly focuses on Alzheimer's Disease, so this criterion is met.
   
2. **Language**: English only. 
   - The abstract is in English, so this criterion is met.
   
3. **Study type**: Peer-reviewed, original research (note systematic reviews/meta-analyses for special consideration). 
   - The abstract does not clarify if it is part of peer-reviewed research or an original study. However, it seems to be an analysis rather than a clinical trial or quantitative research study, which may not meet this criterion. Further inspection would be needed if it is truly peer-reviewed original research.
   
4. **Population**: Human subjects (animal studies acceptable if reporting specified parameters).
   - This study involves human subjects (Alzheimer's patients and caregivers), so this criterion is met.
   
5. **Content**: Must contain AT LEAST ONE of:
   - a) to j) quantitative measures related to Alzheimer's.
   - The abstract discusses emotional aspects of caregiving and shared affect but does not report any quantitative cognitive outcomes, transmission parameters, statistical measures, or other metrics listed in the criterion. Hence, this criterion is not met.

### Exclusion Criteria Evaluation
1. **Pathogen**: Not about Alzheimer's Disease (exclude studies on other pathogens).
   - This study is about Alzheimer's Disease, so this criterion is not applicable for exclusion.
   
2. **Language**: Non-English.
   - The abstract is in English, so this criterion does not apply for exclusion.
   
3. **Publication type**: Conference proceedings, abstracts, posters, correspondence.
   - As this is an abstract, it may fall under this category and could be considered for exclusion as it isn’t a full peer-reviewed article.
   
4. **Study design**: In-vitro studies only (no human or animal component).
   - The study involves human subjects (Alzheimer's patients and their caregivers), so this does not apply for exclusion.
  
5. **Study design**: Solely animal studies AND those that do not report transmission parameters. 
   - Does not apply here as the study involves human subjects.
  
6. **Outbreak type**: Accidental laboratory outbreaks (not natural disease transmission).
   - Not relevant here as the study does not relate to outbreaks in that manner.

### Summary
The main shortcomings of the study in relation to the inclusion criteria are that it does not provide any quantitative analyses or cognitive outcomes that meet the review's aim to collect clinical evidence on Alzheimer's Disease. Additionally, being classified as an abstract may warrant exclusion based on the publication type criterion.

Based on this evaluation, the lack of quantitative outcomes particularly leads to the conclusion that this study does not adequately meet the criteria necessary for inclusion in the systematic review.

<decision>EXCLUDE</decision>",EXCLUDE,False,2026-08-01T06:18:11.659250
PMID_41260522,PubMed,41260522,,10.1016/j.brainresbull.2025.111644,Traditional herbal medicine Ga-Mi Gongjindan improves muscarinic cholinergic dysfunction through regulation of BDNF/CREB signaling pathway using a scopolamine-induced cognitive impairment of mouse model.,"Park, Jong-Kwang; Kim, Hyeong-Geug; Lee, Jong-Suk; Joo, Jae-Hong; Yoo, Ho-Ryong",Brain research bulletin,2025,"BACKGROUND: Neurodegenerative diseases, such as Alzheimer's disease (AD), are characterized by progressive memory loss and cognitive dysfunction, often linked to cholinergic system deterioration and hippocampal oxidative stress. Current pharmacological treatments offer only modest symptomatic relief and are often accompanied by adverse effects. In traditional Korean medicine, Ga-Mi Gongjindan (GJD), a modified formulation of Gongjindan, has long been used for enhancing cognitive function, but its neuropharmacological basis remains largely unexplored.
OBJECTIVE: This study aimed to investigate the neuroprotective potential and underlying mechanisms of GJD in a murine model of scopolamine-induced cognitive impairment, which mimics aspects of muscarinic cholinergic dysfunction observed in Alzheimer's disease (AD).
METHODS: C57BL/6 J mice were administered GJD or tacrine (positive control) for 14 days. Cognitive impairment was induced by a single intraperitoneal injection of scopolamine (2 mg/kg), and behavioral analysis was assessed using the Morris Water Maze. Hippocampal tissues were analyzed for markers of oxidative stress, inflammation, cholinergic function, and neurotrophic signaling by focusing on the BDNF/CREB signaling pathway.
RESULTS: GJD treatment significantly improved spatial learning and memory performance. It restored cholinergic function by reducing acetylcholinesterase (AChE) activity and increasing choline acetyltransferase (ChAT) levels. GJD also suppressed oxidative stress and neuroinflammation and markedly enhanced hippocampal expression of brain-derived neurotrophic factor (BDNF), cAMP response element-binding protein (CREB), and their receptors (TrkA, TrkB, and M1 mAChR).
CONCLUSION: GJD exerted significant neuroprotective effects in a scopolamine-induced model of cognitive dysfunction, potentially via modulation of cholinergic and BDNF/CREB signaling pathways. These findings provide a scientific rationale for the traditional use of GJD in cognitive disorders and support its further development as a candidate for treating neurodegenerative diseases such as AD.",https://pubmed.ncbi.nlm.nih.gov/41260522/,,,alzheimers,(Alzheimer Disease[MeSH] OR Alzheimer[tiab] OR amyloid beta[tiab] OR tau protein[tiab]) AND (treatment[tiab] OR intervention[tiab] OR therapy[tiab]),2026-07-27T15:34:14+00:00,,,,,,"Let's evaluate the abstract against each of the predefined inclusion and exclusion criteria step by step.

### Inclusion Criteria Evaluation:
1. **Pathogen: Must be about Alzheimer's Disease**  
   - The study pertains to Alzheimer's disease as it investigates the effects of a treatment related to cognitive impairment in an AD context. **(Met)**

2. **Language: English only**  
   - The abstract is in English. **(Met)**

3. **Study type: Peer-reviewed, original research (note systematic reviews/meta-analyses for special consideration)**  
   - The abstract appears to derive from original research as it describes an experimental study using an animal model and provides results and conclusions based on the findings. **(Met)**

4. **Population: Human subjects**  
   - The study involves a murine model (mice), which does not meet the human subjects criterion, as it does not involve people with Alzheimer’s Disease or mild cognitive impairment. **(Not Met)**

5. **Content: Must contain AT LEAST ONE of:**  
   - The study discusses cognitive outcomes in mice but does not provide quantitative cognitive outcomes like MMSE, ADAS-Cog, or CDR scores in human subjects. **(Not Met)**

### Exclusion Criteria Evaluation:
1. **Pathogen: Not about Alzheimer's Disease (exclude studies on other pathogens)**  
   - The study is about Alzheimer's Disease. **(Not Excluded)**

2. **Language: Non-English**   
   - The abstract is in English. **(Not Excluded)**

3. **Publication type: Conference proceedings, abstracts, posters, correspondence**  
   - This is an abstract summarizing a study, which generally fits within this category. **(Excluded)**

4. **Study design: In-vitro studies only (no human or animal component)**  
   - The study involves animal subjects (mice). **(Not Excluded)**

5. **Study design: Solely animal studies AND animal studies that do not report transmission parameters (R0, Rt, Re, r, growth rate, mutation rate)**  
   - The study is solely animal-based. Furthermore, it does not report any transmission parameters relevant to epidemiology. **(Excluded)**

6. **Outbreak type: Accidental laboratory outbreaks (not natural disease transmission)**  
   - The study does not apply here as it focuses on a therapeutic intervention in a controlled experiment. **(Not Excluded)**

### Conclusion:
Since the study does not meet the inclusion criteria due to the failure to involve human subjects and falls into the category of being a conference abstract, it also does not comply fully with inclusion requirements. 

Therefore, the final decision is:
<decision>EXCLUDE</decision>",EXCLUDE,False,2026-08-01T06:18:11.659356
PMID_41055317,PubMed,41055317,,10.1021/acschemneuro.5c00130,Astaxanthin Suppresses Amyloid-Beta-Induced Toxicity in AD Transgenic Caenorhabditis elegans via Promoting Skn-1-Dependent Proteasomal Activity.,"Li, Jianhua; Sun, Weiju; Wang, Xuelian; Ding, Feng; Li, Lianyu; Lin, Xiaotong; Zhao, Yan",ACS chemical neuroscience,2025,"Astaxanthin is a ketocarotenoid that exhibits a variety of bioactivities, including neuroprotection, but the detailed mechanisms by which astaxanthin exerts neuroprotection remain unclear. In the present study, the effects of astaxanthin on amyloid-beta (Abeta)-induced toxicity were investigated in a Caenorhabditis elegans (C. elegans) model of Alzheimer's disease (AD). It is demonstrated that astaxanthin treatment significantly alleviated the Abeta-induced paralytic phenotype in AD C. elegans while reducing the production of reactive oxygen species and restoring the level of glutathione. Further analyses revealed that astaxanthin treatment resulted in a decrease in Abeta accumulation in AD C. elegans. Moreover, astaxanthin restored the proteasomal activity in AD C. elegans by elevating the expression of genes encoding the central subunits of the 20S proteasome. Therefore, astaxanthin might reduce Abeta accumulation via promoting proteasomal function. In addition, astaxanthin treatment increased the expression of skinhead-1 (skn-1), while knockdown of skn-1 expression by RNA interference diminished the inhibition of astaxanthin on Abeta-induced toxicity in AD C. elegans. The elevation of the expression of proteasome subunit genes and the enhancement of proteasomal activity by astaxanthin were also dependent on SKN-1. Overall, these findings indicated that astaxanthin exerted its protection against Abeta-induced toxicity in AD C. elegans via maintaining redox balance and promoting SKN-1-mediated proteasomal activity.",https://pubmed.ncbi.nlm.nih.gov/41055317/,,,alzheimers,(Alzheimer Disease[MeSH] OR Alzheimer[tiab] OR amyloid beta[tiab] OR tau protein[tiab]) AND (treatment[tiab] OR intervention[tiab] OR therapy[tiab]),2026-07-27T15:34:14+00:00,,,,,,"To assess whether the provided abstract should be included or excluded from the systematic review, we will evaluate it against the inclusion and exclusion criteria.

### Inclusion Criteria Assessment
1. **Pathogen**: The study is about Alzheimer's Disease; it satisfies this criterion.
2. **Language**: The abstract is in English; it satisfies this criterion.
3. **Study type**: The study published focuses on animal research (C. elegans) rather than human subjects and is based on original research findings. It does not meet the inclusion criterion regarding peer-reviewed, original research only involving human subjects.
4. **Population**: The study involves a model organism (C. elegans) rather than human subjects. As a result, it does not meet this inclusion criterion.
5. **Content**: It discusses mechanisms related to amyloid-beta toxicity and some biological processes, but since it involves only an animal model and lacks human cognitive outcomes, it does not fully engage with the required measures or outcomes outlined.

### Exclusion Criteria Assessment
1. **Pathogen**: The study is about Alzheimer's Disease; it does not apply for exclusion.
2. **Language**: The abstract is in English; it does not apply for exclusion.
3. **Publication type**: The abstract does not seem to be a conference proceeding, abstract, or poster; it does not apply for exclusion.
4. **Study design**: It is primarily an in-vitro study based on an animal model and lacks sufficient relevance to the inclusion criteria related to human subjects.
5. **Study design**: It is an animal study (C. elegans) without a human component; as the study did not report human cognitive outcomes, it falls under exclusion.
6. **Outbreak type**: Not applicable as the study does not focus on outbreaks.

### Conclusion
The study does not meet the inclusion criteria because it pertains solely to an animal model and does not pertain to human subjects, which is a critical requirement for consideration. Therefore, it should be excluded based on the defined criteria.

<decision>EXCLUDE</decision>",EXCLUDE,False,2026-08-01T06:18:11.659458
PMID_40933190,PubMed,40933190,PMC11155416,10.1109/jbhi.2024.3472011,A lightweight triple-modal fusion network for progressive mild cognitive impairment prediction in Alzheimer's disease.,"Shen, Xiangyu; Hu, Xiangyang; Zhang, Renfeng; Fu, Yunzhan; Xu, Jiamin; Lyu, Degang; Xie, Hongbiao; Shi, Deen; Shi, Changsheng; Li, Lisi; Gao, Yuantong",Frontiers in neuroscience,2025,"INTRODUCTION: As a progressive neurodegeneration, Alzheimer's disease (AD) represents the primary etiology of dementia among the elderly. Early identification of individuals with mild cognitive impairment (MCI) who are likely to convert to AD is essential for timely diagnosis and therapeutic intervention. Although multimodal neuroimaging and clinical data provide complementary information, existing fusion models often face challenges such as high computational complexity and limited interpretability.
METHODS: To address these limitations, we introduce TriLightNet, an innovative lightweight triple-modal fusion network designed to integrate structural MRI, functional PET, and clinical tabular data for predicting MCI-to-AD conversion. TriLightNet incorporates a hybrid backbone that combines Kolmogorov-Arnold Networks with PoolFormer for efficient feature extraction. Additionally, it introduces a Hybrid Block Attention Module to capture subtle interactions between image and clinical features and employs a MultiModal Cascaded Attention mechanism to enable progressive and efficient fusion across the modalities. These components work together to streamline multimodal data integration while preserving meaningful insights.
RESULTS: Extensive experiments conducted on the Alzheimer's Disease Neuroimaging Initiative (ADNI) dataset demonstrate the effectiveness of TriLightNet, showcasing superior performance compared to state-of-the-art methods. Specifically, the model achieves an accuracy of 81.25%, an AUROC of 0.8146, and an F1-score of 69.39%, all while maintaining reduced computational costs.
DISCUSSION: Furthermore, its interpretability was validated using the Integrated Gradients method, which revealed clinically relevant brain regions contributing to the predictions, enhancing its potential for meaningful clinical application. Our code is available at https://github.com/sunyzhi55/TriLightNet.",https://pubmed.ncbi.nlm.nih.gov/40933190/,,,alzheimers,(Alzheimer Disease[MeSH] OR Alzheimer[tiab] OR amyloid beta[tiab] OR tau protein[tiab]) AND (treatment[tiab] OR intervention[tiab] OR therapy[tiab]),2026-07-27T15:34:14+00:00,,,,,,"To assess whether the provided abstract should be included in the systematic review on Alzheimer's Disease, we will evaluate it against the specified inclusion and exclusion criteria.

### Evaluation Against Inclusion Criteria

1. **Pathogen: Must be about Alzheimer's Disease**
   - The abstract describes research focused on Alzheimer’s Disease, specifically predicting MCI-to-AD conversion. **(Met)**

2. **Language: English only**
   - The abstract is in English. **(Met)**

3. **Study type: Peer-reviewed, original research (note systematic reviews/meta-analyses for special consideration)**
   - The abstract appears to report on original research and mentions methods and results, but we cannot confirm its peer-reviewed status from the abstract alone. However, it's assumed to meet this criterion for consideration. **(Assumed Met)**

4. **Population: Human subjects (animal studies acceptable if reporting specific parameters)**
   - The study involves human subjects as it utilizes data from the Alzheimer's Disease Neuroimaging Initiative (ADNI). **(Met)**

5. **Content: Must contain AT LEAST ONE of:**
   - The abstract discusses a model for predicting MCI-to-AD conversion based on clinical and neuroimaging data, which involves measurements related to cognitive outcomes. However, it doesn't report direct quantitative cognitive assessment scores like MMSE or ADAS-Cog but might be inferred through model accuracy data. While it could be included for developing predictive models, the absence of direct cognitive measurement limits full compliance. **(Partially Met but relevant)**

### Evaluation Against Exclusion Criteria

1. **Pathogen: Not about Alzheimer's Disease (exclude studies on other pathogens)**
   - The study focuses on Alzheimer's Disease. **(Not applicable)**

2. **Language: Non-English**
   - The abstract is in English. **(Not applicable)**

3. **Publication type: Conference proceedings, abstracts, posters, correspondence**
   - Since this is an abstract, it typically would be excluded under this criterion, unless it is explicitly stated that it is derived from a peer-reviewed study. **(Excluded)**

4. **Study design: In-vitro studies only (no human or animal component)**
   - This does not apply as the study involves human data. **(Not applicable)**

5. **Study design: Solely animal studies AND animal studies that do not report transmission parameters**
   - This does not apply since it involves human data. **(Not applicable)**

6. **Outbreak type: Accidental laboratory outbreaks (not natural disease transmission)**
   - This does not apply as it relates to Alzheimer's research. **(Not applicable)**

### Conclusion

The abstract fits within the inclusion criteria to a large extent but fundamentally fails on exclusion 3 by being an abstract rather than a full peer-reviewed study. While it may provide valuable information for the systematic review, it does not fully meet the necessary inclusion requirements.

Thus, I conclude with the decision:

<decision>EXCLUDE</decision>",EXCLUDE,False,2026-08-01T06:18:11.659560
PMID_40881206,PubMed,40881206,PMC8967107,10.5662/wjm.v15.i3.102709,Biological and translational attributes of mitochondrial DNA copy number: Laboratory perspective to clinical relevance.,"Parchwani, Deepak; Singh, Ragini; Patel, Digisha",World journal of methodology,2025,"The mitochondrial DNA copy number (mtDNAcn) plays a vital role in cellular energy metabolism and mitochondrial health. As mitochondria are responsible for adenosine triphosphate production through oxidative phosphorylation, maintaining an appropriate mtDNAcn level is vital for the overall cellular function. Alterations in mtDNAcn have been linked to various diseases, including neurodegenerative disorders, metabolic conditions, and cancers, making it an important biomarker for understanding the disease pathogenesis. The accurate estimation of mtDNAcn is essential for clinical applications. Quantitative polymerase chain reaction and next-generation sequencing are commonly employed techniques with distinct advantages and limitations. Clinically, mtDNAcn serves as a valuable indicator for early diagnosis, disease progression, and treatment response. For instance, in oncology, elevated mtDNAcn levels in blood samples are associated with tumor aggressiveness and can aid in monitoring treatment efficacy. In neurodegenerative diseases such as Alzheimer's and Parkinson's, altered mtDNAcn patterns provide insights into disease mechanisms and progression. Understanding and estimating mtDNAcn are critical for advancing diagnostic and therapeutic strategies in various medical fields. As research continues to uncover the implications of mtDNAcn alterations, its potential as a clinical biomarker is likely to expand, thereby enhancing our ability to diagnose and manage complex diseases.",https://pubmed.ncbi.nlm.nih.gov/40881206/,,,alzheimers,(Alzheimer Disease[MeSH] OR Alzheimer[tiab] OR amyloid beta[tiab] OR tau protein[tiab]) AND (treatment[tiab] OR intervention[tiab] OR therapy[tiab]),2026-07-27T15:34:14+00:00,,,,,,"Let's assess the abstract step by step against the predefined inclusion and exclusion criteria:

## Inclusion Criteria
1. **Pathogen**: The study is focused on Alzheimer's Disease, which meets this criterion.
2. **Language**: The abstract is in English, satisfying this requirement.
3. **Study type**: The abstract does not indicate whether it is peer-reviewed original research; it discusses clinical relevance and laboratory perspectives but does not present primary data or do a systematic review. Therefore, it does not meet this criterion. 
4. **Population**: The abstract mentions alterations in mtDNAcn in relation to neurodegenerative diseases, including Alzheimer's, but does not specify an actual study involving human subjects with confirmed Alzheimer's disease or mild cognitive impairment.
5. **Content**: The abstract discusses mtDNAcn as a biomarker but does not provide quantitative cognitive outcomes such as MMSE, ADAS-Cog, CDR scores.

## Exclusion Criteria
1. **Pathogen**: Not applicable; the abstract is related to Alzheimer's Disease.
2. **Language**: Not applicable; the text is in English.
3. **Publication type**: Not applicable since it's not clear whether this is a conference proceeding, but the lack of specified original research disqualifies it based on inclusion.
4. **Study design**: The study is more theoretical and laboratory-focused without presenting human or animal component data that meets the inclusion criteria.
5. **Study design**: It appears solely theoretical based on laboratory perspectives, which is not eligible for inclusion if it lacks human subject data.
6. **Outbreak type**: Not applicable; this abstract does not reference outbreaks.

Given that the abstract does not fulfill the inclusion criteria due to its lack of primary research focus and specificity concerning human subjects, and it does not report the required quantitative cognitive outcomes, I conclude:

<decision>EXCLUDE</decision>",EXCLUDE,False,2026-08-01T06:18:11.659651
PMID_40849781,PubMed,40849781,,10.1186/s12868-022-00695-y,Role of Calmodulin in Neurodegeneration and Neuroprotection.,"Kurochkina, Natalya; Rudrabhatla, Parvathi",Mini reviews in medicinal chemistry,2025,"Intracellular calcium (Ca2+) levels are critical in maintaining cellular activities and are tightly regulated. Neuronal degeneration and regeneration rely on calcium-binding proteins. Calmodulin (CaM) is a calcium sensor and the primary regulator of receptors and ion channels that maintain calcium homeostasis. The calmodulin binding domains are present in proteins that serve as risk factors and biomarkers associated with Alzheimer's disease, Parkinson's disease, Huntington's disease, Amyotrophic Lateral Sclerosis, and other neurodegenerative diseases, suggesting calmodulin ligands as emerging therapeutic targets for treatment. Inhibiting CaM to develop new therapies has drawbacks, as CaM is a ubiquitous molecule involved in many regulatory pathways. Recently, new strategies for disrupting CaM interactions with its targets have shown promising approaches to treatment. The structures of human CaM, its binding proteins, and inhibitors are well studied, with particular emphasis on the conservation of CaM amino acid sequences and the ability to bind protein fragments of high sequence variability, which exhibit common characteristics of amphipathic helices carrying basic amino acids. In this review, we discuss structural characteristics of CaM and its ligands in the context of transcriptional regulation. Specific binding of CaM to (1) basic region/helix-loop-helix/leucine zipper and (2) helix-turn-helix high mobility group box containing Sox families of transcription factors highlights common features of CaM binding sequences, which suggest their regulatory functions. We describe key proteins involved in neurodegeneration and transcription factors subject to calmodulin regulation that are candidates for the development of new approaches to treating neuronal diseases.",https://pubmed.ncbi.nlm.nih.gov/40849781/,,,alzheimers,(Alzheimer Disease[MeSH] OR Alzheimer[tiab] OR amyloid beta[tiab] OR tau protein[tiab]) AND (treatment[tiab] OR intervention[tiab] OR therapy[tiab]),2026-07-27T15:34:14+00:00,,,,,,"Let's evaluate the abstract against the inclusion and exclusion criteria step by step.

## Inclusion Criteria
1. **Pathogen:** The study is about Alzheimer's Disease. **(MET)**
2. **Language:** The abstract is in English. **(MET)**
3. **Study type:** It is a peer-reviewed original research review about the role of Calmodulin in neurodegeneration. It does not fit the systematic review/meta-analysis category based purely on the title. However, it mentions therapeutic targets relevant to Alzheimer’s Disease. **(PARTIALLY MET but considered under 'special consideration' due to potential relevance to treatment)**
4. **Population:** Focuses on human neurodegenerative conditions, particularly Alzheimer's Disease; mentions key proteins involved in neurodegeneration. **(MET)**
5. **Content:** While it discusses the role of Calmodulin and its ligands in treating neurodegenerative diseases, it does not provide quantitative details of concluded or ongoing human outbreaks or specific statistical models, measures of transmission, or quantitative cognitive outcomes directly linked to Alzheimer's. **(NOT MET)**

## Exclusion Criteria
1. **Pathogen:** The paper is about Alzheimer's Disease. **(NOT EXCLUDED)**
2. **Language:** The abstract is in English. **(NOT EXCLUDED)**
3. **Publication type:** It appears to be a peer-reviewed article, not a conference proceeding or similar. **(NOT EXCLUDED)**
4. **Study design:** It discusses original research but functions mainly as a review; however, it does not contain new data, thus lacks human or animal components relevant to the inclusion criteria. **(EXCLUDED)**
5. **Study design:** If it were primarily an animal study, it would be excluded, but it’s focusing on a mechanism relevant to human health without conducting primary research. So this criterion doesn't apply here. **(NOT EXCLUDED)**
6. **Outbreak type:** Not relevant here as it does not concern outbreaks. **(NOT EXCLUDED)**

### Summary:
While the abstract addresses neurodegeneration and Alzheimer’s Disease and discusses potential interventions, it primarily serves as a review without presenting new experimental data or quantitative outcomes needed for inclusion in the systematic review. Thus, it fails to meet the strict criteria regarding quantitative measures and original research.

Therefore, based on the screening criteria outlined, the decision is: 

<decision>EXCLUDE</decision>",EXCLUDE,False,2026-08-01T06:18:11.659739
PMID_40844208,PubMed,40844208,PMC4117990,10.1002/jmri.70097,Associations Between Hippocampal Transverse Relaxation Time and Amyloid PET in Cognitively Normal Aging Adults.,"Sui, Yu Veronica; Masurkar, Arjun V; Shepherd, Timothy M; Feng, Yang; Wisniewski, Thomas; Rusinek, Henry; Lazar, Mariana",Journal of magnetic resonance imaging : JMRI,2026,"BACKGROUND: Identifying early neuropathological changes in Alzheimer's disease (AD) is important for improving treatment efficacy. Among quantitative MRI measures, transverse relaxation time (T2) has been shown to reflect tissue microstructure relevant in aging and neurodegeneration; however, findings regarding T2 changes in both normal aging and AD have been inconsistent. The association between T2 and amyloid-beta (Aβ) accumulation, a hallmark of AD pathology, is also unclear, particularly in cognitively normal individuals who may be in preclinical stages of the disease.
PURPOSE: To investigate longitudinal hippocampal T2 changes in a cognitively normal cohort of older adults and their association with global Aβ accumulation.
STUDY TYPE: Retrospective, longitudinal.
SUBJECTS: 56 cognitively normal adults between 55 and 90 years of age (17 males and 39 females).
FIELD STRENGTH/SEQUENCE: 3 Tesla; multi-echo spin echo sequence for T2 mapping; 18F-florbetaben positron emission tomography for Aβ measurement.
ASSESSMENT: Bilateral hippocampal T2 and volume were extracted to relate to Aβ PET measurements. To understand variations in AD risk, participants were separated into Aβ-high and Aβ-low subgroups using a predetermined threshold.
STATISTICAL TESTS: Linear mixed-effect models and general linear models were used. A p-value < 0.025 was considered significant to account for bilateral comparisons.
RESULTS: Older age was associated with increased T2 in the bilateral hippocampus (left: β = 0.30, right: β = 0.25) and smaller hippocampal volume on the left (β = -0.12). In the Aβ-low subgroup, both longitudinal T2 increase rates (β = 0.65) in the left hippocampus and bilateral cross-sectional T2 (left: β = 0.64, right: β = 0.46) were positively correlated with Aβ PET, independent of hippocampal volume.
DATA CONCLUSION: This study provided in vivo evidence linking hippocampal T2 to Aβ accumulation in cognitively normal aging individuals, suggesting that quantitative T2 may be sensitive to microstructural changes accompanying early Aβ pathology, such as neuroinflammation, demyelination, and reduced tissue integrity.
EVIDENCE LEVEL: 3.
TECHNICAL EFFICACY: Stage 2.",https://pubmed.ncbi.nlm.nih.gov/40844208/,,,alzheimers,(Alzheimer Disease[MeSH] OR Alzheimer[tiab] OR amyloid beta[tiab] OR tau protein[tiab]) AND (treatment[tiab] OR intervention[tiab] OR therapy[tiab]),2026-07-27T15:34:14+00:00,,,,,,"To determine whether the provided abstract should be included or excluded from the systematic review on Alzheimer's Disease, we will evaluate it against each inclusion and exclusion criterion step by step.

### Inclusion Criteria Assessment

1. **Pathogen: Must be about Alzheimer's Disease**
   - The study abstract discusses associations between hippocampal T2 and amyloid PET in cognitively normal aging adults, which is relevant to Alzheimer's disease, specifically its early neuropathological changes. 
   - **Criterion Met**: Yes

2. **Language: English only**
   - The abstract is in English.
   - **Criterion Met**: Yes

3. **Study type: Peer-reviewed, original research (note systematic reviews/meta-analyses for special consideration)**
   - The study is original research, though it is retrospective. Still, it is peer-reviewed.
   - **Criterion Met**: Yes

4. **Population: Human subjects**
   - The subjects are 56 cognitively normal adults aged 55 to 90.
   - **Criterion Met**: Yes

5. **Content: Must contain AT LEAST ONE of:**
   - The study discusses the relationship between hippocampal T2 changes and amyloid PET measurements, which implicates cognitive outcomes indirectly through amyloid accumulation relevant to Alzheimer's.
   - It does not directly report on cognitive outcomes from assessments like MMSE or ADAS-Cog as specified.
   - **Criterion Met**: No (This is a key point as it needs to include direct cognitive outcome measurements).

### Exclusion Criteria Assessment

1. **Pathogen: Not about Alzheimer's Disease**
   - The study is specifically about Alzheimer’s disease.
   - **Excluded?**: No

2. **Language: Non-English**
   - The abstract is in English.
   - **Excluded?**: No

3. **Publication type: Conference proceedings, abstracts, posters, correspondence**
   - This is an abstract of an original research study, which typically is not a conference abstract or poster.
   - **Excluded?**: No

4. **Study design: In-vitro studies only (no human or animal component)**
   - This is a human study, thus not in-vitro only.
   - **Excluded?**: No

5. **Study design: Solely animal studies AND animal studies that do not report transmission parameters**
   - This study involves human participants.
   - **Excluded?**: No

6. **Outbreak type: Accidental laboratory outbreaks (not natural disease transmission)**
   - This study does not discuss an outbreak.
   - **Excluded?**: No

### Conclusion
While the study is relevant to Alzheimer's disease and meets most inclusion criteria, it fails to provide quantitative cognitive outcomes as specified in our inclusion criteria. Therefore, despite the pertinent findings related to biomarkers, this study does not align fully with the inclusion standards for cognitive outcomes.

<decision>EXCLUDE</decision>",EXCLUDE,False,2026-08-01T06:18:11.659829
PMID_40762084,PubMed,40762084,PMC6152020,10.1111/jnc.70178,The Tacrine-Induced Endoplasmic Reticulum Stress in AChE-Expressed Cells Leads to Improper Assembly and Transport of the Oligomeric Enzyme: Reversal by Trehalose.,"Wang, Xiaoyang; Xia, Yingjie; Guo, Maggie Suisui; Wu, Jiahui; Dilidaer, Ajiaikebaier; Gao, Jin; Dong, Tina Tingxia; Zhu, Yue; Tsim, Karl Wah Keung",Journal of neurochemistry,2025,"Alzheimer's disease (AD) is the most common dementia with progressive loss of cognitive functions. Acetylcholinesterase (AChE) inhibitors have been approved as conventional pharmacotherapies for AD. Tacrine was the first AChE inhibitor introduced into clinics for AD; however, it was withdrawn from use in 2013 because of safety concerns. In cultured neurons, as well as in mice, tacrine was found to induce endoplasmic reticulum (ER) stress and finally lead to cell apoptosis: the event was triggered by binding the inhibitor to the intracellular enzyme serving as a pharmacological chaperone. Trehalose, a known ER stress reducer, was shown here to ameliorate the ER stress induced by tacrine in AChE-overexpressed NG108-15 cells, with the increased level of C/EBP homologous protein (CHOP) and phosphorylated eukaryotic initiation factor 2 alpha (p-eIF2α). In tetrameric G4 AChE overexpressed cells, the tacrine-exposed cultures revealed considerable G1/G2 forms of AChE accumulated in the ER fraction, whereas the treatment of trehalose decreased the accumulation of G1/G2 AChE. Meanwhile, trehalose reduced the ER stress induced by other AChE inhibitors, for example, lycobetaine, bis(3)-cognitin, daurisoline, and dauricine, in the cultured neuronal cells. Besides, this tacrine-induced ER stress was identified in all AChE isoforms, as well as in butyrylcholinesterase (BChE) expressing cells. Thus, we proposed that the AChE inhibitors, particularly tacrine, could act as 'chemical/pharmacological chaperones' during AChE biosynthesis in the ER, disrupting the proper folding of AChE in neurons as a result of ER stress. Trehalose possesses the ability to relieve ER stress by promoting the proper assembly of AChE. The results provide guidance for the drug design and discovery of AChE inhibitors for AD treatment.",https://pubmed.ncbi.nlm.nih.gov/40762084/,,,alzheimers,(Alzheimer Disease[MeSH] OR Alzheimer[tiab] OR amyloid beta[tiab] OR tau protein[tiab]) AND (treatment[tiab] OR intervention[tiab] OR therapy[tiab]),2026-07-27T15:34:14+00:00,,,,,,"To assess the abstract against the inclusion and exclusion criteria, we will evaluate it step by step:

### Inclusion Criteria
1. **Pathogen:** The study is related to *Alzheimer's Disease*, meeting this criterion.
2. **Language:** The abstract is in English, so this criterion is met.
3. **Study type:** The study appears to be original research focused on the pharmacological effects of tacrine and trehalose in cultured neurons, which aligns with the requirement for peer-reviewed, original research. It does not explicitly mention being a systematic review or meta-analysis, but it is a study on interventions.
4. **Population:** The study discusses human pharmacotherapy for Alzheimer’s Disease, but it does not involve human subjects directly; rather, it focuses on cultured neurons and mice. This is a potential concern as the population criterion is not fully met.
5. **Content:** The study discusses the effects of tacrine (an AChE inhibitor) and trehalose on endoplasmic reticulum stress and assembly of AChE. It does not report quantitative cognitive outcomes or specific measures like MMSE, ADAS-Cog, or CDR scores, which are required.

### Exclusion Criteria
1. **Pathogen:** The study is about Alzheimer's Disease, so this criterion does not apply for exclusion.
2. **Language:** The abstract is in English, so this criterion does not apply for exclusion.
3. **Publication type:** There is no indication that this study is a conference proceeding or abstract; therefore, it does not apply for exclusion.
4. **Study design:** The study is not solely in vitro as it mentions testing in mice, but the primary focus is on cultured cells. Given the focus, it could be questioned whether this aligns with the criterion that necessitates human subjects, which may lean towards exclusion based on the abstract's content.
5. **Study design:** The absence of direct human subjects further emphasizes a reason for exclusion from a clinical perspective since the focus is on cellular mechanisms rather than clinical outcomes or trials involving patients.
6. **Outbreak type:** This study does not relate to outbreak-type research, so this criterion does not apply.

Based on the evaluation, the critical criteria concerning the inclusion of human subjects and the reporting of cognitive outcomes are not met, leading to a decision for exclusion.

<decision>EXCLUDE</decision>",EXCLUDE,False,2026-08-01T06:18:11.659928
PMID_40695276,PubMed,40695276,PMC4987924,10.1093/nar/gkw377,Cell-type-directed network-correcting combination therapy for Alzheimer's disease.,"Li, Yaqiao; Pereda Serras, Carlota; Blumenfeld, Jessica; Xie, Min; Hao, Yanxia; Deng, Elise; Chun, You Young; Holtzman, Julia; An, Alice; Yoon, Seo Yeon; Tang, Xinyu; Rao, Antara; Woldemariam, Sarah; Tang, Alice; Zhang, Alex; Simms, Jeffrey; Lo, Iris; Oskotsky, Tomiko; Keiser, Michael J; Huang, Yadong; Sirota, Marina",Cell,2025,"Alzheimer's disease (AD) is a multifactorial neurodegenerative disorder characterized by heterogeneous molecular changes across diverse cell types, posing significant challenges for treatment development. To address this, we introduced a cell-type-specific, multi-target drug discovery strategy grounded in human data and real-world evidence. This approach integrates single-cell transcriptomics, drug perturbation databases, and clinical records. Using this framework, letrozole and irinotecan were identified as a potential combination therapy, each targeting AD-related gene expression changes in neurons and glial cells, respectively. In an AD mouse model with both Aβ and tau deposits, this combination therapy significantly improved memory performance and reduced AD-related pathologies compared with vehicle and single-drug treatments. Single-nucleus transcriptomic analysis confirmed that the therapy reversed disease-associated gene networks in a cell-type-specific manner. These results highlight the promise of cell-type-directed combination therapies in addressing multifactorial diseases like AD and lay the groundwork for precision medicine tailored to patient-specific transcriptomic and clinical profiles.",https://pubmed.ncbi.nlm.nih.gov/40695276/,,,alzheimers,(Alzheimer Disease[MeSH] OR Alzheimer[tiab] OR amyloid beta[tiab] OR tau protein[tiab]) AND (treatment[tiab] OR intervention[tiab] OR therapy[tiab]),2026-07-27T15:34:14+00:00,,,,,,"To assess whether the abstract titled ""Cell-type-directed network-correcting combination therapy for Alzheimer's disease"" should be included or excluded from the systematic review, let’s evaluate it against each inclusion and exclusion criterion step by step.

### Inclusion Criteria Evaluation
1. **Pathogen**: The study is focused on Alzheimer's Disease, satisfying this criterion.
2. **Language**: The abstract is in English, meeting this criterion.
3. **Study type**: The study presents original research; however, it primarily describes findings in a mouse model (animal study), which complicates the inclusion because it lacks a human component.
4. **Population**: The study does not involve human subjects directly, but instead uses an animal model to derive findings related to Alzheimer's Disease.
5. **Content**: The abstract discusses treatment strategies and results in terms of improving memory performance and reducing AD-related pathologies, but these results are obtained in an animal model rather than through human subjects or clinical trials in humans.

### Exclusion Criteria Evaluation
1. **Pathogen**: The study is not about a different pathogen but focuses on Alzheimer's Disease, thus this does not apply for exclusion.
2. **Language**: The abstract is in English, so this does not apply for exclusion.
3. **Publication type**: The abstract appears to be from a peer-reviewed source (assuming it's published beyond a conference abstract), so this does not apply for exclusion.
4. **Study design**: The study largely involves an animal model (mice), which raises a question about its applicability to human subjects. However, it describes a therapeutic strategy that may have human applications, but still does not directly involve humans.
5. **Study design**: The focus on animal studies and the absence of human data lead to the exclusion criterion relating to animal studies that do not report on human transmission parameters.
6. **Outbreak type**: Not applicable here as this criterion focuses on transmission in populations, which is not relevant to Alzheimer's Disease studies.

### Conclusion
The essential factor for inclusion is that the study must involve human subjects or demonstrate findings directly applicable to them, which this study does not meet due to its reliance on a mouse model without direct validation of effects in human subjects. Although it discusses a potentially promising combination therapy, the absence of human trial data leads to the conclusion that it does not fulfill the inclusion criteria.

Therefore, based on the evaluation, the decision is to exclude this study.

<decision>EXCLUDE</decision>",EXCLUDE,False,2026-08-01T06:18:11.660026
PMID_40650049,PubMed,40650049,PMC10783353,10.1097/ms9.0000000000001500,Recent Advances in Antibody Therapy for Alzheimer's Disease: Focus on Bispecific Antibodies.,"Yang, Han-Mo",International journal of molecular sciences,2025,"Alzheimer's disease (AD) impacts more than half a million people worldwide, with no cure available. The regulatory approval of three anti-amyloid monoclonal antibodies (mAbs), including aducanumab, lecanemab, and donanemab, has established immunotherapy as a therapeutic approach to modify disease progression. Its multifactorial pathology, which involves amyloid-β (Aβ) plaques, tau neurofibrillary tangles, neuroinflammation, and cerebrovascular dysfunction, limits the efficacy of single-target therapies. The restricted blood-brain barrier (BBB) penetration and amyloid-related imaging abnormalities (ARIA), together with small treatment effects, demonstrate the necessity for advanced biologic therapies. Protein engineering advancements have created bispecific antibodies that bind to pathological proteins (e.g., Aβ, tau) and BBB shuttle receptors to boost brain delivery and dual therapeutic effects. This review combines existing information about antibody-based therapy in AD by focusing on bispecific antibody formats and their preclinical and clinical development, as well as biomarker-based patient selection and upcoming combination strategies. The combination of rationally designed bispecific antibodies with fluid and imaging biomarkers could show potential for overcoming existing therapeutic challenges and delivering significant clinical advantages.",https://pubmed.ncbi.nlm.nih.gov/40650049/,,,alzheimers,(Alzheimer Disease[MeSH] OR Alzheimer[tiab] OR amyloid beta[tiab] OR tau protein[tiab]) AND (treatment[tiab] OR intervention[tiab] OR therapy[tiab]),2026-07-27T15:34:14+00:00,,,,,,"To evaluate the given abstract against the inclusion and exclusion criteria, let's assess it step by step.

## Inclusion Criteria
1. **Pathogen**: The abstract is about Alzheimer's Disease, which is the main subject of interest. **(Met)**
  
2. **Language**: The abstract is in English. **(Met)**

3. **Study type**: This review discusses clinical development related to bispecific antibodies for Alzheimer's Disease. It does not seem to indicate that it is a peer-reviewed original research paper or a systematic review, but mentions existing information combining various aspects, which indicates it might be a review article. **(Potential Issue)** - In light of this, further scrutiny might be necessary as systematic reviews/meta-analyses are given special consideration within the screening criteria.

4. **Population**: The abstract addresses therapies concerning patients with Alzheimer's Disease, which involves human subjects. **(Met)**

5. **Content**: The abstract discusses antibody-based therapy advancing in the treatment of Alzheimer's Disease, mentioning biomarkers and therapeutic strategies, but does not explicitly provide quantitative outcome measures or statistical data on clinical outcomes. Although it discusses advances in therapy and biomarkers, it does not highlight specific cognitive outcome measures such as MMSE, ADAS-Cog, or CDR scores. **(Not Fully Met)**

## Exclusion Criteria
1. **Pathogen**: The abstract is not about other pathogens; it is specifically about Alzheimer’s Disease. **(Not applicable)**

2. **Language**: The language is English. **(Not applicable)**

3. **Publication type**: The abstract does not specify that it is a conference proceeding or correspondence, and seems to be a review, which poses some ambiguity. Still, it does not seem to match formats excluded here. **(Not applicable)**

4. **Study design**: The abstract does not detail in-vitro studies; it discusses clinical development. However, it is primarily a review with no specific new original research data presented. **(Not applicable)**

5. **Study design: Solely animal studies**: The abstract mentions clinical studies and not solely animal studies. **(Not applicable)**

6. **Outbreak type**: Not applicable here, as the abstract is about Alzheimer's Disease and therapeutic advancements. **(Not applicable)**

## Conclusion
The abstract primarily focuses on reviewing advances in treatments for Alzheimer's Disease via bispecific antibodies, discussing biomarker utilization, but does not specify quantitative measures or cognitive outcome data as detailed in the inclusion criteria. It does not clearly fall into the category of original research, which could pose a limitation in terms of its relevance based on the specified criteria for this systematic review.

Given these assessments and the fact that the abstract does not provide the necessary explicit detail on cognitive outcomes or fit the ""peer-reviewed original research"" requirement firmly, the better decision for this systematic review is to exclude it. 

<decision>EXCLUDE</decision>",EXCLUDE,False,2026-08-01T06:18:11.660120
PMID_40611874,PubMed,40611874,PMC3885216,10.1177/30495334251347053,Estimated Effects of Comorbidities on Risk of All-cause Dementia in Patients with Mild Cognitive Impairment.,"Tjandra, Donna; Irwin, Chase; Migrino, Raymond Q; Giordani, Bruno; Wiens, Jenna",Sage open aging,2025,"INTRODUCTION: Estimating the effects of comorbidities on risk of all-cause dementia (ACD) could potentially better inform prevention strategies and identify novel risk factors compared to more common post-hoc analyses from predictive modeling.
METHODS: In a retrospective cohort study of patients with mild cognitive impairment (MCI) from US Veterans Affairs Medical Centers between 2009 and 2021, we used machine learning techniques from the treatment effect estimation literature to estimate individualized effects of 25 comorbidities (e.g., hypertension) on ACD risk within 10 years of MCI diagnosis. Age and healthcare utilization were adjusted for using exact matching.
RESULTS: After matching, of 19,797 MCI patients, 6,767 (34.18%) experienced ACD onset. Dyslipidemia (percentage point increase of ACD risk range across different treatment effect estimation techniques = 0.009-0.044), hypertension (range = 0.007-0.043), and diabetes (range = 0.007-0.191) consistently had non-zero average effects.
DISCUSSION: Our findings support known associations between dyslipidemia, hypertension, and diabetes that increase the risk of ACD in MCI patients, demonstrating the potential for these approaches to identify novel risk factors.",https://pubmed.ncbi.nlm.nih.gov/40611874/,,,alzheimers,(Alzheimer Disease[MeSH] OR Alzheimer[tiab] OR amyloid beta[tiab] OR tau protein[tiab]) AND (treatment[tiab] OR intervention[tiab] OR therapy[tiab]),2026-07-27T15:34:14+00:00,,,,,,"Let's screen the provided abstract step by step against the inclusion and exclusion criteria.

## Inclusion Criteria

1. **Pathogen: Must be about Alzheimer's Disease**  
   The study focuses on dementia in patients with Mild Cognitive Impairment (MCI), which is often related to Alzheimer’s Disease. This criterion is met.
   
2. **Language: English only**  
   The abstract is in English. This criterion is met.
   
3. **Study type: Peer-reviewed, original research (note systematic reviews/meta-analyses for special consideration)**  
   The study is a retrospective cohort study, which is original research. This criterion is met.
   
4. **Population: Human subjects (animal studies acceptable if reporting specific parameters)**  
   The study involves human subjects (MCI patients), so this criterion is met.
   
5. **Content: Must contain AT LEAST ONE of the specified outcomes**  
   The study reports quantitative details on cognitive outcomes by estimating the effects of comorbidities on the risk of all-cause dementia (which could be considered a cognitive outcome). It provides statistical measures of risk, indicating the potential for cognitive decline in MCI patients, which can be linked to Alzheimer's Disease. Therefore, this criterion is interpreted to be met.

## Exclusion Criteria

1. **Pathogen: Not about Alzheimer's Disease (exclude studies on other pathogens)**  
   The study is relevant to Alzheimer's Disease, as it discusses Dementia Risk in patients with MCI. This criterion does not apply.
   
2. **Language: Non-English**  
   The abstract is in English. This criterion does not apply.
   
3. **Publication type: Conference proceedings, abstracts, posters, correspondence**  
   The abstract appears to represent original research, not just a conference proceeding or correspondence. This criterion does not apply.
   
4. **Study design: In-vitro studies only (no human or animal component)**  
   The study involves human subjects and is not an in-vitro study. This criterion does not apply.
   
5. **Study design: Solely animal studies AND animal studies that do not report transmission parameters**  
   The study involves human subjects, thus this criterion does not apply.
   
6. **Outbreak type: Accidental laboratory outbreaks (not natural disease transmission)**  
   The study is not related to outbreaks but to risk factors for dementia. This criterion does not apply.

After evaluating all criteria, we find that the abstract meets the inclusion criteria and does not meet any exclusion criteria.

Therefore, the conclusion is:

<decision>INCLUDE</decision>",INCLUDE,True,2026-08-01T06:18:11.660211
PMID_40566684,PubMed,40566684,PMC4031141,10.1016/j.isci.2022.105880,The complete synthetic pathway of echinacoside from Cistanche deserticola and its de novo biosynthesis in yeast.,"Ban, Yali; Jiang, Jixuan; Yang, Hongwang; Jia, Haiyang; Pang, Yaru; Cheng, Xu; Yan, Jianbin; Liao, Qinggang; Li, Chun; Lv, Bo; Feng, Yongjun",Plant communications,2025,"Echinacoside (ECH), a representative phenylethanol glycoside, exhibits diverse pharmacological properties and is used in the treatment of neurodegenerative disorders (e.g., Parkinson's and Alzheimer's diseases), ischemic brain injury, and cancer. The growing therapeutic demand for ECH has highlighted the need for scalable production. However, conventional methods face major limitations: chemical synthesis is hindered by the compound's structural complexity, and the yield of ECH extracted from plants is naturally low due to the host-dependent growth of Cistanche deserticola (C. deserticola), a parasitic desert plant. To establish a sustainable microbial production platform, we first deciphered the biosynthetic pathway of ECH in C. deserticola by integrating metabolomics analyses of plant tissues and callus cultures. This enabled the identification of key precursors, enzymatic steps, and regulatory mechanisms. Leveraging this knowledge, we engineered the pathway in Saccharomyces cerevisiae, achieving de novo ECH biosynthesis at a titer of 7.52 ± 1.42 mg/l. This study lays the foundation for industrial-scale ECH production and deepens our understanding of bioactive compound biosynthesis in parasitic plants, offering insights for future pathway engineering efforts.",https://pubmed.ncbi.nlm.nih.gov/40566684/,,,alzheimers,(Alzheimer Disease[MeSH] OR Alzheimer[tiab] OR amyloid beta[tiab] OR tau protein[tiab]) AND (treatment[tiab] OR intervention[tiab] OR therapy[tiab]),2026-07-27T15:34:14+00:00,,,,,,"Let's evaluate the abstract against the inclusion and exclusion criteria.

## Inclusion Criteria

1. **Pathogen**: The study does mention Alzheimer's Disease but primarily focuses on echinacoside (ECH) synthesis and its pharmacological properties. It does not primarily investigate Alzheimer's disease but touches on it as one of the neurodegenerative disorders treated by ECH. Therefore, this criterion is **not fully met**.
   
2. **Language**: The abstract is in English, so this criterion is **met**.

3. **Study type**: This is a peer-reviewed original research study that seems to investigate the biosynthetic pathway of a compound. However, it does not represent a clinical intervention or outcome concerning Alzheimer's Disease as defined in the inclusion criteria. This criterion is **not fully met**.

4. **Population**: The study does not involve human subjects as it focuses on biosynthesis in yeast, which would be considered an animal study but not directly relevant to human Alzheimer's disease populations. This criterion is **not met**.

5. **Content**: While the study discusses pharmacological properties, it does not provide quantitative details or measures directly related to Alzheimer's Disease or its outcomes, as stipulated in our criteria. Hence, this criterion is **not met**.

## Exclusion Criteria

1. **Pathogen**: The study is about Alzheimer's Disease, so this criterion does not apply for exclusion.

2. **Language**: The language is English, so this criterion does not apply for exclusion.

3. **Publication type**: This is an original research study, not a conference proceeding, abstract, or correspondence. So this criterion does not apply for exclusion.

4. **Study design**: The study explores biosynthesis in yeast and does not involve human or animal testing in the context of Alzheimer's disease treatment. It does not include a human or clinical component relevant to Alzheimer's, thus fitting into the exclusion criteria. This criterion is **met**.

5. **Study design**: It is solely focused on in vitro research related to biosynthesis without involving human clinical outcomes. This criterion is **met**.

6. **Outbreak type**: Not applicable as it does not pertain to laboratory outbreaks or disease transmission.

## Conclusion
The study fails to meet several inclusion criteria relating to direct investigation of clinical outcomes and human subjects regarding Alzheimer's Disease. Additionally, it meets the exclusion criteria concerning study design related to human patients. Given these evaluations, it is clear that this study does not align with the objectives of the systematic review.

<decision>EXCLUDE</decision>",EXCLUDE,False,2026-08-01T06:18:11.660300
PMID_40415257,PubMed,40415257,PMC10733538,10.3389/fneur.2023.1333474,Repetitive Transcranial Magnetic Stimulation Induces Cognitive Recovery in Alzheimer's Disease via GABAergic Neuron Activation of the Cx3cl1-Cx3cr1 Axis.,"Kang, Yunxiao; Liu, Jilun; Wang, Yu; Wang, Jiaying; Wang, Jinyang; Zhou, Chenming; Cui, Rui; Zhang, Tianyun",Cell proliferation,2025,"This study aimed to investigate the impact of repetitive transcranial magnetic stimulation (rTMS) on cognitive recovery in Alzheimer's disease (AD) by exploring the role of GABAergic neuron activation and modulation of the Cx3cl1-Cx3cr1 signalling axis. The 5xFAD mouse model was utilised for scRNA-seq analysis to examine changes in gene expression post-rTMS. Microglial phagocytic activity, amyloid plaque burden, cell-cell communication, microglial morphology and neuroinflammation markers were assessed. Following rTMS, upregulation of Cx3cl1 in GABAergic neurons was observed, leading to enhanced microglial phagocytosis, reduced amyloid plaque burden, improved cell-cell communication, altered microglial morphology and decreased neuroinflammation markers. This study demonstrates that rTMS promotes Aβ clearance and cognitive recovery in AD by activating GABAergic neurons and enhancing Cx3cl1-Cx3cr1 signalling, providing a novel molecular target for non-invasive AD therapy. These findings support the transition from invasive to non-invasive AD treatments, improving patient adherence and therapeutic outcomes. Furthermore, the elucidation of cellular and molecular mechanisms facilitates drug development targeting the Cx3cl1-Cx3cr1 axis, offering new opportunities for AD intervention.",https://pubmed.ncbi.nlm.nih.gov/40415257/,,,alzheimers,(Alzheimer Disease[MeSH] OR Alzheimer[tiab] OR amyloid beta[tiab] OR tau protein[tiab]) AND (treatment[tiab] OR intervention[tiab] OR therapy[tiab]),2026-07-27T15:34:14+00:00,,,,,,"To assess whether the provided abstract should be included in the systematic review, we will evaluate it against the established inclusion and exclusion criteria step by step.

### Inclusion Criteria Evaluation
1. **Pathogen: Must be about Alzheimer's Disease**
   - The study is explicitly about Alzheimer's Disease (AD).
   - **Met**

2. **Language: English only**
   - The abstract is written in English.
   - **Met**

3. **Study type: Peer-reviewed, original research (note systematic reviews/meta-analyses for special consideration)**
   - The abstract appears to present original research findings. However, it is important to verify that this is a peer-reviewed paper.
   - **Conditionally Met** (assuming it is peer-reviewed since it is presented as an original research study).

4. **Population: Human subjects (animal studies acceptable if reporting EITHER...)**
   - This study utilizes a 5xFAD mouse model, thus involving animal subjects rather than human subjects.
   - **Not Met** (since it does not report on human subjects).

5. **Content: Must contain AT LEAST ONE of:**
   - a) Quantitative details of concluded/ongoing human outbreak (size, year, location, duration, spatial scale)
   - b) Mathematical or statistical model of disease transmission
   - c) Measures/estimates of transmission parameters: R, R0, Rt, r, Re, growth rate, doubling time
   - d) Measures/estimates of timing parameters: generation time, serial interval, incubation period, latent period, infectious period
   - e) Measures/estimates of severity: CFR, IFR, hospitalization rate, mortality rate, attack rate
   - f) Measures/estimates of genetic evolution: mutation rate, substitution rate, evolutionary rate
   - g) Measures of overdispersion or superspreading (k parameter, transmission heterogeneity)
   - h) Seroprevalence data or serological surveys
   - i) Risk factors for infection, severe disease, death, or hospitalization (with statistical measures)
   - j) Measures/estimates of vector parameters: for e.g. extrinsic incubation period (EIP), mosquito reproduction numbers, vector competence, mosquito delays, or relative transmission contributions.

   - The abstract does not present any of the specified quantitative measures or estimates relating to human outcomes or AD interventions. It focuses on basic science research findings.
   - **Not Met**

### Exclusion Criteria Evaluation
1. **Pathogen: Not about Alzheimer's Disease (exclude studies on other pathogens)**
   - The study is about Alzheimer's Disease.
   - **Not Applicable** (study is relevant).

2. **Language: Non-English**
   - The abstract is in English.
   - **Not Applicable** (study is relevant).

3. **Publication type: Conference proceedings, abstracts, posters, correspondence**
   - Since we are dealing with an abstract, this may qualify as a type that should be excluded unless it is part of a larger body of work that was peer-reviewed and considered essential. However, given the stated guidelines, abstracts generally fall under this category for exclusion.
   - **Exclude**

4. **Study design: In-vitro studies only (no human or animal component)**
   - The study does involve animal subjects and is not in-vitro only.
   - **Not Applicable** (study is relevant).

5. **Study design: Solely animal studies AND animal studies that do not report transmission parameters**
   - The study is solely animal-based (5xFAD mouse model) and does not report on any parameters related to human cognitive outcomes or AD-related interventions relevant to the systematic review.
   - **Exclude**

6. **Outbreak type: Accidental laboratory outbreaks (not natural disease transmission)**
   - This is not applicable as the study does not concern outbreaks.
   - **Not Applicable**

### Conclusion
Given that the abstract does not meet key inclusion criteria, particularly involving human subjects and the focus on quantitative cognitive outcomes directly relevant to Alzheimer's Disease interventions, it falls under the exclusion criteria due to being an animal study and the abstract format.

Thus, the final decision is:
<decision>EXCLUDE</decision>",EXCLUDE,False,2026-08-01T06:18:11.660388
PMID_40393205,PubMed,40393205,,10.1016/j.jocn.2025.111338,Anti-Amyloid Agents: A Self-Fulfilling prophecy.,"Giannakis, Alexandros; Konitsiotis, Spiridon",Journal of clinical neuroscience : official journal of the Neurosurgical Society of Australasia,2025,"The introduction of anti-amyloid antibodies has ushered in a new era in the treatment of Alzheimer's disease (AD), coinciding with the revision of its diagnostic criteria, which now focus on the biological definition of AD, with amyloid beta at its core. However, despite being fully aligned with these criteria-and therefore with how we define the disease-amyloid-targeting therapies have not yielded the expected results. How can a treatment targeting the very core of the disease be ineffective? Perhaps because AD, as we have defined it, is not actually the disease that afflicts millions of patients worldwide. Patients with conditions related to AD, such as apolipoprotein ε4 allele (APOE4) homozygotes, patients receiving anticoagulant therapy for atrial fibrillation, and those with microhemorrhages, are excluded from treatment. Several other pathogenetic mechanisms continue to arise, including neuroinflammation, cerebrovascular disease, and metal ion dysregulation. At the same time, Alzheimer's pathology frequently coexists with other brain pathologies in AD patients, the roles and interactions of which remain largely unknown. Thus, AD should be redefined as a multifactorial neurodegenerative disorder, in which various processes contribute to amyloid accumulation or independently drive neurodegeneration.",https://pubmed.ncbi.nlm.nih.gov/40393205/,,,alzheimers,(Alzheimer Disease[MeSH] OR Alzheimer[tiab] OR amyloid beta[tiab] OR tau protein[tiab]) AND (treatment[tiab] OR intervention[tiab] OR therapy[tiab]),2026-07-27T15:34:14+00:00,,,,,,"To assess whether the provided abstract should be included in the systematic review on Alzheimer's Disease, we will evaluate it against the inclusion and exclusion criteria step by step.

## Inclusion Criteria
1. **Pathogen**: Must be about Alzheimer's Disease.  
   - The abstract clearly discusses Alzheimer's Disease and its treatments. **Criterion met.**

2. **Language**: English only.  
   - The abstract is in English. **Criterion met.**

3. **Study type**: Peer-reviewed, original research (note systematic reviews/meta-analyses for special consideration).  
   - The abstract does not specify if it is original research or a systematic review/meta-analysis; it appears to summarize findings rather than presenting new research. **Criterion not met.**

4. **Population**: Human subjects (animal studies acceptable if reporting specific parameters).  
   - The content discusses Alzheimer’s Disease in relation to human patients. **Criterion met.**

5. **Content**: Must contain AT LEAST ONE of the specified quantitative measures of disease.  
   - The abstract discusses the efficacy of anti-amyloid antibodies and highlights factors influencing treatment outcomes, but it does not provide quantitative details regarding cognitive outcomes, transmission, or severity measures. **Criterion not met.**

## Exclusion Criteria
1. **Pathogen**: Not about Alzheimer's Disease (exclude studies on other pathogens).  
   - The abstract is about Alzheimer's Disease. **Criterion not applicable.**

2. **Language**: Non-English.  
   - The abstract is in English. **Criterion not applicable.**

3. **Publication type**: Conference proceedings, abstracts, posters, correspondence.  
   - The abstract appears to be from a more comprehensive study and might fall under the category of a stated abstract as it presents a broad discussion and lacks complete findings. **Criterion met.**

4. **Study design**: In-vitro studies only (no human or animal component).  
   - The abstract discusses human disease and treatment. **Criterion not applicable.**

5. **Study design**: Solely animal studies AND animal studies that do not report transmission parameters.  
   - The study does not concern animal studies. **Criterion not applicable.**

6. **Outbreak type**: Accidental laboratory outbreaks (not natural disease transmission).  
   - The abstract does not discuss an outbreak. **Criterion not applicable.**

## Conclusion
The abstract fails to meet necessary inclusion criteria, particularly those regarding the type of study and quantitative outcomes relevant to the systematic review's objectives. It lacks concrete data related to cognitive outcomes, which are essential for report inclusion. 

Thus, the decision is to exclude this study.

<decision>EXCLUDE</decision>",EXCLUDE,False,2026-08-01T06:18:11.660478
PMID_40370762,PubMed,40370762,PMC11490655,10.1177/25424823251342182,Exploring the link between GLP-1 receptor agonists and dementia: A comprehensive review.,"Chuansangeam, Mallika; Phadungsaksawasdi, Pawit; Park, Hyo Jin; Yang, Yuan-Han",Journal of Alzheimer's disease reports,2025,"Type 2 diabetes mellitus (T2DM) and insulin resistance are associated with an increased risk of cognitive decline and dementia, including Alzheimer's disease (AD). Glucagon-like peptide-1 receptor agonists (GLP-1RAs), originally developed for glycemic control, are emerging as neuroprotective agents. This review evaluates the evidence regarding the effects of GLP-1RAs in populations with T2DM-both with and without cognitive impairment, as well as in individuals diagnosed with AD. We conducted a comprehensive literature search and identified ten studies for inclusion: six randomized controlled trials, one prospective open-label study, and three observational studies. GLP-1RAs consistently demonstrated cognitive benefits in patients with T2DM, even in the absence of metabolic improvements. In cases of early dementia or AD, GLP-1RA treatment preserved brain metabolism and connectivity but did not significantly alter amyloid or tau biomarkers. Notably, cognitive improvements were most evident in individuals with higher body mass index (BMI) or obesity. While some studies reported neural functional changes via imaging, direct modifications in established AD biomarkers were not consistently observed. In conclusion, GLP-1RAs may improve cognitive outcomes and brain function, particularly in the early stages of neurodegeneration and among high-risk T2DM populations. Further well-designed clinical trials are needed to evaluate the impacts of GLP-1RAs on both the clinical progression and underlying pathology of dementia.",https://pubmed.ncbi.nlm.nih.gov/40370762/,,,alzheimers,(Alzheimer Disease[MeSH] OR Alzheimer[tiab] OR amyloid beta[tiab] OR tau protein[tiab]) AND (treatment[tiab] OR intervention[tiab] OR therapy[tiab]),2026-07-27T15:34:14+00:00,,,,,,"To evaluate the provided abstract against the defined inclusion and exclusion criteria, we will analyze each criterion explicitly.

### Inclusion Criteria
1. **Pathogen**: The study is about Alzheimer's Disease. 
   - **Met**: Yes, it focuses on Alzheimer's disease as it discusses the effects of GLP-1 receptor agonists on cognitive outcomes in AD patients.
  
2. **Language**: The paper is in English.
   - **Met**: Yes, the abstract is in English.
  
3. **Study type**: It must be peer-reviewed original research (note systematic reviews/meta-analyses for special consideration).
   - **Met**: Yes, it is a comprehensive review, which is noted for special consideration as a systematic review of studies.
  
4. **Population**: Human subjects with Alzheimer's disease or mild cognitive impairment must be involved.
   - **Met**: Yes, it evaluates effects on individuals diagnosed with Alzheimer's disease.
  
5. **Content**: Must contain AT LEAST ONE of the specified quantitative details or measures.
   - **Not fully met**: While the abstract mentions cognitive benefits and brain function, it does not provide quantitative data such as specific cognitive scores (e.g., MMSE, ADAS-Cog), nor does it report actual values of observed changes in cognitive outcomes or biomarkers, which are necessary for this criterion.

### Exclusion Criteria
1. **Pathogen**: Not about Alzheimer's Disease.
   - **Met**: No, it is specifically about Alzheimer's Disease.
  
2. **Language**: Non-English.
   - **Met**: No, it is in English.
  
3. **Publication type**: Conference proceedings, abstracts, posters, correspondence.
   - **Met**: No, it is a peer-reviewed article rather than a conference proceeding or similar.
  
4. **Study design**: In-vitro studies only (no human or animal component).
   - **Met**: No, it includes human studies.
  
5. **Study design**: Solely animal studies AND animal studies that do not report transmission parameters.
   - **Met**: No, it does not include animal studies.
  
6. **Outbreak type**: Accidental laboratory outbreaks.
   - **Met**: No, this study does not pertain to outbreak transmission.

### Conclusion
The abstract appears to meet the primary focus of the inclusion criteria regarding pathogenesis, population, language, and study type. However, it does not fulfill the content requirement of providing explicit quantitative cognitive outcomes, which is a crucial aspect of the systematic review's goals.

Given that the paper does not provide the necessary quantitative cognitive outcome measures as specified in our inclusion criteria, despite being relevant to our general topic of interest, it fails to meet a key inclusion criterion.

<decision>EXCLUDE</decision>",EXCLUDE,False,2026-08-01T06:18:11.660569
PMID_40306616,PubMed,40306616,PMC6633464,10.1523/jneurosci.6284-09.2010,Phase-dependent closed-loop deep brain stimulation of the fornix provides bidirectional manipulation of hippocampal theta oscillations.,"Grennan, Isaac; Perry, Brook; Verghese, Anna; Jones, Melissa; Härmson, Oliver; McNamara, Colin G; Sharott, Andrew",Brain stimulation,2025,"INTRODUCTION: Alzheimer's disease (AD) has very limited treatment options and therapies to prevent or reverse neurodegeneration remain elusive. Deep brain stimulation (DBS), whereby high-frequency pulses of electricity are delivered continuously to a specific part of the brain, has been trialled as an experimental treatment for AD. In AD patients, continuous, high frequency DBS targeted to the fornix (fx-DBS) has been shown to be safe, but not reliably effective across patients. In movement disorders, high-frequency DBS is thought to act as a virtual lesion, disrupting pathophysiological activity. In AD, it may be more advantageous to use stimulation to reinforce or rebuild oscillatory activities that are disrupted by the disease process. A primary candidate for such a target is the hippocampal theta oscillation, which provides a temporal framework for mnemonic processing and is altered in rodent models of AD.
MATERIAL AND METHODS: We applied closed-loop electrical stimulation to the fornix of rats traversing a linear track, triggered by different phases of the ongoing theta oscillation in the hippocampal local field potential (LFP) using the OscillTrack algorithm.
RESULTS: Stimulation at different target phases could robustly suppress or amplify the theta oscillation, and these effects were significantly larger than those caused by open-loop replay of the same stimulation pattern. Amplification of the theta oscillation could be achieved irrespective of the locomotor speed of the animal, showing that it did not result from a secondary effect of behavioural change.
CONCLUSIONS: Our findings demonstrate that closed-loop fx-DBS is a viable method of modulating the amplitude of hippocampal theta oscillations that could be applied in human devices to provide a constructive intervention with the potential to boost memory circuit function in AD.",https://pubmed.ncbi.nlm.nih.gov/40306616/,,,alzheimers,(Alzheimer Disease[MeSH] OR Alzheimer[tiab] OR amyloid beta[tiab] OR tau protein[tiab]) AND (treatment[tiab] OR intervention[tiab] OR therapy[tiab]),2026-07-27T15:34:14+00:00,,,,,,"To assess the provided abstract against the inclusion and exclusion criteria for the systematic review on Alzheimer's Disease, we can proceed as follows:

### Inclusion Criteria Evaluation
1. **Pathogen: Must be about Alzheimer's Disease**  
   - Met. The study pertains to Alzheimer's Disease (AD).
  
2. **Language: English only**  
   - Met. The abstract is in English.
  
3. **Study type: Peer-reviewed, original research (note systematic reviews/meta-analyses for special consideration)**  
   - Met. This appears to be original research focused on AD.

4. **Population: Human subjects (animal studies acceptable if reporting EITHER)**  
   - Not met. The study involves rats, and while it discusses AD, it does not involve human subjects.

5. **Content: Must contain AT LEAST ONE of:**  
   - Not applicable since the population criterion is not met. However, examining for compliance:  
     a) No quantitative details of human outbreak  
     b) No mathematical or statistical model of disease transmission  
     c) Measures/estimates of transmission parameters are not applicable here as it's an animal study  
     d) No measures/estimates of timing parameters  
     e) No measures/estimates of severity  
     f) No measures/estimates of genetic evolution  
     g) No measures of overdispersion or superspreading  
     h) No seroprevalence data or serological surveys  
     i) No risk factors measured or estimated  
     j) Not applicable as there are no vector parameters discussed  

### Exclusion Criteria Evaluation
1. **Pathogen: Not about Alzheimer's Disease (exclude studies on other pathogens)**  
   - Not applicable. The study is focused on Alzheimer's Disease.
   
2. **Language: Non-English**  
   - Not applicable. The study is in English.

3. **Publication type: Conference proceedings, abstracts, posters, correspondence**  
   - Not indicated whether this abstract belongs to one of these types, but it is likely to be part of an original study rather than a summary.

4. **Study design: In-vitro studies only (no human or animal component)**  
   - Not applicable. The study involves animal models.

5. **Study design: Solely animal studies AND animal studies that do not report transmission parameters (R0, Rt, Re, r, growth rate, mutation rate)**  
   - Met. The study is solely animal-based and does not report the necessary transmission parameters relevant to the pathogen-focused criteria.

6. **Outbreak type: Accidental laboratory outbreaks (not natural disease transmission)**  
   - Not applicable. This criterion does not apply as it pertains to the nature of transmission.

### Conclusion
The study fails to meet the essential inclusion criterion regarding the population involved (it uses an animal model rather than human subjects). Therefore, despite focusing on Alzheimer's Disease and exploring an innovative intervention, the absence of human subject involvement leads to exclusion.

<decision>EXCLUDE</decision>",EXCLUDE,False,2026-08-01T06:18:11.660657
PMID_40070152,PubMed,40070152,,10.1021/acschemneuro.4c00753,A Brain-Penetrating Foldamer Rescues Aβ Aggregation-Associated Alzheimer's Disease Phenotypes in In Vivo Models.,"Baysah, Charles Zuwu; Dohoney, Ryan A; Palanikumar, L; Stillman, Nicholas H; Penney, Alexandra L; Sola, Andres D; Paredes, Daniel A; Magzoub, Mazin; Kumar, Sunil",ACS chemical neuroscience,2025,"Alzheimer's disease (AD) is a progressive neurodegenerative disorder that is the leading cause of dementia, affecting nearly 55 million people across the world. One of the central pathological factors associated with AD is the aggregation of Aβ42, a peptide product cleaved through pathological processes in AD. Under pathological conditions, Aβ42 aggregates into insoluble plaques in the brain and impairs the function of neurons, which contributes to the cognitive decline associated with AD. Therefore, the modulation of Aβ42 aggregation is considered a potential therapeutic intervention for AD. Using an Oligoquinoline-based foldamer library, we have identified a potent foldamer antagonist (SK-131) of Aβ42 aggregation. SK-131 inhibits the aggregation by inducing a α-helical structure in monomeric Aβ42. Here, we demonstrated that SK-131 rescues Aβ42 aggregation-associated phenotypes in AD cellular and multiple Caenorhabditis elegans AD models, including intracellular inhibition of Aβ42 aggregation, rescue of behavioral deficits, and attenuation of reactive oxygen species. It efficiently crosses the blood-brain barrier and demonstrates favorable pharmaceutical properties. It also potently inhibits Zn2+-mediated Aβ42 aggregation by potentially displacing Zn2+ from Aβ42. In summary, we have identified a potent brain-penetrating foldamer that efficiently rescues AD phenotypes in in vivo models. Unlike most of the therapeutic approaches that target Aβ aggregates, we have identified and validated a novel therapeutic pathway by inducing structural change in Aβ and rescuing AD phenotypes in in vivo models. This study will further aid in the quest to identify lead therapeutics to slow or stop the progression of AD.",https://pubmed.ncbi.nlm.nih.gov/40070152/,,,alzheimers,(Alzheimer Disease[MeSH] OR Alzheimer[tiab] OR amyloid beta[tiab] OR tau protein[tiab]) AND (treatment[tiab] OR intervention[tiab] OR therapy[tiab]),2026-07-27T15:34:14+00:00,,,,,,"**Step-by-Step Evaluation Against Inclusion and Exclusion Criteria:**

### Inclusion Criteria

1. **Pathogen: Must be about Alzheimer's Disease**
   - The study is explicitly about Alzheimer's Disease (AD).
   - **Criteria met.**

2. **Language: English only**
   - The abstract is written in English.
   - **Criteria met.**

3. **Study type: Peer-reviewed, original research (note systematic reviews/meta-analyses for special consideration)**
   - The abstract appears to be original research based on the description provided.
   - **Criteria met.**

4. **Population: Human subjects (animal studies acceptable if reporting EITHER...)**
   - The study describes findings in in vivo models and Caenorhabditis elegans, which are not human subjects.
   - **Criteria not met.**

5. **Content: Must contain AT LEAST ONE of...**
   - The focus is on rescuing Aβ aggregation-associated phenotypes and has quantitative descriptions of the therapeutic intervention and its effects on AD-related outcomes, although the specific cognitive outcomes relevant to the systematic review (MMSE, ADAS-Cog, CDR scores) are not mentioned.
   - It demonstrates the modulation of Aβ42 aggregation, which is relevant but lacks a focus on direct cognitive outcomes measured by the specified scales.
   - **Criteria partially met.** 

### Exclusion Criteria

1. **Pathogen: Not about Alzheimer's Disease (exclude studies on other pathogens)**
   - The study is about Alzheimer’s Disease.
   - **Criteria not met for exclusion.**

2. **Language: Non-English**
   - The abstract is in English.
   - **Criteria not met for exclusion.**

3. **Publication type: Conference proceedings, abstracts, posters, correspondence**
   - The abstract is presented in the context of research findings (not stated to be part of conference proceedings), suggesting it might be from a peer-reviewed journal.
   - **Criteria not met for exclusion.**

4. **Study design: In-vitro studies only (no human or animal component)**
   - The study does not only involve in-vitro studies; it mentions animal models.
   - **Criteria not met for exclusion.**

5. **Study design: Solely animal studies AND animal studies that do not report transmission parameters...**
   - The study primarily uses in vivo models and does not fit the criteria for exclusion based on the absence of human subjects.
   - **Criteria not met for exclusion.**

6. **Outbreak type: Accidental laboratory outbreaks (not natural disease transmission)**
   - This criterion does not apply as the study is not focused on outbreak transmission.
   - **Criteria not met for exclusion.**

### Conclusion

While the abstract discusses relevant biological mechanisms associated with Alzheimer’s Disease and introduces a potential therapeutic agent, it does not involve human subjects nor does it report quantitative cognitive outcomes (MMSE, ADAS-Cog, CDR scores) that align with the systematic review's focus. Thus, based on the strict application of the inclusion criteria, the study cannot be included.

<decision>EXCLUDE</decision>",EXCLUDE,False,2026-08-01T06:18:11.660745
PMID_39973550,PubMed,39973550,,10.24976/discov.med.202537193.21,Research Progress on Alzheimer's Disease Biomarkers Based on the ATX(N) Framework.,"Cao, Haojun; Zhang, Wenxuan; Lin, Jixin; Yu, Enyan",Discovery medicine,2025,"Alzheimer's disease (AD) is a progressive neurodegenerative disorder. Early diagnosis and treatment of AD are of paramount importance, with the concept of biomarkers being intrinsically linked to diagnosis and therapy. Biomarkers are indices that can be objectively measured to indicate normal biological processes, pathological conditions, or responses to therapeutic interventions. In 2023, the National Institute on Aging and Alzheimer's Association released updated clinical diagnostic guidelines, refining the 2018 research framework. These guidelines categorize AD biomarkers into three types: core AD biomarkers, non-specific biomarkers of tissue response related to AD pathophysiology, and biomarkers for non-AD comorbidities, thus enhancing the amyloid/tau/x/neurodegeneration (ATX(N)) framework. This article aimed to provide a comprehensive overview of the advancements within the ATX(N) framework and the progress in the study of various biomarkers under this framework. It analyzes how biomarkers can facilitate early disease diagnosis, discusses the challenges of translating biomarkers into effective treatments, and explores their therapeutic prospects.",https://pubmed.ncbi.nlm.nih.gov/39973550/,,,alzheimers,(Alzheimer Disease[MeSH] OR Alzheimer[tiab] OR amyloid beta[tiab] OR tau protein[tiab]) AND (treatment[tiab] OR intervention[tiab] OR therapy[tiab]),2026-07-27T15:34:14+00:00,,,,,,"Let’s evaluate the provided abstract against the systematic review's inclusion and exclusion criteria step by step.

### Inclusion Criteria

1. **Pathogen:** The study is about Alzheimer's Disease. **(Met)**
2. **Language:** The abstract is in English. **(Met)**
3. **Study Type:** The abstract is from a peer-reviewed source and appears to be original research (not a systematic review/meta-analysis). **(Met)**
4. **Population:** The abstract discusses biomarkers related to Alzheimer's Disease. However, it does not mention the population specifically (like confirmed AD patients). **(Indeterminate)**
5. **Content:** The abstract discusses biomarkers and their application in the context of Alzheimer's Disease, which are relevant to the systematic review. It hints at quantitative measures related to biomarkers, although it does not explicitly report cognitive outcomes like MMSE or ADAS-Cog. **(Indeterminate)**

### Exclusion Criteria

1. **Pathogen:** The study is about Alzheimer's Disease (not excluded). **(Not met)**
2. **Language:** The abstract is in English (not excluded). **(Not met)**
3. **Publication Type:** There’s no indication that this is a conference proceeding, abstract, or poster; it appears to be a formal article. **(Not met)**
4. **Study Design:** The abstract does not suggest that it is solely in-vitro studies; it discusses human biomarkers and their relevance to treatment. **(Not met)**
5. **Study Design:** The study is not solely animal-based, and it discusses human health, specifically Alzheimer's Disease. **(Not met)**
6. **Outbreak Type:** The study does not pertain to laboratory outbreaks, as it focuses on biomarkers and not on outbreaks. **(Not met)**

### Conclusion
The abstract mainly focuses on biomarkers related to Alzheimer's Disease, which aligns with one of the objectives of the systematic review, specifically summarising biomarker data, but it is less clear if it reports quantitative cognitive outcomes or mentions a specific population with confirmed Alzheimer's Disease. Therefore, it is not definitely included under the inclusion criteria due to those ambiguities.

As this study provides insights into biomarkers, there is a potential relevance. However, the lack of specific outcomes and not clearly fitting the inclusion criteria points towards exclusion.

Thus, based on the evaluation:

<decision>EXCLUDE</decision>",EXCLUDE,False,2026-08-01T06:18:11.660835
PMID_39917595,PubMed,39917595,PMC11325729,10.1186/s12916-014-0192-4,Thinking About It All Together: A Descriptive Analysis to Understand Comorbidities in People Living With Dementia.,"Zhang, Yuchen; Deng, Zhirui; Seaman, Jennifer; Koleck, Theresa A",Health science reports,2025,"BACKGROUND AND AIMS: The prevalence of Alzheimer's disease and related dementia (ADRD) is on the rise. There is a corresponding escalation in the number of persons living with dementia who require complex, longitudinal support in care due to the progressive declines in cognitive and clinical profiles of persons living with dementia when delivering individualized person-centered care that promotes overall health and well-being. Hence, we aim to describe the presence and patterns of co-occurring comorbidities in persons living with dementia.
METHODS: This study is a retrospective, cross-sectional descriptive analysis based on curated electronic health record data from the All of Us Research Program from October 1, 2015, to June 30, 2022. We included individuals who were 65 years of age or older with at least one dementia-related diagnosis. We categorized 14 comorbidities by the Charlson Comorbidity Index, and defined all diseases based on the International Classification of Diseases Tenth Revision Diagnosis codes. We employed descriptive statistics and visualized data with UpSet Plots. Demographic characteristics (i.e., age, sex, race, and ethnicity) between people with and without co-occurring comorbidities were compared with either chi-square or Wilcoxon signed-rank tests.
RESULTS: Persons living with dementia (N = 4003) were a mean of 73 years old, 72.5% non-Hispanic White, and 47.5% female. Approximately 87% of persons living with dementia were diagnosed with at least one additional comorbidity. The most common comorbidities included diabetes (67.82%), renal disease (40.24%), chronic pulmonary disease (39.85%), congestive heart failure (37.37%), and peripheral vascular disease (34.57%). Heterogeneous patterns of co-occurring comorbidity were noted among persons living with dementia.
CONCLUSION: Our study demonstrates the high prevalence of co-occurring comorbid illness among persons living with dementia. It is critical that the impact of these co-occurring conditions on patients' disease trajectories be better understood to promote treatment choices that are person-centered and goal-concordant.",https://pubmed.ncbi.nlm.nih.gov/39917595/,,,alzheimers,(Alzheimer Disease[MeSH] OR Alzheimer[tiab] OR amyloid beta[tiab] OR tau protein[tiab]) AND (treatment[tiab] OR intervention[tiab] OR therapy[tiab]),2026-07-27T15:34:14+00:00,,,,,,"## Assessment of the Abstract Against Inclusion and Exclusion Criteria

### Inclusion Criteria
1. **Pathogen**: Must be about Alzheimer's Disease.
   - The study mentions Alzheimer's disease and related dementia (ADRD), so it meets this criterion.

2. **Language**: English only.
   - The abstract is in English, so this criterion is met.

3. **Study type**: Peer-reviewed, original research (note systematic reviews/meta-analyses for special consideration).
   - The study describes itself as a retrospective, cross-sectional descriptive analysis. However, it is not clear if this is peer-reviewed original research or just a descriptive report without peer-review. The information provided does not confirm this, leading to uncertainty.

4. **Population**: Human subjects (animal studies acceptable with specific parameters).
   - The study involves individuals aged 65 years and older with a dementia-related diagnosis, so this criterion is met.

5. **Content**: Must contain AT LEAST ONE of the specified content measures.
   - The study discusses comorbidities in individuals with dementia but does not provide direct cognitive outcome measures such as MMSE or ADAS-Cog scores. Therefore, this criterion is not fully met.

### Exclusion Criteria
1. **Pathogen**: Not about Alzheimer's Disease (exclude studies on other pathogens).
   - The study focuses on Alzheimer's disease, so it does not fall under this exclusion criterion.

2. **Language**: Non-English.
   - The abstract is in English, so this criterion does not apply.

3. **Publication type**: Conference proceedings, abstracts, posters, correspondence.
   - The format of the provided abstract does not clarify whether it is from a conference or peer-reviewed original research. If it is solely an abstract from a conference, it may fall under this criterion. 

4. **Study design**: In-vitro studies only (no human or animal component).
   - This study includes human subjects involving retrospective data analysis, so it does not apply.

5. **Study design**: Solely animal studies AND animal studies that do not report transmission parameters.
   - This does not apply as it involves human studies.

6. **Outbreak type**: Accidental laboratory outbreaks (not natural disease transmission).
   - Not applicable to this study as it does not discuss outbreaks.

### Conclusion
While the study investigates an aspect of Alzheimer's disease, it does not provide direct cognitive outcomes or quantitative details relating to the specific needs of the systematic review. Furthermore, it is unclear if it is peer-reviewed original research or merely an abstract. Based on these points, the criteria for inclusion are not fully satisfied.

Thus, the final decision is:
<decision>EXCLUDE</decision>",EXCLUDE,False,2026-08-01T06:18:11.660928
PMID_39858522,PubMed,39858522,PMC9700500,10.1038/s43587-023-00402-4,Deciphering the Role of Adrenergic Receptors in Alzheimer's Disease: Paving the Way for Innovative Therapies.,"Miliotou, Androulla N; Kotsoni, Andria; Zacharia, Lefteris C",Biomolecules,2025,"Neurodegenerative diseases are currently among the most devastating diseases with no effective disease-modifying drugs in the market, with Alzheimer's disease (AD) being the most prevalent. AD is a complex multifactorial neurodegenerative disorder characterized by progressive and severe cognitive impairment and memory loss. It is the most common cause of progressive memory loss (dementia) in the elderly, and to date, there is no effective treatment to cure or slow disease progression substantially. The role of adrenergic receptors in the pathogenesis of Alzheimer's disease and other tauopathies is poorly understood or investigated. Recently, some studies indicated a potential benefit of drugs acting on the adrenergic receptors for AD and dementias, although due to the heterogeneity of the drug classes used, the results on the whole remain inconclusive. The scope of this review article is to comprehensively review the literature on the possible role of adrenergic receptors in neurodegenerative diseases, stemming from the use of agonists and antagonists including antihypertensive and asthma drugs acting on the adrenergic receptors, but also from animal models and in vitro models where these receptors have been studied. Ultimately, we hope to obtain a better understanding of the role of these receptors, identify the gaps in knowledge, and explore the possibility of repurposing such drugs for AD, given their long history of use and safety.",https://pubmed.ncbi.nlm.nih.gov/39858522/,,,alzheimers,(Alzheimer Disease[MeSH] OR Alzheimer[tiab] OR amyloid beta[tiab] OR tau protein[tiab]) AND (treatment[tiab] OR intervention[tiab] OR therapy[tiab]),2026-07-27T15:34:14+00:00,,,,,,"To assess the abstract against the specified criteria for inclusion or exclusion, we will methodically evaluate it based on the defined inclusion and exclusion criteria.

### Inclusion Criteria Evaluation
1. **Pathogen: Must be about Alzheimer's Disease**
   - The abstract clearly discusses Alzheimer's Disease (AD) throughout. This criterion is met.

2. **Language: English only**
   - The abstract is in English, which meets the criterion.

3. **Study type: Peer-reviewed, original research (note systematic reviews/meta-analyses for special consideration)**
   - The abstract appears to be from a review article rather than presenting original research or systematic review findings. While it is likely peer-reviewed, it is not original research, which suggests this criterion is not fully met.

4. **Population: Human subjects (animal studies acceptable under specific circumstances)**
   - The abstract references literature on the role of adrenergic receptors in AD and the potential impact of certain drugs; however, it also mentions studies conducted on animal models and in vitro. It does not specify data pertaining exclusively to human subjects, which may not fulfill this criterion.

5. **Content: Must contain AT LEAST ONE of:**
   - The abstract discusses potential pharmacological interventions (adrenergic receptor drugs), which could touch on cognitive outcomes. However, it lacks specific quantitative details about cognitive outcomes or any measurements related to cognitive testing (e.g., MMSE, ADAS-Cog, CDR scores). This means it does not adequately meet the content requirement.

### Exclusion Criteria Evaluation
1. **Pathogen: Not about Alzheimer's Disease**
   - The abstract is explicitly about Alzheimer's Disease. This criterion is not applicable for exclusion.

2. **Language: Non-English**
   - The abstract is in English, thus not grounds for exclusion.

3. **Publication type: Conference proceedings, abstracts, posters, correspondence**
   - The abstract is from a review article; therefore, this criterion is not applicable for exclusion.

4. **Study design: In-vitro studies only (no human or animal component)**
   - The abstract acknowledges the use of in vitro models; however, it does not specify that it solely focuses on in vitro studies. Therefore, this criterion may not apply directly.

5. **Study design: Solely animal studies AND animal studies that do not report transmission parameters (R0, Rt, Re, r, growth rate, mutation rate)**
   - The abstract does reference animal models, but it does not primarily focus on these animal studies. Hence, it does not fully meet this exclusion criterion.

6. **Outbreak type: Accidental laboratory outbreaks (not natural disease transmission)**
   - Not relevant in this context as the abstract does not discuss outbreaks.

### Conclusion
The abstract discusses potential pharmacological interventions for Alzheimer's Disease and hints at cognitive outcomes but does not provide concrete data or results on cognitive measurements. It primarily focuses on reviewing existing literature rather than presenting new research findings. Given that it is classified as a review article without providing human subject data or tangible outcomes, the criteria for inclusion are not wholly satisfied.

Therefore, based on the evaluation above, the decision is:
<decision>EXCLUDE</decision>",EXCLUDE,False,2026-08-01T06:18:11.661024
PMID_39841316,PubMed,39841316,PMC7316822,10.1016/j.ijbiomac.2024.130090,Apigenin-mediated MARK4 inhibition: a novel approach in advancing Alzheimer's disease therapeutics.,"Hussain, Afzal; Jairajpuri, Deeba Shamim; Anwar, Saleha; Choudhury, Arunabh; Hawwal, Mohammed F; Firdous, Anam; Alajmi, Mohamed F; Hassan, Md Imtaiyaz",Molecular diversity,2025,"Apigenin, a dietary flavonoid with notable anti-cancer properties, has emerged as a promising candidate for the treatment of neurodegenerative disorders, particularly Alzheimer's disease (AD). While extensively studied for its ability to modulate key molecular pathways in cancers, apigenin also exerts neuroprotective effects by reducing neuroinflammation, protecting neurons from oxidative stress, and enhancing neuronal survival and synaptic plasticity. This dual functionality makes apigenin an intriguing therapeutic option for diseases like AD, where kinase dysregulation plays a central role. In this study, we focus on Microtubule Affinity-Regulating Kinase 4 (MARK4), a key enzyme implicated in tauopathies associated with AD, as well as in cancer progression. Through in silico analysis, we explore the interaction between apigenin and MARK4, revealing significant structural changes within the kinase domain upon ligand binding. These computational findings were confirmed via experimental assays using purified recombinant MARK4, where apigenin demonstrated potent inhibition with an IC50 value of 2.39 µM. Fluorescence binding assays further confirmed a strong binding affinity (Ka = 108 M-1), indicating that apigenin efficiently occupies the MARK4 active site, thereby suppressing its enzymatic activity. These results position apigenin as a potent inhibitor of MARK4, offering a dual therapeutic advantage-both as an anti-cancer agent and as a neuroprotective compound for the potential treatment of AD. This study opens new avenues for the development of apigenin-based therapeutics targeting kinase dysregulation in cancer and neurodegeneration.",https://pubmed.ncbi.nlm.nih.gov/39841316/,,,alzheimers,(Alzheimer Disease[MeSH] OR Alzheimer[tiab] OR amyloid beta[tiab] OR tau protein[tiab]) AND (treatment[tiab] OR intervention[tiab] OR therapy[tiab]),2026-07-27T15:34:14+00:00,,,,,,"To determine whether this study should be included or excluded from the systematic review on Alzheimer's Disease, I will evaluate it against the inclusion and exclusion criteria step by step.

### Inclusion Criteria Assessment
1. **Pathogen**: The study is about Alzheimer's Disease, which satisfies this criterion.
   
2. **Language**: The abstract is in English, which meets the language requirement.

3. **Study type**: The study presents original research and is peer-reviewed, which qualifies under this criterion. While it is primarily a mechanistic study focusing on apigenin's effects on MARK4, it still deals with the implications for Alzheimer's therapeutics.

4. **Population**: The study does not explicitly mention whether it involved human subjects or animals. However, it discusses a therapeutic effect on Alzheimer's Disease, suggesting a focus on the human condition, which aligns with the review's aim.

5. **Content**: 
   - The study investigates a potential intervention (apigenin) and its effect on MARK4 in Alzheimer's Disease, which aligns with the aim of documenting pharmacological interventions.
   - However, it lacks the specific cognitive outcome measures (MMSE, ADAS-Cog, CDR scores) mentioned in the inclusion criteria.

### Exclusion Criteria Assessment
1. **Pathogen**: Not applicable, as it focuses on Alzheimer's Disease.

2. **Language**: Not applicable, as it is in English.

3. **Publication type**: Not applicable; it is not a conference proceeding, abstract, or correspondence but a peer-reviewed study.

4. **Study design**: Since the abstract focuses primarily on in silico analysis and in vitro (using purified recombinant MARK4), it does not report direct results from human studies, which could lean towards exclusion based on the intention of focusing on human subjects.

5. **Study design**: The focus on biochemical assays, especially if they are solely in vitro without any results from human populations or clinical settings, does not align with the desired studies for inclusion.

6. **Outbreak type**: Not applicable, as it does not pertain to any outbreaks.

### Conclusion
Given that the study does not report on human subjects nor includes quantifiable cognitive outcome measures, it leans towards exclusion based on the systematic review's criteria. The potential relevance is acknowledged, but the lack of concrete evidence related to cognitive outcome measures or direct human application diminishes its fit for inclusion.

Based on the evaluation of the criteria:
<decision>EXCLUDE</decision>",EXCLUDE,False,2026-08-01T06:18:11.661113
PMID_39746450,PubMed,39746450,,10.1016/j.jaclp.2024.12.004,"Cognitive, Behavioral, and Functional Outcomes of Suspected Mild Traumatic Brain Injury in Community-Dwelling Older Persons Without Mild Cognitive Impairment or Dementia.","Guan, Dylan X; Peters, Matthew E; Pike, G Bruce; Ballard, Clive; Creese, Byron; Corbett, Anne; Pickering, Ellie; Roach, Pamela; Smith, Eric E; Ismail, Zahinoor",Journal of the Academy of Consultation-Liaison Psychiatry,2025,"BACKGROUND: Traumatic brain injury is associated with greater risk and earlier onset of dementia.
OBJECTIVE: This study investigated whether later-life changes in subjective cognition and behavior - potential markers of Alzheimer disease - could be observed in cognitively unimpaired older persons with a history of suspected mild traumatic brain injury (smTBI) earlier in life and whether changes in cognition and behavior mediated the link between smTBI and daily function.
METHODS: Data for 1392 participants from the Canadian Platform for Research Online to Investigate Health, Quality of Life, Cognition, Behaviour, Function, and Caregiving in Aging were analyzed. A validated self-reported brain injury screening questionnaire was used to determine the history of smTBI. Outcomes were measured using the Everyday Cognition scale (for subjective cognitive decline [SCD]), Mild Behavioral Impairment (MBI) Checklist, and Standard Assessment of Global Everyday Activities (for function). Inverse probability of treatment weighted logistic and negative binomial regressions were used to model smTBI (exposure) associations with SCD and MBI statuses, and Everyday Cognition-II and MBI Checklist total scores, respectively. Mediation analyses were conducted using bootstrapping.
RESULTS: History of smTBI was linked to higher odds of SCD (odds ratio = 1.45, 95% confidence interval: [1.14-1.84]) or MBI (odds ratio = 1.75, 95% confidence interval: [1.54-1.98]), as well as 24% (95% confidence interval: [18%-31%]) higher Everyday Cognition-II and 52% (95% confidence interval: [41%-63%]) higher MBI Checklist total scores. Finally, SCD and MBI mediated approximately 45% and 56%, respectively, of the association between smTBI history and poorer function, as indicated by higher Standard Assessment of Global Everyday Activities total scores.
CONCLUSIONS: smTBI at any point in the life course is linked to poorer cognition and behavior even in community-dwelling older persons without MCI or dementia. Older persons with smTBI may benefit from early dementia risk assessment using tools that measure changes in cognition and behavior. Interventions for declining cognition and behavior may also be beneficial in this population to address functional impairment.",https://pubmed.ncbi.nlm.nih.gov/39746450/,,,alzheimers,(Alzheimer Disease[MeSH] OR Alzheimer[tiab] OR amyloid beta[tiab] OR tau protein[tiab]) AND (treatment[tiab] OR intervention[tiab] OR therapy[tiab]),2026-07-27T15:34:14+00:00,,,,,,"To determine the inclusion or exclusion of this study, we will evaluate it against the summarized systematic review criteria.

### Inclusion Criteria
1. **Pathogen**: The study is focused on a context relevant to Alzheimer's disease (specifically, it looks at cognitive impacts potentially linked to Alzheimer's in older persons after mild traumatic brain injury). This might not fully meet the requirement, as it does not directly explore Alzheimer's disease or its characteristic changes, but rather looks at potential markers within a different population.
   
2. **Language**: The abstract is in English. This criterion is met.

3. **Study type**: The study is peer-reviewed original research; it does not consist of a systematic review or meta-analysis but appears to fit the consideration for original research. This criterion is met.

4. **Population**: The study involves older persons who are cognitively unimpaired; thus, it does not focus specifically on confirmed Alzheimer's disease or mild cognitive impairment as required by the inclusion criteria. Therefore, this criterion is not met.

5. **Content**: Although the study uses cognitive outcome measures (SCD and MBI), it does not specifically measure outcomes mentioned in the inclusion criteria, such as MMSE, ADAS-Cog, or CDR scores. Therefore, this criterion is not met.

### Exclusion Criteria
1. **Pathogen**: The study is about Alzheimer's disease indirectly. However, without a direct focus on patients with confirmed Alzheimer's disease, it is somewhat relevant but aligns more with implications rather than a direct study of the disease itself.
   
2. **Language**: Met, as it is in English.

3. **Publication type**: Met, since it is original research.

4. **Study design**: The study does not solely consist of in-vitro studies; thus, this criterion is met.

5. **Study design**: This does not apply as the study involves human subjects and does not solely focus on animal studies.

6. **Outbreak type**: This exclusion criterion does not apply as it pertains to transmission dynamics in infectious disease rather than Alzheimer's.

### Conclusion
Considering the criteria, this paper does not strictly meet the inclusion criteria due to its focus on a population without confirmed Alzheimer's disease, and its cognitive measures are not aligned with the specified outcomes needed for inclusion. Therefore, it does not provide the expected direct insights into Alzheimer's disease necessary for the systematic review goals.

Thus, I conclude with the following decision:
<decision>EXCLUDE</decision>",EXCLUDE,False,2026-08-01T06:18:11.661215
PMID_39719647,PubMed,39719647,PMC6822168,10.1126/scitranslmed.aat0344,"Expression of nicastrin, NICD1, and Hes1 in NCSTN knockout mice: implications for hidradenitis suppurativa, Alzheimer's, and liver cancer.","Yan, Lu; Song, Yin-Sen; Zhou, Jian; Zhu, Lin; Shi, Tian-Wei; Yu, Hui-Qian; Dong, Zi-Qing; Wang, Wei; Long, Ting; Liu, Hao-Ying; Shi, Zhe-Ye; Li, Jian-Guo",European journal of medical research,2024,"BACKGROUND: Nicastrin, a subunit of the γ-secretase complex, is encoded by the NCSTN gene and regulates notch signaling, it is involved in the pathogenesis of hidradenitis suppurativa (HS), Alzheimer disease (AD), and liver cancer. However, the animal models for studying HS are relatively scarce.
METHODS: CRISPR/Cas-mediated genetic engineering was used to generate targeted knockout offspring mice (C57BL/6J). Different doses (10 mg/kg, 20 mg/kg, and 30 mg/kg) and injection methods (subcutaneous/intraperitoneal/gavage injection) of tamoxifen were used to induce the construction of NCSTN knockout mice (mice model). The expressions of nicastrin, NICD1, hes1 in skin, brain, and liver tissue in mice model and wild-type (WT) mice were measured by qRT-PCR and IHC.
RESULTS: The construction of mice model was successfully induced by tamoxifen, knockout efficiency was 93%, there was no difference in knockout efficiency among three doses, injection methods, genders (P > 0.05). HS-like lesions appeared on the skin of NCSTN knockout mice after 1 month of treatment with tamoxifen, male mice had a higher number of skin lesions compared to female mice (male vs female = 76.5% vs 41.7%, P = 0.027). Compared with WT mice, the expressions of nicastrin (skin P = 0.0009, brain P = 0.0194, liver P = 0.0066), NICD1 (skin P = 0.0115, brain P = 0.0307, liver P = 0.008), hes1 (skin P = 0.0476, brain P = 0.0143, liver P = 0.0003) in mice model all decreased.
CONCLUSIONS: The NCSTN knockout mouse might be employed as HS animal model; Reducing nicastrin may affect the expression of notch1-hes1 pathway molecules in skin, brain, and liver tissues; low dose (10 mg/kg/d) tamoxifen could be used to induce the deletion of the target gene in mice.",https://pubmed.ncbi.nlm.nih.gov/39719647/,,,alzheimers,(Alzheimer Disease[MeSH] OR Alzheimer[tiab] OR amyloid beta[tiab] OR tau protein[tiab]) AND (treatment[tiab] OR intervention[tiab] OR therapy[tiab]),2026-07-27T15:34:14+00:00,,,,,,"Let's assess the abstract step by step against the inclusion and exclusion criteria:

### Inclusion Criteria
1. **Pathogen**: The study is about Alzheimer's Disease (AD), so this criterion is met.
2. **Language**: The abstract is in English, meeting this criterion.
3. **Study type**: This study appears to be original research involving animal models, which typically does not fit the systematic review's focus on human subjects.
4. **Population**: The research involves NCSTN knockout mice, which are not human subjects. Therefore, this criterion is not met, as it specifically focuses on human studies.
5. **Content**: The abstract does not include any quantitative details of human outcomes or cognitive measures (such as MMSE, ADAS-Cog, or CDR scores), thus failing to meet this criterion.

### Exclusion Criteria
1. **Pathogen**: The study is indeed about Alzheimer's Disease, so it does not warrant exclusion on this basis.
2. **Language**: English language requirement is met, so this does not apply for exclusion.
3. **Publication type**: The abstract does not indicate that it is a conference proceeding, abstract, or similar publication type; hence, this does not apply for exclusion.
4. **Study design**: The study involves in-vivo animal research without a human component. While the study discusses implications for Alzheimer's disease, it does not qualify under the review's inclusion criteria, which focus on humans.
5. **Study design**: Solely animal studies are excluded since they do not involve human subjects. This criterion applies here.

### Conclusion
Based on the evaluation:
- The study focuses on non-human subjects (mice), which does not align with the systematic review's interest in humans with Alzheimer's Disease or mild cognitive impairment.
- It does not report on cognitive outcomes or interventions relevant to humans.

Given this reasoning, the study does not meet the inclusion criteria and falls under the exclusion criteria.

<decision>EXCLUDE</decision>",EXCLUDE,False,2026-08-01T06:18:11.661320
PMID_39693374,PubMed,39693374,PMC4802361,10.1080/13607863.2012.692768,How Do Researchers Identify and Recruit Dementia Caregivers? A Scoping Review.,"Kashyap, Bhavani; Crouse, Bethany; Fields, Beth; Aguirre, Alyssa; Ali, Talha; Hays, Rachel; Li, Xiaojuan; Shapiro, Lily N; Tao, Meng-Hua; Vaughn, Ivana A; Hanson, Leah R",The Gerontologist,2024,"BACKGROUND AND OBJECTIVES: Studies involving dementia caregivers are essential to transform care and inform new policies. However, identifying and recruiting this population for research is an ongoing challenge. This scoping review aimed to capture the current methodology for identifying and recruiting dementia caregivers in clinical studies. A focus was placed on methods for underrepresented populations and pragmatic trials to guide pragmatic and equitable clinical studies.
RESEARCH DESIGN AND METHODS: Researchers conducted a literature search using PubMed, PsycINFO, EMBASE, and Web of Science databases. Studies conducted in the US that enrolled at least 10 caregivers and were published within the last 10 years (2013-2023) were included.
RESULTS: Overall, 148 articles were included in the review. The most common method for identification was community outreach, and paper advertisements for recruitment. Caregivers were most often approached in community settings, formal organizations, and/or dementia research centers. Most enrolled caregivers were female, White, and spouses of persons living with dementia. Race and ethnicity were underreported, as were the target recruitment goals. Limited studies were self-reported as pragmatic. Additionally, limited studies reported adaptations for methods of identification and recruitment in underrepresented populations.
DISCUSSION AND IMPLICATIONS: We identified gaps in current practices for the identification and recruitment of dementia caregivers. Future identification and recruitment methodologies should be tailored to the intervention's intent, health care setting, and the research questions that need to be answered, while balancing available resources. Additionally, transparent reporting of identification and recruitment procedures, target recruitment goals, and comprehensive demographic data is warranted.",https://pubmed.ncbi.nlm.nih.gov/39693374/,,,alzheimers,(Alzheimer Disease[MeSH] OR Alzheimer[tiab] OR amyloid beta[tiab] OR tau protein[tiab]) AND (treatment[tiab] OR intervention[tiab] OR therapy[tiab]),2026-07-27T15:34:14+00:00,,,,,,"To evaluate the abstract for inclusion in the systematic review, we will assess it against the inclusion and exclusion criteria systematically.

### Inclusion Criteria

1. **Pathogen: Must be about Alzheimer's Disease.**
   - The paper does not focus on Alzheimer’s disease specifically; it centers on dementia caregivers. While Alzheimer’s is a type of dementia, the abstract does not mention Alzheimer’s disease directly.

2. **Language: English only.**
   - The abstract is in English. This criterion is met.

3. **Study type: Peer-reviewed, original research (note systematic reviews/meta-analyses for special consideration).**
   - This abstract describes a scoping review, which does qualify as a systematic review/meta-analysis. This criterion can be considered met.

4. **Population: Human subjects.**
   - The study involves human subjects (dementia caregivers). This criterion is met.

5. **Content: Must contain AT LEAST ONE of the specified measures.**
   - The abstract does not provide quantitative details of cognitive outcomes, transmission parameters, or any of the other specified content types related to Alzheimer's disease itself. It centers on recruitment strategies for caregivers rather than outcomes or interventions relevant to Alzheimer's disease.

### Exclusion Criteria

1. **Pathogen: Not about Alzheimer's Disease.**
   - As mentioned, the focus on caregiving rather than Alzheimer's disease itself leads to exclusion based on this criterion.

2. **Language: Non-English.**
   - This criterion is not applicable as the language is English.

3. **Publication type: Conference proceedings, abstracts, posters, correspondence.**
   - The nature of this study as a scoping review does not fall under these categories. This criterion is not applicable.

4. **Study design: In-vitro studies only (no human or animal component).**
   - This study involves human subjects. This criterion is not applicable.

5. **Study design: Solely animal studies AND animal studies that do not report transmission parameters.**
   - This criterion is not applicable as the study involves human subjects.

6. **Outbreak type: Accidental laboratory outbreaks (not natural disease transmission).**
   - This criterion is not applicable as it does not relate to the subject matter of this abstract.

### Conclusion
The abstract does not focus directly on Alzheimer's disease and does not provide specific outcomes related to pharmacological or non-pharmacological interventions applicable to the criteria of this systematic review. The focus on caregiver recruitment, although related to dementia, does not meet the strict inclusion requirements concerning outcomes or studies specifically on Alzheimer’s disease.

Thus, the final decision based on the assessment is:

<decision>EXCLUDE</decision>",EXCLUDE,False,2026-08-01T06:18:11.661408
PMID_39683391,PubMed,39683391,PMC6454201,10.3389/fnagi.2019.00072,Food Functional Factors in Alzheimer's Disease Intervention: Current Research Progress.,"Nie, Rong-Zu; Luo, Huo-Min; Liu, Ya-Ping; Wang, Shuang-Shuang; Hou, Yan-Jie; Chen, Chen; Wang, Hang; Lv, Hui-Lin; Tao, Xing-Yue; Jing, Zhao-Hui; Zhang, Hao-Kun; Li, Pei-Feng",Nutrients,2024,"Alzheimer's disease (AD) is a complex multifactorial neurodegenerative disease. With the escalating aging of the global population, the societal burden of this disease is increasing. Although drugs are available for the treatment of AD, their efficacy is limited and there remains no effective cure. Therefore, the identification of safe and effective prevention and treatment strategies is urgently needed. Functional factors in foods encompass a variety of natural and safe bioactive substances that show potential in the prevention and treatment of AD. However, current research focused on the use of these functional factors for the prevention and treatment of AD is in its initial stages, and a complete theoretical and application system remains to be determined. An increasing number of recent studies have found that functional factors such as polyphenols, polysaccharides, unsaturated fatty acids, melatonin, and caffeine have positive effects in delaying the progression of AD and improving cognitive function. For example, polyphenols exhibit antioxidant, anti-inflammatory, and neuroprotective effects, and polysaccharides promote neuronal growth and inhibit inflammation and oxidative stress. Additionally, unsaturated fatty acids inhibit Aβ production and Tau protein phosphorylation and reduce neuroinflammation, and melatonin has been shown to protect nerve cells and improve cognitive function by regulating mitochondrial homeostasis and autophagy. Caffeine has also been shown to inhibit inflammation and reduce neuronal damage. Future research should further explore the mechanisms of action of these functional factors and develop relevant functional foods or nutritional supplements to provide new strategies and support for the prevention and treatment of AD.",https://pubmed.ncbi.nlm.nih.gov/39683391/,,,alzheimers,(Alzheimer Disease[MeSH] OR Alzheimer[tiab] OR amyloid beta[tiab] OR tau protein[tiab]) AND (treatment[tiab] OR intervention[tiab] OR therapy[tiab]),2026-07-27T15:34:14+00:00,,,,,,"### Step-by-Step Screening Against Criteria

1. **Pathogen: Must be about Alzheimer's Disease**
   - The title and abstract clearly focus on Alzheimer's Disease (AD). This criterion is met.

2. **Language: English only**
   - The abstract is in English. This criterion is met.

3. **Study type: Peer-reviewed, original research (note systematic reviews/meta-analyses for special consideration)**
   - The abstract appears to summarize original research, discussing current progress on functional factors in AD intervention. This criterion is met.

4. **Population: Human subjects (animal studies acceptable if reporting specific parameters)**
   - While the abstract discusses various functional factors impacting AD, it does not specify whether human subjects were part of the studies or if it relied solely on animal studies. Given that the focus is on interventions for AD, it is reasonable to infer a focus on human subjects, but the abstract does not explicitly confirm this. There’s uncertainty here, but lean toward inclusion for relevance.

5. **Content: Must contain AT LEAST ONE of:**
   - The abstract discusses the positive effects of various functional factors on cognitive function in AD, indicating cognitive outcomes. This fits the inclusion criteria. Thus, this criterion is met.

### Evaluation of Exclusion Criteria

1. **Pathogen: Not about Alzheimer's Disease**
   - The study is about Alzheimer's Disease. This criterion does not apply.

2. **Language: Non-English**
   - The abstract is in English. This criterion does not apply.

3. **Publication type: Conference proceedings, abstracts, posters, correspondence**
   - The abstract discusses research progress and has the structure of a summarized paper. However, if it were presented in a conference setting, it might fall under proceedings. Nevertheless, it appears to present original data. Caution dictates not to exclude prematurely. 

4. **Study design: In-vitro studies only (no human or animal component)**
   - The study discusses functional factors with potential effects on Alzheimer's Disease but fails to specify if any human or animal studies were included. Given the exploratory nature of researching functional foods, this might imply a broader scope including human data. 

5. **Study design: Solely animal studies AND animal studies that do not report transmission parameters**
   - Not applicable since it centers on human applications.

6. **Outbreak type: Accidental laboratory outbreaks (not natural disease transmission)**
   - This criterion does not apply as it focuses on Alzheimer’s Disease intervention rather than infectious disease outbreaks.

### Conclusion
The abstract meets the inclusion criteria while only displaying some uncertainty around the specificity of human data involvement due to the lack of clarity. However, it is relevant to the review, discussing cognitive outcomes through non-pharmacological interventions—specifically functional factors, which might be of considerable interest.

I will conclude that this study should be included in the systematic review based on the relevance and potential insights it provides.

<decision>INCLUDE</decision>",INCLUDE,True,2026-08-01T06:18:11.661498
