article_id,source,pmid,pmcid,doi,title,authors,journal,year,abstract,url,openalex_id,openalex_pdf_url,pathogen,query,harvested_at,downloaded,downloaded_path,download_attempted_at,download_source,download_error
PMID_42554324,PubMed,42554324,,10.18071/isz.79.0284,Globoid cell leukodystrophy (Krabbe disease).,"Sinkó, Gabriella; Dénes, Eszter; Farkas, Gábor; Tompa, Márton; Kálmán, Bernadette",Ideggyogyaszati szemle,2026,"Background - Globoid cell leukodystrophy or Krabbe disease is a rare condition caused by biallelic pathogenic variants in the GALC gene. Accumulation of the metabolic intermedier galactosyl ceramide and psychosine leads to the death of myelin-producing cells. Demyelination results in large amounts of myelin debries that exceed the clearence capacity of microglial cells and macrophages and cause their transformation into globoid cells.Case presentation - We present the case of a currently 17 months old girl whose motor and cognitive development was noted to be delayed at 4 month of age. She had episodes of febrile enteritis followed by focal seizures and spasms with increasing frequency. Her neurological exam was significant for irritability, lack of eye contact, lethargy, increased limb tone, axial hypotonia, few spontaneous movements, sluggish deep reflexes, frequent myoclonus, and automatisms (chewing motions). The seizures were difficult to control. Her cranial MRI revealed confluent white matter abnormalities in the hemispheral white matter, cerebellum and brainstem suggesting an underlying metabolic abnormality. Whole exome sequencing identified two likely pathogenic variants in trans within the GALC gene, establishing the diagnosis of globoid cell leukodystrophy. At the time of diagnosis, hematopoietic stem cell transplantation (HSCT) was not recommended due to the advanced disease. Antiseizure medications and supportive therapy have been the means of controlling her symptoms.Conclusion - Infantile Krabbe disease is a severe progressive disorder leading to death in 2-3 years. The only currently approved disease modifying therapy is HSCT that is effective only in early stages and is not without risks itself. There are numerous preclinical and clinical studies involving various forms of corrective gene therapy that may halt or reverse the course of this dismal condition.",https://pubmed.ncbi.nlm.nih.gov/42554324/,,,multiple_sclerosis,(Multiple Sclerosis[MeSH] OR multiple sclerosis[tiab] OR demyelination[tiab] OR myelin[tiab]) AND (treatment[tiab] OR intervention[tiab] OR therapy[tiab]),2026-08-05T17:36:12+00:00,,,,,
PMID_42554308,PubMed,42554308,,10.1080/09593985.2026.2713001,"The effect of online physical activity monitoring on physical activity level, psychological health, fatigue, and quality of life in patients with multiple sclerosis: a randomized controlled trial.","Candiri, Busra; Demirtas Karaoba, Dilan; Talu, Burcu; Tecellioglu, Mehmet",Physiotherapy theory and practice,2026,"BACKGROUND: It is known that individuals with multiple sclerosis (MS) have lower levels of physical activity compared to the healthy population. Encouraging and continuous monitoring ofphysical activity through digital reminders can be beneficial in increasing physical activity levels.
OBJECTIVE: The aim of this study was to investigate the effects of continuous monitoring of walking-based physical activity, supported by reminders using a messaging application, on physical activity level, psychological health, and quality of life.
METHODS: Forty-two individuals with MS were randomly assigned to either experimental (EG = 22) or control (CG = 20) groups. The EG group was informed three times a week about the benefits of daily physical activity, then reminded to walk, and their daily step counts were recorded.The CG received a general briefing at baseline and then only recorded daily step counts. The outcomes were change in step count after 8 weeks of follow-up and International Physical Activity Questionnaire-Short Form (IPAQ), Beck Depression Inventory II (BDI), Beck Anxiety Inventory (BAI), and International Multiple Sclerosis Quality of Life Study (MSQoL-54).
RESULTS: A significant difference was found between the IPAQ-Walking and IPAQ-Total groups (p = .042 and p = .010, respectively). In EG, IPAQ-Walking showed a significant increase with a large effect (p = .001, Cohen d = 0.843), while there was no difference in CG (p = .108). No significant difference was observed in BDI and BAI after the intervention (p > .05). In MSQoL-54, no significant difference was observed between groups in all subscales (p > .05). In EG, a significant change with moderate to large effect sizes was recorded in all subgroups (p < .05, Cohen d = 0.661-1.483). A significant group ×time interaction was shown for step counts (F = 192.63, p = .018).
CONCLUSION: While improvements in psychological health and quality of life indicators did not differ significantly between groups, findings suggest that digital reminder-based apps arefeasible, accessible, and cost-effective option for supporting physical activity in MS.",https://pubmed.ncbi.nlm.nih.gov/42554308/,,,multiple_sclerosis,(Multiple Sclerosis[MeSH] OR multiple sclerosis[tiab] OR demyelination[tiab] OR myelin[tiab]) AND (treatment[tiab] OR intervention[tiab] OR therapy[tiab]),2026-08-05T17:36:12+00:00,,,,,
PMID_42553837,PubMed,42553837,PMC11940579,10.1159/000553157,Autoimmune-Like Hepatitis Triggered by Methylprednisolone: A Case Report about the Paradox of Treating DILI with the Offending Drug.,"Simas, Diogo; Gonçalves, André Ruge; Gomes, Plácido; Russo, Pedro; Cotrim, Isabel; Vasconcelos, Helena",GE Portuguese journal of gastroenterology,2026,"INTRODUCTION: Acute liver failure with an autoimmune phenotype can result from various causes, including autoimmune hepatitis (AIH) or drug-induced liver injury (DILI) with autoimmune features. Rarely, corticosteroids themselves may trigger autoimmune-like liver injury, further complicating the differentiation between AIH and DILI.
CASE PRESENTATION: We report a 57-year-old woman with multiple sclerosis who received high-dose intravenous methylprednisolone (1 g/day for 5 days) 6 weeks prior to presentation. She was admitted with severe fatigue, jaundice, asterixis, and laboratory findings consistent with acute liver failure (total bilirubin 12.6 mg/dL, direct bilirubin 5.88 mg/dL, INR 1.95, and elevated ammonia). Abdominal and brain computed tomography were unremarkable. IgG levels were 2,506 mg/dL (upper limit 1,600), with positive antinuclear antibodies (titer 1:320) and negative anti-smooth muscle and anti-mitochondrial antibodies. Extensive workup excluded viral hepatitis, metabolic disorders, and other common causes of liver injury. Transjugular liver biopsy demonstrated moderate periportal and severe lobular hepatitis with plasmacytic infiltration and centrilobular necrosis, without significant fibrosis, consistent with an autoimmune-like pattern. The patient received prednisolone (1 mg/kg/day) with rapid biochemical improvement. Azathioprine was introduced during hospitalization but later discontinued by the patient. Long-term follow-up showed normalization of liver tests and IgG levels without relapse, supporting a diagnosis of drug-induced autoimmune-like hepatitis (DI-ALH).
DISCUSSION: The temporal association with methylprednisolone, exclusion of alternative etiologies, and the absence of relapse after discontinuation of immunosuppressive therapy suggest corticosteroid-DI-ALH rather than primary AIH. This paradoxical presentation is rare, as corticosteroids are generally used therapeutically in AIH or in severe DI-ALH rather than as a causative agent, highlighting the need for awareness of atypical drug-induced hepatotoxicity. This case underscores the diagnostic challenges in distinguishing DI-ALH from AIH, particularly when corticosteroids are implicated, and emphasizes the importance of long-term follow-up to confirm resolution and guide management.",https://pubmed.ncbi.nlm.nih.gov/42553837/,,,multiple_sclerosis,(Multiple Sclerosis[MeSH] OR multiple sclerosis[tiab] OR demyelination[tiab] OR myelin[tiab]) AND (treatment[tiab] OR intervention[tiab] OR therapy[tiab]),2026-08-05T17:36:12+00:00,,,,,
PMID_42553257,PubMed,42553257,PMC10443237,10.3390/antib12030050,Association of therapeutic plasma exchange with functional outcomes in selected neurological disorders: a retrospective cohort study from a single tertiary center in Saudi Arabia.,"Ammar, Fatemah I; Aljahdali, Esraa; Alshrif, Amal; Alshareef, Asmaa; Faidah, Dania; Almohammadi, Mohammed; Makkawi, Seraj",Frontiers in neurology,2026,"BACKGROUND: Neurological disorders are associated with considerable morbidity and healthcare impact. Therapeutic plasma exchange (TPE) is an intervention that removes pathogenic antibodies, immune complexes, and other plasma constituents from circulation. Previous studies have suggested that TPE could be associated with improved outcomes in selected neurological disorders.
OBJECTIVES: To evaluate functional outcomes following therapeutic plasma exchange in patients with selected neurological disorders at National Guard Health Affairs (NGHA) in Jeddah, Saudi Arabia.
METHODS: This retrospective cohort study analyzes 133 patients diagnosed with various neurological disorders who received TPE between August 2015 and December 2022 at NGHA. Diagnoses included multiple sclerosis (MS), myasthenia gravis (MG), Guillain-Barré syndrome (GBS), neuromyelitis optica spectrum disorder (NMOSD), chronic inflammatory demyelinating polyneuropathy (CIDP), autoimmune encephalitis (AE), and other neurological conditions including amyotrophic lateral sclerosis (ALS), transverse myelitis, cerebellar ataxia, paraneoplastic neurologic syndrome, polymyositis, and central nervous system (CNS) infections. The effectiveness of TPE was assessed using the Modified Rankin Scale (mRS) before and 90 days following the final TPE session. Statistical analysis included Wilcoxon signed-rank tests and Mann-Whitney U test, with significance set at (p < 0.05).
RESULTS: Significant improvements in mRS scores were observed following TPE for MS, MG, and GBS (all p < 0.001), as well as for NMOSD (p = 0.008), CIDP (p = 0.007), and AE (p = 0.018), but not in other neurological disorders (p = 0.234). Overall mortality was 6.8%, with no TPE-related deaths. Comorbidities among deceased patients included hypertension, diabetes mellitus, malignancy, chronic kidney disease, and cardiovascular disease.
CONCLUSION: TPE was associated with improved functional outcomes in selected neurological disorders. Comorbidities were common among patients with poorer outcomes. Due to the retrospective design and potential confounding factors, causal inferences cannot be established. Further prospective studies are warranted to evaluate the role of TPE and optimize patient selection.",https://pubmed.ncbi.nlm.nih.gov/42553257/,,,multiple_sclerosis,(Multiple Sclerosis[MeSH] OR multiple sclerosis[tiab] OR demyelination[tiab] OR myelin[tiab]) AND (treatment[tiab] OR intervention[tiab] OR therapy[tiab]),2026-08-05T17:36:12+00:00,,,,,
PMID_42553000,PubMed,42553000,,10.1080/09638288.2026.2711882,Measurements and management of multiple sclerosis-related fatigue: an umbrella review and meta-analysis.,"Hawas, Yousef; Abdelmageed, Ahmed; Abouzid, Mohamed; Hamad, Abdallah Ashraf; El-Moslemani, Mohamed; Saeed, Habiba Tariq; Salama, Esraa Y; Azzawi, Mohammad Al Diab Al; Ewis, Dalia Kamal; Arafa, Abdelfattah; Alnajjar, Asmaa Zakria; Abo Elnaga, Ahmed A; Khalil, Mohamed Moustafa; Rodrigues, Amanda Cyntia Lima Fonseca",Disability and rehabilitation,2026,"PURPOSE: This study aims to synthesize and appraise systematic reviews with meta-analyses that assessed pharmacological, non-pharmacological, and neuromodulatory interventions for MS-related fatigue.
MATERIAL AND METHODS: PubMed, WOS, Scopus, Epistemonikos, and the Cochrane Database of Systematic Reviews were searched till Nov 2025. Effect sizes are reported as standardized mean differences (SMDs) with 95% confidence intervals (CIs). Methodological quality was graded with AMSTAR-2. An exploratory meta-meta-analysis was also performed.
RESULTS: Forty-six systematic reviews with meta-analyses covering 287 primary studies were included. Exercise provided the most consistent benefit: aerobic training produced a modest but reliable reduction in fatigue (SMD -0.32), while resistance exercise (-1.09) and yoga/mind-body formats (-0.70) showed larger but more heterogeneous effects. Cognitive behavioral therapy (CBT) and mindfulness/acceptance therapies yielded small to moderate improvements, while energy-conservation education showed a modest benefit. Vitamin D supplementation yielded a small effect (-0.18). Among neuromodulation approaches, transcranial direct current stimulation demonstrated a significant short-term impact (-1.02).
CONCLUSION: Structured exercise supported by CBT or mindfulness offers the most clinically meaningful relief from MS-related fatigue. Future RCTs should adopt longer follow-up, and use standardized outcome fatigue scales. These conclusions should be interpreted considering the generally low methodological quality of the included reviews.",https://pubmed.ncbi.nlm.nih.gov/42553000/,,,multiple_sclerosis,(Multiple Sclerosis[MeSH] OR multiple sclerosis[tiab] OR demyelination[tiab] OR myelin[tiab]) AND (treatment[tiab] OR intervention[tiab] OR therapy[tiab]),2026-08-05T17:36:12+00:00,,,,,
PMID_42552421,PubMed,42552421,PMC12350173,10.1016/j.jalz.2015.07.198,p75 neurotrophin receptor signaling through the RhoA/ROCK pathway contributes to Tau-mediated neurodegeneration.,"Liao, Kang; Xie, Meng; Ibáñez, Carlos F",Molecular psychiatry,2026,"Therapeutic development in Alzheimer's Disease (AD) has for the most part been focused on reducing β-amyloid load. Nevertheless, neurofibrillary tangles (NFTs), produced by aggregation of hyper-phosphorylated Tau protein, correlate with neurodegeneration and cognitive impairment significantly better than amyloid accumulation in AD patients. Here we report that P301S mice, a model of Tau-mediated neurodegeneration, carrying mutant variants of the p75 neurotrophin receptor (p75NTR) deficient in RhoA/ROCK signaling are protected from neurodegeneration and cognitive impairment. Both p75∆DD, lacking the death domain, and triple mutant p75KKEA, unable to interact with RhoGDI, decreased insoluble Tau species, reduced gliosis, neurodegeneration and synapse loss, and improved spatial learning and memory in P301S mice. Intriguingly, p75C259A, a variant unresponsive to neurotrophins but still competent for RhoA signaling induced by myelin-derived ligands, did not afford any neuroprotection. P301S neurons expressing p75∆DD or p75KKEA, but not p75C259A, showed reduced phospho-Tau and ROCK and GSK3β activity, the two main kinases responsible for Tau phosphorylation. In line with this, treatment with myelin-associated glycoprotein (MAG) enhanced Tau phosphorylation and ROCK activity in P301S neurons expressing wild type p75NTR or p75C259A, but not p75∆DD or p75KKEA. Together, these results indicate that p75NTR contributes to AD Tauopathy by enhancing the activity of the RhoA-ROCK pathway.",https://pubmed.ncbi.nlm.nih.gov/42552421/,,,multiple_sclerosis,(Multiple Sclerosis[MeSH] OR multiple sclerosis[tiab] OR demyelination[tiab] OR myelin[tiab]) AND (treatment[tiab] OR intervention[tiab] OR therapy[tiab]),2026-08-05T17:36:12+00:00,,,,,
PMID_42552266,PubMed,42552266,PMC12153946,10.1212/nxi.0000000000200415,French expert opinion on the long-term management of relapsing multiple sclerosis with cladribine tablets beyond year 4.,"Ricigliano, Vito A G; Ciron, Jonathan; Bourre, Bertrand; Guennoc, Anne Marie; Castelnovo, G; Deschamps, J; Payet, Marianne; Clavelou, Pierre; Vermersch, Patrick; de Seze, Jérôme; Ayrignac, Xavier",Journal of neurology,2026,"Cladribine tablets (CladT) is a high-efficacy treatment (HET) for the management of relapsing multiple sclerosis (RMS) that acts as an immune reconstitution therapy (IRT). Administered as two short annual courses, CladT has been shown to provide durable disease control in responders for up to 11 years, extending well beyond the short treatment periods. Randomised trials do not offer evidence-based guidance on the therapeutic use of CladT beyond four years post-initiation, leading to variability in long-term management strategies in real-world practice, notably with respect to the possibility of additional treatment. We propose a pragmatic algorithm for long-term treatment with CladT, grounded in currently available data and our French collective clinical experience, intended to assist neurologists in therapeutic decision-making in year 5 and beyond. We suggest a practical classification of patients into two main profiles after the initial 4-year period: those who remain clinically and radiologically stable, and those who exhibit evidence of disease reactivation. A stable profile, which encompasses a large proportion of treated patients, may be managed through continued monitoring or additional treatment, depending on individual presentations and the presence or absence of factors associated with higher likelihood of RMS reactivation before CladT initiation. For patients demonstrating signs of disease activity, options include additional treatment with CladT or transitioning to another HET, according to the severity of inflammatory reactivation.",https://pubmed.ncbi.nlm.nih.gov/42552266/,,,multiple_sclerosis,(Multiple Sclerosis[MeSH] OR multiple sclerosis[tiab] OR demyelination[tiab] OR myelin[tiab]) AND (treatment[tiab] OR intervention[tiab] OR therapy[tiab]),2026-08-05T17:36:12+00:00,,,,,
PMID_42551285,PubMed,42551285,,10.1016/j.msard.2026.107413,Perspectives of participating neurologists and study nurses - Mixed-methods process evaluation of a web-based program for relapse management in multiple sclerosis (POWER@M2).,"Bremer, Lea; Hickstein, Julia; Wenzel, Lisa; Scheiderbauer, Jutta; de Loo, Markus Van; Rahn, Anne Christin; Heesen, Christoph; Köpke, Sascha",Multiple sclerosis and related disorders,2026,"BACKGROUND: Relapsing-remitting multiple sclerosis is a chronic inflammatory disease of the central nervous system and the leading cause of disability in young adults. In Germany, 90% of relapses are treated with high-dose intravenous glucocorticoids, despite limited evidence for long-term benefit and international preference for oral administration. Time constraints often hinder informed decision-making. The multicentre Randomized Controlled Trial (RCT) POWER@MS2 (N = 160, 2020-2023), conducted at 18 German MS-centres, aimed to promote self-determined relapse management through a complex intervention (dialogue-based decision aid, nurse-led webinar, online-chat).
OBJECTIVE: While RCTs demonstrate effectiveness, process evaluations are essential to understand implementation, mechanisms of impact and contextual factors. This study explored healthcare professionals' experiences and attitudes toward implementing relapse self-management and self-medication in clinical practice.
METHODS: A mixed-methods process evaluation followed the UK Medical Research Council- framework. Quantitative data were collected via validated questionnaires at up to three time points and analysed descriptively. Interview guides were developed based on these results. Qualitative data from neurologist and study nurse interviews were thematically analysed. Results were triangulated using a joint display.
RESULTS: Data were collected from 55 neurologists and 17 study nurses (quantitative) and from 7 neurologists and 4 nurses (qualitative) (2020-2024). Most neurologists opposed routine steroid use, reserving it for severe relapses. Some voiced concerns about self-management, but informed patients were generally viewed as capable of safe self-medication. Study nurses gave mixed feedback on the intervention, citing overload and improved guidance.
CONCLUSION: Clinicians showed openness toward implementing the intervention. Enhancing accessibility and addressing specific concerns may support broader adoption.",https://pubmed.ncbi.nlm.nih.gov/42551285/,,,multiple_sclerosis,(Multiple Sclerosis[MeSH] OR multiple sclerosis[tiab] OR demyelination[tiab] OR myelin[tiab]) AND (treatment[tiab] OR intervention[tiab] OR therapy[tiab]),2026-08-05T17:36:12+00:00,,,,,
PMID_42550891,PubMed,42550891,,10.1126/scisignal.aea4402,Adenosine 2A receptor drives microglial efferocytosis to accelerate white matter repair and functional recovery after stroke.,"Deng, Yan; He, Qian; Yao, Bolin; Chen, Xiang; Cheng, Guangli; Xu, Minhua; Hu, Jiachun; Graca, Luis; Zhu, Xiao; Zhang, Xiao-Yong; You, Yan; Li, Cong",Science signaling,2026,"Although reperfusion therapy effectively restores blood flow to occluded brain arteries after ischemic stroke, many patients develop persistent white matter injury, a major contributor to long-term neurological disability. Currently, there are few approved clinical therapies that specifically target white matter repair to enhance functional recovery after stroke. We demonstrated that microglial adenosine 2A receptor (A2AR) is essential for spontaneous white matter regeneration after ischemic injury in mice. Deletion of A2AR in microglia specifically impaired chronic-phase repair without altering the severity of acute ischemic injury. Pharmacological activation of A2AR signaling with blood-brain barrier-permeable agonistic micelles during the early reperfusion phase enhanced white matter structural repair and led to sustained improvements in cognitive and sensorimotor function in mice. Mechanistically, A2AR activation promoted microglial efferocytosis of apoptotic cells and myelin debris in the lesioned white matter, thereby limiting secondary necrosis-induced inflammation, enhancing neurotrophic factor release, and establishing a reparative microenvironment conducive to oligodendrocyte precursor cell differentiation and remyelination. Moreover, A2AR signaling engaged HIF1α-dependent metabolic reprogramming to increase glycolysis, thereby providing the energetic support required for efficient and sustained efferocytosis. Together, these findings identify A2AR as a critical regulator of microglia-mediated white matter repair and a promising therapeutic target for enhancing regeneration after stroke.",https://pubmed.ncbi.nlm.nih.gov/42550891/,,,multiple_sclerosis,(Multiple Sclerosis[MeSH] OR multiple sclerosis[tiab] OR demyelination[tiab] OR myelin[tiab]) AND (treatment[tiab] OR intervention[tiab] OR therapy[tiab]),2026-08-05T17:36:12+00:00,,,,,
PMID_42550793,PubMed,42550793,,10.1159/000553331,Assessment of pain relief and sensory dysfunction outcomes after CyberKnife radiosurgery for trigeminal neuralgia using detailed radiobiologic dose modeling: Results from a retrospective study on large international patient cohort.,"Pantelis, Evaggelos; Moutsatsos, Argyris; Stergioula, Anastasia; Karaiskos, Pantelis; Park, David J; Kattaa, Ahed H; Chuang, Cynthia; Chang, Steven D; Bianchi, Livia Corinna; Redaelli, Irene; Martinotti, Anna Stefania; Beltramo, Giancarlo; Acker, Güliz; Sladek, Diana; Senger, Carolin; Pontoriero, Antonio; Trifiletti, Eleonora; Conti, Alfredo; Romanelli, Pantaleo",Stereotactic and functional neurosurgery,2026,"INTRODUCTION: To evaluate clinical outcomes and identify patient- and treatment-related predictors of pain relief onset, long-term pain control, and sensory dysfunction in patients with medically refractory trigeminal neuralgia (TN) treated with CyberKnife radiosurgery (CKRS), incorporating radiobiologic modeling of delivered doses.
METHODS: A retrospective study was performed across five international institutions, analyzing 560 TN patients treated with CKRS between 2009 and 2024. Demographic, clinical and dosimetric data were collected. Pain and sensory dysfunction outcomes were evaluated using the modified Barrow Neurological Institute Pain Intensity (mBNI-PIS) and Facial Numbness Scales (BNI-FNS), respectively. Logistic regression and Cox proportional hazards models were used to identify predictors of pain relief, latency, long-term pain control, and facial numbness risk. Biological effective dose (BED) distributions were calculated accounting for sublethal DNA damage repair and treatment delivery timelines; retreatments were excluded.
RESULTS: Pain relief (defined as BNI-PIS I-IIIa) was achieved in 92% of patients with a median latency of 12-weeks (range: 0 - 76 weeks). The median follow-up was 50 months (range: 6 - 175 months). Actuarial freedom-from-pain rates were 85%, 78%, 68% and 58% at 12-, 24-, 60- and 120-months, respectively. Bothersome and severely bothersome facial numbness occurred in 5% and 1% of patients, respectively, while an additional 21% experienced non-bothersome numbness. Multivariate analysis identified older age, higher target maximum dose and BED (>1607 Gy2.47) values, and shorter beam-on- and treatment-time as predictors of early pain relief (< 30-days), whereas neurovascular conflict (NVC) predicted delayed response. Older age and NVC were also associated with pain control maintenance. Multiple sclerosis predicted both reduced treatment response and increased pain recurrence risk. Maximum target dose of 77 Gy, and integral BED of 59 mJ2.47 (corresponding to a target volume of 47 mm3) were independently associated with a 10% hypoesthesia risk.
CONCLUSION: CKRS provides high pain relief onset (92%) and durable pain control (68% at 60-months) in TN patients, with low bothersome (5%) and severely bothersome (1%) facial numbness rates. The identified dosimetric thresholds offer practical guidance for optimizing treatment planning while balancing hypoesthesia risk.",https://pubmed.ncbi.nlm.nih.gov/42550793/,,,multiple_sclerosis,(Multiple Sclerosis[MeSH] OR multiple sclerosis[tiab] OR demyelination[tiab] OR myelin[tiab]) AND (treatment[tiab] OR intervention[tiab] OR therapy[tiab]),2026-08-05T17:36:12+00:00,,,,,
PMID_42550249,PubMed,42550249,PMC3109232,10.4103/nrr.nrr-d-23-01508,Microglial 5-LOX-activating protein antagonism alleviates leukotriene-driven neuroinflammation.,"Konings, Julia; Mingneau, Fleur; Chornyi, Serhii; Hansen, Cathrin E; van der Brugt, Rianne T M; van Elk, Tessa G; Bolkaerts, Laura; Batens, Bo; Tóth, Gábor; Lanekoff, Ingela; Vaz, Frédéric M; Cardilli, Alessio; Sels, Marie; van der Pol, Susanne M A; de Vries, Helga E; Giera, Martin; Werz, Oliver; Kessels, Sofie; Verberk, Sanne G S; Bogie, Jeroen F J; Rijnsburger, Merel; Hendriks, Jerome J A; Kooij, Gijs",Acta neuropathologica,2026,"In multiple sclerosis (MS), the chronic, unresolved nature of neuroinflammation within the central nervous system (CNS) remains a major obstacle for effective therapeutic intervention. This challenge arises primarily due to an incomplete understanding of the dysregulated inflammatory and pro-resolving pathways underlying MS lesion progression. Bioactive lipid mediators (LMs), biosynthesized through the coordinated actions of specific enzymes like lipoxygenases (LOX) and cyclooxygenases (COX), are key regulators of both the initiation and resolution of an inflammatory response; however, their spatial organization and functional role during MS pathology have not been fully elucidated. Here, by using pneumatically assisted nanospray desorption electrospray ionization (PA nano-DESI) mass spectrometry imaging and immunohistochemistry, we reveal an increase in the LM leukotriene B4 (LTB4) in human MS white matter compared to controls, with further enrichment in MS lesions relative to perilesional areas, alongside elevated microglial 5-LOX activating protein (FLAP) expression. Pharmacological antagonism of FLAP suppresses LTB4 biosynthesis in human-induced pluripotent stem cell (iPSC)-derived microglia with only marginal effects on the microglia transcriptional phenotype as determined by RNA sequencing. Moreover, in vivo FLAP antagonism ameliorates disease severity and spinal cord inflammatory gene expression in the experimental autoimmune encephalomyelitis (EAE) model, an animal model of MS, in both a prophylactic and therapeutic settings. This coincided with reduced local LTB4 biosynthesis and reduced levels of inflammatory monocytes within the spinal cord during EAE. Together these findings establish the FLAP/LTB4 axis as a driver of neuroinflammation and a druggable therapeutic target for chronic inflammatory CNS disorders like MS.",https://pubmed.ncbi.nlm.nih.gov/42550249/,,,multiple_sclerosis,(Multiple Sclerosis[MeSH] OR multiple sclerosis[tiab] OR demyelination[tiab] OR myelin[tiab]) AND (treatment[tiab] OR intervention[tiab] OR therapy[tiab]),2026-08-05T17:36:12+00:00,,,,,
PMID_42549100,PubMed,42549100,PMC9205973,10.1093/brain/102.1.1,Applications of dynamic gratings in neuro-ophthalmic disorders.,"Zhou, Xinzuo; Wang, Yuexin",Frontiers in medicine,2026,"Traditional static vision-based assessment evaluate only stationary, spatial modulated resolution, leaving early and pathway-specific visual impairments undetected. Dynamic gratings are periodically modulating bright-dark stripe stimuli with precisely controllable spatiotemporal parameters that preferentially engage magnocellular and parvocellular visual pathways. Despite this, dynamic grating has not been applied in routine practice due to a lack of standardized protocols, normative databases, and clearly defined clinical indications. This is a narrative review which comprehensively summarizes the motion patterns of dynamic gratings and their clinical utility in neuro-ophthalmic disorders. The five primary motion patterns include phase-alternating oscillation, drift, translation, appearance-disappearance, and rapid serial visual presentation. Through parameter modulation of dynamic gratings, psychophysical and neurophysiological responses are collected, to provide multidimensional evidence for disease mechanism elucidation, diagnosis, and treatment evaluation. These applications are reviewed spanning a spectrum of ophthalmic and neuro-ophthalmic conditions, including glaucoma, amblyopia, strabismus, Graves' ophthalmopathy, diabetic retinopathy, multiple sclerosis, Parkinson's disease, and schizophrenia. The current research provided a foundation for the application of dynamic gratings in clinical ophthalmology. Potential future research should focus on establishing disease-specfic parameter sets and developing an integrated platform to enable standardized clinical implementation.",https://pubmed.ncbi.nlm.nih.gov/42549100/,,,multiple_sclerosis,(Multiple Sclerosis[MeSH] OR multiple sclerosis[tiab] OR demyelination[tiab] OR myelin[tiab]) AND (treatment[tiab] OR intervention[tiab] OR therapy[tiab]),2026-08-05T17:36:12+00:00,,,,,
PMID_42548876,PubMed,42548876,PMC6442011,10.1038/s41582-018-0058-z,Association between peripheral blood T cell subsets and clinical disability in multiple sclerosis patients.,"Liu, Penju; Liu, Wei; Zhang, Xiaoting; Yuan, Peng",Frontiers in neurology,2026,"BACKGROUND: Multiple sclerosis (MS) is a chronic immune-mediated disorder involving complex interactions among adaptive and innate immune pathways. The relationship between peripheral blood T cell subsets and clinical disability remains inadequately characterized. This study investigated associations between T cell subsets (CD4+, CD8+, CD4+/CD8 + ratio) and Expanded Disability Status Scale (EDSS) scores in MS patients.
METHODS: We conducted a cross-sectional study of 48 MS patients who underwent EDSS scoring and flow cytometric analysis of peripheral blood T cell subsets. Clinical and treatment-related characteristics were also collected. Correlations between T cell parameters and EDSS scores were analyzed using Spearman correlation and multivariable linear regression. Exploratory sensitivity analyses were performed to evaluate the potential influence of disease-modifying therapy (DMT) exposure on the association between CD4+/CD8 + ratio and EDSS.
RESULTS: Forty-eight MS patients (mean age 35.1 ± 5.8 years, 72.9% female) with mean EDSS score of 3.20 ± 1.50 were included. Mean CD4+/CD8 + ratio was 2.76 ± 1.08 and correlated negatively with EDSS scores (r = -0.345, p = 0.016). Stratified analysis showed progressive decline across disability groups: mild (EDSS 0-2.5): 3.19 ± 1.37; moderate (EDSS 3.0-4.5): 2.64 ± 0.81; severe (EDSS ≥ 5.0): 2.13 ± 0.56 (p = 0.050). In the selected covariate-adjusted multivariable model, the association between CD4+/CD8 + ratio and EDSS was attenuated (β = -0.350, p = 0.084). Exploratory treatment-related sensitivity analyses further suggested that this association may be influenced by DMT exposure.
CONCLUSION: CD4+/CD8 + ratio was negatively associated with clinical disability in this cross-sectional MS cohort, and stratified analysis showed a progressive decline across disability severity groups. These findings suggest that CD4+/CD8 + ratio may represent an exploratory peripheral immune indicator associated with disability status in MS.",https://pubmed.ncbi.nlm.nih.gov/42548876/,,,multiple_sclerosis,(Multiple Sclerosis[MeSH] OR multiple sclerosis[tiab] OR demyelination[tiab] OR myelin[tiab]) AND (treatment[tiab] OR intervention[tiab] OR therapy[tiab]),2026-08-05T17:36:12+00:00,,,,,
PMID_42548805,PubMed,42548805,PMC4760851,10.1016/0002-9343(83)91075-6,Case Report: Overlapping multiple sclerosis and neuropsychiatric systemic lupus erythematosus with positive MOG-IgG: a case initially misdiagnosed as depression.,"Wei, Wan; Jin, Tao; Zhang, Liuhai; Sun, Yumeng; Xu, Yangyang; Hong, Xiaoqin",Frontiers in immunology,2026,"We present a 69-year-old female patient who initially manifested with depression and anhedonia, initially misdiagnosed as primary psychiatric illness. She subsequently developed progressive gait instability and cognitive decline. After comprehensive clinical and laboratory evaluation, she was finally diagnosed with multiple sclerosis (MS) complicated by neuropsychiatric systemic lupus erythematosus (NPSLE). Brain magnetic resonance imaging (MRI) revealed multifocal white matter lesions consistent with demyelination. Serologic testing demonstrated positivity for antinuclear antibody (ANA), anti-double-stranded DNA (dsDNA), anti-SS-A/Ro, anti-histone, anti-nucleosome, and anti-centromere antibodies. Cerebrospinal fluid (CSF) examination confirmed intrathecal synthesis of immunoglobulin G (IgG), as evidenced by CSF-restricted oligoclonal bands (OCBs). Serum myelin oligodendrocyte glycoprotein immunoglobulin G (MOG-IgG) was positive at a titer of 1:32, whereas aquaporin-4 (AQP4) antibodies were negative. Based on the clinical manifestations, laboratory results and disease progression, the final diagnosis was established as coexisting MS and NPSLE. The patient achieved clinical improvement after treatment with glucocorticoids and hydroxychloroquine. This case highlights the diagnostic challenges posed by overlapping autoimmune central nervous system (CNS) disorders and underscores the importance of longitudinal assessment in differentiating MS from MOG-IgG-associated disorder (MOGAD) and NPSLE.",https://pubmed.ncbi.nlm.nih.gov/42548805/,,,multiple_sclerosis,(Multiple Sclerosis[MeSH] OR multiple sclerosis[tiab] OR demyelination[tiab] OR myelin[tiab]) AND (treatment[tiab] OR intervention[tiab] OR therapy[tiab]),2026-08-05T17:36:12+00:00,,,,,
PMID_42548291,PubMed,42548291,,10.1177/13524585261473068,Borrelia miyamotoi meningoradiculitis complicating ocrelizumab treatment for multiple sclerosis: A report of three cases.,"Nicolas, Philippe; Beigneux, Ysoline; Guennoc, Anne-Marie; Destras, Gregory; Mossad, Mathieu; Bal, Antonin; Talagrand-Reboul, Emilie; Rodriguez, Christophe; Cappy, Pierre; Gubavu, Camelia; Marignier, Romain; Vukusic, Sandra; Jarraud, Sophie; Maillart, Elisabeth; Josset, Laurence; Pourcher, Valérie","Multiple sclerosis (Houndmills, Basingstoke, England)",2026,"Ocrelizumab is an anti-CD20 monoclonal antibody that is highly effective in multiple sclerosis (MS) but is associated with an increased risk of opportunistic infections that may be difficult to diagnose. We report three MS patients treated with ocrelizumab who developed severe meningoradiculitis. Routine investigations failed to identify any pathogen, whereas metatranscriptomic analysis of cerebrospinal fluid (CSF) detected Borrelia miyamotoi RNA. All patients improved after appropriate antibiotic therapy. B. miyamotoi should be considered in anti-CD20-treated MS patients presenting with meningoradiculitis, and CSF metatranscriptomics should be used to investigate undiagnosed central or peripheral nervous system infections, particularly in immunocompromised individuals. Ocrelizumab is a highly effective treatment widely used in MS but has been associated with an increased risk of infection. We report three cases of B. miyamotoi infections in patients receiving ocrelizumab in which routine laboratory tests failed to detect the pathogen.",https://pubmed.ncbi.nlm.nih.gov/42548291/,,,multiple_sclerosis,(Multiple Sclerosis[MeSH] OR multiple sclerosis[tiab] OR demyelination[tiab] OR myelin[tiab]) AND (treatment[tiab] OR intervention[tiab] OR therapy[tiab]),2026-08-05T17:36:12+00:00,,,,,
PMID_42548205,PubMed,42548205,,10.1177/13524585261467624,Long-term efficacy of cladribine tablets: Results from the MAGNIFY-MS Extension study.,"De Stefano, Nicola; Vermersch, Patrick; Wiendl, Heinz; Barkhof, Frederik; Montalban, Xavier; Achiron, Anat; Derfuss, Tobias; Chan, Andrew; Prat, Alexandre; Leocani, Letizia; Schmierer, Klaus; Sellebjerg, Finn; Nolting, Axel; Petit, Caroline; Guala, Dimitri; Sponton, Laura; Gardner, Lidia; Hodgkinson, Suzanne","Multiple sclerosis (Houndmills, Basingstoke, England)",2026,"BACKGROUND: The Phase IV MAGNIFY-MS Extension study evaluated the long-term efficacy and durability of cladribine tablets (CladT) in participants with highly active relapsing multiple sclerosis (RMS) during treatment-free Years (Y) 3 and 4.
METHODS: Data were analysed for all participants and by subgroups (treatment-naïve vs experienced). Time to no evidence of disease activity (NEDA-3) and first confirmed Symbol Digit Modalities Test (SDMT) score change (⩾4/8 point improvement or ⩽4/8 point worsening) were assessed using Kaplan-Meier analysis. SDMT changes were confirmed if sustained across two visits ⩾166 days apart; others were classified as stable. Percentage brain volume change (PBVC) was analysed using the SIENA-XL method.
RESULTS: Of 270 MAGNIFY-MS participants, 219 entered MAGNIFY-MS Extension (64.8% female; mean age ± standard deviation: 40.4 ± 9.45 years). NEDA-3 rates were 78.6% (Y3), 79.2% (Y4) and 54.2% (Y3-Y4 combined). At Y4, 83.1% had no T1 gadolinium-enhancing lesions, 67.4% had no active T2 lesions, and the annualised relapse rate was 0.09. Mean annualised PBVC was <0.4% in Y4. SDMT scores were 4/8-point stable or improved in 79.0%/88.1% of participants, and 84.5% had no 6-month confirmed disability progression.
CONCLUSION: Two years of short-course CladT provided sustained clinical and cognitive benefits, supporting the potential for treatment-free remission in RMS.
CLINICALTRIALS: gov Identifier: NCT04783935. Date registered: 3 March, 2021.",https://pubmed.ncbi.nlm.nih.gov/42548205/,,,multiple_sclerosis,(Multiple Sclerosis[MeSH] OR multiple sclerosis[tiab] OR demyelination[tiab] OR myelin[tiab]) AND (treatment[tiab] OR intervention[tiab] OR therapy[tiab]),2026-08-05T17:36:12+00:00,,,,,
PMID_42547698,PubMed,42547698,PMC10955145,10.2174/0118743722461284260209104738,Neural Stem Cells in Multiple Sclerosis: A Comprehensive Review of Preclinical and Clinical Evidence for CNS Repair and Translational Hurdles.,"Razzaghi, Elham; Azari, Arezo; Golchin, Ali; Mihanfar, Aynaz",Applied biochemistry and biotechnology,2026,"Multiple sclerosis (MS) is a chronic, immune-mediated, neurodegenerative disease of the central nervous system (CNS) characterized by inflammation, demyelination, and axonal destruction. MS impacts about 2.6 million individuals worldwide, typically presenting a wide array of clinical manifestations, such as motor, sensory, visual, and dementia, often leading to progressive disability. This progressive condition and the accumulation of handicaps draw attention to a crucial unmet need for therapies able to preserve neurons, encourage myelin regeneration, and restore neurological function. Although present conventional treatments mostly target the inflammatory aspects of MS, their effectiveness in treating the underlying neurodegeneration and supporting central nervous system repair is still limited. Recently, stem cell-based therapy and regenerative medicine have become some of the most promising approaches for treating MS. However, progress is subject to challenges and achievements are limited. The current study thoroughly investigates the findings of preclinical and clinical studies on neural stem cell (NSC)-based therapies for MS and highlights the related challenges. Study investigates its possible modes of action, treatment effectiveness, major earlier challenges, and emerging questions in transferring NSC-based therapies into clinical practice, aiming to improve neuroprotection, promote remyelination, and facilitate the repair of damaged CNS tissue. NSC-based therapies hold great potential as a regenerative therapy for MS, however, fundamental questions remain about the optimal delivery, long-term survival, functional integration, and potential immunological responses. To sum up, NSC-based therapies represent a promising new frontier in the next generation of treatments for MS. However, further comprehensive studies are required to conclusively confirm their safety, effectiveness, and long-term advantages.",https://pubmed.ncbi.nlm.nih.gov/42547698/,,,multiple_sclerosis,(Multiple Sclerosis[MeSH] OR multiple sclerosis[tiab] OR demyelination[tiab] OR myelin[tiab]) AND (treatment[tiab] OR intervention[tiab] OR therapy[tiab]),2026-08-05T17:36:12+00:00,,,,,
PMID_42547257,PubMed,42547257,PMC5066574,10.1016/s1474-4422(15)00401-9,Treatment of acute demyelinating encephalomyelitis associated with recent rickettsial infection.,"Dowe, Michael Christopher; Goyal, Tushar",BMJ case reports,2026,"Acute disseminated encephalomyelitis (ADEM) is a rare, immune-mediated demyelinating disorder of the central nervous system that typically follows viral or bacterial infections. There are only two known case reports that describe an association with ADEM post rickettsial infection. A female in her 80s presented with progressive neurological decline, including dysarthria, dysphagia and hemiparesis, following recent treatment in Hong Kong for rickettsial infection. Initial CT brain imaging showed a right subcortical infarct. She deteriorated with encephalopathy and respiratory failure, requiring intubation. MRI revealed extensive brain and spinal demyelination. Infectious, autoimmune and paraneoplastic investigations were negative, while serology revealed markedly elevated spotted fever group antibodies. Treatment with high-dose corticosteroids and plasma exchange therapy resulted in significant neurological recovery. She was discharged after rehabilitation with a good recovery at 70%-80% of pre-morbid function. This case supports a possible post-infectious immune-mediated mechanism linking rickettsia and ADEM and underscores the importance of early recognition and treatment of ADEM.",https://pubmed.ncbi.nlm.nih.gov/42547257/,,,multiple_sclerosis,(Multiple Sclerosis[MeSH] OR multiple sclerosis[tiab] OR demyelination[tiab] OR myelin[tiab]) AND (treatment[tiab] OR intervention[tiab] OR therapy[tiab]),2026-08-05T17:36:12+00:00,,,,,
PMID_42546452,PubMed,42546452,,10.1016/j.jneuroim.2026.579034,Chitinase-1 in cerebrospinal fluid and white matter injury in patients with progressive multiple sclerosis.,"Talbot, J; Højsgaard Chow, H; Romme Christensen, J; Ratzer, R; Holm Hansen, R; Buhelt, S; Mahler, M R; Lundell, H; von Essen, M Rode; Siebner, H R; Kosa, P; Bielekova, B; Sellebjerg, F",Journal of neuroimmunology,2026,"OBJECTIVE: In patients with progressive multiple sclerosis (PMS), previous studies reported increased cerebrospinal fluid (CSF) concentrations of inflammatory biomarkers, but these correlated only weakly with structural damage. We aimed to identify inflammatory CSF biomarkers that associate with tissue damage in PMS.
METHODS: We performed four substudies: [1] A cross-sectional exploratory study of patients with primary (PPMS) or secondary progressive MS (SPMS) (n = 38) in whom we explored correlations between CSF concentrations of 1128 proteins and CSF neurofilament light chain (NFL) and myelin basic protein. [2] A cross-sectional confirmatory study where a protein of main interest, chitinase-1 (CHIT1), was analyzed in 104 patients with PPMS (n = 78) or SPMS (n = 26) and compared with 38 symptomatic controls. [3] Associations between CSF concentrations of CHIT1 and other disease biomarkers including CSF- and magnetic resonance imaging (MRI)-based measures of white matter injury in patients with PPMS (n = 59). [4] A longitudinal study of effects of treatment with methylprednisolone, natalizumab, dimethyl fumarate, or placebo on CHIT1 in CSF in patients with PMS.
RESULTS: Substudy [1] identified three proteins that correlated with CSF NFL: soluble B-cell maturation antigen, CC chemokine ligand 22, and CHIT1. CHIT1 showed a strong correlation with CSF NFL (ρ = 0.61, q = 0.008) and was selected for further analyses. Substudy [2] showed that patients with progressive MS had higher CSF concentrations of CHIT1 than symptomatic controls (all p < 0.001). In substudy [3], CSF concentrations of CHIT1 correlated with increased lesion volume (p < 0.001) and decreased magnetization transfer ratio (p = 0.001) of lesions, decreased fractional anisotropy (p < 0.001) and increased mean diffusivity of normal-appearing white matter (p = 0.044) and lesions (p = 0.005) in patients with PPMS. Substudy [4] showed that natalizumab treatment reduced CSF CHIT1 concentrations (p = 0.005) in PMS.
CONCLUSION: CSF CHIT1 concentrations are associated with neuroaxonal and white matter injury in patients with PPMS and responsive to disease-modifying therapy in PMS.",https://pubmed.ncbi.nlm.nih.gov/42546452/,,,multiple_sclerosis,(Multiple Sclerosis[MeSH] OR multiple sclerosis[tiab] OR demyelination[tiab] OR myelin[tiab]) AND (treatment[tiab] OR intervention[tiab] OR therapy[tiab]),2026-08-05T17:36:12+00:00,,,,,
PMID_42546414,PubMed,42546414,,10.1016/j.pediatrneurol.2026.06.023,A Multidisciplinary Neuropsychology-Neuroimmunology Clinic Model for Pediatric Neuroimmune Disorders.,"Hardy, Duriel; Robles-Lopez, Karla; Evankovich, Karen",Pediatric neurology,2026,"BACKGROUND: Pediatric central nervous system neuroimmune disorders frequently lead to cognitive, emotional, and fatigue-related complications that are often unrecognized, leading to treatment delays. We describe a novel multidisciplinary neuroimmunology-neuropsychology clinic model aimed to enhance access to neuropsychologic evaluations, identify neurocognitive impairment, and facilitate expedited treatment plans.
METHODS: Between February and October 2025, 28 patients <18 years of age with neuroimmune disorders involving the brain underwent performance-based, targeted neuropsychologic screenings before their neuroimmunology appointment. Assessments included measures of verbal memory, processing speed, working memory, attention, fine motor speed, and language. Standalone and embedded performance validity measures were administered. Neuropsychologic assessments and clinical data were retrospectively analyzed.
RESULTS: Diagnoses included multiple sclerosis (n = 3), myelin oligodendrocyte glycoprotein antibody-associated disease (n = 11), aquaporin-4 negative neuromyelitis optica (n = 4), N-methyl-D-aspartate encephalitis (n = 3), and acute disseminated encephalomyelitis (n = 2) with 50% of patients receiving maintenance immunotherapy. Three patients (11%) had prior attention-deficit/hyperactivity disorder diagnoses and one (4%) had a prior autism diagnosis. Wait times for neuropsychologic evaluations decreased from 15 months to 1.9 months (t = 66.55, P < .0001). Cognitive impairments were detected in 71% of patients, and 36% had developed anxiety or adjustment disorders related to their disorder. Sixty-five percent of patients had cognitive issues identified and addressed during the clinic visit without need for additional evaluation.
CONCLUSIONS: Our integrated neuropsychology-neuroimmunology multidisciplinary clinic expands access to neuropsychologic care, facilitates earlier identification of neurocognitive sequelae, and allows for development of patient-specific treatment plans. This multidisciplinary clinic model reduces appointment burden-potentially enhancing patients' and caregivers' emotional well-being and quality of life. Future studies will evaluate long-term clinical outcomes.",https://pubmed.ncbi.nlm.nih.gov/42546414/,,,multiple_sclerosis,(Multiple Sclerosis[MeSH] OR multiple sclerosis[tiab] OR demyelination[tiab] OR myelin[tiab]) AND (treatment[tiab] OR intervention[tiab] OR therapy[tiab]),2026-08-05T17:36:12+00:00,,,,,
PMID_42545731,PubMed,42545731,,10.1212/wn9.0000000000000050,"Oxidative stress, aging, metabolism, SIRT1, and the gut microbiota: the neurocardiac basis of cognitive loss.","Maiese, Kenneth",Medical gas research,2026,"FactsCardiovascular disease, Alzheimer's disease, and multiple sclerosis share a neurocardiac basis linked by cellular metabolism and diabetes, indicating the presence of common pathological pathways.Current care remains symptomatic and prevention focused, and interventions targeting shared pathways such as oxidative stress, senescence, and autophagy are lacking.Apolipoprotein E (APOE), glucagon-like peptide-1 (GLP-1) agonism, silent mating type information regulation 2 homolog 1 (Saccharomyces cerevisiae) (SIRT1), mitochondrial dynamics, and the gut microbiome are key modulators of the neurocardiac axis and are highly interdependent.Understanding the interactions among ferroptosis, pyroptosis, and apoptosis under comorbid conditions is essential for clinical translation.Open questionsIs oxidative stress a primary driver or a consequence of autophagy dysregulation that links cardiac dysfunction to cognitive decline?Are GLP-1 receptor agonists neuroprotective independent of glycemic control, and what is the optimal timing and disease stage?Which microbial metabolites influence mitochondrial dynamics and senescence, and can microbiome targeting improve both cardiac and cognitive outcomes?Is combined inhibition of ferroptosis and pyroptosis superior to single-pathway blockade, and how can strategies for different comorbidity profiles be chosen?How can APOE genotypes and individual metabolic states guide personalized therapies that simultaneously reduce cardiovascular risk and neurodegeneration? Cardiovascular disease and cognitive loss have a neurocardiac basis. Poor vascular perfusion can impair cognitive function in both Alzheimer's disease and multiple sclerosis. However, a treatment gap exists because current approaches do not adequately address the shared underlying cellular mechanisms responsible for cognitive dysfunction in these conditions. Current treatments for cognitive impairment in diseases such as cardiovascular disease, Alzheimer's disease, multiple sclerosis, and diabetes often fail to fully address the shared underlying cellular mechanisms. Consequently, the prevailing precision treatment strategy, which focuses on managing symptoms and preventing disease progression, is insufficient. This highlights the urgent need for innovative approaches capable of targeting these common cellular pathways across these diverse conditions. Novel investigations into oxidative stress, cellular senescence, programmed cell death with apoptosis, ferroptosis, pyroptosis, and autophagy, cellular metabolism with apolipoprotein E and glucagon-like peptide-1 receptor agonism, silent mating type information regulation 2 homolog 1 (Saccharomyces cerevisiae), mitochondrial dynamics, and the gut microbiome offer the potential to address the risk factors and clinical treatments for cardiovascular disease and cognitive loss. These pathways are exquisitely dependent upon one another and require in-depth knowledge of the modulatory cellular mechanisms for effective translation to clinical care.",https://pubmed.ncbi.nlm.nih.gov/42545731/,,,multiple_sclerosis,(Multiple Sclerosis[MeSH] OR multiple sclerosis[tiab] OR demyelination[tiab] OR myelin[tiab]) AND (treatment[tiab] OR intervention[tiab] OR therapy[tiab]),2026-08-05T17:36:12+00:00,,,,,
PMID_42545715,PubMed,42545715,PMC12623839,10.1002/acn3.70149,"Serum Glial Fibrillary Acidic Protein Dynamics, Disease Progression, and Therapy Response in Multiple Sclerosis.","Einsiedler, Maximilian; Sandgren, Sofia; Schaedelin, Sabine; Ning, Kiarra; Maleska Maceski, Aleksandra; Oechtering, Johanna; Cordano, Christian; Melie-Garcia, Lester; Gelfand, Jeffrey M; Cagol, Alessandro; Henry, Roland G; Finkener, Sebastian; Lalive, Patrice H; Müller, Stefanie; Pot, Caroline; Mathias, Amandine; Du Pasquier, Renaud; Hoepner, Robert; Chan, Andrew; Disanto, Giulio; Zecca, Chiara; D'Souza, Marcus; Hemkens, Lars G; Yaldizli, Özgür; Fischer-Barnicol, Bettina; Derfuss, Tobias; Roth, Patrick; Herwerth, Marina; Gobbi, Claudio; Brassat, David; Tackenberg, Björn; Pedotti, Rosetta; Wiendl, Heinz; Berger, Klaus; Hermesdorf, Marco; Arrambide, Georgina; Piehl, Fredrik; Zetterberg, Henrik; Cree, Bruce A C; Sormani, Maria Pia; Kappos, Ludwig; Hauser, Stephen L; Khalil, Michael; Granziera, Cristina; Green, Ari J; Leppert, David; Benkert, Pascal; Abdelhak, Ahmed; Kuhle, Jens; Expression, Proteomics, Imaging, Clinical (EPIC) study and the Swiss MS Cohort (SMSC) investigators; Hofer, Lisa; Hughes, Michelle; Genc, Nafiye; Zadic, Amar; Vilchez Gomez, Juan Francisco; Galbusera, Riccardo; Galli, Edoardo; Müller, Jannis; Uginet, Marjolaine; Kana, Veronika; Raposo, Catarina; Oksenberg, Jorge; Conen, David",JAMA neurology,2026,"IMPORTANCE: Capturing individual multiple sclerosis (MS) progression is difficult; few studies have evaluated glial fibrillary acidic protein (GFAP) in large longitudinal cohorts with independent validation.
OBJECTIVE: To investigate whether serum GFAP levels and treatment-related changes are associated with future progression independent of relapse activity (PIRA).
DESIGN, SETTING, AND PARTICIPANTS: This was a prospective observational study using 2 large MS cohorts: the Swiss MS Cohort (SMSC; initiated in June 2012; data extraction September 22, 2025) and the Expression, Proteomics, Imaging, Clinical study (EPIC; initiated in July 2004; data extraction February 21, 2024). The study took place at tertiary MS centers (8 for SMSC and 1 for EPIC). A total of 2329 persons with MS from both cohorts with at least 1 available time point with neurofilament light chain (NfL) and GFAP measurements were included (overall 18 629 measurements).
EXPOSURES: Clinical data and NfL and GFAP z scores, collected and calculated every 6 or 12 months.
MAIN OUTCOMES AND MEASURES: Risk of future PIRA, defined as Expanded Disability Status Scale score worsening confirmed after 6 or more months without relapses (in SMSC), or a composite additionally including greater than 20% worsening in the 9-hole peg test or timed 25-ft walk test (in EPIC).
RESULTS: The SMSC and EPIC cohorts consisted of 1709 (13 375 samples; median [IQR] follow-up, 6.9 [2.5-10.7] years and age, 40.6 [32.1-50.1] years; 1128 [66.0%] female) and 620 (5254 samples; median [IQR] follow-up, 13.1 [9.4-14.0] years and age, 42.0 [35.0-50.0] years; 432 [69.7%] female) persons with MS, respectively. Consistent with prior work, high NfL was associated with relapse risk within the next year, whereas high GFAP was associated with long-term PIRA risk. In addition, elevated GFAP (z score >1.0 [84th percentile]) was associated with an average 40% higher hazard of short-term PIRA in the subsequent visit interval (SMSC: median [IQR] 346 [190-375] days; hazard ratio [HR], 1.45, 95% CI, 1.21-1.75; P < .001; EPIC: 385 [355-518] days; HR, 1.36; 95% CI, 1.07-1.71; P = .01). GFAP-based cohort enrichment in clinical trials targeting PIRA as an end point could reduce sample size by approximately 20%. Further, in SMSC, every yearly GFAP z score unit reduction during the first 2 years receiving fingolimod or B-cell-depleting therapy was associated with a lower risk of subsequent PIRA (54% risk reduction; HR, 0.46; 95% CI, 0.26-0.84; P = .01 and 67% risk reduction; HR, 0.33; 95% CI, 0.18-0.61; P < .001), respectively.
CONCLUSIONS AND RELEVANCE: In this cohort study, elevated GFAP was associated with a higher risk of PIRA, while treatment-associated reductions were associated with a lower PIRA risk. Together, these results suggest that serum GFAP may serve as a biomarker for personalized risk stratification and treatment monitoring and as a screening tool to reduce cohort size in clinical trials targeting MS progression.",https://pubmed.ncbi.nlm.nih.gov/42545715/,,,multiple_sclerosis,(Multiple Sclerosis[MeSH] OR multiple sclerosis[tiab] OR demyelination[tiab] OR myelin[tiab]) AND (treatment[tiab] OR intervention[tiab] OR therapy[tiab]),2026-08-05T17:36:12+00:00,,,,,
PMID_42545622,PubMed,42545622,PMC6378854,10.1007/s12035-015-9648-6,Dysregulation of ferroptosis-related plasma biomarkers in treatment-free patients with relapsing-remitting multiple sclerosis in clinical remission: a case-control study.,"Nazari-Robati, Mahdieh; Shahouzehi, Beydolah; Naiini, Mahdis Rahimi",Acta neurologica Belgica,2026,"BACKGROUND: Ferroptosis, an iron-dependent form of programmed cell death characterized by lipid peroxidation, has emerged as a key mechanism associated with neuroinflammation. This process is particularly relevant in relapsing-remitting multiple sclerosis (RRMS), where neuroinflammatory pathways contribute significantly to disease pathology.
METHODS: This study included 38 patients with RRMS and 38 healthy controls. Plasma levels of key ferroptosis-related biomarkers, including malondialdehyde (MDA), glutathione (GSH), and glutathione peroxidase 4 (GPX4), as well as iron and ferritin, were analyzed.
RESULTS: The analysis demonstrated significantly elevated levels of MDA, iron, and ferritin in the RRMS group compared to the control group with p-values of 0.004, 0.042, and 0.038, respectively. Conversely, GSH and GPX4 levels were significantly reduced in the RRMS group with p-values of 0.028, and 0.014, respectively. A significant correlation was observed between MDA and iron levels in the control group (r = 0.346, p = 0.045).
CONCLUSION: The significant differences in plasma levels of ferroptosis-related biomarkers between RRMS patients and healthy controls suggest a potential role for ferroptosis in the pathogenesis of multiple sclerosis.",https://pubmed.ncbi.nlm.nih.gov/42545622/,,,multiple_sclerosis,(Multiple Sclerosis[MeSH] OR multiple sclerosis[tiab] OR demyelination[tiab] OR myelin[tiab]) AND (treatment[tiab] OR intervention[tiab] OR therapy[tiab]),2026-08-05T17:36:12+00:00,,,,,
PMID_42545439,PubMed,42545439,PMC12335774,10.1186/s12883-025-04338-7,Subcutaneous Ocrelizumab for the Treatment of Relapsing Forms of Multiple Sclerosis: A Budget Impact Model.,"Porta, Camilla; Di Procolo, Paolo; Marrazzo, Giuseppina; Belfiore, Marco; Palladino, Raffaele; Brescia Morra, Vincenzo; Moccia, Marcello",PharmacoEconomics - open,2026,"OBJECTIVES: The aim of this study was to evaluate the budget impact of introducing the subcutaneous (SC) form of ocrelizumab for patients with relapsing forms of multiple sclerosis (RMS) with high disease activity (HA) despite previous treatment or with rapidly evolving severe (RES) disease in Italy from the hospital perspective.
METHODS: A 3-year dynamic budget impact model with a Markov structure was developed de novo to simulate patient transitions across Expanded Disability Status Scale-defined health states. The current scenario (without ocrelizumab SC) was compared with an alternative scenario reflecting expected ocrelizumab SC uptake. Number of eligible patients reflected Italian population and projected market shares. Efficacy inputs were obtained from published literature, with adherence and persistence sourced from Italian real-world data. Unit costs-including drug administration, monitoring, adverse events, disease management, and relapse-were collected from Italian sources. Drug acquisition costs were considered in a scenario analysis. Parameter uncertainty was explored through deterministic sensitivity and scenario analyses.
RESULTS: Over 3 years, 22,128 patients were eligible, of whom 5389 were assumed to receive ocrelizumab SC. Ocrelizumab SC introduction would generate cumulative savings of about €2.0 million, mainly from reduced administration and monitoring costs, with additional savings from relapse and disease management expenditures. When drug acquisition costs were included, total savings rose to roughly €7.1 million. Sensitivity analyses confirmed the robustness of these findings.
CONCLUSIONS: Ocrelizumab SC may be a cost-saving and resource-efficient option for HA/RES RMS management in Italy. By reducing administration time while maintaining the established clinical profile of the intravenous (IV) formulation of ocrelizumab, its adoption can enhance hospital efficiency and deliver meaningful budgetary savings.",https://pubmed.ncbi.nlm.nih.gov/42545439/,,,multiple_sclerosis,(Multiple Sclerosis[MeSH] OR multiple sclerosis[tiab] OR demyelination[tiab] OR myelin[tiab]) AND (treatment[tiab] OR intervention[tiab] OR therapy[tiab]),2026-08-05T17:36:12+00:00,,,,,
PMID_42545012,PubMed,42545012,,10.1227/ons.0000000000002149,Assessment of Facial Weakness After Microvascular Decompression: Morphology of Lateral Spread Responses and Sequential Changes in Compound Muscle Action Potentials.,"Amano, Yuki; Asayama, Bunsho; Noro, Shusaku; Abe, Takenori; Okuma, Masahiro; Shindo, Koichiro; Nomura, Ryota; Honjo, Kaori; Seo, Yoshinobu; Nakamura, Hirohiko","Operative neurosurgery (Hagerstown, Md.)",2026,"BACKGROUND AND OBJECTIVES: Assessing facial nerve injury in hemifacial spasm (HFS) remains clinically challenging; although delayed facial palsy (DFP) frequently resolves without treatment, anticipating its occurrence is important for patient counseling. However, reliable predictors remain incompletely established, and early recognition of corneal complications secondary to facial weakness with timely referral for appropriate ophthalmological care is essential. The aim of this study was to investigate the utility of lateral spread response (LSR) waveform morphology and compound muscle action potentials (CMAPs) as indicators of postoperative facial weakness.
METHODS: We retrospectively analyzed 140 patients with HFS who underwent primary microvascular decompression (MVD) between 2015 and 2023. LSR waveforms were classified as monophasic or polyphasic. CMAP amplitudes were measured pre- and postoperatively, and the CMAP amplitude ratio of the affected to the unaffected side was calculated to evaluate sequential changes in facial nerve function.
RESULTS: In the polyphasic LSR group, CMAP ratios showed consistent improvement from 1 week to 1 year postoperatively. By contrast, the monophasic group exhibited a transient reduction in CMAP ratio 1 month after surgery, followed by gradual recovery (P < .05 at 1 week and 1 month). CMAP recovery patterns differed depending on the presence of preoperative facial paresis. Notably, in the monophasic group, CMAP ratios did not significantly differ between patients with and without preoperative paresis, suggesting that monophasic waveforms may reflect more severe axonal injury. DFP occurred in 10 patients (7.7%). Patients who developed DFP demonstrated significantly lower CMAP ratios 1 week postoperatively, indicating that early CMAP decline may serve as a predictive marker for DFP.
CONCLUSION: LSR waveform morphology and postoperative CMAP ratio dynamics are promising electrophysiological indicators for evaluating facial nerve injury and predicting DFP in patients with HFS undergoing MVD.",https://pubmed.ncbi.nlm.nih.gov/42545012/,,,multiple_sclerosis,(Multiple Sclerosis[MeSH] OR multiple sclerosis[tiab] OR demyelination[tiab] OR myelin[tiab]) AND (treatment[tiab] OR intervention[tiab] OR therapy[tiab]),2026-08-05T17:36:12+00:00,,,,,
PMID_42544316,PubMed,42544316,PMC9276805,10.7759/cureus.112004,Functional Recovery Following Post-vaccination Neurological Syndrome With Demyelinating Findings on Magnetic Resonance Imaging (MRI): A Case Report.,"Hobbi, Hisham; Al-Jumaily, Mohammad; Al Hakim, Hisham",Cureus,2026,"Rare neurological syndromes have been reported following severe acute respiratory syndrome coronavirus 2 (SARS-CoV-2) vaccination, although a causal relationship remains uncertain. We report the case of a 62-year-old woman who developed progressive neurological impairment temporally associated with BNT162b2 (Pfizer-BioNTech) COVID-19 vaccination, resulting in wheelchair dependence. Brain magnetic resonance imaging (MRI) demonstrated multiple periventricular T2-weighted/fluid-attenuated inversion recovery (T2/FLAIR) hyperintense lesions, including lesions oriented perpendicular to the lateral ventricles, consistent with demyelinating features. A multimodal therapeutic approach was implemented, including gut-directed therapy, intravenous gold-induced cytokine (GOLDIC®) therapy, hyperbaric oxygen therapy (HBOT), intranasal exosome therapy, and structured neurorehabilitation. Over the course of treatment, the patient showed substantial clinical improvement, including recovery of ambulation and functional neurological status. While this case highlights the potential for significant neurological involvement following SARS-CoV-2 vaccination and the possibility of recovery with a multimodal therapeutic approach, the contribution of the individual therapies cannot be determined. Further research is needed to better understand the underlying mechanisms and to evaluate emerging therapeutic strategies, including GOLDIC, in this setting.",https://pubmed.ncbi.nlm.nih.gov/42544316/,,,multiple_sclerosis,(Multiple Sclerosis[MeSH] OR multiple sclerosis[tiab] OR demyelination[tiab] OR myelin[tiab]) AND (treatment[tiab] OR intervention[tiab] OR therapy[tiab]),2026-08-05T17:36:12+00:00,,,,,
PMID_42544242,PubMed,42544242,PMC7607417,10.7759/cureus.111985,N4-Acetyl-Sulfamethoxazole Bladder Stones Caused by Trimethoprim-Sulfamethoxazole Prophylaxis: A Report of Two Cases.,"Waddell, Emma M; Valovska, Marie-Therese; Wollin, Daniel A; Kathrins, Martin",Cureus,2026,"The combination antimicrobial trimethoprim-sulfamethoxazole (TMP-SMX) has a broad spectrum of activity and is used as a prophylactic for various infections. Drug-induced urolithiasis is a rare side effect of TMP-SMX that results from the precipitation of its metabolite N4-acetyl-sulfamethoxazole. There are only two reports of bladder stones associated with TMP-SMX, both of which occurred in patients with a history of recurrent urinary tract infections (UTIs). At our institution, an 80-year-old male with a complex medical history including benign prostatic hyperplasia (BPH) and a chronic prosthetic joint infection on long-term amoxicillin and TMP-SMX presented for evaluation of an incidental 2.4 cm bladder stone. Surgical intervention was initially deferred due to patient preference, but he later developed gross hematuria and decided to undergo cystoscopy with cystolitholapaxy and bilateral retrograde pyelogram. The procedure was completed without complications. Analysis of stone fragments revealed that they were 100% N4-acetyl-sulfamethoxazole. Months later, a 70-year-old male with multiple sclerosis and neurogenic bladder complicated by recurrent UTIs managed with a suprapubic catheter and TMP-SMX prophylaxis was found to have multiple bladder stones causing obstructive symptoms. These stones were similarly treated with cystolitholapaxy and identified as 100% N4-acetyl-sulfamethoxazole. Bladder stones caused by TMP-SMX have been rarely reported in people like our 70-year-old patient with an abnormal urinary metabolic profile, indicated by a history of urolithiasis or UTIs. Our other patient did not have either of these risk factors, but he did have lower urinary tract symptoms due to BPH. His case may serve as a caution to the use of TMP-SMX in the setting of chronic urinary stasis due to bladder outlet obstruction.",https://pubmed.ncbi.nlm.nih.gov/42544242/,,,multiple_sclerosis,(Multiple Sclerosis[MeSH] OR multiple sclerosis[tiab] OR demyelination[tiab] OR myelin[tiab]) AND (treatment[tiab] OR intervention[tiab] OR therapy[tiab]),2026-08-05T17:36:12+00:00,,,,,
PMID_42544113,PubMed,42544113,PMC7473304,10.1177/17562864261472638,Unexpected longevity in myasthenia gravis: a multi-state population-based comparison with multiple sclerosis and the U.S. population.,"Khatri, Bhupendra O; Schutten, Scott; Tarima, Sergey",Therapeutic advances in neurological disorders,2026,"BACKGROUND: This study compares age at death in patients with myasthenia gravis (MG) and multiple sclerosis (MS) with the general U.S. population and examines age at death patterns during a period preceding modern high-efficacy therapies.
OBJECTIVE: To compare age at death among individuals with MG and MS with the general population and assess differences in age at death between MG and MS.
DESIGN: Retrospective population-based study using death certificate data from four U.S. states (Florida, Wisconsin, Texas, and New York) for 2000, 2005, 2010, and 2015.
METHODS: Individuals with MG or MS listed on death certificates were identified. Age at death was compared between MG and MS among four states and contemporaneously with U.S. population via Social Security life tables, adjusting for sex and geography. Because data were provided in different formats across states (individual-level, aggregated, and categorical), analyses were tailored to each dataset while addressing the same underlying question. During the study period, high-efficacy targeted therapies for both conditions were not yet available, allowing comparison of mortality patterns under standard-of-care treatment.
RESULTS: Age at death of MS patients was significantly lower than the general population (-12.4 years, p < 0.001). In contrast, MG patients showed a higher mean age at time of death compared with the general population (+4.8 years, p < 0.0001) and died significantly later than MS patients (+15.5 years, p < 0.001, adjusted for sex and year). These patterns were consistent across datasets. Despite a higher reported burden of age-related comorbidities in MG populations, MG patients demonstrated higher mean age at death than both MS patients and the general population.
CONCLUSION: MG was associated with significantly older age at death compared with both MS and the general population under historical standard-of-care conditions. These findings suggest that survival patterns in MG differ from those in MS and raise questions about the factors driving this difference. Further studies are needed to clarify the roles of disease biology, comorbidity, age at diagnosis, and healthcare utilization in shaping long-term outcomes.",https://pubmed.ncbi.nlm.nih.gov/42544113/,,,multiple_sclerosis,(Multiple Sclerosis[MeSH] OR multiple sclerosis[tiab] OR demyelination[tiab] OR myelin[tiab]) AND (treatment[tiab] OR intervention[tiab] OR therapy[tiab]),2026-08-05T17:36:12+00:00,,,,,
PMID_42543972,PubMed,42543972,,10.59556/japi.74.1552,Osmotic Demyelination Syndrome Secondary to Hypernatremia and Hypokalemia: A Case Report of Complete Recovery.,"Manoharan, Keerthana; Geetha, T; Sivakumar, K",The Journal of the Association of Physicians of India,2026,"BACKGROUND: Osmotic demyelination syndrome (ODS) presents as quadriplegia with pseudobulbar palsy, and most cases occur with rapid correction of hyponatremia. It is due to demyelination of the pons without any inflammation. Other causes include chronic malnutrition, alcoholism, and underlying medical illnesses such as post-liver transplant. Here, we present a case report of a patient with hypernatremia and hypokalemia leading to ODS, whose early diagnosis and effective treatment resulted in complete recovery of the patient.
CASE DESCRIPTION: A 33-year-old female patient presented with vomiting followed by confusion and weakness of all four limbs. On admission, the patient was drowsy, obeying oral commands, mildly dyspneic, dehydrated, weakness of all four limbs. Deep tendon reflexes were present, and the bilateral plantar reflex showed no response. Her vitals were stable. On evaluation, arterial blood gas (ABG) showed hyperchloremic normal anion gap metabolic acidosis. Serum potassium level was very low, and serum sodium level was significantly high. MRI brain T2-FLAIR image showed hyperintensity in the central pons with peripheral sparing. Pons appeared swollen and edematous, suggestive of ODS. On further evaluation, she was found to have distal renal tubular acidosis. With this presentation and in the background of renal tubular acidosis, autoimmune disease was considered. It was negative in our case. In view of hypernatremia, after calculating the water deficit, she was given IV 5% dextrose and free water through the nasogastric tube, along with potassium supplements. She was also given steroids and other supportive measures. The patient recovered completely.
CONCLUSION: There was no evidence of hyponatremia during admission. Here, we consider that the osmotic demyelination could have occurred due to hypernatremia. The cause for hypernatremia in this case would have been hypokalemia. Moreover, hypokalemia leads to hypernatremia through a combination of increased sodium reabsorption in the kidneys, aldosterone-mediated effects, impaired renal concentrating ability, cellular electrolyte shifts, and associated volume depletion and dehydration. These mechanisms explain the complex relationship between sodium and potassium. Early diagnosis with MRI brain imaging and treatment allowed our patient to recover completely.",https://pubmed.ncbi.nlm.nih.gov/42543972/,,,multiple_sclerosis,(Multiple Sclerosis[MeSH] OR multiple sclerosis[tiab] OR demyelination[tiab] OR myelin[tiab]) AND (treatment[tiab] OR intervention[tiab] OR therapy[tiab]),2026-08-05T17:36:12+00:00,,,,,
PMID_42543909,PubMed,42543909,,10.1177/13524585261460658,Multiple sclerosis outcomes after cancer diagnosis in people with recorded chemotherapy exposure: A real-world MSBase study.,"Nesbitt, Cassie; Sanfilippo, Paul; Zhu, Chao; Ozakbas, Serkan; Prat, Alexandre; Girard, Marc; Duquette, Pierre; Kalincik, Tomas; Roos, Izanne; Buzzard, Katherine; Skibina, Olga; Foschi, Matteo; Surcinelli, Andrea; Lechner-Scott, Jeannette; Patti, Francesco; Kermode, Allan G; Fabis-Pedrini, Marzena; Carroll, William M; Hodgkinson, Suzanne; Grand'Maison, Francois; Havrdova, Eva Kubala; Hradilek, Pavel; Habek, Mario; Maimone, Davide; Alroughani, Raed; Vachova, Marta; van Pesch, Vincent; Macdonell, Richard; Spitaleri, Daniele; Khoury, Samia J; Gerlach, Oliver; de Gans, Koen; McCombe, Pamela; Van Der Walt, Anneke; Butzkueven, Helmut; Jokubaitis, Vilija","Multiple sclerosis (Houndmills, Basingstoke, England)",2026,"BACKGROUND AND OBJECTIVE: As more people with multiple sclerosis (MS) survive cancer, questions about MS management after cancer are increasingly relevant. This study aimed to describe post-cancer treatment patterns and MS outcomes in people with recorded chemotherapy exposure.
METHODS: Using MSBase, we identified people with MS with cancer and chemotherapy exposure. Time to first relapse and 6-month confirmed disability progression (CDP) were analysed using Cox models with disease-modifying therapy (DMT) as a time-varying covariate. Outcomes were contextualised using 1:2 propensity-matched MS controls without cancer or chemotherapy.
RESULTS: In total, 363 individuals were followed for 2.8 years (median) after cancer. Older age at cancer was associated with lower relapse hazard (hazard ratio (HR) = 0.96 per year, p = 0.008), while DMT category was not. The DMT category was not associated with CDP. In matched analysis (256 vs. 505), relapse hazard was lower during the first year after cancer (HR = 0.30, p = 0.015) with no difference thereafter; CDP risk was similar (HR = 1.13, p = 0.60).
CONCLUSION: Post-cancer DMT category was not associated with relapse or CDP. Lower first-year relapse hazard, together with lower relapse hazard at older age, may provide cautious reassurance regarding early post-cancer inflammatory activity in similar clinical contexts, although the drivers of the first-year signal remain uncertain.",https://pubmed.ncbi.nlm.nih.gov/42543909/,,,multiple_sclerosis,(Multiple Sclerosis[MeSH] OR multiple sclerosis[tiab] OR demyelination[tiab] OR myelin[tiab]) AND (treatment[tiab] OR intervention[tiab] OR therapy[tiab]),2026-08-05T17:36:12+00:00,,,,,
PMID_42543771,PubMed,42543771,,10.1002/bcp.70719,Efficacy and safety of cannabinoids in the treatment of spasticity in multiple sclerosis: A systematic review of randomized clinical trials.,"Hamm-Buiar, Letícia; Gorski, Daniela; Kagueiama, Marcela Harumi; Wiens, Astrid",British journal of clinical pharmacology,2026,"AIMS: This work aimed to evaluate the efficacy and safety of cannabinoids for the treatment of MS-related spasticity.
METHODS: Systematic searches were conducted in PubMed, EMBASE, and LILACS on 2 December 2025. Randomized controlled trials evaluating natural or synthetic cannabinoids for MS-related spasticity were included. Studies published in non-Roman characters and those assessing recreational cannabis use were excluded. Two reviewers independently performed study selection, data extraction, and risk of bias assessment using the RoB 2 tool. Qualitative synthesis, pairwise random-effects meta-analyses, and Bayesian network meta-analysis were conducted. Certainty of evidence was assessed using GRADE and CINeMA.
RESULTS: Twenty-seven studies (>3000 participants) were included. Interventions comprised tetrahydrocannabinol:cannabidiol (THC:CBD) extracts, other cannabis extracts, isolated cannabinoids (natural or synthetic), and smoked cannabis. In pairwise meta-analysis (7 studies), THC:CBD extracts reduced patient-reported spasticity versus placebo (MD -0.82; 95% CI -1.24 to -0.40; I2 = 53%). Network meta-analysis confirmed superiority of THC:CBD (MD -0.80; 95% CrI -1.61 to -0.32). Adverse events were frequent but mostly mild to moderate, while serious events were rare. Certainty of evidence was low, and substantial clinical and methodological heterogeneity was observed.
CONCLUSIONS: Cannabinoids provide modest improvements in patient-reported spasticity in MS, with more consistent effects for THC:CBD extracts. Given the low certainty of evidence and limited objective benefits, cannabinoids should be considered cautiously as adjunctive therapy with appropriate safety monitoring.",https://pubmed.ncbi.nlm.nih.gov/42543771/,,,multiple_sclerosis,(Multiple Sclerosis[MeSH] OR multiple sclerosis[tiab] OR demyelination[tiab] OR myelin[tiab]) AND (treatment[tiab] OR intervention[tiab] OR therapy[tiab]),2026-08-05T17:36:12+00:00,,,,,
PMID_42543118,PubMed,42543118,,10.1016/j.nbd.2026.107556,"Lineage-calibrated peripheral monocyte-derived myeloid states in neurodegenerative disease: Recruitment, lesion decoding, and state persistence.","Du, Linke; Yan, Junqiang",Neurobiology of disease,2026,"Peripheral monocytes and monocyte-derived macrophages are increasingly implicated in neurodegenerative disease, yet interpretation remains limited by phenotypic convergence with resident microglia, inconsistent lineage attribution, and strong dependence on experimental model and disease stage. We present a structured, lineage-calibrated framework that separates three linked processes: a recruitment gate controlling access to CNS borders and lesions; a lesion-decoding hub through which aggregate, lipid, cytokine, complement, antigenic, hypoxic, and danger-associated inputs are interpreted; and a state-persistence layer in which metabolic and epigenetic reinforcement stabilizes inflammatory, repair-supportive, or hybrid repair-restrictive programs. To make the framework operational, we first provide a cross-disease synthesis and then map representative models of Alzheimer's disease, Parkinson's disease, amyotrophic lateral sclerosis, and multiple sclerosis to their specific recruitment routes, lesion cues, lineage confidence, and functional outcomes. We also distinguish what single-cell or spatial data can infer from what only origin-resolving approaches can establish, and propose practical terminology for studies that cannot perform fate mapping or parabiosis. A worked therapeutic example illustrates why the same recruitment pathway may be harmful during lesion expansion but useful during debris clearance and recovery. The central question is therefore not whether monocytes are present, but which model, compartment, time point, evidentiary tier, and stabilized state justify a disease-modifying claim. This framework links mechanistic evidence to biomarkers, patient stratification, and stage-aware intervention while reducing over-attribution of peripheral origin.",https://pubmed.ncbi.nlm.nih.gov/42543118/,,,multiple_sclerosis,(Multiple Sclerosis[MeSH] OR multiple sclerosis[tiab] OR demyelination[tiab] OR myelin[tiab]) AND (treatment[tiab] OR intervention[tiab] OR therapy[tiab]),2026-08-05T17:36:12+00:00,,,,,
PMID_42542074,PubMed,42542074,,10.1016/j.msard.2026.107415,Incidence and prevalence of multiple sclerosis in Qatar: A population-based study from 2016 to 2024.,"AbuAlrob, Majd A; Khodair, Rola; Ibrahim, Faiza; Hamid, Shahd; Suliman, Omer; Zammar, Khaled; Abdelmoneim, Mohamed Sayed; Perkins, Jon D; Canibano, Beatriz",Multiple sclerosis and related disorders,2026,"BACKGROUND: Epidemiological data on multiple sclerosis (MS) in the Arabian Gulf remain limited. This study determined the incidence and minimum prevalence of MS in Qatar over a nine-year period.
METHODS: This retrospective, population-based study identified incident MS cases from January 2016 through December 2024 using the Hamad Medical Corporation registry, the principal MS care provider and sole dispenser of disease-modifying therapy in Qatar. Diagnoses fulfilled the McDonald criteria. Rates were estimated for the total population and Qatari nationals. Because 2016 was the inaugural year of centralized MS care, incidence estimation was restricted to 2017 through 2024; 2016 cases were retained only for prevalence estimation.
RESULTS: A total of 1017 incident cases were identified, 414 (40.7%) among Qatari nationals. The cohort was predominantly female (62.1%), with 92.3% of cases aged 25 to 64 years. From 2017 to 2024, average annual incidence was 3.26 (95% CI 3.03-3.50) per 100,000 in the total population, 10.89 (95% CI 9.68-12.22) in Qatari nationals, and 2.24 (95% CI 2.04-2.46) in non-Qatari residents. The female-to-male incidence rate ratio was 3.79. Minimum prevalence among Qatari nationals in 2024 was 118.29 per 100,000 (95% CI 107.16-130.25). Interrupted time series analysis showed a significant reduction in case ascertainment during the COVID-19 pandemic.
CONCLUSION: Incidence among Qatari nationals is comparable to rates reported from Kuwait, the United Arab Emirates, and Iran, and approaches those of high-incidence regions. The minimum prevalence represents a substantial increase over the previous national estimate, challenging historical assumptions that MS is uncommon in Middle Eastern populations.",https://pubmed.ncbi.nlm.nih.gov/42542074/,,,multiple_sclerosis,(Multiple Sclerosis[MeSH] OR multiple sclerosis[tiab] OR demyelination[tiab] OR myelin[tiab]) AND (treatment[tiab] OR intervention[tiab] OR therapy[tiab]),2026-08-05T17:36:12+00:00,,,,,
PMID_42541988,PubMed,42541988,,10.1016/j.jneuroim.2026.579043,"Epstein-Barr virus and multiple sclerosis: Mechanisms, therapeutic implications, and emerging interventions.","Fazazi, Mohamed Reda; Champagne-Jorgensen, Kevin; Islam, Tamanna; Tweed, Karen; Horwitz, Marc S",Journal of neuroimmunology,2026,"Multiple sclerosis (MS) is a neuroinflammatory disease shaped by genetic and environmental factors, with Epstein-Barr virus (EBV) emerging as the strongest environmental risk. Here, we review current evidence for the involvement of EBV in MS, its impact on existing therapeutics, and strategies for novel therapeutic directions. Compelling evidence indicates EBV infection precedes MS onset, likely contributing to disease initiation, relapses, and possibly progression through mechanisms such as molecular mimicry, B cell immortalization, and viral reactivation. Current MS therapies may indirectly suppress EBV by depleting B cells or restricting lymphocyte CNS entry. Novel strategies, including CAR-T/-NK cells, adoptive T cells, ""kick and kill"" approaches, and vaccines, aim to directly target EBV and offer promising new avenues for MS therapy.",https://pubmed.ncbi.nlm.nih.gov/42541988/,,,multiple_sclerosis,(Multiple Sclerosis[MeSH] OR multiple sclerosis[tiab] OR demyelination[tiab] OR myelin[tiab]) AND (treatment[tiab] OR intervention[tiab] OR therapy[tiab]),2026-08-05T17:36:12+00:00,,,,,
PMID_42541696,PubMed,42541696,,10.1080/1744666x.2026.2713626,The elusive link: EBV in MS.,"Eckert, Svetlana P; Funez-DePagnier, Gabriela; Hicar, Mark D; Weinstock-Guttman, Bianca",Expert review of clinical immunology,2026,"INTRODUCTION: The link between the risk of developing Multiple Sclerosis (MS) and Epstein-Barr Virus (EBV) infection has been confirmed. However, the mechanisms by which EBV influences MS remain unclear, likely due to the complex interplay among the EBV subtype, the host's immune response, and viral and environmental exposures.
AREAS COVERED: In this review, we explore some of those complexities and the evidence on how EBV may contribute, at the molecular level, to MS pathogenesis across the spectrum of MS disease, both relapsing-remitting and progressive. For this review, we searched PubMed and Medline entries using a combination of terms related to 'Epstein-Barr Virus,' 'Multiple Sclerosis,' 'disease-modifying therapies,' and 'EBV activity.' Those search results were then used to address how EBV relates to MS pathophysiology and how the effects of MS risk factors and the efficacy of disease-modifying therapies may be explained by their effects on EBV.
EXPERT OPINION: We posit that addressing EBV infection and viral replication is vital to the discovery of a cure for MS. Given that multiple genetic factors are involved, targeting EBV within cellular reservoirs and suppressing EBV protein expression is likely to provide the greatest benefit in preventing MS disease activity, progression, and immune-mediated neurodegeneration.",https://pubmed.ncbi.nlm.nih.gov/42541696/,,,multiple_sclerosis,(Multiple Sclerosis[MeSH] OR multiple sclerosis[tiab] OR demyelination[tiab] OR myelin[tiab]) AND (treatment[tiab] OR intervention[tiab] OR therapy[tiab]),2026-08-05T17:36:12+00:00,,,,,
PMID_42540656,PubMed,42540656,PMC10987045,10.1080/10717544.2023.2241664,Probiotics in Combination with C16 Peptide and Angiopoietin-1 Synergistically Ameliorate Multiple Sclerosis in Mice.,"Li, Qiang; Zhao, Yi; Bai, Lu; Tang, Lu-Ping; Han, Shu","Drug design, development and therapy",2026,"BACKGROUND: Multiple sclerosis (MS) is a debilitating autoimmune disease of the central nervous system (CNS), characterized by demyelination, axonal loss, and neuronal injury. At present, effective treatment options remain limited. Prior research demonstrated the protective effects of a compound that consists of C16 peptide and angiopoietin-1 (C16-Ang-1) in experimental autoimmune encephalomyelitis (EAE), a validated animal model of MS. This study aims to investigate the potential synergistic effects of probiotics with C16+Ang-1, and elucidate its underlying mechanisms in mice.
METHODS: C57/BL6 mice were randomly assigned to control, vehicle, probiotics, and C16+Ang-1+probiotics groups. Histological examinations, behavioral tests, and 16S rRNA gene sequencing of fecal samples, were conducted to determine the levels of CNS inflammation, demyelination and axonal loss, neuronal survival, and functional recovery.
RESULTS: Compared to the probiotics group, the C16+Ang-1+probiotics group exhibited significant synergistic effects. Specifically, the combined treatment with C16+Ang-1+probiotics had significantly greater effects than probiotics alone in reducing inflammatory severity in the CNS and colon, improving the microenvironment, protecting the gut-blood barrier, and preserving blood-brain barrier integrity. These effects collectively led to the greater amelioration of functional disability in the mouse model of MS. Further mechanistic studies suggested that these effects involved the modulation of the brain-gut axis, and maintenance of gut microbiota homeostasis.
CONCLUSION: These findings demonstrate that the combination of probiotics and C16-Ang-1 acts synergistically to ameliorate MS in mice, resulting in a greater effect. Therefore, this combination therapy warrants further investigation to explore its potential clinical benefits, ultimately improving the care for patients with MS.",https://pubmed.ncbi.nlm.nih.gov/42540656/,,,multiple_sclerosis,(Multiple Sclerosis[MeSH] OR multiple sclerosis[tiab] OR demyelination[tiab] OR myelin[tiab]) AND (treatment[tiab] OR intervention[tiab] OR therapy[tiab]),2026-08-05T17:36:12+00:00,,,,,
PMID_42540121,PubMed,42540121,PMC10626581,10.7759/cureus.111873,Delayed Myelin Oligodendrocyte Glycoprotein Antibody-Associated Demyelination Five Years After an Acute Disseminated Encephalomyelitis-Like Episode in an Adolescent: A Case Report.,"Zahiri, Hind; Elouali, Aziza; Babakhouya, Abdeladim; Rkain, Maria",Cureus,2026,"Myelin oligodendrocyte glycoprotein antibody-associated disease (MOGAD) is an immune-mediated inflammatory demyelinating disorder of the central nervous system with a broad pediatric clinical spectrum. Acute disseminated encephalomyelitis (ADEM)-like presentations are more frequent in younger children, whereas older children and adolescents may present with optic neuritis, transverse myelitis, or multifocal central nervous system involvement. We report the case of a 14-year-old male adolescent who developed a severe MOG-IgG-positive demyelinating event five years after an initial ADEM-like episode. At nine years of age, he presented with back pain, gait disturbance, urinary incontinence, mild drowsiness, fever, cerebrospinal fluid pleocytosis, subcortical and medullary brain lesions, and longitudinally extensive myelitis. MOG-IgG testing was not available at that time, and the episode was diagnosed as ADEM based on the overall clinico-radiological presentation, with complete recovery after corticosteroid therapy. Five years later, he presented with fever, acute quadriparesis predominating in the lower limbs, pyramidal signs, and sphincter dysfunction. Brain MRI showed multiple ill-defined subcortical T2-weighted/fluid-attenuated inversion recovery (T2/FLAIR) hyperintense lesions, and spinal MRI demonstrated longitudinally extensive cervical myelitis from the cervicomedullary junction to C6. Cerebrospinal fluid analysis showed marked pleocytosis, elevated protein, absence of oligoclonal bands, and negative infectious studies. Serum MOG-IgG was positive at a titer of 1:100 using a fixed cell-based assay, while AQP4-IgG was negative. He received intravenous methylprednisolone followed by intravenous immunoglobulin because of insufficient initial improvement, with complete clinical recovery at one month and marked radiological regression at six months. This case emphasizes that a confirmed MOG-IgG-positive demyelinating event may occur after a prolonged relapse-free interval following an earlier ADEM-like demyelinating episode, while also underscoring that the first episode should be interpreted cautiously because MOG-IgG testing was unavailable. Long-term follow-up remains essential because short-term clinical and radiological improvement does not establish durable disease control.",https://pubmed.ncbi.nlm.nih.gov/42540121/,,,multiple_sclerosis,(Multiple Sclerosis[MeSH] OR multiple sclerosis[tiab] OR demyelination[tiab] OR myelin[tiab]) AND (treatment[tiab] OR intervention[tiab] OR therapy[tiab]),2026-08-05T17:36:12+00:00,,,,,
PMID_42539145,PubMed,42539145,PMC13419761,10.64898/2026.07.14.738110,Spatial MALDI-MSI Reveals a Coordinated Vicious Cycle of Oxidative Membrane Damage and Ceramide-Driven Sphingolipid Dysregulation in the Chronically Neuroinflamed Brain.,"Brown, Kent; Storey, Brayden; Williams, Jacob; Simet, Derrick; Umar, Muhammad Bilal; Madsen, Emma; Shan, Zhiyang; Bi, Lanrong",bioRxiv : the preprint server for biology,2026,"BACKGROUND: Chronic neuroinflammation is a major driver of cognitive decline, vascular cognitive impairment, and Alzheimer's disease. However, the spatial lipidomic alterations underlying neuroinflammatory brain injury remain poorly defined. Oxidative stress and sphingolipid dysregulation have been implicated, but their regional distribution and interplay in the brain are not well characterized.
METHODS: We performed positive-ion mode matrix-assisted laser desorption/ionization mass spectrometry imaging (MALDI-MSI) on coronal brain sections from middle-aged spontaneously hypertensive rats (SHR), a model of chronic neuroinflammation, and normotensive Wistar-Kyoto (WKY) controls. Spatial distributions and relative abundances of multiple lipid classes, including phosphatidylcholines (PCs), sphingomyelins (SMs), hexosylceramides (HexCers), ceramides, phosphatidylserines (PSs), phosphatidylinositols (PIs), phosphatidylethanolamines (PEs), phosphatidic acids (PAs), and sulfatides, were mapped and compared between genotypes. Region-of-interest analysis was used to quantify changes across cortex, hippocampus, and white-matter tracts.
RESULTS: SHR brains exhibited a coordinated lipidomic signature characterized by pronounced oxidative stress and membrane remodeling. Oxidized and short-chain PCs were markedly upregulated (up to 11.6-fold), while major structural diacyl PCs were broadly downregulated. Concurrently, sphingolipids were significantly altered, with robust upregulation of SM(d36:1) (7.5-fold) and multiple HexCer species (1.5-1.9-fold), accompanied by accumulation of ceramides. These changes were accompanied by heterogeneous redistribution of PS, PI, and PE species, particularly within the hippocampus. Sulfatide patterns in white-matter tracts were also altered, suggesting myelin remodeling. Region-of-interest analysis confirmed that the most pronounced lipid alterations were concentrated in the hippocampus and white-matter regions.
CONCLUSIONS: Chronic neuroinflammation induces a spatially organized, multi-class lipid remodeling response in the brain, driven by advanced oxidative membrane damage and a shift toward a pro-apoptotic sphingolipid profile. The convergence of these pathways creates a vicious cycle of membrane injury, mitochondrial dysfunction, and sustained neuroinflammation that is especially prominent in the hippocampus and white matter. These spatially resolved findings provide direct evidence that oxidative stress and sphingolipid dysregulation are central, interrelated mechanisms contributing to neurovascular injury and increased risk of cognitive impairment. The study highlights the power of MALDI-MSI to uncover region-specific lipid pathology and identifies potential lipid-based targets for therapeutic intervention in neuroinflammatory brain disease.",https://pubmed.ncbi.nlm.nih.gov/42539145/,,,multiple_sclerosis,(Multiple Sclerosis[MeSH] OR multiple sclerosis[tiab] OR demyelination[tiab] OR myelin[tiab]) AND (treatment[tiab] OR intervention[tiab] OR therapy[tiab]),2026-08-05T17:36:12+00:00,,,,,
PMID_42538767,PubMed,42538767,PMC8248497,10.1148/radiol.13122424,Predictors of Multiple Sclerosis After Clinically Isolated Syndrome: A Systematic Review and Meta-Analysis.,"Zafra-Sierra, María Paula; Ferreira-Atuesta, Carolina; Rodríguez, Daniela Sofía; Gaitán, Jairo; Otero, Susana; Tintoré, Mar; Lublin, Fred; Giovannoni, Gavin; Toro, Jaime; Reyes, Saúl",European journal of neurology,2026,"BACKGROUND: Most people with multiple sclerosis (MS) present with a clinically isolated syndrome (CIS); however, not all individuals with CIS are subsequently diagnosed with MS.
METHODS: A systematic literature review was conducted until December 2025. Observational studies of adults with CIS that were later diagnosed with MS were included. Odds ratios (ORs) were pooled using random-effects meta-analysis. Heterogeneity was assessed with I2, sensitivity analyses with leave-one-out procedures, and publication bias with funnel plots and Egger's test. Meta-regression was performed to explore further sources of heterogeneity when appropriate.
RESULTS: Seventy-two studies with 9915 adults were included. In the meta-analysis, younger age (OR = 1.6, p < 0.01) and multifocal presentation (OR = 1.55, p = 0.02) were associated with a diagnosis of MS after a CIS. Magnetic resonance imaging findings, including a higher number of T2 lesions (OR = 7.46, p = 0.02), periventricular lesions (OR = 4.08, p < 0.01), corpus callosum lesions (OR = 14.89, p = 0.02), infratentorial lesions (OR = 2.16, p = 0.03), spinal cord lesions (OR = 1.4, p = 0.03), and gadolinium-enhancing lesions (OR = 1.91, p = 0.01), as well as cerebrospinal fluid inflammatory markers such as oligoclonal bands (OR = 3.57, p < 0.01) and pleocytosis (OR = 3.34, p = 0.02), were also associated with a subsequent diagnosis of MS.
CONCLUSIONS: This meta-analysis identified factors associated with an increased likelihood of MS after a CIS. These findings may help identify high-risk individuals and guide personalized treatment strategies.",https://pubmed.ncbi.nlm.nih.gov/42538767/,,,multiple_sclerosis,(Multiple Sclerosis[MeSH] OR multiple sclerosis[tiab] OR demyelination[tiab] OR myelin[tiab]) AND (treatment[tiab] OR intervention[tiab] OR therapy[tiab]),2026-08-05T17:36:12+00:00,,,,,
PMID_42538730,PubMed,42538730,,10.12659/msm.952326,Combined Whole-Body Cryotherapy and Exercise vs Exercise Alone for Lower Limb Strength and Mobility in Multiple Sclerosis.,"Pawik, Malwina; Pawik, Łukasz; Dziubek, Wioletta; Stefańska, Małgorzata; Rymaszewska, Joanna",Medical science monitor : international medical journal of experimental and clinical research,2026,"BACKGROUND Exercise therapy has been shown to be beneficial in reducing disability in patients with multiple sclerosis. This study aimed to evaluate the effectiveness of whole-body cryotherapy and exercise on muscle strength and mobility in 60 patients with multiple sclerosis. MATERIAL AND METHODS The study included a group of 60 patients diagnosed with multiple sclerosis. The CryoGym group (n=20) received whole-body cryotherapy and exercise; the Cryo group (n=20) received whole-body cryotherapy alone; and the Gym group (n=20) received exercise alone. The patients' functional status was assessed using the Rivermead Mobility Index. Muscle strength and muscle function parameters were measured using a Biodex System 4 Pro multi-joint isokinetic dynamometer at angular velocities of 60°/s and 180°/s. RESULTS Improvements of knee flexor and extensor strength at both angular velocities in the measured parameters were observed in the CryoGym group, which included patients who participated in whole-body cryotherapy and an exercise program. In the Cryo and Gym groups, increases in selected parameters were also observed, particularly at an angular velocity of 60°/s. CONCLUSIONS Appropriately selected physical exercise remains the foundation of rehabilitation for patients with multiple sclerosis, effectively improving lower limb muscle strength and endurance. The use of whole-body cryotherapy as an adjunctive intervention can complement standard forms of rehabilitation. Overall, the differences between groups were limited, and the observed changes should be interpreted with caution given the sample size and duration of the study.",https://pubmed.ncbi.nlm.nih.gov/42538730/,,,multiple_sclerosis,(Multiple Sclerosis[MeSH] OR multiple sclerosis[tiab] OR demyelination[tiab] OR myelin[tiab]) AND (treatment[tiab] OR intervention[tiab] OR therapy[tiab]),2026-08-05T17:36:12+00:00,,,,,
PMID_42538096,PubMed,42538096,,10.1136/jnnp-2026-338964,HLA-dependent association between EBNA1 antibody levels and disability progression in multiple sclerosis.,"Hedström, Anna Karin; Thomas, Olivia; Strid, Pernilla; Hillert, Jan; Kockum, Ingrid; Waterboer, Tim; Olsson, Tomas; Alfredsson, Lars","Journal of neurology, neurosurgery, and psychiatry",2026,"BACKGROUND: Epstein-Barr virus (EBV) is strongly implicated in the development of multiple sclerosis (MS) but whether EBV-related immune responses are also relevant for disease progression after diagnosis remains unclear. We investigated whether Epstein-Barr nuclear antigen 1 (EBNA1) antibody levels are associated with disability progression in MS and whether this association is modified by human leucocyte antigen (HLA)-A*02:01 and HLA-DRB1*15:01.
METHODS: We analysed 5706 patients with MS from two population-based Swedish studies with longitudinal follow-up in the Swedish MS registry. EBNA1 IgG levels were analysed as a continuous variable, expressed per one SD increase. The primary outcome was confirmed disability worsening (CDW). Cox proportional hazards models were used to estimate hazard ratios (HRs) with 95% confidence intervals (CIs). Effect modification by HLA-A*02:01 and DRB1*15:01 was assessed using interaction terms and stratified analyses. Secondary and sensitivity analyses included dichotomisation of EBNA1 levels, alternative progression outcomes, delayed-entry models and treatment-related analyses.
RESULTS: Higher EBNA1 antibody levels were associated with a reduced risk of CDW among individuals carrying both A*02:01 and DRB1*15:01 (HR 0.87, 95% CI 0.81 to 0.93), whereas associations were weaker or absent in other HLA strata. Findings were similar in secondary and sensitivity analyses.
CONCLUSION: Our findings suggest that EBV-related antibody responses may have prognostic relevance for MS progression in specific genetic contexts, highlighting the importance of host-virus interactions beyond disease onset.",https://pubmed.ncbi.nlm.nih.gov/42538096/,,,multiple_sclerosis,(Multiple Sclerosis[MeSH] OR multiple sclerosis[tiab] OR demyelination[tiab] OR myelin[tiab]) AND (treatment[tiab] OR intervention[tiab] OR therapy[tiab]),2026-08-05T17:36:12+00:00,,,,,
PMID_42537588,PubMed,42537588,,10.1016/j.jcv.2026.105987,An interferon-gamma release assay for monitoring of T-cell responses to Epstein-Barr virus: Application to multiple sclerosis.,"Schwarz, Tatjana; Schmidt, Marie Luisa; Popp, Lea Karlotta; Pache, Florence; Drosten, Christian; Otto, Carolin; Ruprecht, Klemens; Corman, Victor Max",Journal of clinical virology : the official publication of the Pan American Society for Clinical Virology,2026,"BACKGROUND: T-cell responses are important for controlling viral infections, but underutilized in routine diagnostics. In recent years, whole-blood interferon-gamma release assays (IGRAs) have emerged as a simple and reliable method for detecting virus-specific T-cells, making them well suited for clinical use. Monitoring of Epstein-Barr virus (EBV) infection is clinically important in transplant recipients and EBV-associated conditions such as Multiple Sclerosis (MS). However, serological assessment may be confounded by disease-modifying treatments, making T-cell-based assays a robust approach for determining EBV-specific immune status.
OBJECTIVE: To develop a whole-blood IGRA for the detection of EBV-specific T-cells and to apply it in a clinical context i.e. in patients with MS (pwMS).
METHODS: Blood samples from 50 healthy individuals (HI) and 20 pwMS were stimulated with EBNA1 and one self-designed pool (EIHM). IFNγ levels were measured via ELISA and compared to anti-VCA IgG serostatus.
RESULTS: The IGRA reliably detected EBV-specific T-cell responses in HI with prior EBV infection using the EBNA1 and EIHM pools. Anti-VCA IgG-positive HI showed significantly higher IFNγ level than EBV-seronegative HI (p < 0.0001), and these responses correlated with anti-VCA IgG levels (EBNA1: p < 0.0001, rs = 0.54; EIHM: p < 0.0001, rs = 0.72). In pwMS, EBV-specific T-cell responses were detectable before therapy and tended to be higher than in HI. After anti-CD20 treatment, EBV-specific IFNγ responses declined significantly (EBNA1: p = 0.0020; EIHM: p = 0.0078).
CONCLUSION: The EBV IGRA reliably detects EBV-specific T-cells in seropositive individuals and enables monitoring of cellular immunity in clinical settings.",https://pubmed.ncbi.nlm.nih.gov/42537588/,,,multiple_sclerosis,(Multiple Sclerosis[MeSH] OR multiple sclerosis[tiab] OR demyelination[tiab] OR myelin[tiab]) AND (treatment[tiab] OR intervention[tiab] OR therapy[tiab]),2026-08-05T17:36:12+00:00,,,,,
PMID_42537479,PubMed,42537479,,10.1016/j.msard.2026.107412,High early mortality and contributing factors in seropositive neuromyelitis optica spectrum disorder at a tertiary hospital in Zambia.,"Sahu, Malya; Saylor, Deanna",Multiple sclerosis and related disorders,2026,"BACKGROUND/OBJECTIVES: Mortality of aquaporin-4 positive neuromyelitis optica spectrum disorder (NMOSD) in Africa is understudied. This study sought to report preliminary findings of one-year mortality among a cohort of seropositive NMOSD patients in Zambia and characterize key contributing factors.
METHODS: This cross-sectional study included seropositive patients with NMOSD (via ELISA) at a tertiary care hospital in Zambia between 2019 and 2025. Demographic, clinical, treatment characteristics and mortality at one year are reported using descriptive statistics.
RESULTS: Among 13 seropositive NMOSD patients, the mean age at symptom onset was 33.7 years, and most were female (n = 11, 85%) and black African (n = 12, 92%). Of ten patients with at least one year of follow-up, four died within one year of symptom onset. All deceased patients were female, had at least two relapses within the first year of disease onset, and all developed longitudinally extensive transverse myelitis (LETM). Half of the deceased patients had been initiated on immunosuppression, both with rituximab. One-year mortality was higher in seropositive NMOSD as compared with multiple sclerosis and stroke in Zambia.
CONCLUSIONS: Higher mortality among those with LETM, more relapses, immobility-related complications, and limited access to immunosuppression all likely contributed to the observed high early mortality among seropositive NMOSD in Zambia. Urgent action to address contributing factors is needed.",https://pubmed.ncbi.nlm.nih.gov/42537479/,,,multiple_sclerosis,(Multiple Sclerosis[MeSH] OR multiple sclerosis[tiab] OR demyelination[tiab] OR myelin[tiab]) AND (treatment[tiab] OR intervention[tiab] OR therapy[tiab]),2026-08-05T17:36:12+00:00,,,,,
PMID_42537011,PubMed,42537011,,10.1093/intbio/zyag015,Bivalency of natalizumab promotes inhibition of dynamic VLA-4 adhesion beyond affinity gain.,"Valignat, Marie-Pierre; Biarnes-Pelicot, Martine; Touchard, Dominique; Rico-Lamy, Audrey; Chames, Patrick; Theodoly, Olivier; Robert, Philippe",Integrative biology : quantitative biosciences from nano to macro,2026,"Natalizumab, a monoclonal IgG4 antibody used in the treatment of multiple sclerosis (MS), inhibits α4β1 (very late antigen-4, VLA-4)-binding to vascular cell adhesion molecule-1 (VCAM-1), thereby reducing leukocyte recruitment to inflamed tissues. The intricate mechanisms underlying these effects remain unclear, particularly concerning the heavy-chain shuffling of IgG4. We conducted an in vitro study to quantify the impact of bivalent IgG and monovalent Fab forms of natalizumab on the capture and migration of human primary memory T lymphocytes under shear stress, using VCAM-1 and CXCL12-coated surfaces. IgG natalizumab at concentrations near its cell surface EC50 (half-maximal effective concentration) showed significant of capture and resistance of adherent cells to shear stress, whereas significantly higher doses of Fab natalizumab, up to 100-fold greater than its cell surface EC50, were needed to achieve similar effects. These findings highlight that receptor occupancy alone may not adequately predict the functional outcomes of inhibitor antibodies. For optimal therapeutic effect, inhibition of cell-surface adhesion may require specific kinetic and geometric binding properties of antibodies. Insight Box This study shows how natalizumab functionally inhibits α4β1 (very late antigen-4, VLA-4)-mediated T-cell adhesion by integrating quantitative affinity measurements with dynamic assays performed under shear stress. We show that the antibody's bivalency provides a major functional advantage, enabling strong inhibition of cell capture and adhesion at concentrations near its EC50 (half-maximal effective concentration), whereas monovalent Fab fragments require 10- to 100-fold higher doses. These findings offer biological insight into why receptor occupancy alone cannot predict adhesion inhibition. By combining cell-based affinity quantification with real-time adhesion and migration assays, our work reveals how kinetic and geometric properties of antibody-integrin interactions shape immune cell dynamics, informing the rational design of next-generation integrin-targeting therapeutics.",https://pubmed.ncbi.nlm.nih.gov/42537011/,,,multiple_sclerosis,(Multiple Sclerosis[MeSH] OR multiple sclerosis[tiab] OR demyelination[tiab] OR myelin[tiab]) AND (treatment[tiab] OR intervention[tiab] OR therapy[tiab]),2026-08-05T17:36:12+00:00,,,,,
PMID_42536587,PubMed,42536587,PMC7011741,10.1097/md.0000000000050038,Immunoadsorption therapy for chronic inflammatory demyelinating polyradiculoneuropathy in a patient on maintenance hemodialysis: A case report.,"Zhang, Changqin; Niu, Songtao; Zhou, Yilun",Medicine,2026,"RATIONALE: Chronic inflammatory demyelinating polyradiculoneuropathy (CIDP) is a rare immune-mediated disorder that primarily targets the myelin sheaths of peripheral nerves, leading to limb weakness and sensory disturbances. Established treatments for CIDP include glucocorticoids, intravenous immunoglobulin, and plasma exchange. Immunoadsorption (IA) has emerged as a promising alternative to plasma exchange and has shown favorable efficacy in patients who respond inadequately to first-line therapies.
PATIENT CONCERNS: A 37-year-old man presented with progressive numbness and weakness of the limbs. He was a hemodialysis patient with type 2 diabetes mellitus and recurrent buttock furuncles. Subsequent electrophysiological testing indicated demyelinating lesions in 2 peripheral nerves.
DIAGNOSES: The diagnosis of CIDP was based on clinical symptoms and electrophysiological examinations.
INTERVENTIONS: IA was selected as the initial monotherapy and long-term maintenance therapy.
OUTCOMES: This case demonstrated that IA was well tolerated and associated with sustained clinical improvements.
LESSONS: The use of IA for both initial and maintenance therapy may represent an optimal individualized treatment for patients with CIDP undergoing hemodialysis.",https://pubmed.ncbi.nlm.nih.gov/42536587/,,,multiple_sclerosis,(Multiple Sclerosis[MeSH] OR multiple sclerosis[tiab] OR demyelination[tiab] OR myelin[tiab]) AND (treatment[tiab] OR intervention[tiab] OR therapy[tiab]),2026-08-05T17:36:12+00:00,,,,,
PMID_42535818,PubMed,42535818,,10.4103/ijo.ijo_875_26,Current landscape of pediatric optic neuritis management in India: A clinical practice survey.,"Lasrado, Adeline S; Kekunnaya, Ramesh; Ganatra, Snehal; Sachdeva, Virender",Indian journal of ophthalmology,2026,"PURPOSE: To understand the practice patterns in the management of pediatric optic neuritis in India and detect the gaps in evaluation and management.
METHODS: An online survey-based study questionnaire was shared among ophthalmologists in the last quarter of 2024. The questionnaire included questions pertaining to the clinical experience, evaluation, and management of optic neuritis in children.
RESULTS: Seventy ophthalmologists across India participated in the survey. Of these, 45% had a formal neuro-ophthalmology training and 42% had more than 5 years of experience in managing pediatric optic neuritis. Most respondents managed under less than five cases every month. Participants with under 5 years' clinical experience reported higher rates of myelin oligodendrocyte glycoprotein-associated disease and post-infectious ON followed by neuromyelitis optica spectrum disorder, multiple sclerosis, and chronic relapsing inflammatory optic neuritis. Visual fields (50%) and optical coherence tomography (45%) were frequently requested ocular investigations. Magnetic resonance imaging brain and spine with contrast and fat-suppressed sequence was recommended by 23% of respondents, serological workup in 91%, and cerebrospinal fluid analysis in 17%. For treatment, intravenous methylprednisolone (IVMP) was used by 94% for 3 days (45%) or 5 days (53%). 34% ophthalmologists advised IVMP dosing at 30 mg/kg. In recurrent cases, those with less than 5 years' experience more often repeated neuroimaging ( P = 0.050) and initiated IVMP irrespective of vision ( P = 0.046).
CONCLUSIONS: This survey highlights the variability in diagnostic testing and management practices of pediatric optic neuritis among ophthalmologists in India underscoring the need for developing, guiding, and following standardized practice guidelines.",https://pubmed.ncbi.nlm.nih.gov/42535818/,,,multiple_sclerosis,(Multiple Sclerosis[MeSH] OR multiple sclerosis[tiab] OR demyelination[tiab] OR myelin[tiab]) AND (treatment[tiab] OR intervention[tiab] OR therapy[tiab]),2026-08-05T17:36:12+00:00,,,,,
PMID_42535805,PubMed,42535805,,10.4103/ijo.ijo_1634_26,Consensus statement for the diagnosis and management of optic neuritis.,"Phuljhele, Swati; Saxena, Rohit; Bhatia, Rohit; Khurana, Dheeraj; Dewan, Taru; Meena, Suman K; Gandepalli, Lavanya; Sachdeva, Virendra; Sukhija, Jaspreet; Singh, Digvijay; Sinha, Ankur; Dhiman, Rebika; Selvakumar, Ambika; Kumar, Mahesh; Warjri, Gazella B; Mulay, Akanksha; Gandhi, Rashmin; Srivastava, M V Padma; Jayakumar, Navin",Indian journal of ophthalmology,2026,"This consensus statement provides a practical, step-by-step framework designed by 19 national specialists to standardize the care of optic neuritis. Recognizing that clinicians handle these cases differently depending on local resources, the guidelines offer a clear roadmap for distinguishing true optic nerve inflammation from its common clinical mimics. The primary focus is on identifying early ""red flags,"" optimizing neuroimaging protocols, and using targeted cell-based antibody testing to pinpoint the exact cause of the disease. Beyond immediate diagnosis, the paper outlines clear strategies for managing acute episodes with high-dose therapies, handling patients who do not respond to initial steroids, and establishing structured, long-term monitoring plans to track visual recovery. Because delayed or incorrect treatment can lead to permanent, irreversible nerve damage, this document serves as a reliable tool to help ophthalmologists make quick, safe, and effective clinical decisions for patient care.",https://pubmed.ncbi.nlm.nih.gov/42535805/,,,multiple_sclerosis,(Multiple Sclerosis[MeSH] OR multiple sclerosis[tiab] OR demyelination[tiab] OR myelin[tiab]) AND (treatment[tiab] OR intervention[tiab] OR therapy[tiab]),2026-08-05T17:36:12+00:00,,,,,
PMID_42535602,PubMed,42535602,,10.18176/jiaci.1196,Gut Microbiota and Inflammatory Diseases: Emerging Insights and Therapeutic Perspectives. A Report From the Spanish Inflammatory Diseases Network.,"Pérez-Gordo, Marina; Álvarez-Lafuente, Roberto; Bartra, Joan; Fernández-Nebro, Antonio; Muñoz-Cano, Rosa; Núñez, Rafael; Pérez-Sánchez, Natalia; Rodríguez-Rodríguez, Luis; Zanón-Moreno, Vicente; Cornejo-García, José Antonio",Journal of investigational allergology & clinical immunology,2026,"The gut microbiota constitutes a highly complex ecosystem that plays a pivotal role in maintaining human health and modulating the immune response. Dysbiosis, an imbalance in the composition of gut microbiota, has been linked to the development and progression of multiple immune-mediated inflammatory diseases (IMIDs) and allergic disorders. Advances in sequencing and bioinformatics have enabled a deeper understanding of microbial diversity and function, revealing the crucial role of metabolites such as short-chain fatty acids (SCFAs) and secondary bile acids in sustaining epithelial integrity and immune tolerance. Altered microbiota profiles are associated with increased intestinal permeability, systemic inflammation, and autoimmune conditions including multiple sclerosis, rheumatoid arthritis, and inflammatory eye disease. Early-life establishment of microbiota is also critical, influencing susceptibility to asthma, food allergy, and other atopic conditions, such as drug hypersensitivity. Emerging therapeutic strategies aim to restore microbial balance through interventions such as the administration of probiotics, prebiotics, symbiotics, or postbiotics and fecal microbiota transplantation. Preliminary clinical evidence suggests these interventions may enhance barrier function, modulate inflammation, and improve clinical outcomes, although methodological heterogeneity and limited sample sizes constrain their application. Specific findings highlight that modulation of SCFAs and targeted bacterial taxa may influence disease activity and response to treatment. Future research should focus on identifying disease-specific microbial signatures, optimizing therapeutic formulations, and standardizing protocols for microbiota-based interventions. Integrating multiomics analyses and artificial intelligence will be essential if we are to develop predictive biomarkers and personalized therapies. Modulation of the microbiota is therefore positioned as a promising avenue in the prevention and management of IMIDs and allergic diseases.",https://pubmed.ncbi.nlm.nih.gov/42535602/,,,multiple_sclerosis,(Multiple Sclerosis[MeSH] OR multiple sclerosis[tiab] OR demyelination[tiab] OR myelin[tiab]) AND (treatment[tiab] OR intervention[tiab] OR therapy[tiab]),2026-08-05T17:36:12+00:00,,,,,
PMID_42534363,PubMed,42534363,PMC5863733,10.1016/j.msard.2023.105324,"Unusual Sequential Development of Multiple Sclerosis, Thymoma, Myasthenia, and Lymphoma in the Same Patient.","Finsterer, Josef",Case reports in medicine,2026,"No case has yet been described in which a patient developed multiple sclerosis (MS) followed by thymoma, myasthenia gravis (MG), and T-cell lymphoma. The patient is a 47-year-old woman who developed relapsing-remitting MS at the age of 31 and was treated with interferon-beta (IFN-β) for over seven years. She was then diagnosed with thymoma, which was treated with chemotherapy and surgery. One year later, she was diagnosed with MG, which was treated with steroids, pyridostigmine, and intravenous immunoglobulins. Due to an MS relapse at the age of 40, ocrelizumab was administered for 2.5 years, after which she developed T-cell lymphoma. As the lymphoma had responded only partially to chemotherapy, an autologous stem cell transplantation was performed. It remains unclear whether there was a causal link between the immunosuppressive MS treatment and the thymoma or lymphoma, whether these developed due to underlying immune dysregulation, individual predisposition, or the cumulative effect of prior oncological therapies, or whether this was merely a chance co-occurrence of rare diseases. The case shows that a single patient may sequentially develop MS, MG, thymoma, and T-cell lymphoma. Fundamental and comprehensive clinical studies are required to elucidate the underlying pathophysiology and to confirm or refute a possible causal link.",https://pubmed.ncbi.nlm.nih.gov/42534363/,,,multiple_sclerosis,(Multiple Sclerosis[MeSH] OR multiple sclerosis[tiab] OR demyelination[tiab] OR myelin[tiab]) AND (treatment[tiab] OR intervention[tiab] OR therapy[tiab]),2026-08-05T17:36:12+00:00,,,,,
PMID_42534188,PubMed,42534188,PMC3012778,10.1177/20552173261471722,Anti-CD20 associated enterovirus meningoencephalitis: A narrative review with two illustrative cases.,"Mahajan, Kedar R; Bittner, Frank; Willis, Mary Alissa; Isada, Carlos; Bermel, Robert; Fox, Robert J; Lee, Jonathan; Kunchok, Amy","Multiple sclerosis journal - experimental, translational and clinical",2026,"BACKGROUND: B-cell depleting therapies are used for MS, autoimmune disorders, renal disease and hematological malignancies but increase infection susceptibility.
OBJECTIVE: To describe two cases of enterovirus meningoencephalitis in patients receiving B-cell depleting therapy and review anti-CD20-associated cases, detailing diagnosis, treatment, and outcomes.
METHODS: We present two cases, one with MS and one with minimal change disease, and review 40 additional anti-CD20 cases. Demographic, clinical, laboratory, neuroimaging, treatment, and outcomes were abstracted. Neuro-QoL measures were analyzed.
RESULTS: Our cases were diagnosed by CSF multiplex PCR and treated with IVIg; one also received methylprednisolone and pocapavir. Persistent sequelae included dysarthria, cognitive impairment, nystagmus, pain, and reduced Neuro-QoL scores. Of 42 cases, 34 were associated with rituximab and eight with ocrelizumab. CSF PCR or molecular testing detected enterovirus in 39 cases; three required alternative specimens/sites. IVIg or subcutaneous immunoglobulin (SCIg) was used in 36 cases, steroids in seven, fluoxetine in six, pocapavir in two, pleconaril in two, and ribavirin/favipiravir in one. Outcomes included recovery in 11, sequelae in 19, and death in 12.
CONCLUSIONS: Enterovirus infection in B-cell depleted patients may cause severe CNS involvement. CSF PCR aids diagnosis, though alternative specimens may be required. Early IVIg and investigational antivirals may be considered.",https://pubmed.ncbi.nlm.nih.gov/42534188/,,,multiple_sclerosis,(Multiple Sclerosis[MeSH] OR multiple sclerosis[tiab] OR demyelination[tiab] OR myelin[tiab]) AND (treatment[tiab] OR intervention[tiab] OR therapy[tiab]),2026-08-05T17:36:12+00:00,,,,,
PMID_42530333,PubMed,42530333,,10.1002/ana.78290,Two Years of Ocrelizumab Treatment in Black and Hispanic People with Multiple Sclerosis in CHIMES: A Single-Arm Clinical Trial.,"Amezcua, Lilyana; Reder, Anthony T; Bernitsas, Evanthia; Monson, Nancy L; Vartanian, Timothy; Wu, Gregory F; Saleh, Mansoor; Okai, Annette; Obeidat, Ahmed Z; Sokhi, Dilraj; Parekh, Rikisha; Pei, Jinglan; Harp, Christopher; Clayton, David; Abioye, Ibraheem; Williams, Mitzi J; CHIMES Study Group",Annals of neurology,2026,"OBJECTIVE: To evaluate the effectiveness and safety of ocrelizumab in self-identified black and Hispanic people with relapsing multiple sclerosis.
METHODS: The Characterization of Ocrelizumab in Minorities with Multiple Sclerosis (CHIMES) trial, a prospective, open-label, single-arm, phase 4 study, intentionally recruited underrepresented populations in the US, Puerto Rico, and Kenya. Black and Hispanic people with relapsing multiple sclerosis aged 18-65 years with Expanded Disability Status Scale score 0-5.5 received ocrelizumab for 2 years. The primary endpoint was the proportion of participants with no evidence of disease activity in 3 components at week 48: protocol-defined relapse, 24-week confirmed disability progression, and disease activity on magnetic resonance imaging.
RESULTS: Of 113 black and 69 Hispanic people with relapsing multiple sclerosis, most were women (72%), with a mean age of 35.5 (SD 10.5) years, body mass index of 31.0 (SD 7.4) kg/m2, and Expanded Disability Status Scale score of 2.4 (SD 1.4). Genetic ancestry aligned with self-identified race or ethnicity. At week 48, 50.5% of CHIMES participants had no evidence of disease activity, including 94.5% free from 24-week confirmed disability progression, 95.1% free from relapse, 95.6% free from T1-contrast-enhancing lesions, and 52.7% free from new/enlarging T2 lesions. Serious adverse events were experienced by 8.2%, and 2.2% discontinued treatment. Infusion-related reactions were more frequent in Hispanic versus black participants (42.0% vs 29.2%), whereas gastrointestinal adverse events were more frequent in black versus Hispanic participants (23.0% vs 1.4%).
INTERPRETATION: Ocrelizumab treatment controlled disease activity in black and Hispanic people with relapsing multiple sclerosis. Results were consistent with pivotal ocrelizumab trials, supporting ocrelizumab's effectiveness and tolerability in these populations. ANN NEUROL 2026.",https://pubmed.ncbi.nlm.nih.gov/42530333/,,,multiple_sclerosis,(Multiple Sclerosis[MeSH] OR multiple sclerosis[tiab] OR demyelination[tiab] OR myelin[tiab]) AND (treatment[tiab] OR intervention[tiab] OR therapy[tiab]),2026-08-05T17:36:12+00:00,,,,,
PMID_42529218,PubMed,42529218,PMC1550605,10.2196/jmir.6.3.e34,Real-world practices and challenges of radiologically isolated syndrome: results of a cross-sector survey by the DACH MS guidelines group.,"Held, Friederike; Bayas, Antonios; Christe, Katharina; Dettmers, Christian; Domurath, Burkhard; Ebert, Juliane; Faßhauer, Edeltraud; Flachenecker, Peter; Gärtner, Jutta; Hasanbasic, Dzenita; Heesen, Christoph; Hegen, Harald; Henze, Thomas; Huppke, Peter; Kana, Veronika; Khalil, Michael; Kirschner-Hermanns, Ruth; Korn, Thomas; Kümpfel, Tania; Lamprecht, Sabine; Meier, Uwe; Meyer Zu Horste, Gerd; Mäurer, Mathias; Oertel, Frederike Cosima; Pot, Caroline; Pröbstel, Anne-Katrin; Rostásy, Kevin; Salmen, Anke; Scheiderbauer, Jutta; Schmidt, Markus; Stark, Erwin; Trebst, Corinna; Trollmann, Regina; Warnke, Clemens; Wattjes, Mike P; Wiestler, Benedikt; Wildemann, Brigitte; Zimmermann, Uwe; Gehring, Klaus; Berthele, Achim; Hemmer, Bernhard",Frontiers in neurology,2026,"OBJECTIVE: To evaluate real-world Radiologically isolated syndrome (RIS) management practices across Germany, Austria, and Switzerland and identify key gaps for future guideline development.
METHODS: Between October 1 and October 16, 2024, neurologists across university hospitals, teaching hospitals, municipal clinics, and private practices in Germany, Austria, and Switzerland (DACH) participated in an anonymous online survey on RIS diagnosis, treatment, and monitoring practices.
RESULTS: Among 127 physicians from diverse care settings, RIS management showed both marked heterogeneity and notable convergence. While the diagnostic work-up was relatively uniform (>85% performed comprehensive magnetic resonance imaging (MRI) and cerebrospinal fluid (CSF) analysis, as well as evoked potentials), awareness and implementation of the 2023 RIS criteria varied substantially (34% consistent use, 42% partial implementation, 16% non-adoption, and 8% unaware). Treatment practices showed the greatest heterogeneity: although 54% considered therapy initiation and clinicians agreed on treatment triggers (high lesion burden, new MRI activity, inflammatory CSF), 69% treated less than 25% of their RIS cases. Off-label treatment strategies, medication choices, and escalation approaches varied widely across settings, with 72% lacking standardized algorithms. Structural barriers were consistent across all countries and care levels, with reimbursement challenges (61%), patient communication difficulties (42%), and limited access to specialists outside university centers identified as key obstacles. Recent treatment trials increased therapeutic confidence, yet clinicians emphasized the urgent need for national recommendations to harmonize diagnostic workflows, treatment pathways, and reimbursement structures.
CONCLUSION: Real-world RIS care in the DACH region is characterized by substantial practice heterogeneity, coexisting with shared clinical approaches, which reflects the absence of formal guidelines and approved therapies. While the 2024 McDonald criteria now enable immunotherapy for asymptomatic individuals at high-risk for MS, clinical uncertainty persists regarding risk stratification, treatment decisions, and communication frameworks, challenges applicable to both RIS and preclinical MS. These findings reveal critical unmet needs and demonstrate the urgent necessity for harmonized DACH-wide recommendations addressing diagnostic standards, risk-adapted treatment pathways, patient communication, reimbursement integration, and cross-sector collaboration.",https://pubmed.ncbi.nlm.nih.gov/42529218/,,,multiple_sclerosis,(Multiple Sclerosis[MeSH] OR multiple sclerosis[tiab] OR demyelination[tiab] OR myelin[tiab]) AND (treatment[tiab] OR intervention[tiab] OR therapy[tiab]),2026-08-05T17:36:12+00:00,,,,,
PMID_42528603,PubMed,42528603,PMC10644069,10.1016/j.intimp.2024.111617,Fumarate and fumarate hydratase: an immunometabolite regulator of inflammation and diseases.,"Jiang, Zewen; Zhong, Yujian; He, Zhuokun; He, Ziqi; Wang, Wei; He, Ruyuan",Frontiers in immunology,2026,"Once regarded solely as an intermediate of the tricarboxylic acid (TCA) cycle involved in energy production, fumarate has now emerged as a pivotal immunometabolite with far-reaching effects on inflammatory signaling and immune cell fate. This review comprehensively delineates the dual nature of fumarate, which functions as a context-dependent rheostat of inflammation. Intracellular fumarate levels are tightly regulated by enzymatic activity, transport systems, and exogenous sources, including the pharmacological agent dimethyl fumarate (DMF). Fumarate can covalently modify critical cysteine residues in proteins through a process known as succination. Importantly, DMF acts at supraphysiological concentrations and may engage mechanisms distinct from those associated with endogenously accumulated fumarate. This unique post-translational modification enables fumarate to directly modulate key signaling pathways, including nuclear factor kappa B (NF-κB), nuclear factor erythroid 2-related factor 2 (NRF2), hypoxia-inducible factor 1-alpha (HIF-1α), Janus kinase/signal transducer and activator of transcription (JAK-STAT), and the NLR family pyrin domain-containing 3 (NLRP3) inflammasome, thereby orchestrating a broad anti-inflammatory program. We further examine how fumarate reshapes the functional phenotypes of macrophages, dendritic cells, T cells, and B cells, ultimately skewing immune responses toward tolerance and resolution. Crucially, this review distinguishes among the physiological roles of endogenous fumarate, the pathological consequences of fumarate accumulation resulting from fumarate hydratase (FH) deficiency, and the pharmacological actions of exogenous fumarate esters. Conversely, dysregulated fumarate metabolism, as observed in conditions such as hereditary leiomyomatosis and renal cell carcinoma (HLRCC) and systemic lupus erythematosus, can paradoxically promote pathological inflammation. The successful clinical translation of fumarate esters, particularly DMF, for the treatment of multiple sclerosis and psoriasis underscores their therapeutic potential. By synthesizing recent advances in fumarate biology, this review not only elucidates its role as a fundamental link between cellular metabolism and immunity but also highlights future directions for targeting fumarate-associated pathways in a broad spectrum of chronic inflammatory diseases.",https://pubmed.ncbi.nlm.nih.gov/42528603/,,,multiple_sclerosis,(Multiple Sclerosis[MeSH] OR multiple sclerosis[tiab] OR demyelination[tiab] OR myelin[tiab]) AND (treatment[tiab] OR intervention[tiab] OR therapy[tiab]),2026-08-05T17:36:12+00:00,,,,,
PMID_42528095,PubMed,42528095,PMC9296377,10.1007/s00415-025-13439-9,Real-World Data for Safety Studies: Challenges and Opportunities From the Italian Multiple Sclerosis and Related Disorders Register.,"Salivetto, Marco; Guerra, Tommaso; Paletta, Pasquale; Lepore, Vito; Mosconi, Paola; Iaffaldano, Pietro; Ponzio, Michela; Scientific Committee of the Italian Multiple Sclerosis and Related Disorders Register*; Research Assistant Network of the Italian Multiple Sclerosis and Related Disorders Register**; Italian Multiple Sclerosis and Related Disorders Register Centres Group***",Pharmacoepidemiology and drug safety,2026,"INTRODUCTION: Information on the safety profile of disease-modifying therapies (DMTs) in multiple sclerosis (MS) is often lacking in routine clinical practice. Real-world data sources, such as patient registries, support pharmacovigilance to characterise safety signals, as recently recognised by regulatory agencies. In Italy, the ""Italian Multiple Sclerosis and Related Disorders Register"" (RISM) was officially launched in 2015 to collect demographic and clinical data from patients with MS.
PURPOSE: To describe the main characteristics of RISM as a research platform supporting the safety evaluation of MS therapies.
METHODS: RISM enables the systematic characterisation of clinical events occurring in treated patients and, over the years, has implemented procedures to ensure high-quality data collection. A study cohort including subjects who initiated a DMT between 2016 and 2025 is analysed using descriptive statistics. Clinical events recorded during the study period are reported as absolute numbers and frequencies.
RESULTS: Between 2016 and 2025, a total of 24 259 subjects received at least one DMT, and 4419 of them (18.2%) experienced one or multiple clinical events. For descriptive purposes, the occurrence of infections and malignancies, which accounted for 29.4% and 3.7% of all the clinical events collected in RISM respectively, are reported and categorised.
CONCLUSIONS: This article outlines the strengths and limitations of RISM in conducting safety studies and highlights the methodological and legal challenges associated with such platforms. Routinely collected healthcare data within RISM provide a comprehensive, patient-centred perspective for the long-term evaluation of DMT safety and can address relevant questions on drug policies and public health.",https://pubmed.ncbi.nlm.nih.gov/42528095/,,,multiple_sclerosis,(Multiple Sclerosis[MeSH] OR multiple sclerosis[tiab] OR demyelination[tiab] OR myelin[tiab]) AND (treatment[tiab] OR intervention[tiab] OR therapy[tiab]),2026-08-05T17:36:12+00:00,,,,,
PMID_42527947,PubMed,42527947,PMC9035664,10.1080/10408347.2014.881250,Forsythoside A alleviates experimental autoimmune encephalomyelitis by targeting Tnfaip2.,"Tang, Ping; Luo, Guibao; Xue, Huihui; Yang, Chunsheng",Chinese medicine,2026,"BACKGROUND: Multiple sclerosis (MS) is a debilitating neuroinflammatory disease. Experimental autoimmune encephalomyelitis (EAE) is a commonly used rodent model for MS. Forsythoside A (FA), a natural compound derived from Forsythia suspensa, exhibits anti-inflammatory and neuroprotective properties; however, its efficacy in EAE and its underlying mechanism remain unclear.
PURPOSE: To explore the therapeutic effect of FA on EAE and its mechanism.
METHODS: EAE was induced in C57BL/6 mice treated with FA (20/60 mg/kg) from day 7. Clinical scores, histopathology (H&E, LFB, immunofluorescence), flow cytometry, and spinal cord RNA sequencing were analyzed. Network pharmacology, molecular docking, molecular dynamics (MD) simulations, and surface plasmon resonance (SPR) were employed to identify and validate the target of FA. In vitro studies using BV2 microglia with Tnfaip2 knockdown/overexpression confirmed the mechanism via qRT-PCR and Western blot.
RESULTS: FA treatment dose-dependently alleviated clinical severity. While the 20 mg/kg dose showed a trend toward improvement without statistical significance, the 60 mg/kg dose significantly reduced CNS inflammation and demyelination. FA decreased peripheral Th1 cells in EAE mice. It suppressed microglial activation and pro-inflammatory markers (IL-1β, TNF-α, iNOS) expression. Transcriptomics and network analysis pinpointed TNF-α-induced protein 2 (Tnfaip2) in the TNF pathway. FA directly bound Tnfaip2 (KD = 28 µM), validated by docking, MD simulations, and SPR. In vitro, FA inhibited LPS-induced pro-inflammatory polarization and the Tnfaip2/NF-κB pathway in BV2 cells. Tnfaip2 overexpression abolished the anti-inflammatory effects of FA.
CONCLUSION: FA ameliorates EAE by suppressing pro-inflammatory microglial polarization via directly targeting Tnfaip2 and inhibiting the NF-κB pathway. This identifies the Tnfaip2/NF-κB axis as a potential therapeutic target for MS.",https://pubmed.ncbi.nlm.nih.gov/42527947/,,,multiple_sclerosis,(Multiple Sclerosis[MeSH] OR multiple sclerosis[tiab] OR demyelination[tiab] OR myelin[tiab]) AND (treatment[tiab] OR intervention[tiab] OR therapy[tiab]),2026-08-05T17:36:12+00:00,,,,,
PMID_42525900,PubMed,42525900,,10.1212/wnl.0000000000218379,Value of Annual MRI Monitoring in Patients With Multiple Sclerosis Treated With Ocrelizumab: A Number Needed to Scan Analysis.,"Schoof, Lisa; Heijnen, Rick; Hogenboom, Laura; Van Kempen, Zoé Léonie Elise; de Jong, Brigit Alette; Van Oosten, Bob W; Killestein, Joep; Barkhof, Frederik; Strijbis, Eva M",Neurology,2026,"BACKGROUND AND OBJECTIVES: Current guidelines recommend annual MRI scans during treatment with disease-modifying therapies, including ocrelizumab, in patients with multiple sclerosis (MS) to monitor treatment effectiveness and safety. However, the low rate of radiologic disease activity during long-term ocrelizumab treatment suggests that this recommendation should be re-evaluated to reduce burden on ocrelizumab-treated patients and the healthcare system. We aimed to describe the frequency of radiologic follow-up and the occurrence of radiologic disease activity in a cohort of ocrelizumab-treated MS patients to provide insight into the clinical value and efficiency of annual MRI monitoring in routine practice.
METHODS: We included ocrelizumab-treated MS patients from the Amsterdam MS Cohort, who had at least 2 brain MRI scans performed during ≥3 months of treatment. MRI scans were performed as part of routine clinical care and clinical MRI reports issued by radiologist were used. Radiologic activity was defined as either ≥1 contrast-enhancing lesions on a MRI scan performed ≥3 months after ocrelizumab initiation or any new/enlarging T2 lesions on a subsequent MRI scan compared with a scan performed at least ≥3 months after ocrelizumab initiation. The number needed to scan (NNS) was calculated as the inverse of the predicted probability of radiologic disease activity as a function of treatment duration in months, estimated using a mixed-effects logistic regression model.
RESULTS: A total of 342 patients (mean age at start ocrelizumab 40.3 years (SD 10.8); 65.8% female; 208 relapsing-onset MS and 41 primary progressive MS) were included, contributing 1,639 follow-up MRI scans. Radiologic disease activity was detected in 29 scans in 23 patients (1.8% of scans; 6.7% of patients) over a median treatment duration of 49 months. The NNS increased with treatment duration, especially after 24 months of treatment, reaching 81.3 at month 30 and 152.9 at month 36.
DISCUSSION: Routine annual MRI monitoring in patients with asymptomatic ocrelizumab-treated MS never led to treatments changes. The increasing NNS over time, especially after 2 years of treatment, indicates that MRI intervals can be safely extended in patients with stable MS treated with ocrelizumab, potentially doubling the interval from treatment year 2 onward (i.e.,; rebaseline, year 1, year 2, year 4, and year 8, etc.).",https://pubmed.ncbi.nlm.nih.gov/42525900/,,,multiple_sclerosis,(Multiple Sclerosis[MeSH] OR multiple sclerosis[tiab] OR demyelination[tiab] OR myelin[tiab]) AND (treatment[tiab] OR intervention[tiab] OR therapy[tiab]),2026-08-05T17:36:12+00:00,,,,,
PMID_42525595,PubMed,42525595,PMC9069991,10.1007/s40263-019-00660-0,Pain Medication Use and Perceived Effectiveness in People With Multiple Sclerosis: A Mixed-Methods Study.,"Obsa, Mohammed Suleiman; Saul, Alice; Lefever, Kristen; Julie Campbell, A; Laura Laslett, L; Dagnew, Baye; Bruce Taylor, V; Mei, Ingrid van der",Pain research & management,2026,"BACKGROUND: Individuals with multiple sclerosis (MS) often use multiple medications, but evidence comparing their effectiveness is scarce. This study aims to (a) describe pain medication use and perceived effectiveness, (b) identify factors associated with the total number of pain medications, (c) explore the reasons for stopping and (d) use qualitative data to explore the lived experience of PwMS in relation to pain medication effectiveness and reasons for stopping.
METHODS: Participants from the Australian MS Longitudinal Study completed a pain survey in 2021 (n = 1691); 26 participants self-nominated to participate in focus groups. Participants with regular pain were asked which pain medications they used, to what extent the medications reduced pain, which medications they stopped using and the reasons for stopping. Quantitative data were analysed using descriptive statistics; negative binomial regression was used to determine factors associated with the total number of medications. Qualitative data were analysed using thematic analysis.
RESULTS: Among 899 participants with regular pain, 87.3% were using pain medication. In terms of perceived effectiveness, 62.3% of all reported medications resulted in 'much improvement', 'very much improvement' or 'complete pain relief'. The medications commonly reported to be effective were opioid-containing medications, cannabinoids, antimigraine medications, a combination of paracetamol and nonsteroidal anti-inflammatory drug (NSAID) products and sedatives. Having more pain types, greater pain severity, being female and greater disability (all p < 0.05) were associated with taking a higher number of medications. Common reasons for stopping a medication were side effects and ineffectiveness. Qualitative data supported the quantitative findings.
CONCLUSIONS: Most people with pain used medications, and the effectiveness was acceptable for the majority of people. Despite that, stopping medications until the right ones were found was common, often due to side effects and ineffectiveness. This suggests that, with adjustments to treatment plans, effective pain control is achievable for most PwMS with pain.",https://pubmed.ncbi.nlm.nih.gov/42525595/,,,multiple_sclerosis,(Multiple Sclerosis[MeSH] OR multiple sclerosis[tiab] OR demyelination[tiab] OR myelin[tiab]) AND (treatment[tiab] OR intervention[tiab] OR therapy[tiab]),2026-08-05T17:36:12+00:00,,,,,
PMID_42525242,PubMed,42525242,PMC5578404,10.1136/bmj.g7594,Prognostic factors in paediatric-onset multiple sclerosis: a narrative review.,"Achille, Mariaclara; Copetti, Massimiliano; Guerra, Tommaso; Ferri, Caterina; Iaffaldano, Pietro; D'Alfonso, Sandra; Pugliatti, Maura; Palumbi, Roberto; Simone, Marta",Journal of neurology,2026,"BACKGROUND: Paediatric-onset multiple sclerosis (POMS) accounts for 3-10% of multiple sclerosis (MS) cases and differs from adult-onset disease in course, treatment response and long-term outcomes. Risk stratification is essential, yet the literature frequently conflates three distinct questions: which children develop MS (susceptibility), which convert from a first demyelinating event (conversion) and which, once diagnosed, will accrue disability (prognosis).
OBJECTIVE: This study aimed to provide a narrative overview of candidate prognostic factors in POMS, separated from susceptibility and conversion factors and organised by the outcome each predicts.
METHODS: PubMed and Google Scholar were searched (2002-2025, with hand searching of pivotal 2026 cohorts) using a predefined string and full eligibility criteria. Factors were classified along three axes of inference and graded into four evidence tiers (replicated; preliminary; susceptibility rather than prognosis; inconsistent). No formal risk-of-bias assessment was undertaken, consistent with the narrative design.
RESULTS: The most reproducible post-diagnosis predictors were early inflammatory activity (relapse number and inter-attack interval in the first two years, annualised relapse rate, early EDSS change), lesion topography (brainstem, spinal cord), T2 lesion accrual, serum neurofilament light chain and treatment-related variables (delayed disease-modifying therapy, early high-efficacy treatment). Advanced MRI metrics, serum glial fibrillary acidic protein and other fluid biomarkers remain preliminary; baseline EDSS was inconsistent. Most dietary, environmental and perinatal exposures relate to susceptibility, not course.
CONCLUSIONS: Current evidence supports candidate predictors, not a validated instrument, and inference is further complicated by confounding by indication. A multidimensional, externally validated POMS-specific prognostic score remains to be developed-the aim of the ongoing PROMISING study.",https://pubmed.ncbi.nlm.nih.gov/42525242/,,,multiple_sclerosis,(Multiple Sclerosis[MeSH] OR multiple sclerosis[tiab] OR demyelination[tiab] OR myelin[tiab]) AND (treatment[tiab] OR intervention[tiab] OR therapy[tiab]),2026-08-05T17:36:12+00:00,,,,,
PMID_42524867,PubMed,42524867,,10.1097/wno.0000000000002504,Literature Commentary.,,Journal of neuro-ophthalmology : the official journal of the North American Neuro-Ophthalmology Society,2026,"In this issue, we are very glad to welcome Kimberly Gokoffski, MD, PhD from UC Irvine as a commentator. Doctors Moster and Gokoffski review the following 4 articles. Boudot de la Motte M, Gavoille A, Papeix C, et al. Treatment discontinuation in patients with myelin oligodendrocyte glycoprotein antibody-associated disease. JAMA Neurol . 2026. Ayupov, T, Moreno-Juan, V, Curtoni, S. et al. Cell-type-targeted mitochondrial transplantation rescues cell degeneration. Nature . 2026;653:221-231. Yang DL, Cao Q, Liu F, et al. Quantification of vascular burden on cranial vessel wall MRI and ophthalmic complications in giant cell arteritis. ACR Open Rheumatol . 2026;8:e90066. Fogg, LG, Tom, E, Policarpo, M, et al . The visual system of the longest-living vertebrate, the Greenland shark. Nat Commun . 2026;17:39.",https://pubmed.ncbi.nlm.nih.gov/42524867/,,,multiple_sclerosis,(Multiple Sclerosis[MeSH] OR multiple sclerosis[tiab] OR demyelination[tiab] OR myelin[tiab]) AND (treatment[tiab] OR intervention[tiab] OR therapy[tiab]),2026-08-05T17:36:12+00:00,,,,,
PMID_42524290,PubMed,42524290,PMC4236472,10.1186/s12974-014-0181-8,"Differences in immune-related semaphorin levels in the CSF and serum of newly diagnosed, treatment-naive patients with relapsing-remitting multiple sclerosis: a case-control study.","Sarıdaş, Furkan; Aydın, Birnur; Özpar, Rifat; Koç, Emine Rabia; Hakyemez, Bahattin; Alkan, Tülin; Turan, Ömer Faruk",Frontiers in neurology,2026,"BACKGROUND: The pathogenesis of multiple sclerosis (MS) remains incompletely elucidated. Semaphorins play an active role in the immune and nervous systems by regulating receptor-mediated adhesion mechanisms. Immunosemaphorins have recently emerged as diagnostic biomarkers or therapeutic targets in MS.
OBJECTIVES: This study aimed to investigate alterations in semaphorins (Sema) 3A, 3F, 4A, 4D, and 7A in newly diagnosed, treatment-naive patients with relapsing-remitting multiple sclerosis (RRMS).
METHODS: In this prospective case-control study, semaphorin levels were evaluated by enzyme-linked immunosorbent assay in 40 consecutive patients (serum and cerebrospinal fluid (CSF)) and 40 healthy controls (serum).
RESULTS: Serum levels of Sema3A, Sema4A, Sema4D, and Sema7A were lower in RRMS patients than in healthy controls and remained significant after correction for multiple testing. In exploratory analyses, OCB count was negatively correlated with serum Sema4A and Sema7A and positively correlated with CSF Sema7A. Patients with an OCB count ≥12 had lower serum levels of Sema3F, Sema4A, and Sema7A. Sema4D levels were higher in patients with an IgG index ≥0.7. Patients with infratentorial lesions had lower serum Sema4A levels and higher CSF Sema4A levels.
CONCLUSION: Low serum levels of Sema3A may be diagnostically relevant in RRMS. Low serum levels of Sema7A and elevated CSF levels may be associated with inflammatory immune activation. Further studies are needed for Sema3F, Sema4A, and Sema4D.",https://pubmed.ncbi.nlm.nih.gov/42524290/,,,multiple_sclerosis,(Multiple Sclerosis[MeSH] OR multiple sclerosis[tiab] OR demyelination[tiab] OR myelin[tiab]) AND (treatment[tiab] OR intervention[tiab] OR therapy[tiab]),2026-08-05T17:36:12+00:00,,,,,
PMID_42524265,PubMed,42524265,PMC7248368,10.1176/appi.books.9780890425787,Therapeutic Use of Medical Cannabis Beyond Pain Management in Physical Medicine and Rehabilitation.,"Cameron, Andrew; Fraix, Marcel P; Agrawal, Devendra K",Archives of internal medicine research,2026,"Medical cannabis has emerged as a rapidly evolving therapeutic modality with expanding clinical interest beyond its traditional role in pain management. Particularly relevant to Physical Medicine and Rehabilitation (PM&R), where the focus extends beyond symptom control to functional restoration and optimal quality of life, key non-pain indications described in the literature include management of spasticity, neurologic and seizure disorders, sleep disturbances, and chemotherapy-induced nausea and vomiting (CINV). This PM&R-centered narrative review synthesizes current evidence on the efficacy, mechanisms, and clinical implications of cannabis use for non-pain conditions, with emphasis on its interaction with the endocannabinoid system, including CB1- and CB2-receptor-mediated pathways influencing neuromodulation, inflammation, and homeostasis. Across multiple conditions, cannabinoids demonstrate modest benefits in symptom reduction, including improvements in patient-reported spasticity in multiple sclerosis, significant seizure reduction in treatment-resistant pediatric epileptic syndromes, antiemetic effects in refractory CINV, and appetite stimulation in cachectic states. Additionally, subjective improvements in sleep quality have been observed, though objective changes in sleep architecture remain inconsistent. However, there remains limited evidence supporting meaningful improvements in functional outcomes and quality of life. Cannabis use may negatively impact rehabilitation through dose-dependent cognitive impairment, sedation, impaired motor learning, and increased fall risk. Significant challenges persist, including lack of standardized dosing, variability in formulations and THC:CBD ratios, inconsistent product labeling, and limited high-quality randomized controlled trials assessing long-term functional outcomes. Regulatory barriers, including discrepancies between federal and state laws, further complicate clinical implementation and research. This review highlights the gap between symptomatic relief and functional recovery, emphasizing the need for PM&R-specific research focused on rehabilitation-relevant outcomes that objectively measure functional independence and quality of life. Bridging this gap will be critical to defining a role for medical cannabis within rehabilitation medicine and optimizing patient-centered care that maximizes function.",https://pubmed.ncbi.nlm.nih.gov/42524265/,,,multiple_sclerosis,(Multiple Sclerosis[MeSH] OR multiple sclerosis[tiab] OR demyelination[tiab] OR myelin[tiab]) AND (treatment[tiab] OR intervention[tiab] OR therapy[tiab]),2026-08-05T17:36:12+00:00,,,,,
PMID_42523497,PubMed,42523497,PMC13405383,10.64898/2026.07.14.26357416,Large Language Model - Enhanced Decision Tree Framework for Identifying Multiple Sclerosis Diagnoses from Clinical Documentation.,"Venkatesh, Shruthi; DelSignore, Marisa; Wu, Xizhi; Morris, Michele; Kerr, Wesley T; Visweswaran, Shyam; Wang, Yanshan; Xia, Zongqi",medRxiv : the preprint server for health sciences,2026,"BACKGROUND: Early diagnosis and intervention are crucial in multiple sclerosis (MS), yet diagnostic delays are common. Large language models (LLMs) such as generative pre-trained transformers (GPTs) may help streamline diagnostic workflows by extracting MS diagnostic signals from clinical notes.
OBJECTIVE: To derive MS diagnosis status from the first neurology note using a computable algorithm based on the 2017 McDonald criteria and applying GPT-4 for node-level reasoning within a structured decision framework.
METHODS: We analyzed first neurology notes from 125 randomly selected patients (including those with MS, related disorders, and controls) enrolled in a clinic cohort between 2017 and 2023. We included the clinical history and diagnostic testing sections but redacted the assessment and plan. We converted the 2017 McDonald criteria into a decision tree and provided expert-curated clinical knowledge to guide GPT-4 reasoning at each decision node. GPT-4 generated binary decisions at each node to traverse the tree and classified MS diagnoses at terminal nodes. We evaluated performance against neurologist-assessed diagnoses and characterized hallucinations (non-factual, incongruent, irrelevant, over-reliant, and logical reasoning errors).
RESULTS: In this study cohort (mean age 40±13 years; 81% women) representative of the clinic population, GPT-4 performed well in predicting MS diagnosis (84% accuracy, 79% precision, 74% recall, 91% specificity) using first neurology notes. Hallucinations occurred in 32 cases (26%), most commonly incoherence (75%) and overreliance (47%).
CONCLUSION: A structured, LLM-guided decision framework can flag MS diagnoses from early clinical documentation. Large-scale studies are needed to mitigate hallucinations, validate this approach, and test implementation in clinical settings.",https://pubmed.ncbi.nlm.nih.gov/42523497/,,,multiple_sclerosis,(Multiple Sclerosis[MeSH] OR multiple sclerosis[tiab] OR demyelination[tiab] OR myelin[tiab]) AND (treatment[tiab] OR intervention[tiab] OR therapy[tiab]),2026-08-05T17:36:12+00:00,,,,,
PMID_42522301,PubMed,42522301,,10.2174/0118715273485479260721072747,Endothelial-to-mesenchymal Transition at the Blood-brain Barrier: Molecular Mechanisms and Pathological Roles Across Brain Diseases.,"Ishak, Nur Iffah; Siran, Rosfaiizah; Mohamad Zain, Wan Nor I'zzah Wan; Azme, Nasibah",CNS & neurological disorders drug targets,2026,"Endothelial-to-Mesenchymal Transition (EndMT) is a significant contributor to Blood- Brain Barrier (BBB) dysfunction in various brain diseases. The majority of current therapies, aimed at reducing BBB dysfunction, focus on preventing inflammation or stabilizing tight junctions. In most cases, these therapies do not provide adequate or long-lasting vascular protection. Endothelial cells undergo phenotypic programming, losing their barrier-forming capacity and developing features of mesenchymal and extracellular matrix-producing cells as the disease progresses. The change leads to chronic vascular leakage, neuroinflammation, microvascular fibrosis, and dysfunctional neurovascular coupling. Several upstream stimuli, including inflammatory cytokines, TGF-β/BMP-Smad signaling, and oxidative damage, converge to drive EndMT within the distinctive, specialized environment of the brain endothelium. Ischemic stroke, multiple sclerosis, cerebral cavernous malformations, arteriovenous malformations, glioblastoma, brain metastasis, and Alzheimer's disease indicate that EndMT is not a rare or unique process but a shared and common pathologic process that may result in disease progression and eventual resistance to treatment. Recent single-cell and spatial transcriptomic data have shown that partial EndMT states exist and may be precursors to irreversible microvascular remodeling. It is necessary to identify therapeutic approaches that go beyond short-term stabilization of the BBB and target the molecular programs underlying the loss of endothelial identity. This review synthesizes mechanistic, disease-related, and therapeutic evidence indicating that EndMT is a leading cause of BBB failure and highlights therapeutic opportunities for targeting this endothelial plasticity in brain diseases.",https://pubmed.ncbi.nlm.nih.gov/42522301/,,,multiple_sclerosis,(Multiple Sclerosis[MeSH] OR multiple sclerosis[tiab] OR demyelination[tiab] OR myelin[tiab]) AND (treatment[tiab] OR intervention[tiab] OR therapy[tiab]),2026-08-05T17:36:12+00:00,,,,,
PMID_42522265,PubMed,42522265,PMC8520617,10.1186/s13023-021-02040-8,A Phase 1 clinical trial to evaluate the safety and tolerability of CLZ-2002 for the treatment of patients with Charcot-Marie-Tooth disease type 1.,"Kim, Hyesun; Choi, Byung-Ok; Lee, Hyunju; Park, Saeyoung; Lim, Jaeseung; Jung, Sung-Chul",Stem cells translational medicine,2026,"BACKGROUND: Charcot-Marie-Tooth disease type 1 (CMT1) is a rare, genetically diverse condition and represents the most prevalent form of inherited peripheral neuropathy, characterized by Schwann cell dysfunction resulting in progressive demyelination and muscle wasting. CLZ-2002, an allogeneic Schwann cell-like product derived from human tonsillar mesenchymal stem cells, has been developed as a regenerative therapy and investigated in CMT1 patients.
METHODS: A Phase 1, open-label, dose-escalation clinical trial was performed in nine patients with genetically diagnosed CMT1 (five with CMT1A, four with CMT1B). Participants were allocated to three dosing cohorts: 6 million (G1), 12 million (G2), or 24 million cells (G3). CLZ-2002 was delivered as a single intramuscular injection into the lower limbs. The primary objective was to assess safety and tolerability. Exploratory endpoints included Charcot-Marie-Tooth Neuropathy Score version 2 (CMTNSv2), Overall Neuropathy Limitation Score-leg (ONLS-leg), Functional Disability Score (FDS), electrophysiology, MRI, and circulating biomarkers.
RESULTS: No drug-related adverse reactions, serious adverse events, or dose-limiting toxicities occurred. Four participants experienced a total of five grade 1-2 treatment-emergent adverse events. By Week 24, improvements relative to baseline were noted in CMTNSv2 and ONLS-leg. Biomarker levels of NCAM1 and GDF15 declined at Week 4 but returned toward baseline by Week 24, reflecting the observed clinical trends.
CONCLUSIONS: A single intramuscular dose of CLZ-2002 of up to 24 million cells was safe and well-tolerated in CMT1 patients. Exploratory efficacy assessments suggested possible clinical benefit, warranting continued investigation of CLZ-2002 in larger, controlled study populations.",https://pubmed.ncbi.nlm.nih.gov/42522265/,,,multiple_sclerosis,(Multiple Sclerosis[MeSH] OR multiple sclerosis[tiab] OR demyelination[tiab] OR myelin[tiab]) AND (treatment[tiab] OR intervention[tiab] OR therapy[tiab]),2026-08-05T17:36:12+00:00,,,,,
PMID_42522253,PubMed,42522253,PMC12136489,10.1002/acn3.70483,Disease Course After Anti-CD20 Discontinuation in Secondary Progressive Multiple Sclerosis-A Multicenter Long-Term Longitudinal Study.,"Otto, Ferdinand; Kliushnikova, Dariia; Radlberger, Richard Friedrich; Yasaroglu, Sinan; Moser, Tobias; Harrer, Andrea; Kratzer, Kitty; Hitzl, Wolfgang; Gradl, Christiane; Schmidauer, Martin; Roth, Patrick; Hegen, Harald; Wipfler, Peter",Annals of clinical and translational neurology,2026,"OBJECTIVE: To describe long-term outcomes after anti-CD20 discontinuation in selected patients with secondary progressive multiple sclerosis (SPMS) who remained without subsequent disease-modifying therapy (DMT).
METHODS: We retrospectively analyzed data from four centers in Austria and Switzerland. Inclusion criteria were SPMS, ≥ 2 anti-CD20 cycles, discontinuation without subsequent DMT, and ≥ 36 months follow-up. The primary endpoint was time to first confirmed Expanded Disability Status Scale (EDSS) worsening, defined as a ≥ 0.5-point increase after discontinuation documented at a subsequent routine visit. Secondary endpoints were relapses, MRI activity, and severe infections. No continuation cohort was available.
RESULTS: Fifty-five patients were included (61% female). Mean age at anti-CD20 start was 53.5 ± 6.6 years, disease duration 19.3 ± 10.1 years, treatment duration 32.8 ± 16.1 months, and post-discontinuation follow-up 55.1 ± 14.1 months. Mean EDSS increased from 5.9 ± 1.3 before anti CD20, to 6.3 ± 1.3 at discontinuation and 6.9 ± 1.2 at last follow-up. Confirmed EDSS worsening occurred in 31 patients (56%). Hazard analysis suggested an exploratory late increase between 48 and 60 months (p = 0.043) based on small numbers at risk. Relapses occurred in 6 patients (10.9%), MRI activity in 4/35 (11%), and severe infections in 17 (31%).
CONCLUSIONS: In this selected SPMS cohort, focal inflammatory activity was uncommon, whereas confirmed EDSS worsening accumulated over long-term follow-up. Because inclusion required ≥ 36 months untreated follow-up, early disease activity may have been underestimated, and apparent stability may have been overestimated. Findings are descriptive and hypothesis-generating and do not establish safety or optimal timing of anti-CD20 discontinuation.",https://pubmed.ncbi.nlm.nih.gov/42522253/,,,multiple_sclerosis,(Multiple Sclerosis[MeSH] OR multiple sclerosis[tiab] OR demyelination[tiab] OR myelin[tiab]) AND (treatment[tiab] OR intervention[tiab] OR therapy[tiab]),2026-08-05T17:36:12+00:00,,,,,
PMID_42520508,PubMed,42520508,,10.1016/j.msard.2026.107409,Treatment satisfaction during personalized extended interval dosing of natalizumab in patients with multiple sclerosis.,"Gelissen, Liza M Y; van Hagen, Lucia A; Toorop, Alyssa A; Arnoldus, Edo P J; Beenakker, E A C; Bouvy, Willem H; van Eijk, Jeroen J J; Eurelings, Marijke; van Genugten, Jessie; Groeneveld, Onno N; Hoitsma, Elske; Hoogervorst, Erwin L J; Kalkers, Nynke F; Kloosterziel, Mark E; Kragt, Jolijn J; Mostert, Jop P; van Munster, Caspar; Nielsen, Jessica; van Rooij, Luuk C; Roosendaal, Christiaan M; Vennegoor, Anke; Wokke, Beatrijs H A; Zeinstra, Esther M P E; de Jong, Brigit A; Strijbis, Eva M M; van Oosten, Bob W; Uitdehaag, Bernard M J; Twisk, Jos W R; Rispens, Theo; Killestein, Joep; van Kempen, Zoé L E",Multiple sclerosis and related disorders,2026,"BACKGROUND: Extended interval dosing (EID) of natalizumab is increasingly used in clinical practice for patients with multiple sclerosis, driven by growing evidence supporting its sustained efficacy and associated benefits. However, it remains unclear whether EID, particularly at dosing intervals beyond six weeks, affects treatment satisfaction.
OBJECTIVES: To investigate whether natalizumab dosing intervals of up to ten weeks are associated with patient-reported treatment satisfaction.
METHODS: Participants from the prospective NEXT-MS and SUPERNEXT trials, both evaluating concentration-guided EID while preserving therapeutic drug concentrations, completed longitudinal Treatment Satisfaction Questionnaire for Medication (TSQM) assessments. Associations between dosing interval and scores in the four TSQM domains (Effectiveness, Side effects, Convenience, and Overall satisfaction) were analyzed using linear mixed-effects models.
RESULTS: A total of 427 participants were included. Most participants reported high treatment satisfaction. No overall association was observed between dosing interval and TSQM scores. However, additional effect-modification analyses suggested that the association between dosing interval and treatment satisfaction differed according to treatment duration, disease duration, baseline EDSS, and route of natalizumab administration.
CONCLUSIONS: Treatment satisfaction was high and was not affected by longer dosing intervals in the majority of patients. However, additional effect-modification analyses indicated that the impact of dosing interval on treatment satisfaction may differ according to patient characteristics, highlighting the importance of individualized treatment decisions.",https://pubmed.ncbi.nlm.nih.gov/42520508/,,,multiple_sclerosis,(Multiple Sclerosis[MeSH] OR multiple sclerosis[tiab] OR demyelination[tiab] OR myelin[tiab]) AND (treatment[tiab] OR intervention[tiab] OR therapy[tiab]),2026-08-05T17:36:12+00:00,,,,,
PMID_42520007,PubMed,42520007,PMC12094643,10.1016/j.cct.2024.107658,The COMPASS-MS Study on Implementing Digital Assessment and Treatment for Psychological Distress in Patients With Multiple Sclerosis: Protocol for a Real-World Longitudinal Study.,"Jenkinson, Emma; Moss-Morris, Rona; Seaton, Natasha; Silber, Eli; Okai, David; Wroe, Abigail; Brodie, Simon; Norton, Sam; Hudson, Joanna L",JMIR research protocols,2026,"BACKGROUND: Comorbid anxiety and depression in patients with multiple sclerosis (MS) are common, conferring a greater risk of poorer outcomes and increased health care costs. Few MS services include scalable treatment pathways for psychological distress.
OBJECTIVE: This study aims to conduct a real-world longitudinal study evaluating the implementation and potential effectiveness of an integrated pathway involving digital screening for psychological distress and COMPASS-MS, a therapist-guided digital cognitive behavioral therapy tailored to the challenges of living with MS.
METHODS: This is a mixed methods, observational, real-world, longitudinal study being conducted in the United Kingdom. Routine mental health screening in the MS clinic will identify patients experiencing distress (using predefined clinical cutoffs), who will be assessed for eligibility for psychological treatment, including the COMPASS-MS program. Participants will receive COMPASS-MS online over approximately 12 weeks (including up to six 30-min therapist sessions). The implementation, reach, and adoption of the treatment pathway within a specialist MS service will be assessed using aggregate data on the uptake of mental health screening, eligibility, and consent rates for COMPASS-MS, as well as the number of COMPASS-MS sessions completed. Interviews with patients and health care professionals will primarily assess the scalability and potential or actual barriers and facilitators of the new pathway. Potential effectiveness will be assessed using participant questionnaires at preintervention and 12 weeks postintervention. The primary effectiveness outcome will be pre-post changes in distress (Patient Health Questionnaire Anxiety and Depression Scale scores). Quantitative data will be summarized using descriptive statistics and mixed effects models. Qualitative data will be analyzed using reflexive thematic and framework analysis.
RESULTS: Recruitment of both patients and health care professionals began in June 2024. For patients, recruitment was completed as of September 2025, including 82 participants. For health care professionals and stakeholders, as of September 2025, 7 had consented and completed interviews, and 13 more were expected to be recruited by August 2026. Data analysis has not yet started; however, quantitative results are expected by September 2026.
CONCLUSIONS: The study findings will inform treatment pathways that can be incorporated into MS clinics and highlight adaptations or implementation protocols required to increase future scalability and effectiveness.",https://pubmed.ncbi.nlm.nih.gov/42520007/,,,multiple_sclerosis,(Multiple Sclerosis[MeSH] OR multiple sclerosis[tiab] OR demyelination[tiab] OR myelin[tiab]) AND (treatment[tiab] OR intervention[tiab] OR therapy[tiab]),2026-08-05T17:36:12+00:00,,,,,
PMID_42519514,PubMed,42519514,PMC12659502,10.1016/j.jot.2026.101171,Hypoxia-preconditioned mitochondrial transplantation multidirectionally modulates Schwann cell functions to repair peripheral nerve injury in rats.,"Dong, Jin; Yan, Bing; Zhao, Xushen; Bai, Jinyu; Shan, Huajian; Gao, Xiang; Sheng, Lei; Dai, Jun; Jiang, Fengxian; Zhang, Mingchao; Bai, Chaowen; Zhou, Xiaozhong; Wei, Shuai",Journal of orthopaedic translation,2026,"BACKGROUND: Peripheral nerve injury (PNI) often leads to sensory and motor dysfunction. This study investigated the promoting effect of hypoxia-preconditioned mitochondrial transplantation on the structural and functional reconstruction of peripheral nerves and the molecular mechanisms involved.
METHODS: We explored the effects of hypoxia-preconditioned mitochondrial transplantation on Schwann cell (SC) phenotypes, including proliferation, migration, cellular senescence, and mitochondrial membrane potential, and explored the underlying molecular mechanism through Western blotting. We assessed axonal and myelin regeneration, as well as motor function recovery, in injured rats through behavioral tests, morphological analysis, and electrophysiological detection.
RESULTS: Hypoxia preconditioning significantly increased the mitochondrial membrane potential in SCs without altering their ultrastructure or the normal expression of the COX IV and TOMM20 proteins. The uptake efficiency of SCs for exogenous mitochondria was significantly greater than that of neurons, endothelial cells, fibroblasts, and other cells. Hypoxia-preconditioned mitochondrial transplantation activated the MAPK (Ras-ERK-c-Fos/c-Jun) pathway; promoted SC proliferation, migration, and dedifferentiation; inhibited H2O2-induced cellular senescence; and partially restored the mitochondrial membrane potential. Hypoxia-preconditioned mitochondrial transplantation significantly accelerated axonal growth, promoted axonal remyelination, led to significant recovery of electrophysiological function, and improved motor function.
CONCLUSION: Hypoxia preconditioning enhances the mitochondrial membrane potential of SC-derived mitochondria. Mitochondrial transplantation modulates SC functions by activating the Ras-ERK-c-Fos/c-Jun pathway, significantly increases nerve fiber density and myelin thickness, alleviates gastrocnemius muscle atrophy, and promotes motor function recovery, providing a new strategy for the clinical treatment of PNI.
TRANSLATIONAL POTENTIAL: We established a hypoxia-preconditioned mitochondrial transplantation method that modulates SC functions, accelerates axonal and myelin regeneration, and promotes motor function recovery. This study provides a novel clinical strategy for treating peripheral nervous system injuries.",https://pubmed.ncbi.nlm.nih.gov/42519514/,,,multiple_sclerosis,(Multiple Sclerosis[MeSH] OR multiple sclerosis[tiab] OR demyelination[tiab] OR myelin[tiab]) AND (treatment[tiab] OR intervention[tiab] OR therapy[tiab]),2026-08-05T17:36:12+00:00,,,,,
PMID_42518995,PubMed,42518995,PMC6608062,10.1007/s10787-025-01884-x,"Neuroprotective potential of the natural polyphenol Procyanidin B2 in spinal cord injury: a comprehensive study utilizing machine learning, network pharmacology, and in vivo validation.","Xiang, Chunyu; Liu, Yang; Gu, Rui; Liu, Wanguo; Shi, Jingwei",Frontiers in nutrition,2026,"BACKGROUND: The secondary injury cascade following spinal cord injury (SCI) drives severe inflammation and tissue destruction. Although the natural polyphenol Procyanidin B2 (PCB2) has well-documented neuroprotective properties, its specific therapeutic efficacy in SCI, as well as its precise therapeutic targets and immunomodulatory mechanisms, remain unclear.
METHODS: We applied an integrated bioinformatics and in vivo approach. Target predictions were cross-referenced with SCI transcriptomic profiles from GEO datasets. Four machine learning algorithms were used to isolate core regulatory genes. Single-cell RNA sequencing mapped the primary target's distribution, and molecular docking estimated binding affinities. Mechanistic predictions were validated in a rat T10 spinal cord contusion model via Basso-Beattie-Bresnahan (BBB) scoring, histology, immunofluorescence, and Western blot.
RESULTS: Network pharmacology initially yielded 59 shared targets, with functional enrichment pointing to PCB2's broad involvement in Toll-like receptor and p53 signaling, as well as tissue remodeling. This suggests its potential for multi-target anti-inflammatory and anti-apoptotic intervention. Machine learning algorithms then pinpointed Caspase-1 (CASP1) as the central regulatory node. Single-cell RNA sequencing showed that CASP1 expression surges specifically within macrophages and microglia following injury. Molecular docking supported a robust interaction (-7.2 kcal/mol) between PCB2 and the active pocket of CASP1. In our rat model, administering PCB2 notably hastened the return of bladder control and increased BBB locomotor scores. Histology confirmed that treated animals had smaller lesion volumes, better myelin integrity, and less inflammatory cell infiltration. At the molecular level, PCB2 significantly suppresses CASP1 expression, thereby blunting secondary damage.
CONCLUSION: PCB2 demonstrates significant neuroprotective effects in SCI. Its mechanism primarily involves targeting CASP1 in myeloid cells, to lower its expression, thereby shifting the microenvironment toward repair, providing a translational basis for utilizing natural polyphenols like PCB2 in managing secondary spinal cord trauma and supporting overall central nervous system health.",https://pubmed.ncbi.nlm.nih.gov/42518995/,,,multiple_sclerosis,(Multiple Sclerosis[MeSH] OR multiple sclerosis[tiab] OR demyelination[tiab] OR myelin[tiab]) AND (treatment[tiab] OR intervention[tiab] OR therapy[tiab]),2026-08-05T17:36:12+00:00,,,,,
PMID_42517750,PubMed,42517750,,10.1177/08830738261468466,Clinical Efficacy and Brain Volumetric Changes in Pediatric-Onset Multiple Sclerosis Under Teriflunomide Treatment.,"Öztürk, Zeynep; Yazol, Merve; Çetin, Huriye; Serdaroğlu, Esra; Arhan, Ebru; Hirfanoğlu, Tuğba; Gücüyener, Kıvılcım; Boyunağa, Öznur Leman; Demir, Ercan",Journal of child neurology,2026,"BackgroundBrain volumetric imaging provides important insights into neuroaxonal injury in pediatric-onset multiple sclerosis (POMS), beyond conventional clinical measures of disease activity.ObjectiveTo evaluate the longitudinal brain volume changes in POMS patients treated with teriflunomide from disease onset, and to explore their associations with clinical outcomes, including annualized relapse rate (ARR) and Expanded Disability Status Scale (EDSS) scores.MethodsThis retrospective longitudinal study included treatment-naïve POMS patients with standardized 1.5-tesla (T) brain MRIs at baseline and 24-month follow-up. Brain volumes were quantified using fully automated volBrain software. Clinical measures included ARR and EDSS scores.ResultsSixteen patients (median age: 15 years; 62.5% female) were included. All patients received teriflunomide as a first-line therapy. Over the 24-month follow-up, the mean ARR decreased from 2.1 to 0.53 and the median EDSS remained stable. Significant reductions were observed in total brain volume (P = .02), as well as in regional structures including the thalamus (P = .02), total gray matter (P = .01), amygdala (P = .02), and limbic cortex (P = .004).ConclusionsIn this real-world cohort of POMS patients treated with teriflunomide, measurable brain volume loss was observed over a 24-month period despite a reduction in relapse activity and stable EDSS scores. These findings provide exploratory evidence of longitudinal volumetric change in a teriflunomide-treated POMS cohort despite residual clinical disease activity. Given the limitations of the study design, including the absence of a control group, these results should be interpreted cautiously and warrant confirmation in larger, controlled longitudinal studies.",https://pubmed.ncbi.nlm.nih.gov/42517750/,,,multiple_sclerosis,(Multiple Sclerosis[MeSH] OR multiple sclerosis[tiab] OR demyelination[tiab] OR myelin[tiab]) AND (treatment[tiab] OR intervention[tiab] OR therapy[tiab]),2026-08-05T17:36:12+00:00,,,,,
PMID_42516788,PubMed,42516788,PMC3404273,10.1016/j.molimm.2020.03.003,Experimental sciatic nerve neuropathy caused by diclofenac sodium in rats.,"Aykut, Ali Maksut; Kaya, Mustafa Emrah; Oral, Sukru; Serarslan, Yurdal; Aras, Mustafa; Yilmaz, Atilla; Ozgur, Tumay; Dogan, Serdar",Northern clinics of Istanbul,2026,"OBJECTIVE: Our aim in this study is to investigate the total antioxidant status (TAS), total oxidant status (TOS), and oxidative stress index (OSI) values of diclofenac sodium, which is a non-steroidal anti-inflammatory analgesic, after sciatic nerve injury, to examine the histopathological changes in the sciatic nerve, and to examine the results and enable important changes in treatment. It is one of the rare studies conducted histopathologically on post-injection sciatic nerve damage of diclofenac sodium, and the parameters of our biochemical approach have not been evaluated before in the literature.
METHODS: study was divided into 5 main groups as control, sham, trauma, isotonic fluid, and diclofenac sodium. Sham, trauma, isotonic fluid, and diclofenac sodium groups were divided into four subgroups as early stage (day 1, day 3) and late stage (day 7 and day 14). Subjects in each group were evaluated daily by neurological examination according to the Tarlov scale. In all groups except the control group, the sciatic nerve was exposed through appropriate surgical procedures. TAS, TOS, and OSI were run on blood samples biochemically. Nerve tissue samples were evaluated histopathologically and immunohistochemically.
RESULTS: There was a significant difference in pairwise comparison of the groups in terms of CASPASE-3 values. A statistically significant difference was found between the groups in terms of myelin thickness and axon diameter. A statistically significant difference was found between the groups in terms of nerve diameter values.
CONCLUSION: Our study demonstrates that intramuscular injections of diclofenac sodium have potential harmful effects. We recommend that alternative methods of using diclofenac sodium intramuscularly be preferred whenever possible due to the potential complications associated with this drug, that healthcare professionals receive necessary training on intramuscular administration, that the procedures be performed more carefully, and that patients be informed about these complications.",https://pubmed.ncbi.nlm.nih.gov/42516788/,,,multiple_sclerosis,(Multiple Sclerosis[MeSH] OR multiple sclerosis[tiab] OR demyelination[tiab] OR myelin[tiab]) AND (treatment[tiab] OR intervention[tiab] OR therapy[tiab]),2026-08-05T17:36:12+00:00,,,,,
PMID_42516564,PubMed,42516564,PMC6055133,10.1073/pnas.1800621115,Targeting CDK8 dually enhances paclitaxel antitumor efficacy and alleviates chemotherapy-induced peripheral neuropathy in breast cancer.,"Hong, Xuejiao; Fang, Dong",Frontiers in pharmacology,2026,"BACKGROUND: Paclitaxel-based chemotherapy remains a mainstay for breast cancer treatment, yet its efficacy is often limited by drug resistance and dose-limiting peripheral neuropathy. This study aimed to investigate whether CDK8 could serve as a dual target for enhancing the antitumor efficacy of paclitaxel while alleviating chemotherapy-induced neuropathic pain.
METHODS: We evaluated CDK8 expression in human breast cancer specimens before and after paclitaxel-containing neoadjuvant chemotherapy, as well as in paclitaxel-treated breast cancer cell lines and DRGs from syngeneic tumor-bearing mice. Loss- and gain-of-function approaches were performed to assess the functional role of CDK8 in tumor growth, paclitaxel sensitivity, and neuropathic pain behaviors. Myelin damage in the sciatic nerve was evaluated by transmission electron microscopy via G-ratio quantification. Finally, the selective CDK8/CDK19 inhibitor romaciclib was tested for its ability to enhance paclitaxel antitumor efficacy and alleviate paclitaxel induced peripheral neuropathy in a 4T1 murine breast cancer model.
RESULTS: CDK8 expression was markedly upregulated in human post-chemotherapy breast cancer tissues, paclitaxel-treated breast cancer cells, and DRGs of tumor-bearing mice. CDK8 overexpression promoted tumor growth and paclitaxel resistance, while CDK8 knockdown sensitized tumors to chemotherapy. In the peripheral nervous system, elevated CDK8 in DRGs recapitulated paclitaxel-induced mechanical allodynia, thermal hyperalgesia, and myelin damage, whereas CDK8 depletion prevented these neurotoxic effects. Pharmacological inhibition of CDK8 with romaciclib not only enhanced the antitumor efficacy of paclitaxel but also significantly alleviated paclitaxel-induced peripheral neuropathy in vivo.
CONCLUSION: CDK8 is a dual target linking chemoresistance and neurotoxicity. Inhibiting CDK8 with romaciclib may improve paclitaxel therapy while reducing its side effects.",https://pubmed.ncbi.nlm.nih.gov/42516564/,,,multiple_sclerosis,(Multiple Sclerosis[MeSH] OR multiple sclerosis[tiab] OR demyelination[tiab] OR myelin[tiab]) AND (treatment[tiab] OR intervention[tiab] OR therapy[tiab]),2026-08-05T17:36:12+00:00,,,,,
PMID_42515990,PubMed,42515990,,10.1017/s0954422426100493,"Tryptophan in nutrition, health and disease.","Aust, Anne-Christine; Wagenlehner, Florian; Thon, Vojtech",Nutrition research reviews,2026,"Tryptophan (TRP) is an essential amino acid that needs to be ingested into the human body with food. Once ingested in the human body, it is metabolised by gut microbiota into indole metabolites. These indole metabolites can bind to the aryl hydrocarbon receptor (AhR) and pregnane X receptor (PXR). AhR is expressed in many immune cells. The innate and adaptive immune system is modulated by the binding of the indole metabolites to this receptor, and anti-inflammatory signal cascades are activated. PXR is enriched in the enterohepatic system and is essential in handling xenobiotics. Our analysis of results showed that the amino acid TRP and its indole metabolites are ligands, which can modulate mucosal barrier integrity and regulate disease states. The TRP indole metabolites were shown to be a possibility for the supported treatment of diseases such as inflammatory bowel disease, ischemic diseases, and neurodegenerative and autoimmune diseases, including multiple sclerosis. This review shows that the gut microbiome can be altered by supplementation in the nutrition of these bacterial metabolites. As shown in the examples here in this review, inclusive experimental models, the supplementation of TRP and its metabolites could be an alternative approach for treating patients. This review highlights the nutritional aspects of tryptophan and its biochemistry. Further, it sheds light on nutrition and the role of TRP malnutrition.",https://pubmed.ncbi.nlm.nih.gov/42515990/,,,multiple_sclerosis,(Multiple Sclerosis[MeSH] OR multiple sclerosis[tiab] OR demyelination[tiab] OR myelin[tiab]) AND (treatment[tiab] OR intervention[tiab] OR therapy[tiab]),2026-08-05T17:36:12+00:00,,,,,
PMID_42515688,PubMed,42515688,PMC3412399,10.1006/meth.2001.1262,Therapeutic Effects of Combined 6-Shogaol and Ibudilast on Neuroinflammation and Behavioral Deficits in a Cuprizone Mouse Model of Multiple Sclerosis.,"Alshahrany, Gadah Ali; Alyami, Kholoud A; Alzahrani, Noor Ahmed; Alam, Mohammad Zubair; Alghamdi, Badrah S; Omar, Ulfat M; Banjabi, Abeer A; Alshaibi, Huda F; Jambi, Rana Jamalaldin; Al-Otaibi, Kholoud M; Alsufiani, Hadeil M","Pharmaceuticals (Basel, Switzerland)",2026,"Background/Objectives: Multiple sclerosis (MS) is a chronic autoimmune disease of the central nervous system characterized by inflammation, demyelination, and axonal loss. Despite available therapies, there is currently no effective cure for MS. Ibudilast (IBD), a phosphodiesterase inhibitor, and 6-shogaol (SH), a bioactive compound from ginger, have independently shown therapeutic potential in MS models. This study aimed to evaluate the therapeutic efficacy of combining SH and IBD in modulating neuroinflammation and improving functional recovery in a cuprizone (CPZ) mouse model of MS. Methods: Male SWR/J mice were exposed to 0.3% CPZ for 5 weeks to induce demyelination, followed by 4 weeks of spontaneous remyelination after CPZ withdrawal. During remyelination, the CPZ group was subdivided into four groups: no therapy, SH (25 mg/kg), IBD (10 mg/kg), and SH + IBD. Behavioral tests were used to assess locomotion, muscle strength, coordination, and memory. Gene expression of proinflammatory and anti-inflammatory cytokines was analyzed in brain tissue. Results: The combined treatment significantly improved locomotor activity, muscle strength, and memory during remyelination phases while suppressing proinflammatory gene expression and enhancing anti-inflammatory pathways in the brain. Conclusions: SH and IBD combination therapy provides enhanced anti-inflammatory and functional benefits compared with monotherapies, supporting its potential as a promising multi-target therapeutic strategy for improving functional recovery and modulating neuroinflammation during the spontaneous remyelination phase following CPZ withdrawal.",https://pubmed.ncbi.nlm.nih.gov/42515688/,,,multiple_sclerosis,(Multiple Sclerosis[MeSH] OR multiple sclerosis[tiab] OR demyelination[tiab] OR myelin[tiab]) AND (treatment[tiab] OR intervention[tiab] OR therapy[tiab]),2026-08-05T17:36:12+00:00,,,,,
PMID_42515675,PubMed,42515675,PMC4949010,10.1016/0003-2697(73)90433-8,Fluorescence HPLC Analysis of Teriflunomide in Human Plasma Following Derivatization with 4-Chloro-7-Nitrobenzofurazan: Method Development and Application to a Prototype Pharmacokinetic Evaluation.,"Cayci, Meltem; Ceylan, Burhan; Onal, Cem","Pharmaceuticals (Basel, Switzerland)",2026,"Background/Objectives: Teriflunomide is an active metabolite of leflunomide and acts as a selective and reversible inhibitor of dihydroorotate dehydrogenase, a key enzyme in de novo pyrimidine biosynthesis. It exhibits immunomodulatory activity by reducing the proliferation of activated T and B lymphocytes and is widely used in the treatment of rheumatoid arthritis and relapsing multiple sclerosis. This study aimed to develop a rapid, accurate, and simple high-performance liquid chromatography (HPLC) method with fluorometric detection for quantifying teriflunomide in human plasma. Methods: Plasma samples were prepared by liquid-liquid extraction followed by pre-column derivatization with NBD-Cl. Teriflunomide was derivatized with 4-chloro-7-nitrobenzofurazan (NBD-Cl) and separated using a reversed-phase C18 column (5 µm, 4.6 × 150 mm) at 30 °C with isocratic elution. The mobile phase consisted of acetonitrile and 0.1% orthophosphoric acid (80:20, v/v) at a flow rate of 1.1 mL/min. Fluorescence detection was performed at λex = 465 nm and λem = 535 nm. The method meets European Medicines Agency (EMA) guidelines for bioanalytical validation and was successfully applied to pharmacokinetic studies, including AUC0-t, AUC0-∞, Cmax, Tmax, and t½. Results: Teriflunomide showed a retention time of 2.55 ± 0.01 min. The method exhibited linearity in the range of 0.01-30 ng/mL (r2 = 0.9998), with a limit of detection and quantification of 0.003 and 0.01 ng/mL, respectively. The relative standard deviation was 3.27%. Conclusions: This work introduces a novel, cost-effective, and highly sensitive HPLC with fluorescence detection (HPLC-FL) method for the determination of teriflunomide in human plasma, providing an efficient alternative to LC-MS/MS for routine pharmacokinetic and bioequivalence studies.",https://pubmed.ncbi.nlm.nih.gov/42515675/,,,multiple_sclerosis,(Multiple Sclerosis[MeSH] OR multiple sclerosis[tiab] OR demyelination[tiab] OR myelin[tiab]) AND (treatment[tiab] OR intervention[tiab] OR therapy[tiab]),2026-08-05T17:36:12+00:00,,,,,
PMID_42512610,PubMed,42512610,PMC8605531,10.1186/s12913-021-07275-6,Optimizing Infusion Center Efficiency in Multiple Sclerosis: A Nursing Multicenter Survey on Organizational Impact of Ublituximab.,"Campobasso, Martina; Mutta, Elena; Moscato, Caterina Giovanna; Carta, Salvatorica; Lorenzi, Roberta; Bressan, Elisa; Troncone, Enzo; Pastore, Francesco","Healthcare (Basel, Switzerland)",2026,"Background: The increasing use of infusion therapies for multiple sclerosis (MS) has improved disease management but has also increased organizational complexity and nursing workload within infusion centers. Evidence on the organizational implications of infusion care and the perspectives of MS nurses remains limited. This study aimed to characterize the organization of Italian MS infusion centers, explore nursing workload and operational challenges, and assess nurses' perceptions regarding the potential organizational implications of shorter infusion protocols. Methods: A sequential two-phase study was conducted. First, a multicenter cross-sectional survey was administered to nurses working in Italian MS infusion centers (July-September 2025). Subsequently, a national expert board was convened (March 2026) to discuss and contextualize the survey findings. Descriptive statistics, multivariable linear regression, and non-parametric analyses were performed. Results: Sixty-eight MS nurses participated (response rate: 87.2%). Infusion centers were characterized by high patient volumes, limited staffing, frequent multitasking, and substantial administrative burden. Post-infusion monitoring represented the most time-consuming phase of care. Resource availability was independently associated with the number of daily infusions (β = 0.46, p < 0.001), whereas time devoted to nursing assistance and operational workload were not. Expert panel discussions highlighted chair occupancy, workflow organization, and the distinction between technical and relational nursing time as key organizational issues. Nurses perceived shorter infusion protocols as a potential opportunity to improve scheduling flexibility and patient flow, while emphasizing that any organizational benefits would depend on broader workflow redesign. Conclusions: Organizational capacity in MS infusion centers appears to be driven primarily by structural resources rather than nursing task duration. Nurses identified several opportunities to improve infusion pathways and suggested that shorter infusion protocols may support organizational optimization. However, these potential advantages should be regarded as hypotheses based on nurses' perceptions and require confirmation in prospective comparative studies.",https://pubmed.ncbi.nlm.nih.gov/42512610/,,,multiple_sclerosis,(Multiple Sclerosis[MeSH] OR multiple sclerosis[tiab] OR demyelination[tiab] OR myelin[tiab]) AND (treatment[tiab] OR intervention[tiab] OR therapy[tiab]),2026-08-05T17:36:12+00:00,,,,,
PMID_42512524,PubMed,42512524,PMC6865324,10.1001/jamaneurol.2019.3762,Chemotherapy-Induced Brain Damage: Mechanisms and Insights from Rodent Models.,"Veljković, Milica; Džopalić, Tanja; Ranđelović, Pavle; Popović Dragonjić, Lidija; Milenković, Jelena; Ilić, Ivan",Brain sciences,2026,"BACKGROUND/OBJECTIVES: Chemotherapy-induced cognitive impairment, colloquially known as chemobrain, affects a substantial proportion of cancer patients. Preclinical rodent models help clarify underlying drug-specific neurotoxic effects, as well as histological, biochemical, molecular, and behavioral mechanisms.
METHODS: We conducted a narrative review of animal studies examining cognitive dysfunction following treatment with commonly used chemotherapeutic agents, including doxorubicin, cisplatin, cyclophosphamide, methotrexate, 5-fluorouracil, paclitaxel, and docetaxel. The review focused on behavioral and cognitive outcomes, and experimental parameters such as rodent models and dosing regimens.
RESULTS: Across studies, chemotherapeutic exposure has had a consistent negative effect on short-term and working memory, learning and other cognitive domains, with impairments being often mild and detectable even at doses not causing apparent systemic toxicity. Histological analyses revealed reduced neurogenesis, dendritic and myelin alterations, and glial activation, mainly in the hippocampus and prefrontal cortex. Biochemical and molecular changes included oxidative stress, pro-apoptotic signaling, inflammatory cytokine dysregulation, decreased neurotrophic support, and altered neurotransmitter dynamics. Age and sex influenced susceptibility, with juvenile or aged animals and females-particularly older females modeling breast cancer patients-showing greater deficits. Cumulative or repeated dosing exacerbated neurotoxicity, while single administrations produced milder, sometimes transient, impairments.
CONCLUSIONS: Preclinical models provide compelling evidence that chemotherapeutic agents impair cognitive function via convergent mechanisms involving inflammation, oxidative stress, and synaptic dysregulation. These findings highlight the importance of considering age, sex, and treatment schedule in designing neuroprotective strategies and underscore the translational relevance of rodent models in understanding chemobrain.",https://pubmed.ncbi.nlm.nih.gov/42512524/,,,multiple_sclerosis,(Multiple Sclerosis[MeSH] OR multiple sclerosis[tiab] OR demyelination[tiab] OR myelin[tiab]) AND (treatment[tiab] OR intervention[tiab] OR therapy[tiab]),2026-08-05T17:36:12+00:00,,,,,
PMID_42512495,PubMed,42512495,PMC12515893,10.1016/j.healthpol.2025.105303,From Functional Mapping to Functional Recovery: The Emerging Role of Neuronavigated rTMS in Neurorehabilitation.,"Setlak, Marcin Karol; Błaszczyk, Bartłomiej; Suszyński, Krzysztof; Szostek-Rogula, Sylwia; Wojtacha, Maciej; Rudnik, Adam",Brain sciences,2026,"Background/Objectives: Repetitive transcranial magnetic stimulation (rTMS) has been increasingly investigated as an adjunctive intervention in neurorehabilitation, particularly for motor recovery after stroke. However, conventional rTMS protocols remain limited by variability in target localization, inter-individual anatomical differences, lesion-related network reorganization, and limited reproducibility across treatment sessions. Neuronavigated repetitive transcranial magnetic stimulation (nrTMS) integrates structural neuroimaging with real-time coil tracking, enabling more precise and reproducible stimulation of patient-specific cortical targets. This approach may be especially relevant in patients with focal brain lesions, postoperative anatomical distortion, or functionally reorganized networks. Methods: This narrative review summarizes the biological rationale, current clinical evidence, practical workflow, and limitations of nrTMS in neurorehabilitation, with particular attention to the distinction between conventional rTMS and neuronavigated protocols. Results: The strongest evidence for rTMS-based rehabilitation remains in post-stroke motor recovery, although most studies have used non-navigated protocols. In contrast, postoperative neuro-oncological rehabilitation represents a clinically relevant but still investigational context for nrTMS, as preoperative functional mapping, postoperative deficits, and early rehabilitation can be integrated within a patient-specific therapeutic pathway. Early studies suggest feasibility when stimulation is combined with structured physiotherapy; however, the available evidence is based on small and heterogeneous cohorts, and clinically meaningful superiority over conventional rTMS or standard rehabilitation has not yet been established. Data in traumatic brain injury, multiple sclerosis, ataxias, and neurodegenerative disorders are still preliminary and heterogeneous. Conclusions: Neuronavigation should not be interpreted as an independent therapeutic breakthrough, but rather as a precision-enhancing component of rTMS-based rehabilitation. Its main potential value lies in improving targeting accuracy, session-to-session reproducibility, and integration with individualized neuroimaging and rehabilitation goals. Accordingly, nrTMS should currently be considered a precision-enhancing and hypothesis-generating framework rather than an established rehabilitation standard.",https://pubmed.ncbi.nlm.nih.gov/42512495/,,,multiple_sclerosis,(Multiple Sclerosis[MeSH] OR multiple sclerosis[tiab] OR demyelination[tiab] OR myelin[tiab]) AND (treatment[tiab] OR intervention[tiab] OR therapy[tiab]),2026-08-05T17:36:12+00:00,,,,,
PMID_42511484,PubMed,42511484,PMC10002756,10.3390/ijms24054375,MicroRNA Expression Profiles as Biomarkers of Response to Disease-Modifying Therapies in Multiple Sclerosis: A Systematic Review.,"Dumitreasă, Mihai-Ioan; Maier, Smaranda; Bărcuțean, Laura; Manu, Doina; Crauciuc, George-Andrei; Buțiu, Otilia; Bălașa, Rodica",International journal of molecular sciences,2026,"Although microRNAs (miRNAs) are an active area of research in multiple sclerosis (MS) and have been proposed as potential biomarkers of treatment response, the evidence remains difficult to interpret. This systematic review examines the relationship between miRNA expression and response to disease-modifying therapies (DMTs) in adults with MS. The PubMed/MEDLINE and Web of Science databases were systematically searched from inception to 11 February 2026. Fifteen studies that compared miRNA expression between responders and non-responders or assessed changes in miRNA expression after DMT initiation were synthesized narratively by treatment group and outcome, in accordance with the 2020 PRISMA guidelines. After considering study design, treatment response definitions, and miRNA analytical methods, miR-548a-3p in fingolimod-treated patients and miR-223-3p, miR-23a/b-3p, and miR-27a/b-3p in dimethyl fumarate (DMF)-treated patients appeared the most promising miRNAs investigated; however, each was assessed in a single study and has not yet been validated in independent external cohorts. However, they were notable because they had been evaluated in clinically relevant settings: miR-548a-3p in relation to no evidence of disease activity-3 and receiver operating characteristic-based discrimination, and the DMF-associated miRNAs through baseline expression levels and early fold-change analyses. Although miR-23a-3p, miR-26a-5p, miR-146a-5p, miR-155, miR-34a-5p, miR-223-3p, miR-660-5p, and miR-326 had been reported in more than one study, most were investigated in different DMT or outcome contexts. Therefore, the existing literature correlating miRNA expression levels with treatment response provides valuable but limited and heterogeneous evidence. Thus, miRNAs should currently be considered exploratory biomarkers and require further independent validation before their use in clinical practice.",https://pubmed.ncbi.nlm.nih.gov/42511484/,,,multiple_sclerosis,(Multiple Sclerosis[MeSH] OR multiple sclerosis[tiab] OR demyelination[tiab] OR myelin[tiab]) AND (treatment[tiab] OR intervention[tiab] OR therapy[tiab]),2026-08-05T17:36:12+00:00,,,,,
PMID_42510722,PubMed,42510722,PMC7360023,10.1371/journal.pbio.3000410,"Sex-Dependent Brain Plasticity in Neurological Disease: From Biological Variability to Adaptive, Compensatory, and Maladaptive Trajectories.","Avitabile, Alessandro; Rusciano, Dario; Amato, Roberta; Cannizzaro, Ludovica; Gagliano, Caterina",Biology,2026,"Brain plasticity is often described as the capacity of the nervous system to change in response to development, experience, injury, disease, or treatment. That definition is useful, but it can obscure two clinically important points: plasticity is biologically constrained, and change is not always beneficial. This narrative review examines sex-dependent brain plasticity as a context-sensitive process rather than as a simple male-female contrast. We distinguish four operational outcomes of plasticity: (i) reparative plasticity, which restores structure or function; (ii) compensatory plasticity, which preserves performance through alternative or more costly strategies; (iii) insufficient plasticity, in which reorganization is too weak or unstable to sustain function; and (iv) maladaptive plasticity, in which plastic change reinforces dysfunction, pain, excitability, rigidity, or decline. We also define adaptive reserve as the integrated capacity of neural, glial, vascular, immune, metabolic, endocrine, and gene-regulatory systems to support useful reorganization under stress. The review evaluates endocrine, synaptic, neuroimmune, mitochondrial, vascular, stress-related, and epigenetic mechanisms, indicating where evidence for sex-dependent effects is relatively strong and where it remains indirect, inconsistent, or context-dependent. Disease examples include autism spectrum disorder, attention-deficit/hyperactivity disorder, epilepsy, intellectual disability, Alzheimer's disease, Parkinson's disease, amyotrophic lateral sclerosis, Huntington's disease, traumatic and ischemic injury, multiple sclerosis, chronic pain, aging, and systemic metabolic or inflammatory disorders. Throughout, biological sex is separated from gender-related social, diagnostic, and health-care determinants. We conclude that therapeutic strategies should not aim simply to enhance plasticity, but to guide it by matching intervention, timing, dose, biological readiness, and monitoring to the patient's adaptive state.",https://pubmed.ncbi.nlm.nih.gov/42510722/,,,multiple_sclerosis,(Multiple Sclerosis[MeSH] OR multiple sclerosis[tiab] OR demyelination[tiab] OR myelin[tiab]) AND (treatment[tiab] OR intervention[tiab] OR therapy[tiab]),2026-08-05T17:36:12+00:00,,,,,
PMID_42510582,PubMed,42510582,PMC8139904,10.3109/14767058.2012.666114,Synergy of Extremely Low-Frequency Electromagnetic Fields (ELFEFs) and Sex Hormones Against Oxidative Stress in Multiple Sclerosis.,"Escribano, Begoña M; Valdelvira, Manuel E; Muñoz-Jurado, Ana; Feijóo, Montse; Agüera-Morales, Eduardo; Caballero-Villarraso, Javier; Santamaría, Abel; Túnez, Isaac","Antioxidants (Basel, Switzerland)",2026,"Transcranial magnetic stimulation (TMS) is a non-invasive brain stimulation method with neuromodulatory capacity in neurodegenerative diseases such as multiple sclerosis (MS). Its therapeutic value is linked to its activity against oxidative stress by activation of antioxidant defenses. The sex hormones, estrogens (E), progesterone (P) and testosterone (T), have demonstrated their power as adjuvants to TMS, improving cortical excitability. The aim of this study was to evaluate the effect of these hormones as adjuvants to extremely low-frequency electromagnetic fields (ELFEFs) in the treatment of experimental autoimmune encephalomyelitis (EAE), the experimental model of MS. The effect of these hormones as replacement therapy was also evaluated in ovariectomized rats treated with ELFEFs. Sixty-five female Dark Agouti rats were divided into 13 groups (5 rats/group), in which biomarkers of oxidative stress and the glutathione redox cycle in non-nervous organs (kidney, liver, heart, intestines and blood) were analyzed. The results show that ELFEFs alone are more effective against oxidative stress. However, P and E were more effective than ELFEFs, both as adjuvants and in hormone replacement therapy, in activating the glutathione system. Therefore, it could be concluded that sex hormones play an important role against MS, enhancing the antioxidant effect of ELFEFs.",https://pubmed.ncbi.nlm.nih.gov/42510582/,,,multiple_sclerosis,(Multiple Sclerosis[MeSH] OR multiple sclerosis[tiab] OR demyelination[tiab] OR myelin[tiab]) AND (treatment[tiab] OR intervention[tiab] OR therapy[tiab]),2026-08-05T17:36:12+00:00,,,,,
PMID_42509933,PubMed,42509933,PMC5999348,10.1093/cid/cir957,Therapeutic Plasma Exchange in Critically Ill Children with Neuroimmunological Disorders: A Single-Center Cohort Study.,"Sahin, Ebru G; Guvenc, Kubra B; Yucel, Gulcan A; Yasar, Elif; Varol, Fatih; Durak, Cansu","Children (Basel, Switzerland)",2026,"Background: Therapeutic plasma exchange (TPE) is increasingly used in pediatric neuroimmunological disorders; however, evidence remains limited, particularly for rare neuroinflammatory and infection-triggered encephalopathy syndromes. We aimed to describe the clinical characteristics, treatment patterns, and outcomes of critically ill children who underwent TPE for neuroimmunological disorders in a tertiary pediatric intensive care unit. Methods: This retrospective observational study included consecutive patients younger than 18 years who received TPE for neuroimmunological disorders between September 2020 and December 2025. Demographic characteristics, disease spectrum, TPE indications, treatment details, neuroimaging findings, cerebrospinal fluid (CSF) characteristics, and clinical outcomes were reviewed. Neurological outcome at hospital discharge was assessed using the Pediatric Cerebral Performance Category (PCPC) score. Results: Twenty-two patients were included. The median age was 104 months (IQR, 62.3-151.8), and 50% were female. Guillain-Barré syndrome (GBS) was the most common diagnosis (n = 6), followed by autoimmune encephalitis (n = 6), infection-triggered encephalopathy syndrome (ITES)/acute necrotizing encephalopathy (ANE) spectrum disorders (n = 4), myelin oligodendrocyte glycoprotein antibody-associated disease (MOGAD) (n = 3), acute disseminated encephalomyelitis (ADEM) (n = 2), and mild encephalitis/encephalopathy with a reversible splenial lesion (MERS) (n = 1). The median interval from symptom onset to TPE initiation was 9 days (IQR, 6-13), and patients underwent a median of 7 TPE sessions (IQR, 5-10.5). Nine patients (40.9%) required invasive mechanical ventilation and four (18.1%) required vasoactive support. Favorable neurological outcomes at hospital discharge were observed in 63.6% of patients, whereas 36.4% had unfavorable neurological outcomes. Mortality occurred in 13.6% of patients and was confined to severe encephalopathic syndromes. No major TPE-related complications were observed. Conclusions: TPE was used across a heterogeneous spectrum of pediatric neuroimmunological disorders, including both guideline-supported and non-standard indications. Approximately one-quarter of patients had conditions not specifically addressed in current ASFA recommendations, highlighting the gap between real-world clinical practice and the available evidence base. Multicenter studies are needed to better define the optimal role, timing, and patient selection criteria for TPE in pediatric neuroimmunology.",https://pubmed.ncbi.nlm.nih.gov/42509933/,,,multiple_sclerosis,(Multiple Sclerosis[MeSH] OR multiple sclerosis[tiab] OR demyelination[tiab] OR myelin[tiab]) AND (treatment[tiab] OR intervention[tiab] OR therapy[tiab]),2026-08-05T17:36:12+00:00,,,,,
PMID_42509429,PubMed,42509429,PMC5671927,10.1136/annrheumdis-2017-211448,"Late complications after autologous HSCT for autoimmune diseases: a retrospective survey from the autoimmune diseases working party (ADWP), transplant complications working party (TCWP) and paediatric diseases working party (PDWP) of the european society for blood and marrow transplantation (EBMT).","Kirgizov, Kirill; Greco, Raffaella; Badoglio, Manuela; Labopin, Myriam; Saccardi, Riccardo; Rovira, Montserrat; Farge, Dominique; Roeven, Mieke W H; Moore, John; Mehra, Varun; Onida, Francesco; Polushin, Alexey; Finke, Jürgen; Alexander, Tobias; Burman, Joachim; Del Papa, Nicoletta; Greenfield, Diana M; Kazmi, Majid; Rovo, Alicia; Salooja, Nina; Schoemans, Helene; Sharrack, Basil; Nozzoli, Chiara; Tichelli, André; Bader, Peter; Corbacioglu, Selim; Peric, Zinaida; Roldan, Elisa; Basak, Grzegorz W; Snowden, John A",Bone marrow transplantation,2026,"Autologous hematopoietic stem cell transplantation (aHSCT) has evolved as a treatment for severe autoimmune diseases (ADs). Advances in transplant procedures and supportive care have led to improvements in long-term survival but there is limited data on 'late effects'. The aim of this retrospective EBMT registry study is to assess the incidence of 'late effects' after aHSCT for ADs. All EBMT centres were invited and data were received for 579 patients (median age 37 years, range 2.7-73.8), who received aHSCT between 1997 and 2016. Median follow-up was 89 months (IQR 82.4-95.5). Indications included multiple sclerosis (MS, 46.8%), systemic sclerosis (SSc, 28.7%), Crohn's disease (CD, 12.6%), systemic lupus erythematosus (SLE, 2.4%) and other ADs (9.5%). Conditioning was mainly based on Cy/ATG (51.9%) or BEAM/ATG (25.3%). At 10-years, the cumulative incidence of secondary ADs was 10.3% (95% CI: 7.7-13.3), new post-transplant cancers 4.1% (95% CI: 2.2-6.8), endocrine complications 16.2% (95% CI: 12.6-20.1), and cardiovascular complications 14.7% (95% CI: 11.2-18.6). Median time to endocrine events (15.4 months) was generally sooner than median times to secondary ADs (24.5 months) and cardiovascular (25.3 months), with new cancers occurring relatively late (median time 81.7 months). Overall, at 10-years, progression-free survival (PFS) was 40.1% (95% CI: 34.7-45.4), overall survival (OS) 83.5% (95% CI: 79.3-86.9) and non-relapse mortality (NRM) 5.0% (95% CI: 3.2-7.4). By multivariate analysis, secondary ADs were relatively higher in CD vs SSc (HR = 4.93, p = 0.01) and MS (HR = 2.05, p = 0.055), while cardiovascular complications were significantly increased in SSc compared to MS (HR = 8.85, p < 10-3) or CD (HR = 3.45, p = 0.016). The incidence of post-aHSCT cancers was related to increasing age (HR per 10 y = 2.26, p < 10-3), without significant association with disease type. Incidence of endocrine complications were significantly lower in SSc compared to MS (HR = 0.35, p = 0.027) and CD (HR = 0.33, p = 0.041) and significantly more frequent in females (HR = 4.27, p < 10-3). Autologous HSCT for ADs is associated with a cumulative burden of non-infectious late complications, including thyroid dysfunction, osteoporosis, cardiovascular complications, gonadal dysfunction, secondary ADs and subsequent cancers. These impact all ages of patient and vary depending on AD indication, reflecting disease characteristics and other treatments. This study highlights the importance of screening, monitoring, and treatment of late effects in this setting.",https://pubmed.ncbi.nlm.nih.gov/42509429/,,,multiple_sclerosis,(Multiple Sclerosis[MeSH] OR multiple sclerosis[tiab] OR demyelination[tiab] OR myelin[tiab]) AND (treatment[tiab] OR intervention[tiab] OR therapy[tiab]),2026-08-05T17:36:12+00:00,,,,,
PMID_42508246,PubMed,42508246,,10.1016/j.msard.2026.107398,"Acute transverse myelitis excluding MS, NMOSD and MOGAD: A 15-year real-world cohort from Iran.","Hashemi, Rana; Bahrami Hezaveh, Ehsan; Javandoust Gharehbagh, Farid; Maghsudloo, Faezeh; Haghighi-Morad, Maryam; Hosseini, Ida; Alavi Darazam, Ilad",Multiple sclerosis and related disorders,2026,"STUDY DESIGN: Retrospective observational study OBJECTIVES: To describe the demographic, clinical, laboratory, and imaging characteristics of patients with acute transverse myelitis in a tertiary referral center in Iran, with particular emphasis on uncommon etiologies and real-world diagnostic constraints.
SETTING: Iran METHODS: This retrospective observational study was conducted at a tertiary referral center in Iran. Medical records of patients with acute transverse myelitis evaluated between March 2008 and December 2023 were reviewed. Diagnosis was made based on the Transverse Myelitis Consortium Working Group (TMCWG) criteria and/or expert clinical judgment reflecting real-world practice, supported by clinical presentation, neuroimaging findings, exclusion of alternative diagnoses, and response to treatment. Patients with multiple sclerosis or neuromyelitis optica spectrum disorder were excluded. Demographic, clinical, laboratory, imaging, treatment, and follow-up data were collected.
RESULTS: The number of patients was 22, and the average age was 37.05 years, with a female-to-male ratio of 1.75. Four patients (18.2%) had systemic autoimmune-related etiologies, four patients (18.2%) had infection-related etiologies, and two patients (9.1%) had acute transverse myelitis after vaccination. More than half of the cases (54.5%) were classified as idiopathic. During follow-up, four of the nineteen monitored patients experienced relapse. Most patients (84.2%) showed clinical improvement after treatment. The thoracic region was the most common segment on spinal magnetic resonance imaging. Enhancement with gadolinium was more common in idiopathic cases, although imaging findings were heterogeneous.
CONCLUSION: This study provides a real-world description of acute transverse myelitis in a low-middle-income setting. Idiopathic cases were frequent, and systemic autoimmune disorders represented important identifiable causes. Imaging and clinical outcomes were heterogeneous, emphasizing the need for cautious interpretation and larger prospective studies. This study highlights the etiologic spectrum and outcomes of ATM in a resource-limited setting, underscoring diagnostic gaps such as limited antibody testing and their impact on classification and relapse prediction.",https://pubmed.ncbi.nlm.nih.gov/42508246/,,,multiple_sclerosis,(Multiple Sclerosis[MeSH] OR multiple sclerosis[tiab] OR demyelination[tiab] OR myelin[tiab]) AND (treatment[tiab] OR intervention[tiab] OR therapy[tiab]),2026-08-05T17:36:12+00:00,,,,,
PMID_42507732,PubMed,42507732,PMC8356700,10.1016/j.msard.2022.103539,Selective GPR17 antagonism enhances structural and functional recovery in animal models of demyelination.,"De Herdt, Dille; Lefevere, Evy; Brouwers, Véronique; Hartvig, Line; Geeraerts, Emiel; Hsiao, Cheng-Chih; Chen, J Q Alida; Pinto, Rui; Duvey, Guillaume; Burbidge, Stephen; Harmeier, Anja; Knuesel, Irene",PloS one,2026,"Myelination, driven by differentiation of oligodendrocyte precursor cells, is critical for metabolic and structural support and efficient axonal signal transmission in neurons. Loss of myelin is a hallmark of multiple sclerosis and other devastating demyelinating disorders. As demyelination persists, neurons become increasingly vulnerable, leading to neurodegeneration and chronic disability. Restoring myelin through endogenous repair mechanisms offers a promising therapeutic approach to mitigate progressive neuronal loss. One key regulator of myelination is the G protein-coupled receptor 17, GPR17, whose chronic upregulation in oligodendrocyte precursor cells is commonly seen with myelin injury. In line with single-nucleus transcriptomic data showing predominant expression of GPR17 in committed oligodendrocyte precursor cells, our postmortem immunohistochemical analyses of MS patient tissue revealed a significant upregulation of GPR17+/BCAS1+ oligodendrocyte precursor cells adjacent to and in demyelinated lesions. Importantly, remyelinated lesions lacked GPR17 immunoreactivity, consistent with a model in which sustained GPR17 expression is associated with demyelination and impaired oligodendrocyte precursor cell differentiation. To test the impact of pharmacological GPR17 inhibition on remyelination, we evaluated the effects of a novel, selective GPR17 antagonist in cuprizone-induced murine demyelination models. This toxin-induced approach has been widely used to study mechanisms of de- and remyelination, in the absence of the full inflammatory complexity of demyelinating diseases such as multiple sclerosis. We show that oral treatment results in robust functional recovery consistent with remyelination, as evidenced by improved spatial memory and recovery of visual evoked potential latency delays. GPR17 antagonism also accelerated structural remyelination in the corpus callosum and optic nerve. Together, these findings support a role for pharmacological GPR17 antagonism in promoting remyelination and highlight this G protein-coupled receptor as a promising therapeutic target for demyelinating disorders.",https://pubmed.ncbi.nlm.nih.gov/42507732/,,,multiple_sclerosis,(Multiple Sclerosis[MeSH] OR multiple sclerosis[tiab] OR demyelination[tiab] OR myelin[tiab]) AND (treatment[tiab] OR intervention[tiab] OR therapy[tiab]),2026-08-05T17:36:12+00:00,,,,,
PMID_42507355,PubMed,42507355,,10.1097/scs.0000000000013160,Effects of Edaravone on Recovery of the Facial Nerve After Crush Injury: Original Study-Brief Clinical.,"Abdioğlu Fazli, Efnan; Işik, Abdülcemal Ümit; Arslan, Selçuk; Yuluğ, Esin; Fazli, Ömer",The Journal of craniofacial surgery,2026,"In traumatic peripheral facial nerve paralysis, the risk of permanent sequelae remains high despite current surgical and medical treatments. Edaravone is a free radical scavenger with antioxidant and antiapoptotic properties; however, its efficacy in facial nerve injury has not yet been established. This study aimed to evaluate the effect of edaravone on facial nerve recovery following crush injury in a rat model. Thirty rats were randomly assigned to 3 groups (n=10 per group): group 1 (saline-treated control), group 2 (methylprednisolone-treated), and group 3 (edaravone-treated). Facial paralysis was induced by compressing the right facial nerve trunk using a standard mosquito clamp. Whisker movements and eye-blink reflexes were evaluated weekly for 4 postoperative weeks and compared with those of the contralateral, unaffected side. Histopathologic evaluation included measurements of axon diameter, myelin sheath thickness, and nerve fiber diameter. Schwann cell apoptosis was assessed using a terminal deoxynucleotidyl transferase deoxyuridine triphosphate nick-end labeling assay. Significant differences in eye-blink reflex and whisker movements were observed among the groups at postoperative week 2 (P<0.01). By week 4, the functional scores in the edaravone-treated group did not differ from the preinjury values (P>0.05), whereas functional deficits persisted in the control and methylprednisolone-treated groups (P<0.05). Histopathologic analysis revealed significant differences in nerve fiber diameter and Schwann cell apoptosis (P<0.001). Edaravone demonstrated beneficial effects in this experimental model of traumatic facial paralysis, with functional recovery consistent with the histopathologic findings, suggesting that edaravone may represent a potential treatment option for this condition.",https://pubmed.ncbi.nlm.nih.gov/42507355/,,,multiple_sclerosis,(Multiple Sclerosis[MeSH] OR multiple sclerosis[tiab] OR demyelination[tiab] OR myelin[tiab]) AND (treatment[tiab] OR intervention[tiab] OR therapy[tiab]),2026-08-05T17:36:12+00:00,,,,,
PMID_42506534,PubMed,42506534,,10.1080/1028415x.2026.2707983,Folic acid ameliorates myelination deficits and cognitive-emotional impairments in offspring of advanced maternal age.,"Yan, Xinru; Jiang, Chunxue; Lv, Zhijia; He, Jian; Xu, Man; Cheng, Li; Jiang, Li; Han, Wei",Nutritional neuroscience,2026,"Advanced maternal age (AMA), defined as pregnancy at 35 years of age or older, has been associated with adverse neurodevelopmental outcomes in offspring. However, its long-term effects and underlying mechanisms remain incompletely understood. Folic acid, a key nutrient in one-carbon metabolism essential for nervous system development, plays an established role in early neural tube formation, while its contribution to postnatal brain development has received increasing attention. In this study, Sprague-Dawley rat models of AMA and age-appropriate maternal age were established to investigate potential alterations in folate levels in offspring associated with AMA and to explore the effects of postnatal folic acid supplementation on myelination. Untargeted metabolomic analysis revealed that offspring of AMA dams exhibited reduced folate levels during early postnatal development compared with controls. These alterations were accompanied by impairments in learning, memory, and emotional behaviors, as well as deficits in hippocampal myelination. Continuous postnatal folic acid supplementation significantly improved behavioral abnormalities and partially restored myelin-related protein expression and myelination levels. These findings suggest that AMA may impair myelination by affecting early folate availability in offspring, thereby contributing to neurodevelopmental and behavioral abnormalities. Postnatal folic acid intervention partially alleviates AMA-associated myelination deficits, highlighting the potential value of perinatal and early postnatal nutritional regulation in reducing neurodevelopmental risks associated with AMA.",https://pubmed.ncbi.nlm.nih.gov/42506534/,,,multiple_sclerosis,(Multiple Sclerosis[MeSH] OR multiple sclerosis[tiab] OR demyelination[tiab] OR myelin[tiab]) AND (treatment[tiab] OR intervention[tiab] OR therapy[tiab]),2026-08-05T17:36:12+00:00,,,,,
PMID_42506315,PubMed,42506315,PMC9358348,10.1177/20406223221108391,Nabiximols in Multiple Sclerosis: Beyond Spasticity-An Exploratory Systematic Review and Meta-Analysis of Symptomatic Outcomes.,"Kleiner, Dénes; Horváth, István László; Mátis, Dóra; Nagy, Rita; Gergő, Dorottya; Lugosi, Katalin; Fazekas, Gábor; Fehérvári, Péter; Hegyi, Péter; Csupor, Dezső","Medical sciences (Basel, Switzerland)",2026,"Background/Objectives: Nabiximols, a standardized extract of Cannabis sativa, has been approved as an add-on therapy for patients with moderate to severe spasticity associated with multiple sclerosis (MS). Moreover, current Italian treatment algorithms suggest that cannabis-based therapies may have further relevance in the management of MS. The aim of our systematic review and meta-analysis was to assess the effectiveness of nabiximols in relieving symptoms other than spasticity in adult MS patients. Methods: A systematic search was conducted in Web of Science, MEDLINE (via PubMed), Cochrane CENTRAL and Embase on September 10, 2025. Study selection was performed according to the predefined PROSPERO protocol (CRD42022329952). Data were combined into a common denominator and examined using a random-effects model with meta-regression expressed as mean difference (MD) and a 95% confidence interval (CI). Risk of bias was assessed using the Cochrane risk of bias instrument (RoB2) and the Risk Of Bias In Non-randomized Studies of Interventions (ROBINS-I) tool. Results: Of the 49 eligible articles, 25 were included in the statistical analysis (2949 patients). Significant improvements in spasm quality (MD = -16.87; 95% CI = (-29.75)-(-3.99)), bladder function (MD = -16.38; 95% CI = (-22.18)-(-10.58)), sleep disruption (MD = -15.75; 95% CI = (-22.02)-(-9.49)) and gait function (timed walk MD(s) = -5.31; 95% CI(s) = (-9.88)-(-0.74)) were observed. Time-dependency was not significant. The subject global impression of change (SGIC) improved significantly after the first month (odds ratio (OR) = 1.69; 95% CI = (1.30)-(2.18)). Conclusion: Beyond spasticity, nabiximols may represent a signal of benefit for bladder function, sleep disruption, spasm quality, and gait function in MS, in line with the ""spasticity-plus"" concept. However, the evidence certainty was low to very low, and these findings should be considered exploratory.",https://pubmed.ncbi.nlm.nih.gov/42506315/,,,multiple_sclerosis,(Multiple Sclerosis[MeSH] OR multiple sclerosis[tiab] OR demyelination[tiab] OR myelin[tiab]) AND (treatment[tiab] OR intervention[tiab] OR therapy[tiab]),2026-08-05T17:36:12+00:00,,,,,
PMID_42506308,PubMed,42506308,PMC12796147,10.1097/htr.0000000000000430,Walking as a Window to the Brain: Redefining Gait in Neurology.,"Ortega-Robles, Emmanuel; Treviño, Mario; Manjarrez, Elías; Arias-Carrión, Oscar","Medical sciences (Basel, Switzerland)",2026,"Walking is not merely locomotion but a window into the nervous system, integrating cortical, subcortical, cerebellar, spinal, and peripheral networks into a unified motor behavior. Across neurological diseases-including Parkinson's disease, atypical parkinsonism, cerebellar ataxias, stroke, multiple sclerosis, neuropathies, neuromuscular disorders, and functional gait syndromes-gait disturbances are among the most disabling clinical features, contributing to falls, loss of independence, institutionalization, and premature mortality. Traditional bedside observation remains indispensable, but it lacks the sensitivity and reproducibility needed to capture subtle, episodic, or prodromal abnormalities. Over the past decade, advances in wearable sensors, marker-based and markerless motion capture, pressure-sensitive walkways, force plates, artificial intelligence, and machine learning have positioned digital mobility outcomes as promising, ecologically valid biomarkers of neurological function. These measures can support differential diagnosis, provide prognostic information on falls and survival, and serve as sensitive endpoints in therapeutic trials. They may also detect early abnormalities, such as increased stride-to-stride variability or prolonged double-support time, before overt clinical deterioration becomes evident. Clinical applications are increasingly evident across disorders, including distinguishing Parkinson's disease from atypical parkinsonism, quantifying treatment response in normal-pressure hydrocephalus, tracking progression in ataxia and multiple sclerosis, predicting functional decline in motor neuron disease, and guiding rehabilitation after stroke. Integration with neuroimaging, electrophysiology, and molecular biomarkers is beginning to reveal the circuits underlying variability, instability, and freezing, positioning gait as a systems-level marker of neural integrity. Nevertheless, methodological heterogeneity, limited disease-specific validation, insufficient longitudinal data, and lack of consensus on clinically meaningful parameters continue to constrain translation. Cognitive, affective, and environmental influences also remain insufficiently represented in digital frameworks, while equity, accessibility, algorithmic bias, and privacy require careful ethical governance. Reconceptualizing gait as a ""sixth vital sign"" reframes mobility as a multidimensional biomarker of neural and systemic health. With harmonized protocols, robust validation, multimodal integration, and appropriate ethical frameworks, gait analysis could become a cornerstone of precision neurology.",https://pubmed.ncbi.nlm.nih.gov/42506308/,,,multiple_sclerosis,(Multiple Sclerosis[MeSH] OR multiple sclerosis[tiab] OR demyelination[tiab] OR myelin[tiab]) AND (treatment[tiab] OR intervention[tiab] OR therapy[tiab]),2026-08-05T17:36:12+00:00,,,,,
PMID_42505418,PubMed,42505418,PMC11303253,10.1016/j.neuropharm.2008.06.066,Endogenous Activation of mGlu5 Metabotropic Glutamate Receptors Is Required for Oligodendrocyte Maturation and Myelinogenesis in Mice.,"Ginerete, Roxana Paula; Facchinetti, Roberta; Ceccherelli, Alessia; Mascio, Giada; Rubio Casado, Sara; Di Menna, Luisa; Castaldi, Sonia; Caridi, Matteo; Bruno, Valeria; Nicoletti, Ferdinando; Battaglia, Giuseppe; Scuderi, Caterina; Orlando, Rosamaria",Cells,2026,"mGlu5 metabotropic glutamate receptors are highly expressed and functional in early postnatal life, but their role in brain development remains to be elucidated. We now report that mGlu5-/- mice showed a large reduction in mRNA and protein levels of myelin-associated glycoprotein (MAG), myelin oligodendrocyte glycoprotein (MOG), and myelin basic protein (MBP) in the cerebral cortex and cerebellum at postnatal day (PND) 14. Expression of these proteins reflects oligodendrocyte differentiation and myelin formation in the CNS, a process that is prominent in the second week of postnatal life in mice. Expression of myelin markers recovered at later developmental stages, with the exception of MAG and MBP levels in the cerebellum, which were still reduced in mGlu5-/- mice. We also observed a large reduction in myelin protein markers in the cerebral cortex and cerebellum of mice treated with the mGlu5 receptor negative allosteric modulator MTEP (3 mg/kg, i.p.) from PND 7 to PND 14. MTEP-treated mice also showed reduced motor coordination and sensorimotor function at PND 14. Treatment with MTEP reduced oligodendrocyte maturation without affecting proliferation of oligodendrocyte progenitor cells in primary cultures prepared from the rat cerebral cortex. These findings suggest that endogenous activation of mGlu5 receptors contributes to myelin formation during postnatal development in mice.",https://pubmed.ncbi.nlm.nih.gov/42505418/,,,multiple_sclerosis,(Multiple Sclerosis[MeSH] OR multiple sclerosis[tiab] OR demyelination[tiab] OR myelin[tiab]) AND (treatment[tiab] OR intervention[tiab] OR therapy[tiab]),2026-08-05T17:36:12+00:00,,,,,
PMID_42505028,PubMed,42505028,,10.1080/08820139.2026.2702083,"The Microglial NLRP3 Inflammasome in Multiple Sclerosis: Bridging Innate Immunity, Chronic Inflammation, and IFN-β Response.","Koyya, Prathyusha; Alavilli, Hemasundar; Pandrangi, Santhi Latha; Manthari, Ram Kumar",Immunological investigations,2026,"Background: Multiple sclerosis (MS) is a chronic neurodegenerative and demyelinating disease that is marked by chronic inflammation of the central nervous system (CNS). Although interferon-β (IFN-β) remains one of the pillars of treatment for relapsing-remitting MS (RRMS), inconsistencies in the responses of patients signify the necessity to comprehend the immunopathological processes.Objectives: The NLRP3 (NOD-like receptor family pyrin domain-containing 3) inflammasome, an intracellular signaling platform controlling the activation of caspase-1 and the maturation of interleukin-1β (IL-1β) and interleukin-18 (IL-18) has been of considerable interest among emerging molecular actors. Microglia, the native CNS macrophage, are the center stage of tissue damage and repair.Results: Demyelination and axonal degeneration in neuroinflammation are linked to the role of aberrant activity of the microglial NLRP3 inflammasome. In addition, it is also suggested that an inhibition of inflammasome by IFN-β can be observed in a mechanistic interaction between NLRP3 signaling and response to treatment.Conclusion: In this literature review, the presented data summarize the existing information about the contribution of NLRP3 to the pathogenesis of MS disease, microglial activation, and IFN-β regulation, and how this pathway can be applied to shape personalized treatment approaches.",https://pubmed.ncbi.nlm.nih.gov/42505028/,,,multiple_sclerosis,(Multiple Sclerosis[MeSH] OR multiple sclerosis[tiab] OR demyelination[tiab] OR myelin[tiab]) AND (treatment[tiab] OR intervention[tiab] OR therapy[tiab]),2026-08-05T17:36:12+00:00,,,,,
PMID_42504442,PubMed,42504442,,10.1002/nau.70342,National Trends and Disparities in Surgical Management of Neurogenic Bladder.,"Chan, Stephanie J; Kazal, Frances H; Wang, Chunhui; Kirilina, Darina; Kurlansky, Paul A; Marte, Joseph; Joice, Gregory A",Neurourology and urodynamics,2026,"AIM: Neurogenic bladder (NGB) includes a heterogeneous group of patients with impaired bladder control. Surgical management ranges from continent procedures that preserve urinary control to incontinent diversions. Prior studies report NGB treatment disparities but are limited to single institutions or specific etiologies. We examined national trends and disparities in continent versus incontinent urinary diversions among NGB patients.
METHODS: We conducted a retrospective cross-sectional analysis using the 2016-2022 National Inpatient Sample. ICD-10 codes classified NGB hospitalizations by congenital (e.g. cerebral palsy, spina bifida) or acquired etiologies (e.g. multiple sclerosis, paraplegia). Outcomes included major continent (bladder augmentation, neobladder, catheterizable channels) or incontinent surgeries (ileal conduit, vesicostomy, cutaneous ureterostomy, colon conduit). Patient demographics, comorbidities, and hospital characteristics were compared by urinary diversion type. Multivariable analyses identified factors associated with incontinent diversions.
RESULTS: An unweighted total of 312,486 NGB hospitalizations were identified, including 19,539 congenital and 133,700 acquired NGB hospitalizations. Among these, 1523 admissions underwent a major urinary diversion procedure, 60% of which were incontinent. Patients undergoing incontinent diversions were older and more likely to have public health insurance. On multivariable analysis, older age, male sex, public insurance, and pre-existing colostomy were factors independently associated with incontinent diversion. NGB etiology itself was not associated with diversion type. Hospital characteristics also did not differ by diversion type.
CONCLUSIONS: Our findings highlight the potential influence of demographic and socioeconomic factors on surgical management of NGB. As the first national study encompassing diverse NGB etiologies and major inpatient surgeries, these results underscore possible disparities in access to continent urinary diversions and the need for strategies to ensure equitable care for all NGB patients.",https://pubmed.ncbi.nlm.nih.gov/42504442/,,,multiple_sclerosis,(Multiple Sclerosis[MeSH] OR multiple sclerosis[tiab] OR demyelination[tiab] OR myelin[tiab]) AND (treatment[tiab] OR intervention[tiab] OR therapy[tiab]),2026-08-05T17:36:12+00:00,,,,,
PMID_42504388,PubMed,42504388,PMC11528427,10.1038/s41391-026-01097-5,Real-world data on the prevalence and therapy of symptomatic bladder dysfunction in people with multiple sclerosis.,"Kirstein, Mathia; Frahm, Niklas; Ellenberger, David; Stahmann, Alexander; Fneish, Firas; Peters, Melanie; Paul, Friedemann; Warnke, Clemens; Hellwig, Kerstin; Flachenecker, Peter; Berger, Klaus; Mai, Michaela; Hecker, Michael; Zettl, Uwe K",Therapeutic advances in neurological disorders,2026,"BACKGROUND: Bladder dysfunctions (BL-D) are common in people with multiple sclerosis (pwMS), significantly affecting daily life, infection risk, and survival. Nonetheless, BL-D are frequently stigmatized and inadequately addressed in clinical practice. To date, no comprehensive analysis of BL-D has been conducted in Germany.
OBJECTIVE: To assess the prevalence of BL-D and its subtypes in a German cohort and identify associated factors and treatment patterns.
METHODS: Data were analyzed from individuals enrolled in the German MS Register, aged ⩾18 with definite MS. Inclusion required ⩾3 visits and complete data on MS onset, diagnosis date, and BL-D status. BL-D were subclassified into urinary urgency, voiding dysfunction, bladder incontinence, and other BL-D. PwMS with different subtypes were compared regarding clinical, sociodemographic, and therapeutic characteristics and associated factors were identified using logistic regression.
RESULTS: The study cohort included 10,572 pwMS (71.7% female) with a mean age of 48.2 years, disease duration of 16.0 years, and median Expanded Disability Status Scale score of 2.0. BL-D was present in 38.0% of pwMS, with urinary urgency being the leading subtype (41.0%). Associations included older age, longer disease duration, progressive disease course, polysymptomatic onset, and receiving disease-modifying therapy. Interestingly, 37.1% of pwMS with BL-D received no bladder treatment, while 36.9% received pharmaceutical and 36.4% non-pharmaceutical bladder treatment.
CONCLUSION: The results highlight the clinical relevance and burden of BL-D in MS and provide first insights into subtype-specific differences in the German MS population. Providing appropriate BL-D care requires investigation into causal factors and a deeper understanding of the underlying reasons of the treatment gap.
DESIGN: Retrospective, cross-sectional study.",https://pubmed.ncbi.nlm.nih.gov/42504388/,,,multiple_sclerosis,(Multiple Sclerosis[MeSH] OR multiple sclerosis[tiab] OR demyelination[tiab] OR myelin[tiab]) AND (treatment[tiab] OR intervention[tiab] OR therapy[tiab]),2026-08-05T17:36:12+00:00,,,,,
PMID_42503576,PubMed,42503576,PMC11944764,10.1111/ejn.70606,Targeting the Microbiota-Gut-Brain Axis: Emerging Nanomedicine Approaches for Neurodegenerative Diseases.,"Mansour, Reda M; Alam-ElDein, Khaled M; Abdel Mageed, Sherif S; El-Sayyad, Gharieb S; Ghanem, Aml; Shaker, Abanoub A S; Mohammed, Osama A; Farag, Dina Adel Attallah; Abdelnaby, Mariam; Hathout, Amira; Adelaziz, Rana Y; Ahmed, Nada E; Mohamed, Marwa Yousry A; Doghish, Ahmed S",The European journal of neuroscience,2026,"The microbiota-gut-brain axis (MGBA) is a bidirectional relationship between the gut microbiota (GM) and the brain, where the GM affects the gastrointestinal tract (GIT) and the central nervous system (CNS), and vice versa. Microbiotas are important for several vital body processes, including metabolism, immunity, and homeostasis. The MGBA has three main pathways: the vagal nerve mechanism, the immune-related mechanism, and the neuroendocrine mechanism. GM imbalance, known as dysbiosis, affects the GIT, the brain, and the CNS. Furthermore, dysbiosis is linked to several neurological disorders such as Alzheimer's (AD), Parkinson's (PD), depression, autism spectrum disorder (ASD), and multiple sclerosis (MS). Studying MGBA gives researchers new therapeutic ideas using microbiota. Using special diets rich in fiber and probiotics, in addition to fecal microbiota transplantation (FMT), is being studied as a new therapy for MGBA. From the point of view that these therapeutic interventions maintain microbiota imbalance, which in turn will affect the brain and can relieve the neurological disorders caused by dysbiosis and MGBA.",https://pubmed.ncbi.nlm.nih.gov/42503576/,,,multiple_sclerosis,(Multiple Sclerosis[MeSH] OR multiple sclerosis[tiab] OR demyelination[tiab] OR myelin[tiab]) AND (treatment[tiab] OR intervention[tiab] OR therapy[tiab]),2026-08-05T17:36:12+00:00,,,,,
PMID_42502707,PubMed,42502707,PMC11732200,10.1177/20552173261472249,Family planning and multiple sclerosis - part 2: Does real-world practice align with Swedish treatment guidelines?,"Machado, Alejandra; Pettersson, Emma; Teni, Fitsum Sebsibe; Friberg, Emilie; Fink, Katharina","Multiple sclerosis journal - experimental, translational and clinical",2026,"BACKGROUND AND OBJECTIVES: Managing family planning and treatment in women with multiple sclerosis (MS) requires balancing disease control with medication safety. Despite guidelines, practice often adapts to individual needs, with clinicians adjusting disease-modifying therapies (DMTs) to protect maternal and fetal health. This study examines pregnancy-related MS treatment in Sweden.
METHODS: We identified 130 women (153 pregnancies) from a 2021 online MS questionnaire and linked responses to the Swedish MS register to capture DMT use during three periods: 25 weeks before conception, pregnancy (≈40 weeks), and 25 weeks postpartum. DMTs were classified as ""accepted,"" ""discontinuation recommended""-requiring monitoring, or ""not recommended"" in planned pregnancy.
RESULTS: Before conception, among 153 pregnancies, 26% involved DMTs considered acceptable before and during pregnancy, while 55% involved DMTs for which discontinuation before conception is recommended-of which rituximab accounted for nearly half of all pregnancies (47%, n = 72). Three percent were exposed to ´not recommended´ DMTs, and 16% had no prior treatment. Overall, 29% discontinued DMTs before or shortly after conception, while 58% (n = 88) had ongoing or recent treatment exposure, defined as treatment administered within 6 months before conception or, in a minority of cases, after conception. Among these, 50% (n = 77) involved rituximab-and 13% remained untreated. Postpartum, 58% resumed treatment, 3% remained under long-lasting DMT effects, and 39% did not initiate DMT, likely due to breastfeeding.
DISCUSSION: Overall, real-world practice in Sweden broadly aligns with national recommendations, with widespread use of rituximab before pregnancy reflecting its perceived safety and durable effect, alongside some individualized deviations from discontinuation guidance.",https://pubmed.ncbi.nlm.nih.gov/42502707/,,,multiple_sclerosis,(Multiple Sclerosis[MeSH] OR multiple sclerosis[tiab] OR demyelination[tiab] OR myelin[tiab]) AND (treatment[tiab] OR intervention[tiab] OR therapy[tiab]),2026-08-05T17:36:12+00:00,,,,,
PMID_42502363,PubMed,42502363,PMC10228362,10.1016/j.amjoto.2022.103453,Optic canal decompression in severe therapy refractory optic neuritis: a case report.,"Handzic, Armin; Niederau, Pia; Seebauer, Caroline; Kamm, Christian P; Job, Oliver",American journal of ophthalmology case reports,2026,"PURPOSE: To describe a unique case of successful optic canal decompression in radiologically confirmed severe optic neuritis involving the optic canal.
OBSERVATIONS: A 24-year-old woman experienced severe visual loss in the right eye due to retrobulbar optic neuritis (ON), as an initial symptom of multiple sclerosis. High-dose corticosteroids and subsequent plasmapheresis yielded no improvement. Thus, visual prognosis was considered poor. Since MRI demonstrated ON within the optic canal with only minimal contrast enhancement, findings were compatible with a canalicular compartment syndrome. As a result, an unconventional treatment approach with optic canal decompression (OCD) was pursued. Immediately after the intervention, the patient noticed improved color vision and continued visual improvement, with vision almost restored to 20/30 one month after the intervention.
CONCLUSIONS AND IMPORTANCE: This case report demonstrates that OCD can be performed safely in severe ON and that it might represent a valuable treatment option in selected cases of ON.",https://pubmed.ncbi.nlm.nih.gov/42502363/,,,multiple_sclerosis,(Multiple Sclerosis[MeSH] OR multiple sclerosis[tiab] OR demyelination[tiab] OR myelin[tiab]) AND (treatment[tiab] OR intervention[tiab] OR therapy[tiab]),2026-08-05T17:36:12+00:00,,,,,
PMID_42502303,PubMed,42502303,PMC11572730,10.7759/cureus.113340,Myelin Oligodendrocyte Glycoprotein Antibody-Associated Disease Mimicking Central Nervous System Infection in an Adolescent: A Case Report.,"Yu, Panhui; Liu, Kang; Chen, Fang",Cureus,2026,"Myelin oligodendrocyte glycoprotein antibody-associated disease (MOGAD) can resemble central nervous system infection in children because fever, headache, vomiting, cerebrospinal fluid pleocytosis, and multifocal brain lesions may coexist. We report a previously healthy 13-year-old boy who developed headache, fever, vomiting, and binocular horizontal diplopia. Examination showed transient exotropia with apparent adduction limitation but no encephalopathy, seizures, limb weakness, pupillary abnormality, optic neuritis, or spinal cord lesion. Cerebrospinal fluid showed mononuclear-predominant pleocytosis with mildly elevated protein. Brain magnetic resonance imaging showed evolving patchy fluid-attenuated inversion recovery hyperintensities in the right temporal lobe, basal ganglia, periventricular region adjacent to the fourth ventricle, and later the right frontal lobe. Extensive microbiological testing was unrevealing. Serum myelin oligodendrocyte glycoprotein immunoglobulin G (MOG-IgG) was repeatedly positive by live cell-based assay, whereas aquaporin-4 immunoglobulin G (AQP4-IgG) and autoimmune encephalitis antibodies were negative. Clinical improvement occurred during overlapping treatment with intravenous immunoglobulin and corticosteroids. On illness day 97, during prednisone tapering following an individualized off-label decision to use rituximab, the patient remained clinically stable. This case highlights that pediatric MOGAD should be considered when an infection-like central nervous system presentation is accompanied by evolving multifocal magnetic resonance imaging abnormalities and negative pathogen studies. Diplopia can be an important focal clue; however, because the ocular motor examination was incomplete, internuclear ophthalmoplegia could not be confirmed.",https://pubmed.ncbi.nlm.nih.gov/42502303/,,,multiple_sclerosis,(Multiple Sclerosis[MeSH] OR multiple sclerosis[tiab] OR demyelination[tiab] OR myelin[tiab]) AND (treatment[tiab] OR intervention[tiab] OR therapy[tiab]),2026-08-05T17:36:12+00:00,,,,,
PMID_42501783,PubMed,42501783,,10.1016/j.neuroscience.2026.07.054,"Adolescent drinking causes a loss of aspartoacylase-expressing oligodendrocytes and hypomyelination of anterior cingulate and corpus callosum axons in male mice, but not females.","Akli, Said; Flores-Bonilla, Annabelle; Nouduri, Sirisha; Scott, Samuel; Richardson, Heather N",Neuroscience,2026,"Adolescent binge drinking is a strong predictor of alcohol use disorder and related mental health outcomes in adulthood, which may be due to disruptions in myelination during this dynamic period of brain development. White matter expansion in frontal regions during adolescence is essential for mature decision-making and stress regulation, yet the cellular mechanisms by which alcohol impairs myelination remain poorly understood. Multi-label immunofluorescence and confocal microscopy were used to visualize proteins in oligodendrocyte lineage cells and myelin ensheathment of axons in the anterior cingulate cortex (Cg1) and corpus callosum (CC) of male and female C57BL/6NJ mice following four weeks of episodic voluntary binge drinking during adolescent development using the Drinking-in-the-Dark model. Contrary to our hypothesis, alcohol targeted mature oligodendrocytes rather than early-stage oligodendrocyte precursor cells (OPCs). Binge drinking reduced oligodendrocytes expressing aspartoacylase (ASPA) in the Cg1 and CC. This enzyme is essential for lipid biosynthesis and myelin production, and cellular loss was accompanied by hypomyelination of axons. Notably, males appear especially sensitive to adolescent alcohol, as ASPA+ oligodendrocytes and myelin were not reduced in binge-drinking females. Differential vulnerability could carry important implications for adult neurodevelopmental outcomes. Altogether the findings advance our mechanistic understanding of myelin deficits after alcohol, identifying late-stage oligodendroglial development and ASPA as possible targets for therapeutic intervention in the treatment of alcohol use disorder and demyelinating diseases.",https://pubmed.ncbi.nlm.nih.gov/42501783/,,,multiple_sclerosis,(Multiple Sclerosis[MeSH] OR multiple sclerosis[tiab] OR demyelination[tiab] OR myelin[tiab]) AND (treatment[tiab] OR intervention[tiab] OR therapy[tiab]),2026-08-05T17:36:12+00:00,,,,,
PMID_42501585,PubMed,42501585,,10.1016/j.msard.2026.107393,Modified Delphi consensus on the use of cladribine tablets in relapsing-remitting multiple sclerosis in North-West Africa.,"Daoudi, Smail; Tibar, Houyam; Mhiri, Chokri; Toubal, Nadia; Belahcene, Faouzi; Gouider, Riadh; Makhlouf, Karim; Djebari, Fouzia; Taha, Karim; Zeineddine, Maya; Yamout, Bassem",Multiple sclerosis and related disorders,2026,"BACKGROUND: Cladribine tablets are an oral immune reconstitution therapy with demonstrated efficacy and durable disease control in relapsing-remitting multiple sclerosis (RRMS). While global evidence supports their use, region-specific guidance adapted to healthcare variability, access constraints, and real-world practice in North-West Africa (NWA) remains limited.
OBJECTIVES: To develop expert-based, region-specific consensus recommendations on the optimal use of cladribine tablets in RRMS in the NWA region.
METHODS: A modified Delphi methodology was conducted during a face-to-face advisory board meeting in May 2025 in Tunisia. Senior neurologists with expertise in multiple sclerosis from across NWA reviewed available evidence, discussed key clinical questions, and voted on consensus statements addressing treatment positioning, early use, switching strategies, long-term management, safety, and special populations. Consensus was predefined as agreement by ≥75% of voting experts.
RESULTS: All consensus statements met the predefined threshold after discussion and refinement, achieving high to unanimous agreement. Experts endorsed cladribine tablets as a high-efficacy option for treatment-naïve patients with moderate-to-high disease activity and as a switch option following suboptimal response to platform therapies and in selected patients previously treated with high-efficacy therapies. Benefits include early initiation, durable disease control without continuous immunosuppression, and suitability for patients with limited access to hospital-based care. Expert consensus recommendations also addressed long-term management beyond Year 4, retreatment strategies, safety monitoring, pregnancy planning, and use in older patients, recognizing that some areas are supported mainly by emerging real-world evidence and expert clinical experience.
CONCLUSION: This Delphi consensus provides practical, region-specific guidance to optimize the use of cladribine tablets in RRMS across NWA, aiming to harmonize treatment practices and improve long-term outcomes.",https://pubmed.ncbi.nlm.nih.gov/42501585/,,,multiple_sclerosis,(Multiple Sclerosis[MeSH] OR multiple sclerosis[tiab] OR demyelination[tiab] OR myelin[tiab]) AND (treatment[tiab] OR intervention[tiab] OR therapy[tiab]),2026-08-05T17:36:12+00:00,,,,,
PMID_42501177,PubMed,42501177,PMC12837249,10.3390/antiox15010054,ApoTransferrin Induces Accumulation of Lipid Droplets in Oligodendroglial Cell.,"Chamorro-Aguirre, Estefanía; Favale, Nicolás O; Pescio, Lucila G; Pérez, María Julia; Correale, Jorge; Pasquini, Juana",Neurochemical research,2026,"Transferrin is the principal iron-carrier protein and is primarily synthesized in the liver, oligodendrocytes (OLG), and choroid plexus. We previously demonstrated that apotransferrin (aTf) treatment induces OLG maturation in vitro and in vivo. Given that approximately 80% of myelin consists of lipids, predominantly cholesterol, tight regulation of lipid metabolism is essential during myelin formation. Lipid droplets (LDs) are dynamic intracellular organelles that store fatty acids as neutral lipids, including triglycerides and cholesterol esters. Recent studies have demonstrated the presence and regulated turnover of LDs in glial cells, suggesting roles in both physiological and pathological processes. During OLG maturation, the demand for lipid synthesis increases markedly to sustain membrane expansion and myelin production. Because this high lipid demand, we hypothesized that aTf-induced OLG maturation is associated with metabolic reprogramming involving lipid droplet dynamics, which may serve as a source of fatty acids for membrane biogenesis and energy production. In this context, LDs may represent a critical metabolic hub through which OLGs regulate lipid homeostasis and adapt to increased bioenergetic demands. However, the mechanisms governing LD biogenesis and turnover in oligodendroglial cells during development and under different metabolic conditions remain poorly understood. Importantly, LDs are now recognized as active participants in cellular metabolism, stress responses, and membrane biogenesis rather than passive lipid storage compartments. The aim of this study is to characterize LD dynamics, as well as specific lipid and protein profiles, in the Oli-Neu cell line and in oligodendroglial cells during the maturation process in the presence of aTf. We specifically investigate whether the aTf-induced increase in LD abundance reflects enhanced membrane biosynthetic requirements, with augmented energy production supported by β-oxidation of fatty acids released from triglycerides stored within LDs.",https://pubmed.ncbi.nlm.nih.gov/42501177/,,,multiple_sclerosis,(Multiple Sclerosis[MeSH] OR multiple sclerosis[tiab] OR demyelination[tiab] OR myelin[tiab]) AND (treatment[tiab] OR intervention[tiab] OR therapy[tiab]),2026-08-05T17:36:12+00:00,,,,,
PMID_42500388,PubMed,42500388,PMC11372657,10.1136/jnnp-2022-330360,Anti-NMDA-receptor encephalitis and MOGAD associated optic neuritis: a case series.,"Parthasarathi, Pooja; Dattilo, Michael; Peragallo, Jason",Frontiers in neurology,2026,"INTRODUCTION: Anti-N-methyl-D-aspartate receptor (NMDAR) encephalitis is a well-recognized autoimmune condition that often presents with neuropsychiatric symptoms and seizures. Myelin oligodendrocyte glycoprotein antibody-associated disease (MOGAD) often manifests as optic neuritis and, less frequently, as acute demyelinating encephalomyelitis or transverse myelitis. The co-occurrence of anti-NMDAR encephalitis and MOGAD is becoming increasingly recognized, but clinical series remain limited.
DESCRIPTION OF CASES: We present three patients with anti-NMDAR encephalitis and MOGAD optic neuritis (ON): two men, aged 19 and 26, and one woman, aged 36. Clinical presentations, signs, investigations, and management of each case are discussed. The 26-year-old man presented with altered mental status and concurrent vision loss. The 36-year-old woman presented with altered mental status during the encephalitis episode and developed vision loss 4 months after encephalitis. The 19-year-old man with a prior history of altered mental status, diagnosed with NMDA encephalitis 9 years earlier, presented with headache and vision loss. Abnormal T2/FLAIR lesions in the brain and/or spinal cord during the encephalitis episode and unilateral or bilateral optic nerve enhancement during the optic neuritis episode were detected on brain and orbital magnetic resonance imaging (MRI) in all patients. All patients tested positive for cerebrospinal fluid (CSF) anti-NMDAR antibodies during the encephalitis episode and had positive serum MOG titers during the optic neuritis episode. Each patient presented with bilateral, asymmetrically reduced visual acuity and diminished color vision. One patient exhibited bilateral temporal optic nerve pallor, while two patients had bilateral optic nerve edema. The diagnostic work-up revealed positive serum MOG titers (1:100, 1:10,000, and 1:10,000 in the 36/F, 26/M, and 19/M, respectively). The 36-year-old woman was treated with intravenous (IV) steroids, plasma exchange (PLEX), and rituximab during the encephalitis episode. During the optic neuritis episode, she was treated with IV steroids, IV immunoglobulin (IVIG), and rituximab, followed by long-term rituximab maintenance therapy. The 19-year-old man was treated for encephalitis with IV steroids, IVIG, and rituximab. During his optic neuritis episode, he received IV steroids, IVIG, and tocilizumab, followed by long-term tocilizumab maintenance therapy. The 26-year-old man was treated with IV steroids, PLEX, and rituximab during the acute episode, followed by long-term IVIG maintenance therapy. After achieving 2 years of stability that prompted the discontinuation of IVIG, the patient experienced a MOG-IgG-positive relapse 5 months later. This relapse was marked by a seizure-like episode and the appearance of new lesions on MRI. The acute symptoms resolved after treatment with intravenous steroids and IVIG. Subsequently, the patient was initiated on an indefinite maintenance IVIG regimen. Visual acuity in all patients improved to their baseline levels following treatment.
CONCLUSION: This series highlights the emerging overlap between anti-NMDAR encephalitis and MOGAD optic neuritis. Optic neuritis may occur months to years after encephalitis, underscoring the need for careful monitoring of patients with anti-NMDAR encephalitis who develop new visual symptoms. Dual autoimmunity may represent a distinct phenotype with implications for long-term immunotherapy.",https://pubmed.ncbi.nlm.nih.gov/42500388/,,,multiple_sclerosis,(Multiple Sclerosis[MeSH] OR multiple sclerosis[tiab] OR demyelination[tiab] OR myelin[tiab]) AND (treatment[tiab] OR intervention[tiab] OR therapy[tiab]),2026-08-05T17:36:12+00:00,,,,,
PMID_42499404,PubMed,42499404,PMC5705244,10.1177/20552173261471723,Circulating microRNA expression profiles as biomarkers of disease activity in multiple sclerosis.,"Vigiser, Ifat; Zeevi, Yoav; Piura, Yoav; Kolb, Hadar; Golan, Maya; Karni, Arnon; Regev, Keren","Multiple sclerosis journal - experimental, translational and clinical",2026,"BACKGROUND: Reliable biomarkers of inflammatory activity in multiple sclerosis (MS) are needed to complement clinical and MRI assessments. Circulating microRNAs (miRNAs) are promising candidates due to their serum stability and involvement in MS-related biological pathways.
OBJECTIVES: To evaluate whether selected serum miRNAs can discriminate relapse from remission in treatment-naive patients with relapsing-remitting MS (RRMS).
METHODS: In this prospective paired study, newly diagnosed, untreated RRMS patients were sampled during clinical relapse and subsequent remission. A targeted miRNA panel was quantified using quantitative PCR. Differential expressions were assessed using paired statistical testing with multiple comparison correction. Diagnostic performance was evaluated using ROC analysis and multivariate logistic regression. Pathway enrichment analysis was performed using Ingenuity Pathway Analysis.
RESULTS: Twenty patients (40 paired samples) were included. Eight miRNAs were differentially expressed between relapse and remission after Benjamini-Hochberg correction. hsa-miR-122-5p showed the largest fold change (fold change = 3.0; adjusted p = 0.043). A three-miRNA panel (hsa-miR-122-5p, hsa-miR-15b-5p, hsa-miR-30e-5p) demonstrated high discriminative accuracy (area under the curve = 0.88; 95% CI 0.79-0.96). Pathway analysis highlighted inflammatory, metabolic, and hypoxia-related processes.
CONCLUSIONS: Circulating miRNAs distinguished relapse from remission in treatment-naive RRMS patients, suggesting their potential as complementary biomarkers of disease activity. These findings should be considered exploratory and require validation in an independent, larger cohort.",https://pubmed.ncbi.nlm.nih.gov/42499404/,,,multiple_sclerosis,(Multiple Sclerosis[MeSH] OR multiple sclerosis[tiab] OR demyelination[tiab] OR myelin[tiab]) AND (treatment[tiab] OR intervention[tiab] OR therapy[tiab]),2026-08-05T17:36:12+00:00,,,,,
PMID_42497916,PubMed,42497916,,10.1016/j.neuint.2026.106230,NaHS replenishes hydrogen sulfide levels and rescues myelination defects through NRF2 signaling and iron homeostasis after traumatic brain injury in Swiss albino male mice.,"Nasir, Farheen; Yadav, Priyanka; Sivanandam, Thamil Mani",Neurochemistry international,2026,"Traumatic brain injury (TBI) profoundly affects individuals, driven by its multifaceted pathology. TBI is a leading cause of neurological disability globally, necessitating novel therapeutic approaches. TBI induces axonal damage, resulting in demyelination. This is marked by the loss of the myelin sheath and oligodendrocyte dysfunctions. The disrupted myelin sheath leads to abnormal neural connectivity, contributing to behavioral outcomes. Recent studies explored the pharmacological treatments that enhance myelination in demyelinating pathological states. Sodium hydrogen sulfide (NaHS), an H2S donor known for its therapeutic benefits in various TBI models, has yet to be investigated for its role in enhancing myelination. To investigate the therapeutic potential of NaHS, a mouse model of TBI was employed. The findings were established by various behavioral tasks. H2S levels were estimated by an AzMC probe, different oligodendrocyte markers were quantitatively analyzed using immunofluorescence, and the iron regulatory and myelin proteins were measured by immunoblotting. The results obtained suggested that NaHS treatment restores the H2S levels and ameliorates the anxiety and depressive symptoms. Moreover, NaHS treatment reduces oxidative stress and enhances antioxidant defense through the activation of NRF2/KEAP1-HO-1 signaling. Additionally, it increases the number of total and mature oligodendrocytes, restores iron regulatory proteins, and upregulates the different myelin proteins, thereby enhancing myelination. These findings suggest that NaHS not only restores redox balance and alleviates behavioral deficits but also holds significant promise for addressing oxidative stress and myelination deficits, offering a novel therapeutic avenue for TBI treatment.",https://pubmed.ncbi.nlm.nih.gov/42497916/,,,multiple_sclerosis,(Multiple Sclerosis[MeSH] OR multiple sclerosis[tiab] OR demyelination[tiab] OR myelin[tiab]) AND (treatment[tiab] OR intervention[tiab] OR therapy[tiab]),2026-08-05T17:36:12+00:00,,,,,
PMID_42497800,PubMed,42497800,,10.1016/j.msard.2026.107401,Asymptomatic spinal cord lesions in Multiple Sclerosis: A systematic review and meta-analysis of subclinical disease activity.,"Rotolo, Mario; Capuano, Rocco; Scannapieco, Sara; Rienzo, Annalisa; Erro, Roberto; Amboni, Marianna; Pellecchia, Maria Teresa; Barone, Paolo; Gregorio, Maria Di",Multiple sclerosis and related disorders,2026,"BACKGROUND: Spinal cord lesions are common in Multiple Sclerosis (MS) and contribute to disability, but the frequency of new asymptomatic lesions during follow-up is uncertain.
OBJECTIVE: To review new asymptomatic spinal cord lesions (aSCLe), estimate the patient-level proportion developing at least one lesion, and assess isolated spinal cord activity without concomitant brain Magnetic Resonance Imaging (MRI) activity.
METHODS: This systematic review was conducted according to the Preferred Reporting Items for Systematic Reviews and Meta-Analyses (PRISMA) guideline. PubMed, Scopus, and Web of Science were searched through May 1st, 2026 for studies reporting new aSCLe on follow-up MRI in clinically stable patients with MS (pwMS). According to the criteria used in original papers, MS stability was clinically defined most commonly as the absence of relapses, new neurological symptoms, and/or disability progression during the interval assessed; however, operational definitions varied across studies. The primary outcome was the patient-level proportion developing at least one new lesion. Comparable studies were pooled using a random-effects generalized linear mixed model (GLMM).
RESULTS: Nine studies were included in the qualitative synthesis and three in the meta-analysis (1637 patients). The pooled proportion developing at least one new asymptomatic spinal cord lesion was 13.0% (95% confidence interval 6.2-25.1; I² = 96.5%). In relapsing-remitting multiple sclerosis, the pooled estimate was 19.1% (95% confidence interval 13.2-26.7; I² = 79.1%). Isolated spinal cord activity was reported across studies but could not be pooled because of heterogeneous definitions and analytic units.
CONCLUSIONS: Available evidence suggests that new asymptomatic spinal cord lesions may occur during clinically stable follow-up in a meaningful proportion of pwMS. Clinicians should recognize that spinal cord activity may be missed when surveillance relies on brain MRI alone. Standardized whole-cord protocols and patient-level reporting are needed to determine prognostic value and implications for treatment escalation.",https://pubmed.ncbi.nlm.nih.gov/42497800/,,,multiple_sclerosis,(Multiple Sclerosis[MeSH] OR multiple sclerosis[tiab] OR demyelination[tiab] OR myelin[tiab]) AND (treatment[tiab] OR intervention[tiab] OR therapy[tiab]),2026-08-05T17:36:12+00:00,,,,,
PMID_42497663,PubMed,42497663,,10.1016/j.intimp.2026.117162,The mechanism of macrophage glycolysis regulating Th17 cell differentiation and promoting the progression of EAN mice.,"Liu, Shuping; Lu, Huiying; Kang, Yuge; Cao, Qian; Liu, Miao; Lu, Zuneng",International immunopharmacology,2026,"This study investigates how macrophage glycolysis interacts with CD4+ T cells to drive experimental autoimmune neuritis (EAN) progression. In EAN mice, expression of key glycolytic genes (LDHA, GLUT1, HK2, and PKM2) was gradually upregulated in splenic macrophages and sciatic nerve. By the disease peak (day 18 p.i.), these genes reaching approximately 4-to-8-fold increase over controls, paralleling a continuous expansion of the splenic M1 macrophage population. Crucially, in vivo glycolysis inhibition via 2-deoxyglucose (2-DG) effectively suppressed splenic M1 polarization and sciatic nerve CD86 IHC intensity, thereby mitigating EAN clinical scores from day 10 onward. Further in vitro experiments revealed that M1-polarized macrophages exhibited significantly enhanced glycolytic activity, characterized by increased glucose uptake, ATP generation, and lactate secretion. Their conditioned medium successfully drove CD4+ T cell differentiation into the Th17 subset, upregulating RORγt expression and the secretion of IL-17 and IL-22. Mechanistically, extracellular lactate promoted Th17 differentiation by facilitating PKM2 nuclear translocation, which enhanced STAT3 phosphorylation and RORγt expression while reciprocally suppressing Foxp3. Genetically overexpressing PKM2 augmented lactate-induced Th17 cytokine secretion, whereas pharmacological stabilization of PKM2 tetramers via TEPP-46 blocked its nuclear entry and reduced Th17 differentiation. Ultimately, targeted in vivo intervention with TEPP-46 significantly improved neurological function scores in EAN mice, accompanied by diminished Th17 cell infiltration and alleviated inflammatory demyelination. Together, our findings elucidate the ""macrophage glycolysis-lactate-PKM2"" axis in regulating Th17 differentiation, offering a novel metabolic-immune therapeutic strategy for EAN and its clinical counterpart, acute inflammatory demyelinating polyneuropathy (AIDP).",https://pubmed.ncbi.nlm.nih.gov/42497663/,,,multiple_sclerosis,(Multiple Sclerosis[MeSH] OR multiple sclerosis[tiab] OR demyelination[tiab] OR myelin[tiab]) AND (treatment[tiab] OR intervention[tiab] OR therapy[tiab]),2026-08-05T17:36:12+00:00,,,,,
PMID_42496783,PubMed,42496783,PMC10124615,10.1001/jama.2022.18324,The Neurology of Menopause.,"Roeder, Hannah J; Leira, Enrique C",Current neurology and neuroscience reports,2026,"PURPOSE OF REVIEW: Menopause is a neuroendocrine process with important implications for neurological health. This review examines the complex, multidirectional relationships between menopause and major central nervous system conditions, including stroke, migraine, epilepsy, multiple sclerosis, Parkinson's disease, and Alzheimer's disease.
RECENT FINDINGS: Menopause may mark an inflection point for vascular injury, neurodegeneration, and disability accumulation in several neurological conditions. Perimenopausal hormonal fluctuations may exacerbate migraines and seizures in susceptible women. Research increasingly supports the critical window hypothesis for estrogen therapy and highlights the importance of distinguishing reproductive and chronological aging when interpreting neurologic trajectories. Menopause represents an important transition for many conditions. Hormone therapy has heterogenous effects with cognitive benefit in premature ovarian insufficiency, harm related to stroke risk in older women, and greater uncertainty in other conditions. Therefore, individualized risk-benefit assessment is essential. Research gaps remain significant, and menopause should be a priority area for neurologic research.",https://pubmed.ncbi.nlm.nih.gov/42496783/,,,multiple_sclerosis,(Multiple Sclerosis[MeSH] OR multiple sclerosis[tiab] OR demyelination[tiab] OR myelin[tiab]) AND (treatment[tiab] OR intervention[tiab] OR therapy[tiab]),2026-08-05T17:36:12+00:00,,,,,
PMID_42496454,PubMed,42496454,PMC12035966,10.1016/j.ymgme.2024.108436,Preliminary Data of the First Year of Newborn Screening for Metachromatic Leukodystrophy (MLD) in Lombardy.,"Vasco, Alessandra; Meta, Andrea; Berardo, Clarissa; Camerlengo, Davide; Fumagalli, Francesca; Tonduti, Davide; Fiamingo, Iris; Montrasio, Cristina; Postorivo, Diana; Rizzetto, Manuela; Fede, Sabrina; Mld-Nbs Study Group; Bozic, Roberto; Ferron, Francisco; Calbi, Valeria; Zuccotti, Gianvincenzo; Aiuti, Alessandro; la Marca, Giancarlo; Carelli, Stephana; Cereda, Cristina",International journal of neonatal screening,2026,"Metachromatic leukodystrophy (MLD) is a rare, autosomal recessive lysosomal storage disorder caused by a deficiency of the enzyme arylsulfatase A (ARSA, MIM #250100), which leads to progressive demyelination in the central and peripheral nervous systems, resulting in severe neurodegeneration and premature death. With the recent approval of the first ex vivo gene therapy for MLD, newborn screening (NBS) programs have begun to implement pilot studies for early detection, as identifying affected individuals during the pre-symptomatic therapeutic window is crucial. We present the analytical workflow and the NBS algorithm developed during the first year of MLD screening in Lombardy. The screening strategy comprised a first-tier test (1TT) using mass spectrometry to quantify sulfatide concentrations, a second-tier test (2TT) measuring ARSA enzymatic activity, and a third-tier test (3TT) based on whole-exome sequencing. A total of 16,130 newborns were screened for MLD. Of these, 6.41% required retesting (1TT), 1.53% underwent duplicate 2TT, and 0.36% proceeded to 3TT. No neonates were recalled, and no cases of MLD were identified through the screening program. The first-year implementation of MLD NBS in Lombardy demonstrates that a mass spectrometry-based sulfatide assay combined with a multi-tiered screening algorithm is feasible and reliable. Incorporating genetic analysis alongside expanded validation of additional sulfatide species may enhance specificity, reduce false positives, and facilitate timely identification of infants affected by MLD.",https://pubmed.ncbi.nlm.nih.gov/42496454/,,,multiple_sclerosis,(Multiple Sclerosis[MeSH] OR multiple sclerosis[tiab] OR demyelination[tiab] OR myelin[tiab]) AND (treatment[tiab] OR intervention[tiab] OR therapy[tiab]),2026-08-05T17:36:12+00:00,,,,,
PMID_42496160,PubMed,42496160,,10.1093/brain/awag252,Treatment escalation after clinically silent MRI lesions in relapsing-remitting multiple sclerosis.,"Daruwalla, Cyrus; Kremler, Courtney; Patti, Francesco; Ozakbas, Serkan; Boz, Cavit; Lechner-Scott, Jeannette; Surcinelli, Andrea; Foschi, Matteo; Khoury, Samia J; Butzkueven, Helmut; van der Walt, Anneke; Rous, Zuzana; Habek, Mario; Meca-Lallana, Jose E; Lopez, Gabriel Valero; Alroughani, Raed; Blanco, Yolanda; Laureys, Guy; Skibina, Olga; Buzzard, Katherine; Gray, Orla; McCombe, Pamela; Maimone, Davide; Duquette, Pierre; Girard, Marc; Prat, Alexandre; Sanchez-Menoyo, Jose Luis; van Pesch, Vincent; Soysal, Aysun; Amato, Maria Pia; Grand'Maison, Francois; Wilton, Judith; Van Wijmeersch, Bart; Gerlach, Oliver; Lugaresi, Alessandra; Tomassini, Valentina; De Luca, Giovanna; Taylor, Bruce; Foong, Yi Chao; John, Nevin; Cárdenas-Robledo, Simón; Hodgkinson, Suzanne; Macdonell, Richard; Willekens, Barbara; Garber, Justin; D'Amico, Emanuele; Terzi, Murat; Houskova, Jana; Lapointe, Emmanuelle; Al-Asmi, Abdullah; Barnett, Michael; Stetkarova, Ivana; Gouider, Riadh; Mrabet, Saloua; Csepany, Tunde; McGuigan, Chris; Gross-Paju, Katrin; Kuhle, Jens; Castillo-Triviño, Tamara; Kerrigan, Simon; Tolkovsky, Aviva M; Wardle, Mark; Cunniffe, Nick G; Roos, Izanne; Madley-Dowd, Paul; Coles, Alasdair; Kalincik, Tomas; Sterne, Jonathan A C; William Brown, J L; MSBase study group",Brain : a journal of neurology,2026,"Clinically silent MRI lesions occur frequently in people with relapsing-remitting multiple sclerosis (RRMS) despite disease modifying therapy (DMT). Guidelines only routinely recommend DMT escalation after multiple silent lesions, and adherence is variable. We explored outcomes and the effect of treatment escalation following single and multiple on-treatment silent lesions. This cohort study and emulated target trial used MSBase registry data from 99 clinics in 26 countries between 2007 and 2025. Clinically stable participants receiving any DMT for RRMS with silent lesions versus without silent lesions were compared. Among participants with silent lesions while taking platform or moderate-efficacy DMTs, outcomes following treatment escalation within 6 months versus no treatment escalation (unless a post-MRI clinical event occurred) were compared. The primary outcome was an MS relapse, and the secondary outcome was 6-month confirmed disability worsening. A total of 10,232 participants met inclusion criteria (71.7% female, mean age 41 [SD 11]). The 2-year cumulative incidence of relapse was 27.8% (95% CI: 25.7%-29.9%) in participants with silent lesions versus 14.3% (95% CI: 13.5%-15.2%) without (adjusted hazard ratio [aHR] 1.76 [95% CI: 1.57-1.97]). The 2-year cumulative incidence of disability worsening was 13.8% (95% CI: 12.2%-15.5%) in participants with silent lesions versus 11.4% (95% CI: 10.7%-12.2%) without (aHR 1.38 [95% CI: 1.18-1.62]). Rates of relapse and disability worsening were higher following single and multiple silent lesions versus no silent lesions. The emulated trial included 2,264 participants with ≥1 silent lesion on platform or moderate efficacy DMTs, 286 of whom escalated DMT within 6 months following silent lesions. The 4-year cumulative incidence of relapse was lower following treatment escalation (16.8% [95% CI: 12.4%-23.4%]) versus continuation (38.9% [95% CI: 35.8%-42.1%]), aHR 0.34 (95% CI: 0.23-0.47), with similar aHRs following single and multiple silent lesions. The 4-year cumulative incidence of disability worsening was similar following treatment escalation (16.0% [95% CI: 10.8%-22.2%]) versus continuation (17.7% [95% CI: 15.3%-20.1%]), aHR 0.89 (95% CI: 0.56-1.33). People with RRMS with single or multiple on-treatment silent MRI lesions have higher subsequent risks of relapse and disability worsening than people without silent lesions. DMT escalation mitigates the relapse risk, though disability worsening continues at a similar rate over 4 years. Contrary to guidelines, DMT escalation should be considered after single or multiple silent lesions.",https://pubmed.ncbi.nlm.nih.gov/42496160/,,,multiple_sclerosis,(Multiple Sclerosis[MeSH] OR multiple sclerosis[tiab] OR demyelination[tiab] OR myelin[tiab]) AND (treatment[tiab] OR intervention[tiab] OR therapy[tiab]),2026-08-05T17:36:12+00:00,,,,,
PMID_42494788,PubMed,42494788,PMC12024948,10.1016/j.xkme.2026.101439,A Novel Entity of Renal Toxicity After Combination Chemotherapy: An Onco-Nephrology Kidney Biopsy Teaching Case.,"Berti, Gian Marco; Maritati, Federica; Tondolo, Francesco; Chilotti, Stefano; Fabbrizio, Benedetta; Pasquinelli, Gianandrea; La Manna, Gaetano; Vischini, Gisella",Kidney medicine,2026,"Renal injury associated with combination cancer therapies represents a growing diagnostic challenge. Kidney biopsy enables early and appropriate detection of these cases, helping in accurate differential diagnosis and individualized management in these increasingly frequent and complex clinical settings. We report a tricky onco-nephrology teaching case involving a 65-year-old woman with recurrent high-grade Müllerian carcinoma who developed progressive kidney dysfunction, arterial hypertension, and new-onset subnephrotic range proteinuria during treatment with carboplatin, gemcitabine, and bevacizumab. Serologic tests were negative for autoimmune, viral, and hematologic causes. Kidney biopsy showed an advanced membranoproliferative pattern with eosinophilic and periodic acid-Schiff positive intracapillary deposits, diffuse endothelial injury, and unusual tubular myelin figures. Two weeks after kidney biopsy, the patient developed cutaneous purpura that shifted the diagnostic framework toward a systemic vasculopathy. This was supported by the ultrastructural evidence of polyclonal IgM-dominant organized intraluminal deposits and consistent with a drug-induced cryoglobulinemic glomerulonephritis superimposed on gemcitabine-induced chronic thrombotic microangiopathy with unexpected renal lipidosis. To our knowledge, this represents the first reported case of this specific renal injury profile in this clinical setting, underscoring the critical role of kidney biopsy in optimizing personalized care within the emerging field of onco-nephrology.",https://pubmed.ncbi.nlm.nih.gov/42494788/,,,multiple_sclerosis,(Multiple Sclerosis[MeSH] OR multiple sclerosis[tiab] OR demyelination[tiab] OR myelin[tiab]) AND (treatment[tiab] OR intervention[tiab] OR therapy[tiab]),2026-08-05T17:36:12+00:00,,,,,
PMID_42493540,PubMed,42493540,PMC2139778,10.1083/jcb.137.2.459,A novel small molecule remyelination therapy for multiple sclerosis.,"Yang, Yan; Bai, Brain; Knutsen, Lars J S; Hamlyn, Richard J; Cui, Qiao-Ling; Antel, Jack; Macklin, Wendy; Medicetty, Satish; Trapp, Bruce D",npj drug discovery,2026,"We conducted a phenotypic screen of 20,000 central nervous system (CNS)-biased small molecules for their ability to stimulate differentiation of mouse oligodendrocyte progenitor cells (OPCs) into oligodendrocytes. We identified a lead hit (CN045) with an EC50 of 40 nM in the OPC differentiation assay and a chemical scaffold conducive to modifications. In OPC differentiation assays, CN045 demonstrated higher potency than a known OPC differentiation compound Triiodothyronine (T3). CN045 promoted myelin-like ensheathment of engineered nanofibers by mouse and human OPCs and significantly increased remyelination in white and gray matter regions of mouse brain following cuprizone/rapamycin-induced demyelination. In terms of pharmacokinetics, CN045 is CNS-penetrable with low cytotoxicity. CN045 has a short half-life in vivo, but its chemical scaffold is conducive to structural modifications that can improve its metabolic properties. Collectively, these results demonstrate that CN045 is an attractive lead candidate for enhancing OPC differentiation and remyelination in multiple sclerosis patients.",https://pubmed.ncbi.nlm.nih.gov/42493540/,,,multiple_sclerosis,(Multiple Sclerosis[MeSH] OR multiple sclerosis[tiab] OR demyelination[tiab] OR myelin[tiab]) AND (treatment[tiab] OR intervention[tiab] OR therapy[tiab]),2026-08-05T17:36:12+00:00,,,,,
PMID_42492806,PubMed,42492806,,10.1016/j.neuint.2026.106228,F-box and WD repeat domain-containing 7 promotes nerve regeneration to exert therapeutic protection against preterm brain injury by degrading Notch receptor 1.,"Chang, Shuting; Huang, Weiqing; Yi, Biao; Fu, Chenchao",Neurochemistry international,2026,"BACKGROUND: Preterm brain injury (PBI) can lead to severe neurodevelopmental impairment. F-box and WD repeat domain-containing 7 (FBXW7) is a key regulator of neural development. This study evaluated the effect of FBXW7 on nerve regeneration after PBI.
METHODS: A mouse model of PBI and an in vitro model of oxygen-glucose deprivation/reperfusion (OGD/R) in neural stem cells (NSCs) were established. Cognitive and motor functions were assessed using Morris water maze, wire hanging, and cylinder tests. Histopathological changes and apoptosis were evaluated by hematoxylin and eosin and TdT-mediated dUTP Nick-End Labeling, and immunohistochemical staining for myelin basic protein and microtubule-associated protein 2 (MAP2). Neuroregeneration was analyzed via immunofluorescence (IF) staining for bromodeoxyuridine, doublecortin, and MAP2. FBXW7 and Notch receptor 1 (Notch1) expressions were detected by real-time quantitative PCR and Western blot. The viability, apoptosis and differentiation of NSCs were measured by cell counting kit-8, flow cytometry, and IF/Western blot. Protein interaction, stability, and ubiquitination were examined by co-immunoprecipitation and cycloheximide chase assays.
RESULTS: FBXW7 expression was decreased in PBI mice and OGD/R-treated NSCs. Overexpression of FBXW7 significantly alleviated the pathological damage and behavioral impairments after PBI, and also enhanced the nerve regeneration process. Moreover, FBXW7 not only enhanced NSCs survival and suppressed apoptosis following OGD/R, but also actively drove their differentiation toward a neuronal lineage. Mechanistically, FBXW7 promoted the ubiquitination and degradation of Notch1. FBXW7 induced NSCs differentiation following OGD/R and mediated neuroprotection to protect PBI by inhibiting Notch1 signaling.
CONCLUSION: By enhancing neuroregeneration via degradation of Notch1, FBXW7 appears to play a protective role in PBI, which suggests therapeutic targets for PBI treatment that merit further exploration.",https://pubmed.ncbi.nlm.nih.gov/42492806/,,,multiple_sclerosis,(Multiple Sclerosis[MeSH] OR multiple sclerosis[tiab] OR demyelination[tiab] OR myelin[tiab]) AND (treatment[tiab] OR intervention[tiab] OR therapy[tiab]),2026-08-05T17:36:12+00:00,,,,,
PMID_42492767,PubMed,42492767,,10.1016/j.nbd.2026.107545,Steroid-dependent regulation of central nervous system remyelination: From gonadal hormones to chemokine signaling.,"Ghoumari, Abdel Mouman; Schumacher, Michael",Neurobiology of disease,2026,"Efficient remyelination in the adult central nervous system remains limited and poorly understood. Recent experimental studies reveal that gonadal steroid hormones are essential regulators of myelin repair and that cooperation between androgen receptor (AR) and CXCR4 chemokine receptor signaling in astrocytes controls oligodendrocyte-mediated remyelination. Evidence for this mechanism comes from mouse models of axonal demyelination followed by oligodendrocyte-dependent remyelination, a regenerative process involving the recruitment and differentiation of oligodendrocyte progenitor cells (OPCs). In the absence of testicular function, oligodendrocyte-mediated remyelination fails completely but is fully restored by physiological testosterone treatment. The remyelinating effect of testosterone depends on AR expression in astrocytes, where AR cooperates with CXCR4. This cooperation may reflect an evolutionary convergence between AR signaling and the CXCL12-CXCR4 chemokine axis associated with the emergence of myelination in jawed vertebrates. In the absence of astrocytic AR or CXCR4 signaling, axons are instead remyelinated by Schwann cells. Immunostaining of spinal cord sections from patients with multiple sclerosis supports the relevance of AR-CXCR4 signaling in myelin repair. Similarly, loss of ovarian function abolishes oligodendrocyte-mediated remyelination in female mice. Testosterone restores remyelination in a CXCR4-dependent manner, whereas estradiol, the principal ovarian hormone, acts through a CXCR4-independent mechanism. Together, these findings identify gonadal steroid hormones as essential regulators of oligodendrocyte-mediated remyelination and provide a mechanistic framework for investigating hormone-dependent strategies to enhance myelin repair in multiple sclerosis.",https://pubmed.ncbi.nlm.nih.gov/42492767/,,,multiple_sclerosis,(Multiple Sclerosis[MeSH] OR multiple sclerosis[tiab] OR demyelination[tiab] OR myelin[tiab]) AND (treatment[tiab] OR intervention[tiab] OR therapy[tiab]),2026-08-05T17:36:12+00:00,,,,,
PMID_42492459,PubMed,42492459,,10.1016/j.clinph.2026.2112341,Autoimmune nodopathies: a clinical review.,"Doppler, Kathrin; Sommer, Claudia",Clinical neurophysiology : official journal of the International Federation of Clinical Neurophysiology,2026,"Autoimmune nodopathies are a subgroup of peripheral neuropathies characterized by autoantibodies targeting nodal and paranodal proteins such as neurofascin-155 (NF155), contactin-1 (CNTN1), and Contactin-associated protein 1 (Caspr1). Unlike chronic inflammatory demyelinating polyradiculoneuropathy (CIDP), these conditions involve direct disruption of the node of Ranvier rather than demyelination, leading to their distinction from CIDP in the 2021 EAN/PNS guidelines. Paranodal autoantibodies are often of the IgG4 subclass, which does not activate complement. Pathogenicity is supported by correlation of antibody titers with clinical severity, evidence of axoglial detachment, disrupted axoglial binding, and passive transfer experiments. Patients present with severe distal-dominant sensorimotor neuropathy, sensory ataxia, tremor (especially in anti-NF155 cases), neuropathic pain, and occasionally membranous glomerulonephritis (anti-CNTN1 cases). Pan-neurofascin autoantibodies, directed against the nodal and paranodal isoform of neurofascin (NF186 and NF155) present with a very severe neuropathy typically requiring intensive care treatment. Autoimmune nodopathies account for 5-10% of the patients who fulfill diagnostic criteria of CIDP and can affect all ages, including children. Diagnosis relies on detecting specific autoantibodies via ELISA or cell-based assays and should be considered in patients with characteristic clinical and electrophysiological features. Standard CIDP treatments are typically ineffective, while plasma exchange and B cell-targeted therapies show good efficacy. Recognition of these distinct neuropathies is essential for appropriate diagnosis and management.",https://pubmed.ncbi.nlm.nih.gov/42492459/,,,multiple_sclerosis,(Multiple Sclerosis[MeSH] OR multiple sclerosis[tiab] OR demyelination[tiab] OR myelin[tiab]) AND (treatment[tiab] OR intervention[tiab] OR therapy[tiab]),2026-08-05T17:36:12+00:00,,,,,
PMID_42492312,PubMed,42492312,,10.1016/j.msard.2026.107389,Tailoring disease-modifying therapy approaches across multiple sclerosis sub-populations.,"Aboseif, Albert; Zeydan, Burcu; Nathoo, Nabeela; Kantarci, Orhun H; Amezcua, Lilyana; Voskuhl, Rhonda; Bove, Riley; Hua, Le H; Ontaneda, Daniel; Conway, Devon S; Hersh, Carrie M",Multiple sclerosis and related disorders,2026,"While advances in anti-inflammatory disease-modifying therapies (DMTs) have transformed multiple sclerosis (MS) care, treatment recommendations are not necessarily applicable or uniform across all populations. This narrative review synthesizes contemporary evidence on DMT selection in people with MS (pwMS) from diverse backgrounds and life stages, accounting for race and ethnicity, reproductive status, age, and sexual and gender identity. We highlight emerging data from clinical trials, post-hoc analyses, and observational studies, offering potential treatment approaches based on the available evidence. We also underscore gaps in current knowledge of DMT use across MS sub-populations, highlighting areas needing further investigation.",https://pubmed.ncbi.nlm.nih.gov/42492312/,,,multiple_sclerosis,(Multiple Sclerosis[MeSH] OR multiple sclerosis[tiab] OR demyelination[tiab] OR myelin[tiab]) AND (treatment[tiab] OR intervention[tiab] OR therapy[tiab]),2026-08-05T17:36:12+00:00,,,,,
PMID_42492265,PubMed,42492265,,10.1016/j.phymed.2026.158589,Current advances and future perspectives of Astragalus membranaceus active components in regulating diabetic microvascular complications.,"Liu, Jinting; Huang, Qingxia; Nie, Weichen; Wang, Dongzhu; Wang, Zeyu; Li, Xiangyan; Qi, Wenxiu",Phytomedicine : international journal of phytotherapy and phytopharmacology,2026,"BACKGROUND: Diabetic microvascular complications (DMCs) mainly consist of diabetic kidney disease (DKD), diabetic retinopathy (DR), and diabetic peripheral neuropathy (DPN). Current therapeutic options for DMCs are often suboptimal and frequently accompanied by a range of adverse effects. By contrast, traditional Chinese medicine (TCM) offers a promising comprehensive approach for DMC management, characterized by multi‑target actions, fewer side effects, the ability to intervene in complications, potential for combined effect with western drugs, and cost advantages, thereby meriting further promotion and investigation.
PURPOSE: This review comprehensively assesses the pharmacological actions, potential mechanisms, and current clinical evidence of Astragalus membranaceus (AM) and its active components in DMCs, which could provide novel therapeutic insights for DMCs, and future research directions.
STUDY DESIGN AND METHODS: We conducted precise searches in PubMed using the keywords (""Astragalus membranaceus"" OR ""Huangqi"" OR ""astragaloside"") AND (""diabetic kidney disease"" OR ""diabetic nephropathy""), (""Astragalus membranaceus"" OR ""Huangqi"" OR ""astragaloside"") AND (""diabetic peripheral neuropathy""), (""Astragalus"" OR ""Huangqi"" OR ""astragaloside"") AND (""diabetic retinopathy""), ""astragaloside IV (AS-IV)"", ""Astragalus polysaccharide (APS)"", ""flavonoids"", ""formononetin (FMN)"" and ""calycosin"" to accurately retrieve research reports on AM, its active components, and AM-based preparations in DMCs. The retrieved data followed PRISMA criteria.
RESULTS: AM has protective effects on the kidneys, retinal blood vessels, and peripheral nerve myelin sheaths. Its mechanisms of action mainly include anti-oxidation, anti-inflammatory effects, and the inhibition of ferroptosis. Especially, AS-IV, flavonoids, APS, FMN and calycosin, these active components of AM have therapeutic potentials for preventing and treating DMCs. The existing clinical data initially indicate that AM can reduce proteinuria, improve metabolic disorders and regulate blood glucose, thereby playing a role in the prevention and treatment of DMCs.
CONCLUSION: AM is a promising candidate of TCM for DMCs. Most researches focus on the protective effect of AM on DKD, with the lack of the studies of AM against DPN and DR. Moreover, clinical research of AM in DMCs remains markedly inadequate compared to its basic research. Therefore, future research efforts should prioritize conducting high-quality basic and clinical trials to verify the therapeutic effects of AM against DMCs.",https://pubmed.ncbi.nlm.nih.gov/42492265/,,,multiple_sclerosis,(Multiple Sclerosis[MeSH] OR multiple sclerosis[tiab] OR demyelination[tiab] OR myelin[tiab]) AND (treatment[tiab] OR intervention[tiab] OR therapy[tiab]),2026-08-05T17:36:12+00:00,,,,,
PMID_42490845,PubMed,42490845,PMC11658189,10.1111/jnc.16228,Comprehensive Analysis of Ozanimod-Related Adverse Events Based on the FAERS Database.,"Zhou, Zi Ru; Zhou, Qun Yan; Shen, Yue; Zhao, Xiao Yi; Zhan, Qiang; Sun, Jing; Chen, Zhong Xia",World journal of oncology,2026,"BACKGROUND: Ozanimod, a selective sphingosine-1-phosphate receptor modulator, has been approved for the treatment of moderately to severely active ulcerative colitis (UC) and relapsing forms of multiple sclerosis (MS). However, its postmarketing adverse event (AE) reporting profile requires further characterization.
METHODS: AE reports involving ozanimod from Q2 2020 to Q1 2025 were retrieved from the FDA Adverse Event Reporting System (FAERS) database. Frequency-based and Bayesian disproportionality methods were applied, including the reporting odds ratio (ROR), proportional reporting ratio (PRR), Bayesian confidence propagation neural network (BCPNN), and empirical Bayesian geometric mean (EBGM), to identify pharmacovigilance reporting signals.
RESULTS: A total of 15,910 AE reports involving ozanimod were retrieved, of which 7,305 reports listed ozanimod as the primary suspected drug. Most reports involved patients aged 18-64 years (67.5%), and more reports were submitted for female patients than for male patients. Frequently reported events included fatigue, headache, dizziness, and back pain. Labeled or clinically recognized safety events, such as decreased lymphocyte count, decreased heart rate, hypertension, macular edema, and liver test abnormalities, were also detected as reporting signals. Disease-related Preferred Terms, including MS relapse, MS, UC, and proctitis ulcerative, showed strong disproportionality signals but may reflect underlying disease activity, treatment failure, indication, or reporting context rather than toxic adverse drug reactions. In addition, several hypothesis-generating FAERS signals not explicitly listed in current product labeling were observed, including depression, feeling of despair, decreased interest, penile swelling, and papillary thyroid cancer. These findings require cautious interpretation because FAERS cannot establish incidence, absolute risk, or causality.
CONCLUSIONS: This study provides a postmarketing pharmacovigilance signal profile of AE reports involving ozanimod. The findings support continued monitoring of labeled safety concerns, careful interpretation of disease-activity-related reports, and further validation of selected unlabeled signals in prospective studies or better-controlled real-world datasets.",https://pubmed.ncbi.nlm.nih.gov/42490845/,,,multiple_sclerosis,(Multiple Sclerosis[MeSH] OR multiple sclerosis[tiab] OR demyelination[tiab] OR myelin[tiab]) AND (treatment[tiab] OR intervention[tiab] OR therapy[tiab]),2026-08-05T17:36:12+00:00,,,,,
PMID_42490778,PubMed,42490778,PMC11625945,10.1001/jamaneurol.2016.0826,A Delicate Balance: Immunotherapy for Endometrial Cancer in a Patient With Multiple Sclerosis.,"Ruggiero, Antonio; Redemagni, Chiara; Camnasio, Cristina Angela; Morteo, Vittoria; Carcagni, Federica; Zatti, Simone; Strada, Ilaria; Roccio, Marianna; Rigoni, Eleonora; Cassani, Chiara; Colombo, Elena",Journal of medical cases,2026,"Multiple sclerosis (MS) is a chronic immune-mediated disease that may complicate oncological management, particularly when immune checkpoint inhibitors (ICIs) are indicated. Evidence regarding the safety of ICIs in patients with pre-existing MS remains limited, especially in older patients and in the first-line treatment of endometrial cancer (EC). We present the case of a 71-year-old woman with relapsing-remitting MS (radiologically stable for > 12 months) and stage IIIC1 mismatch repair-deficient/microsatellite instability-high EC who was treated with first-line carboplatin-paclitaxel combined with programmed cell death protein 1 (PD-1) inhibitor dostarlimab. Ozanimod, which had been used to manage her MS, was temporarily discontinued prior to chemotherapy. No clinical relapses or new magnetic resonance imaging (MRI) activity were observed during combination therapy or throughout a 12-month interim follow-up. Dostarlimab maintenance therapy is ongoing. This case suggests that ICIs may be cautiously integrated into the treatment of selected patients with MS and advanced EC when baseline neurological stability, patient age, and prior disease-modifying therapy are carefully considered. Close interdisciplinary collaboration and structured neurological monitoring are essential. Longer follow-up is required to confirm long-term neurological safety.",https://pubmed.ncbi.nlm.nih.gov/42490778/,,,multiple_sclerosis,(Multiple Sclerosis[MeSH] OR multiple sclerosis[tiab] OR demyelination[tiab] OR myelin[tiab]) AND (treatment[tiab] OR intervention[tiab] OR therapy[tiab]),2026-08-05T17:36:12+00:00,,,,,
PMID_42489634,PubMed,42489634,,10.1186/s43058-021-00181-2,Remote Monitoring Enhanced Outpatient Physical Therapy: A Mixed-Methods Implementation Study.,"Hohl, Kristen; Hendricksen, Monica; Handlery, Reed; Redd, Hannah; Smaller, Kevin; Jackson, Steven; Rafferty, Miriam R",Journal of neurologic physical therapy : JNPT,2026,"BACKGROUND AND PURPOSE: Remote therapeutic monitoring uses technology to track physical activity and exercise. This study evaluates the implementation outcomes and effects of remote therapeutic monitoring on steps and exercise over 6 months.
METHODS: Mixed-methods were used in this hybrid type 2 effectiveness implementation report in outpatients with Parkinson's disease, multiple sclerosis, stroke, concussion, post-COVID-fatigue, or musculoskeletal pain. Participants wore activity trackers synced to a mobile application. Clinicians evaluated activity, tailored goals, and performed clinical measures as part of their physical therapy. Effects were measured using daily steps and weekly aerobic exercise minutes. Implementation outcomes synthesized data from medical records, surveys, exit interviews, and meeting notes.
RESULTS: Forty-two patient participants (mean age 56 ± 16 years; 55% female) enrolled in this study; 81% (n = 34) completed 6 months of monitoring. Fidelity to participant tracker use and clinician goal setting were high. Daily steps increased from 4892 ± 3694 to 5958 ± 4385, and weekly exercise from 44 ± 66 to 83 ± 85 minutes. Mixed effects models showed significant but decelerating improvements (steps: β = 87.5, P = 0.002; β2 = -2.4, P = 0.01; exercise: β = 3.6, P = 0.002; β2 = -0.1, P = 0.006). Participant interviews showed motivation and accountability drove engagement, while health and technology issues were barriers.
DISCUSSION AND CONCLUSIONS: This first study of remote therapeutic monitoring of steps and exercise in physical therapy suggests therapist-supported monitoring is implementable and may enhance long-term physical activity and exercise participation.",https://pubmed.ncbi.nlm.nih.gov/42489634/,,,multiple_sclerosis,(Multiple Sclerosis[MeSH] OR multiple sclerosis[tiab] OR demyelination[tiab] OR myelin[tiab]) AND (treatment[tiab] OR intervention[tiab] OR therapy[tiab]),2026-08-05T17:36:12+00:00,,,,,
PMID_42488849,PubMed,42488849,PMC10205981,10.3389/fvets.2023.1167002,Modulation of TH17 cell activity by REV-ERB agonists: path toward novel treatments for canine meningoencephalitis of unknown origin.,"Bailey, Ashton; Gibson, Ryan; Griffett, Kristine",npj veterinary sciences,2026,"Meningoencephalitis of unknown origin (MUO) encompasses a heterogeneous group of non-infectious, presumed autoimmune, central nervous system diseases in dogs and remains a major therapeutic challenge in veterinary neurology. Mounting evidence from both experimental and clinical studies has highlighted the pivotal role of T helper 17 (Th17) cells and their proinflammatory cytokines, especially interleukin-17A (IL-17A), in mediating neuroinflammation similar to that seen in experimental autoimmune encephalomyelitis (EAE) and multiple sclerosis (MS) models. REV-ERBs are nuclear receptors that act as transcriptional repressors and regulate immune responses, circadian rhythm, and metabolism. Synthetic REV-ERB agonists, such as SR9009, SR9011, and SR12418, have demonstrated selective suppression of Th17 differentiation and function, reduction of disease severity, and improved safety profiles in preclinical autoimmune models. In addition to Th17 differentiation, REV-ERB's role in other components of the immunomodulating system is ever-growing. Preclinical and translational data support the further exploration of REV-ERB agonists as a potential addition to the targeted immunomodulatory therapies for canine MUO. By continuing to investigate REV-ERB compounds as a component of MUO therapy, researchers can assess their potential for improved efficacy and reduce the side effects associated with traditional immunosuppressive regimens. This review integrates mechanistic insights from immunology, circadian biology, and experimental models, and outlines future directions for clinical translation, highlighting the relevance of REV-ERB agonists in advancing veterinary neuroimmunology and in informing comparative approaches to human neuroautoimmune disease.",https://pubmed.ncbi.nlm.nih.gov/42488849/,,,multiple_sclerosis,(Multiple Sclerosis[MeSH] OR multiple sclerosis[tiab] OR demyelination[tiab] OR myelin[tiab]) AND (treatment[tiab] OR intervention[tiab] OR therapy[tiab]),2026-08-05T17:36:12+00:00,,,,,
PMID_42488680,PubMed,42488680,PMC8256170,10.1080/08820139.2025.2552841,The emerging role of B cells in immune-mediated demyelinating diseases: mechanisms and therapeutic implications.,"Liu, Yawei; Hasseldam, Henrik",Frontiers in immunology,2026,"Immune-mediated demyelinating diseases of the central nervous system, including multiple sclerosis (MS), neuromyelitis optica spectrum disorder (NMOSD), and myelin oligodendrocyte glycoprotein antibody-associated disease (MOGAD), are unified by inflammatory injury to myelin and axons but differ fundamentally in their immunopathological mechanisms. Adaptive immune cells, particularly B cells and T cells, are central drivers of disease, contributing through both antibody-dependent and antibody-independent mechanisms. In MS, B cells exacerbate pathology via antigen presentation, cytokine secretion, and organization of ectopic lymphoid structures, consistent with the efficacy of anti-CD20 therapies despite largely preserved circulating immunoglobulin levels. In NMOSD, B cells and plasma cell progeny play a direct pathogenic role through aquaporin-4-specific (AQP-4) antibodies, establishing a model of antibody-mediated astrocytopathy. MOGAD occupies an intermediate immunopathological niche, with pathogenic antibodies targeting myelin oligodendrocyte glycoprotein (MOG) coexisting with additional, incompletely defined immune mechanisms. Recent advances from single-cell profiling, high-resolution imaging, and experimental models suggest substantial heterogeneity in B-cell developmental states, tolerance checkpoints, and tissue residency, challenging uniform approaches to B-cell-directed therapy. This review synthesizes current understanding of B-cell biology across demyelinating diseases, highlighting mechanisms of pathogenicity, immune regulation, and tolerance failure, and discusses implications for precision immunomodulatory strategies.",https://pubmed.ncbi.nlm.nih.gov/42488680/,,,multiple_sclerosis,(Multiple Sclerosis[MeSH] OR multiple sclerosis[tiab] OR demyelination[tiab] OR myelin[tiab]) AND (treatment[tiab] OR intervention[tiab] OR therapy[tiab]),2026-08-05T17:36:12+00:00,,,,,
PMID_42486658,PubMed,42486658,,10.1136/bcr-2025-271164,Ocrelizumab-induced colitis acutely managed with ciclosporin.,"Dimovski, Stephanie; Terlato, Maddison; Segal, Jonathan P",BMJ case reports,2026,"Ocrelizumab is an anti-CD20 monoclonal antibody widely used in the treatment of multiple sclerosis (MS). Although rare, ocrelizumab-induced colitis is a recognised and potentially severe condition that may require life-saving surgical intervention if left untreated. Accurate diagnosis requires the exclusion of infective colitis or classical inflammatory bowel disease (IBD). Prolonged depletion of the CD20-positive B cell population by ocrelizumab may prolong the symptomatic trajectory and complicate the diagnosis. The lack of comprehensive data on ocrelizumab-induced colitis makes acute medical management of affected patients particularly challenging. This report details the case of a woman with steroid-refractory ocrelizumab-induced colitis, managed effectively with ciclosporin therapy in the salvage setting. Monitoring therapeutic drug levels, monitoring for neurotoxicity and early multidisciplinary team involvement facilitated safe titration of ciclosporin.",https://pubmed.ncbi.nlm.nih.gov/42486658/,,,multiple_sclerosis,(Multiple Sclerosis[MeSH] OR multiple sclerosis[tiab] OR demyelination[tiab] OR myelin[tiab]) AND (treatment[tiab] OR intervention[tiab] OR therapy[tiab]),2026-08-05T17:36:12+00:00,,,,,
PMID_42486519,PubMed,42486519,PMC2117755,10.1136/jnnp.2006.105759,Potential benefits of music-based therapies on rehabilitation outcomes in people with multiple sclerosis: a systematic review.,"Ahadi, Nicky; Kim, Jeeyeon; Whibley, Daniel; Barnish, Maxwell S",BMJ open,2026,"OBJECTIVES: To assess the evidence for a benefit of music-based therapies (MBTs) on rehabilitation outcomes in adults with multiple sclerosis (MS).
SETTING: Scholarly literature (published in English) from any country. This systematic review received no specific funding and was registered on PROSPERO as CRD420251083656.
DATA SOURCES: Six bibliographic databases: AMED (Ebsco), APA PsycINFO (Ovid), CINAHL (Ebsco), Cochrane CENTRAL, EMBASE (Ovid) and MEDLINE (Ovid), plus supplementary searches and citation chasing (search date July 2025).
PRIMARY AND SECONDARY OUTCOME MEASURES: Eligible studies used a clinical trial or controlled quantitative observational study design to assess the benefit of MBTs on rehabilitation outcomes in adults with MS. Risk of bias was assessed using Critical Appraisal Skills Programme checklists. Data were synthesised using narrative synthesis.
RESULTS: 23 studies were included (955 participants, of whom 880 people had MS and 691 received MBTs). The most frequently assessed outcome was motor function (16 studies), followed by quality of life (12 studies). Evidence suggests potential benefits for MBTs, particularly rhythmic auditory stimulation and music-cued motor imagery, on gait and mobility outcomes, including walking speed, walking distance, cadence, stride length and gait symmetry. Findings for other outcomes were less clear.
CONCLUSIONS: MBTs may benefit people with MS, with the most consistent evidence observed for gait and mobility outcomes. However, heterogeneity in intervention type, study design and outcome measurement limits the strength of conclusions. Higher-quality, adequately powered trials with standardised outcomes and direct comparisons between MBTs are needed to clarify effectiveness and inform clinical implementation.
PROSPERO REGISTRATION NUMBER: CRD420251083656.",https://pubmed.ncbi.nlm.nih.gov/42486519/,,,multiple_sclerosis,(Multiple Sclerosis[MeSH] OR multiple sclerosis[tiab] OR demyelination[tiab] OR myelin[tiab]) AND (treatment[tiab] OR intervention[tiab] OR therapy[tiab]),2026-08-05T17:36:12+00:00,,,,,
PMID_42485674,PubMed,42485674,PMC5385606,10.1016/j.neurot.2026.e00975,Disease-modifying effects on chronic axon damage and white matter degeneration with 4-aminopyridine after acute traumatic brain injury.,"Radomski, Kryslaine L; Zi, Xiaomei; Sullivan, Genevieve M; Armstrong, Regina C",Neurotherapeutics : the journal of the American Society for Experimental NeuroTherapeutics,2026,"Axonal injury is a hallmark pathology of acute traumatic brain injury (TBI) that drives degeneration of white matter in chronic TBI and in neurodegenerative diseases. No available therapies effectively treat damaged axons. We focused on early, potentially reversible, axonal pathologies of abnormal nodes of Ranvier and demyelination as intervention targets. 4-Aminopyridine (4-AP), which blocks potassium Kv channels, is an FDA-approved drug prescribed for multiple sclerosis to enhance axon signal conduction through nodes with Kv channels exposed by demyelination. We hypothesized that early 4-AP treatment after acute TBI could mitigate secondary axon damage and white matter degeneration. Adult male and female mice received a non-penetrating TBI or sham procedure. A low clinically relevant dose of 4-AP (0.5 mg/kg, b.i.d.) or saline vehicle was initiated at 24 h, administered over 4 weeks, then discontinued for 6-weeks prior to analysis at 10 weeks post-injury. TBI caused atrophy of corpus callosum (CC) white matter and increased serum neurofilament light (NfL) protein, a translational biomarker of axonal injury. 4-AP treatment after injury significantly attenuated CC atrophy and lowered serum NfL levels. 4-AP also significantly lessened CC myelin and oligodendrocyte loss while dampening neuroinflammation, i.e. astrogliosis and microgliosis. In a parallel electron microscopy study, 4-AP reduced intra-axonal structural damage and mitochondrial swelling, normalized axon diameters, and increased myelin thickness. These findings reveal 4-AP disease-modifying effects on the progression of evolving TBI pathology that endure long after discontinuing treatment. More broadly, these results demonstrate proof-of-concept support for developing interventions to treat axon damage and white matter degeneration.",https://pubmed.ncbi.nlm.nih.gov/42485674/,,,multiple_sclerosis,(Multiple Sclerosis[MeSH] OR multiple sclerosis[tiab] OR demyelination[tiab] OR myelin[tiab]) AND (treatment[tiab] OR intervention[tiab] OR therapy[tiab]),2026-08-05T17:36:12+00:00,,,,,
PMID_42485605,PubMed,42485605,,10.1212/wnl.0000000000218300,Effectiveness and Safety of Plasmapheresis in MOGAD Attacks: A Systematic Review and Meta-Analysis.,"Vilardo, Marina; Mahler, Joao Vitor; Leles Vieira de Souza, Bruna; Salema Pascual, Giovanna; Cardoso, Leonardo Januário Campos; Veloso, Vanessa Dias; Bilodeau, Philippe A; Sotirchos, Elias S; Chen, John J; Levy, Michael; Matiello, Marcelo",Neurology,2026,"BACKGROUND AND OBJECTIVES: Myelin oligodendrocyte glycoprotein antibody-associated disease (MOGAD) is an inflammatory demyelinating disorder characterized by attacks of optic neuritis, myelitis, and brain inflammation. High-dose intravenous methylprednisolone (IVMP) is the most commonly used first-line therapy for acute attacks. However, recovery after IVMP varies, and a substantial proportion of patients require treatment escalation. Thus, we aim to evaluate the effectiveness and safety of plasmapheresis in individuals with acute MOGAD attacks.
METHODS: PubMed, Embase, Web of Science, and the Cochrane Library from inception through October 20, 2025. Eligible studies included ≥5 patients treated with plasmapheresis, IVMP, or intravenous immunoglobulin for acute MOGAD attacks. Outcomes were visual acuity measured by Snellen charts and/or the log of the minimum angle of resolution (logMAR), complete/almost complete (excellent) recovery and clinically significant (good) recovery, and plasmapheresis-related adverse events. Two reviewers independently screened studies and extracted data following the Preferred Reporting Items for Systematic Review and Meta-Analyses reporting guideline. Random-effects meta-analyses were performed, with subgroup analyses to examine whether outcomes varied by treatment approach and clinical presentation. Heterogeneity was investigated by Q test, I2 values, leave-one-out, and Baujat analyses. Publication bias was assessed using funnel plots. This study was registered in PROSPERO (CRD420251169201).
RESULTS: A total of 10 publications (1,045 patients, 1,368 attacks, mean age 35 ± 17 years, 56.5% female) were included in the systematic review, and data from 8 studies (710 patients, 1,033 attacks, mean age 36 ± 17 years, 59.1% female) were analyzed. In patients with optic neuritis, plasmapheresis was associated with significant improvement in visual acuity assessed by logMAR (mean difference 1.43; 95% CI 0.63-2.24) and an excellent recovery rate (81%; 95% CI 33%-100%). Subgroup analysis of steroid-refractory attacks showed a smaller, yet still clinically meaningful improvement in logMAR. In presentations including myelitis and/or cerebral involvement, the rate of good recovery after plasmapheresis was also high (94%; 95% CI 88%-100%). Plasmapheresis-related adverse effects were rare (3%; 95% CI 1%-14%). Heterogeneity was high, reflecting variability in study design, treatment timing, and attack severity.
DISCUSSION: Plasmapheresis may be associated with good outcomes for MOGAD attacks, particularly in isolated optic neuritis. Future randomized trials are essential to validate these findings with enhanced patient selection and less heterogeneity.",https://pubmed.ncbi.nlm.nih.gov/42485605/,,,multiple_sclerosis,(Multiple Sclerosis[MeSH] OR multiple sclerosis[tiab] OR demyelination[tiab] OR myelin[tiab]) AND (treatment[tiab] OR intervention[tiab] OR therapy[tiab]),2026-08-05T17:36:12+00:00,,,,,
PMID_42485588,PubMed,42485588,,10.1212/wnl.0000000000218240,Child Neurology: A Case of Concurrent Neurofibromatosis Type 1 and Multiple Sclerosis by 2024 Criteria.,"Balshi, Alexandra; Alves, Cesar; Ullrich, Nicole J; Benson, Leslie A",Neurology,2026,"We present a female pediatric patient with known neurofibromatosis type 1 (NF1) whose surveillance imaging began showing multifocal periventricular and juxtacortical lesions with transient enhancement, initially attributed to NF1-related focal areas of signal intensity. Over time, the radiographic pattern raised concern for demyelinating disease. CSF studies revealed 10 unique oligoclonal bands. Despite the absence of neurologic symptoms, treatment with dimethyl fumarate was initiated and later transitioned to rituximab in the setting of ongoing active radiographic disease. Although the patient never developed clinical manifestations of demyelinating disease, updated diagnostic criteria now permit a diagnosis of multiple sclerosis. Central vein sign on MRI aided in differentiating radiographic features. This case illustrates how NF1 and demyelinating processes can have evolving and overlapping clinical and MRI features.",https://pubmed.ncbi.nlm.nih.gov/42485588/,,,multiple_sclerosis,(Multiple Sclerosis[MeSH] OR multiple sclerosis[tiab] OR demyelination[tiab] OR myelin[tiab]) AND (treatment[tiab] OR intervention[tiab] OR therapy[tiab]),2026-08-05T17:36:12+00:00,,,,,
PMID_42485437,PubMed,42485437,,10.1126/scitranslmed.aee1580,Anti-CD20 B cell depletion is associated with elevated mucosal-originating circulating regulatory IgA B cells in multiple sclerosis.,"Neziraj, Tradite; Pössnecker, Elisabeth; Wang, Angela A; Saary, Paul; Schumacher, Adrian-Minh; Ingelfinger, Florian; Mathias, Amandine; Galli, Edoardo; Häfelfinger, Marco; Zuo, Michelle; Jones, Samuel; Pantazou, Vasiliki; Killestein, Joep; Schädelin, Sabine; Benkert, Pascal; Granziera, Cristina; Pot, Caroline; Bischof, Antje; Niess, Jan Hendrik; Filipowicz Sinnreich, Magdalena; Derfuss, Tobias; Teunissen, Charlotte E; Kuhle, Jens; Hafler, David A; Du Pasquier, Renaud; Yasumizu, Yoshiaki; Gommerman, Jennifer L; Pröbstel, Anne-Katrin",Science translational medicine,2026,"Therapy with anti-CD20 monoclonal antibodies is highly efficacious in various autoimmune diseases including multiple sclerosis (MS), a prototypic autoimmune inflammatory disease of the central nervous system (CNS). However, which B cell subsets and altered B cell-regulating factors mediate the clinical efficacy of anti-CD20 treatment is unclear. To address this gap in knowledge, we performed longitudinal high-dimensional single-cell transcriptomic and proteomic profiling of blood, cerebrospinal fluid (CSF), and intestinal samples from people with MS (pwMS), combined with immune profiling in a preclinical autoimmune encephalomyelitis model during anti-CD20 therapy. CSF analyses were performed using previously published datasets. Multisite intestinal profiling was conducted in one anti-CD20-treated patient with MS and one control participant. By applying algorithm-guided analyses of flow cytometry, single-cell transcriptomic, and immune receptor repertoire data, we found that anti-CD20 B cell depletion was associated with increased frequencies of regulatory mucosal-derived IgA-producing B cells in the periphery and CSF, together with increased B cell receptor clonal overlap between mucosal and systemic compartments, indicating enhanced trafficking of IgA B cells from gut mucosal tissues to the systemic circulation and the CNS. Moreover, we demonstrated that higher levels of B cell-activating factor and a proliferation-inducing ligand were related to favorable outcomes in pwMS during anti-CD20 treatment. Together, our findings suggest that mucosal immune regulatory mechanisms may be harnessed by anti-CD20 B cell depletion, opening previously unknown therapeutic avenues for MS.",https://pubmed.ncbi.nlm.nih.gov/42485437/,,,multiple_sclerosis,(Multiple Sclerosis[MeSH] OR multiple sclerosis[tiab] OR demyelination[tiab] OR myelin[tiab]) AND (treatment[tiab] OR intervention[tiab] OR therapy[tiab]),2026-08-05T17:36:12+00:00,,,,,
PMID_42482598,PubMed,42482598,,10.4081/dr.2026.10912,Unilateral facial flushing and anhidrosis: a case of idiopathic Harlequin syndrome with successful botulinum toxin treatment.,"Sorrentino, Pasquale; Licata, Gaetano; Nicoletti, Maria Maddalena; Malaspina, Margherita; Argenziano, Giuseppe; Di Brizzi, Eugenia Veronica; Giorgio, Caterina Mariarosaria",Dermatology reports,2026,"Dear Editor, Harlequin syndrome is a rare autonomic disorder characterized by unilateral facial flushing and sweating caused by dysfunction of sympathetic innervation. Although generally considered a benign condition, it may occasionally represent the first manifestation of underlying neurological or structural abnormalities, including brainstem lesions, multiple sclerosis, or thoracic spinal cord disorders. Due to its striking clinical appearance, Harlequin syndrome may be misinterpreted as an allergic reaction, chronic urticaria, or other dermatological conditions, potentially delaying diagnosis. We report a case of idiopathic Harlequin syndrome in a middle-aged woman, highlighting the importance of recognizing this uncommon autonomic disorder in dermatological practice. [...].",https://pubmed.ncbi.nlm.nih.gov/42482598/,,,multiple_sclerosis,(Multiple Sclerosis[MeSH] OR multiple sclerosis[tiab] OR demyelination[tiab] OR myelin[tiab]) AND (treatment[tiab] OR intervention[tiab] OR therapy[tiab]),2026-08-05T17:36:12+00:00,,,,,
PMID_42482421,PubMed,42482421,,10.1002/lary.70762,Does Creatine Improve Corticosteroid-Mediated Facial Nerve Healing in a Rat Model?,"Apaydin, Emre; Doluoglu, Sumeyra; Dagli, Elif; Bayrak, Sevinc; Kankilic, Ekrem Said; Gazeloglu, Z Aybuke; Nakkas, Hilal; Konak, Ozge; Acar, Aydin; Ocak, Emre; Can, Belgin",The Laryngoscope,2026,"OBJECTIVE: To evaluate the effects of creatine monohydrate and methylprednisolone, administered individually or in combination, on functional and structural recovery following experimental facial nerve crush injury in rats.
METHODS: Forty Wistar albino rats were randomly allocated into five groups: control (Group 0), trauma only (Group 1), trauma plus creatine monohydrate (Group 2), trauma plus methylprednisolone (Group 3), and trauma plus combined therapy (Group 4). A standardized crush injury was induced in the marginal mandibular branch of the facial nerve. Electrophysiological assessments were performed pre-injury, immediately after injury, and on postoperative Day 28. Histopathological evaluation was conducted using light and transmission electron microscopy.
RESULTS: Baseline and immediate post-injury electrophysiological measurements were comparable among trauma groups. On postoperative Day 28, significant improvement in latency values and compound muscle action potentials (CMAPs) was observed in Groups 3 and 4 compared with post-injury measurements (p = 0.0001). Histopathological analysis demonstrated reduced myelin degeneration in Group 4 compared with Groups 1 and 2 (p = 0.006 and p = 0.005). Endothelial morphology in Group 4 was comparable to Group 0, whereas increased endothelial cell height was observed in other trauma groups. Overall histomorphological recovery in Group 4 most closely resembled Group 0.
CONCLUSION: Combined administration of creatine monohydrate and methylprednisolone resulted in superior histopathological recovery compared with monotherapy. While corticosteroids improved electrophysiological outcomes, the addition of creatine enhanced structural preservation, supporting its role as an adjunct therapy.
LEVEL OF EVIDENCE: N/A.",https://pubmed.ncbi.nlm.nih.gov/42482421/,,,multiple_sclerosis,(Multiple Sclerosis[MeSH] OR multiple sclerosis[tiab] OR demyelination[tiab] OR myelin[tiab]) AND (treatment[tiab] OR intervention[tiab] OR therapy[tiab]),2026-08-05T17:36:12+00:00,,,,,
PMID_42482223,PubMed,42482223,PMC6863391,10.1101/2025.11.11.687640,Targeting progressive multiple sclerosis: Toward mechanism-informed precision medicine.,"Piehl, Fredrik; Castelo-Branco, Gonçalo; Jagodic, Maja; Olsson, Tomas",Journal of internal medicine,2026,"Multiple sclerosis has undergone a therapeutic revolution over the past three decades. Randomized clinical trials and real-world data demonstrate that modern disease-modifying therapies substantially reduce relapse rates and acute inflammatory activity detected by magnetic resonance imaging (MRI). However, disability accumulation increasingly occurs independent of relapse activity, highlighting progression biology as the principal unmet need. Converging epidemiological and molecular evidence supports a pivotal role for Epstein-Barr virus (EBV) infection in disease initiation, whereas later stages appear dominated by brain-intrinsic mechanisms, including compartmentalized inflammation, microglial activation, failure of remyelination and accelerated biological ageing. Population-based cohorts demonstrate that early high-efficacy therapy improves long-term outcomes, yet the risk of progression rises markedly after midlife despite effective relapse suppression. Emerging biomarkers, such as serum neurofilament light chain, glial fibrillary acidic protein, paramagnetic rim lesions and advanced quantitative MRI metrics, now enable more granular monitoring of progressive pathology. Integration of imaging, fluid biomarkers, genetics and machine learning offers opportunities for individualized benefit-risk stratification. Brain-penetrant Bruton's tyrosine kinase inhibitors, CD40 ligand-targeting biologics, refined B-cell-depleting strategies and emerging chimeric antigen receptor T-cell therapies represent promising approaches to target different aspects of compartmentalized inflammation and smoldering disease biology. Future management will require mechanism-informed treatment algorithms that align therapeutic choice with dominant disease drivers while incorporating comorbidity management, de-escalation strategies and potential EBV-targeted preventive approaches to optimize outcomes across the entire disease course.",https://pubmed.ncbi.nlm.nih.gov/42482223/,,,multiple_sclerosis,(Multiple Sclerosis[MeSH] OR multiple sclerosis[tiab] OR demyelination[tiab] OR myelin[tiab]) AND (treatment[tiab] OR intervention[tiab] OR therapy[tiab]),2026-08-05T17:36:12+00:00,,,,,
PMID_42482124,PubMed,42482124,,10.1093/neuonc/noag163,Carboplatin induces optic nerve oligodendrocyte loss and impairs myelin sheath microstructure in a mouse model of neurofibromatosis type 1 (NF1).,"Aghoghovwia, Benjamin E; Ban, Kechen; Stavropoulos, Dimitrios; Chen, Chi-Yu; Wei, Bo; Hamblett, Ava S; Sharafaldin, Samer; El-Toukhy, Hana; Harris, Momo; Hok, Chhay; Chandramouli, Varsha K; Cerda, Carlos Manuel Martínez; Bertrand, Renae E; Alnassiry, Sama; Lorenzi, Philip L; Gutmann, David H; Chang, Kun-Che; Mahalingam, Rajasekaran; Pan, Yuan",Neuro-oncology,2026,"BACKGROUND: Vision impairment is a significant concern for children with Neurofibromatosis type 1 (NF1)-associated optic pathway glioma (OPG). While carboplatin-containing chemotherapy is often first-line therapy for NF1-OPG, it does not consistently improve visual function. Furthermore, chemotherapy is associated with altered white matter microstructure in individuals with NF1-OPG, suggesting a detrimental effect on oligodendroglia. We analyzed the tumor-independent effects of carboplatin on oligodendrocytes in Nf1-mutant mice and evaluated pharmacological strategies for reducing this chemotherapy-associated toxicity.
METHODS: Carboplatin- or vehicle-treated Nf1+/- mice or Nf1-mutant optic glioma cells were employed to assess the effects of restorative interventions on optic nerve oligodendrocytes in vivo and tumor cell growth in vitro, respectively.
RESULTS: Clinically relevant carboplatin dosing induced oligodendrocyte loss and impaired myelin sheath structure in the optic nerves of Nf1+/- mice, an effect not observed following vinca alkaloids or MEK inhibitor (selumetinib) treatment. Carboplatin downregulates genes essential for cholesterol biosynthesis and decreases cholesterol levels in carboplatin-exposed Nf1+/- optic nerves, such that dietary cholesterol supplementation after carboplatin exposure restored oligodendrocyte numbers. Carboplatin also increases the density of monocytes (microglia/macrophages) in the Nf1+/- optic nerves. Using PLX5622 (a CSF1R inhibitor) to reduce monocytes numbers or using clemastine to promote the generation and survival of oligodendrocytes, alleviated the oligodendrocyte loss caused by carboplatin treatment. Notably, PLX5622 and clemastine reduced the viability of Nf1-mutant optic glioma tumor cells.
CONCLUSIONS: Our findings demonstrate that carboplatin induces oligodendroglial toxicity in Nf1-mutant optic nerves, which can be mitigated by clemastine, PLX5622, or dietary cholesterol following carboplatin exposure.",https://pubmed.ncbi.nlm.nih.gov/42482124/,,,multiple_sclerosis,(Multiple Sclerosis[MeSH] OR multiple sclerosis[tiab] OR demyelination[tiab] OR myelin[tiab]) AND (treatment[tiab] OR intervention[tiab] OR therapy[tiab]),2026-08-05T17:36:12+00:00,,,,,
PMID_42481129,PubMed,42481129,,10.1016/j.jphs.2026.06.005,Human blood-brain barrier spheroid models for the evaluation of drugs targeting brain vascular inflammation.,"Ebisawa, Ayuka; Morio, Hanae; Minasato, Asuka; Watanabe, Hiromu; Kunitomo, Furano; Rutkowska, Aleksandra; Furihata, Tomomi",Journal of pharmacological sciences,2026,"The blood-brain barrier (BBB), primarily formed by brain microvascular endothelial cells (BMECs), restricts substance entry into the brain. BBB inflammation, involving barrier dysfunction and immune cell recruitment, contributes to neurological diseases and represents a therapeutic target. In this study, we characterized human immortalized cell-based multicellular spheroidal BBB (hiMCS-BBB) models as a tool for evaluating effects of BBB inflammation-targeted drugs. First, we examined the responses of the hiMCS-BBB models to the pro-inflammatory cytokine (TNF-α and IFN-γ) exposure. The cytokine treatment reduced claudin-5 protein expression levels at the BBB, accompanied by a 1.4 ± 0.1-fold increase in lucifer yellow permeability. Consistently, E-selectin protein expression was upregulated, accompanied by a 22.1-fold increase in THP-1 cell adhesion to the BBB. Then, we tested whether natalizumab (a monoclonal antibody used for multiple sclerosis treatment) and JPH203 (an inhibitor of L-type amino acid transporter 1) could modulate the immune cell adhesion. Both agents remarkably suppressed the cytokine-induced THP-1 cell adhesion to 0.2-fold relative to the respective controls. To summarize, our results demonstrate that the hiMCS-BBB models exhibit key features of BBB inflammation in response to inflammation stimuli and recapitulate clinically relevant responses to anti-inflammatory drugs, highlighting their potential to accelerate BBB-targeting drug development.",https://pubmed.ncbi.nlm.nih.gov/42481129/,,,multiple_sclerosis,(Multiple Sclerosis[MeSH] OR multiple sclerosis[tiab] OR demyelination[tiab] OR myelin[tiab]) AND (treatment[tiab] OR intervention[tiab] OR therapy[tiab]),2026-08-05T17:36:12+00:00,,,,,
PMID_42480527,PubMed,42480527,,10.1016/j.cell.2026.06.036,Localized PD-1 CAR T therapy reprograms neuroinflammation.,"Shalita, Rotem; Ben Yehuda, Maya; Gur, Chamutal; Frid, Yasmin; McGrath, Sarah; Suhler, Roni; Bolokan, Lihi; Eisenberg, Vasyl; Eshed, Reut Sharet; Shlomi-Loubaton, Shir; Tofield, Adin; Vardy, Karin; Zada, Mor; Kurilovich, Anna; David, Eyal; Jaitin, Diego; Mazuz, Kfir; Avellino, Roberto; Tzemach, Reut; Kuznetsov, Yuri; Fellus-Alyagor, Liat; Levy-Barda, Adva; Mundt, Sarah; Rosenzweig, Rina; Schreiner, Bettina; Peters, Anneli; Stadelmann, Christine; Zwicky, Pascale; Yarkoni, Adi Wilf; Ingelfinger, Florian; Amit, Ido",Cell,2026,"B cell-depleting therapies are effective in multiple sclerosis (MS), yet some patients relapse, underscoring the need for more precise interventions. To identify new therapeutic targets, we generated a single-cell RNA sequencing (scRNA-seq) atlas of cerebrospinal fluid (CSF), brain, and blood from non-inflammatory controls and patients with MS or other neuroinflammatory diseases. We found disease-associated enrichment of class-switched immunoglobulin G+ (IgG+) B cells and plasma cells in MS CSF. Unbiased analysis identified a rare disease-enriched subset of activated, T cell receptor (TCR)-restricted, PD-1+ T follicular helper-like cells with B cell-recruiting features. To target this population, we developed PD-1-directed chimeric antigen receptor (CAR) T cells that selectively depleted pathogenic PD-1+ CD4 T cells and locally released IL-10. This strategy attenuated central nervous system (CNS) inflammation, reprogrammed the local immune milieu, and improved clinical outcomes across murine neuroinflammation models. These findings define a CNS-localized adaptive immune circuit in MS and nominate programmable PD-1 CAR T cells as a strategy to disrupt it.",https://pubmed.ncbi.nlm.nih.gov/42480527/,,,multiple_sclerosis,(Multiple Sclerosis[MeSH] OR multiple sclerosis[tiab] OR demyelination[tiab] OR myelin[tiab]) AND (treatment[tiab] OR intervention[tiab] OR therapy[tiab]),2026-08-05T17:36:12+00:00,,,,,
PMID_42480206,PubMed,42480206,,10.1016/j.msard.2026.107380,Executive Summary of the Malaysian consensus statements for the diagnosis and management of neuromyelitis optica spectrum disorder (NMOSD).,"Viswanathan, Shanthi; Arip, Masita; Abdullah, Suhailah; Hiew, Fu Liong; Wong, Chun Hoong; Sahadevan, Mahavishnu; Krishnan, Dhayalen; Chew, Sin Hong; Hung, Stefanie Kar Yan; Chey, Shin Yee; Kok, Huey Tean; Gan, Kai Xin; Rajah, Rathika; Mohamad, Siti Mardhiana; Choong, King Yen; Abdul Wahab, Asrul; Abdullah, Siti Fatimah; Abas Buang, Zulkifli; Hor, Pei Zhi; Low, Seow Huey; Santok Singh, Kamal Preet Kaur; Lee, Richearn",Multiple sclerosis and related disorders,2026,"Neuromyelitis optica spectrum disorder (NMOSD) is a rare immune-mediated astrocytopathy associated with recurrent inflammatory attacks of the central nervous system and substantial morbidity if not diagnosed and treated promptly. This Executive Summary presents the key recommendations and summary of the supporting evidence from the Malaysian Consensus Statements for the Diagnosis and Management of NMOSD. A modified Delphi methodology involving a multidisciplinary panel from public and private healthcare institutions was employed. Consensus statements were developed through structured discussions, iterative review, and three rounds of anonymous voting with a predefined agreement threshold of 75%. Subsequent refinement included supplementary considerations for myelin oligodendrocyte glycoprotein antibody-associated disease (MOGAD) and double-seronegative NMOSD. International evidence and guideline recommendations were contextualised to reflect Malaysian clinical practice and healthcare resource considerations. The final consensus comprised 36 statements across 9 domains, with an additional 3 supplementary statements relating to MOGAD and double-seronegative NMOSD. It addressed diagnosis, treatment selection, relapse management, biologic monitoring, vaccination, and biologic use in special populations. The recommendations emphasise the continued use of established diagnostic criteria and highlight the central role of aquaporin-4 immunoglobulin G (AQP4-IgG) serostatus for diagnosis and therapeutic decisions. Approved biologic therapies are supported for AQP4-IgG-seropositive NMOSD, with guidance provided for the use of off-label immunosuppression in resource-variable settings. These Malaysian consensus statements provide a practical and locally relevant framework to support more consistent and evidence-based NMOSD care. The full consensus document and detailed evidence summaries are available online via the Malaysian Society of Neurosciences website.",https://pubmed.ncbi.nlm.nih.gov/42480206/,,,multiple_sclerosis,(Multiple Sclerosis[MeSH] OR multiple sclerosis[tiab] OR demyelination[tiab] OR myelin[tiab]) AND (treatment[tiab] OR intervention[tiab] OR therapy[tiab]),2026-08-05T17:36:12+00:00,,,,,
PMID_42479470,PubMed,42479470,,10.1177/13524585261459943,Causal effects of multiple sclerosis therapies in left-truncated registry data.,"Haile, Dagmawi Chilot; Diouf, Ibrahima; Ozakbas, Serkan; Horakova, Dana; Havrdova, Eva Kubala; Patti, Francesco; Eichau, Sara; Alroughani, Raed; Lugaresi, Alessandra; Tomassini, Valentina; Prat, Alexandre; Girard, Marc; Terzi, Murat; Yamout, Bassem; Khoury, Samia J; Grammond, Pierre; Blanco, Yolanda; Shaygannejad, Vahid; Foschi, Matteo; Surcinelli, Andrea; Neri, Stefano; Weinstock-Guttman, Bianca; Prevost, Julie; Amato, Maria Pia; Barnett, Michael; Gerlach, Oliver; John, Nevin; Kermode, Allan G; Fabis-Pedrini, Marzena; Carroll, William M; van der Walt, Anneke; Butzkueven, Helmut; van Pesch, Vincent; Soysal, Aysun; Gouider, Riadh; Mrabet, Saloua; Spitaleri, Daniele; Cartechini, Elisabetta; Maimone, Davide; Ampapa, Radek; Laureys, Guy; Ramo-Tello, Cristina; Di Gregorio, Maria; Lapointe, Emmanuelle; Slee, Mark; Karabudak, Rana; Garber, Justin; Altintas, Ayse; Hodgkinson, Suzanne; Sanchez-Menoyo, Jose Luis; Castillo-Triviño, Tamara; Habek, Mario; Al-Asmi, Abdullah; Al-Harbi, Talal; Csepany, Tunde; Cárdenas-Robledo, Simón; Taylor, Bruce; Foong, Yi Chao; Willekens, Barbara; Shalaby, Nevin; Moore, Fraser; McGuigan, Chris; Baghbanian, Seyed Mohammad; Massey, Jennifer; Hardy, Todd A; Ramanathan, Sudarshini; Gross-Paju, Katrin; Gray, Orla; Decoo, Danny; Shaw, Cameron; Simu, Mihaela; Rozsa, Csilla; Stuart, Elizabeth A; Sharmin, Sifat; Roos, Izanne; Kalincik, Tomas","Multiple sclerosis (Houndmills, Basingstoke, England)",2026,"BACKGROUND: Left-truncation is an unrecorded interval between multiple sclerosis (MS) onset and initial data in observational studies. This delay may bias estimates of disease-modifying therapy (DMT) effectiveness, especially when determined by patient or disease characteristics.
OBJECTIVES: To examine whether causal effect estimates of DMTs over the full disease course can be reliably derived from left-truncated registry data.
METHODS: We analysed data from MSBase (144 centres, 41 countries) to assess the impact of left-truncation on causal treatment effect estimates. Cox marginal structural models (MSMs) estimated hazard ratios (HRs) for relapses, disability worsening and improvement, considering left-truncation at random and not-at-random. Fixed-time truncation and multivariable adjustment were applied to remediate bias.
RESULTS: The study included 5588 patients tracked from true MS onset. The null model, without left-truncation, estimated the DMT effect on relapse risk (HR = 0.64; 95% confidence interval (CI) = 0.54-0.77). Left-truncation inflated this estimate. Shorter random truncation (1 year) produced greater bias (HR = 0.34), decreasing with longer durations (3-year HR = 0.48). Truncation not-at-random biased relapse estimates (HR = 0.37). Disability outcomes were less sensitive.
CONCLUSION: MSMs can reliably estimate DMT effectiveness in left-truncated MS registry data, although accuracy depends on truncation mechanism and duration. Both random and not-at-random truncation impact relapse estimates. Disability outcomes appear less sensitive. Fixed-time truncation and covariate adjustment mitigated bias.",https://pubmed.ncbi.nlm.nih.gov/42479470/,,,multiple_sclerosis,(Multiple Sclerosis[MeSH] OR multiple sclerosis[tiab] OR demyelination[tiab] OR myelin[tiab]) AND (treatment[tiab] OR intervention[tiab] OR therapy[tiab]),2026-08-05T17:36:12+00:00,,,,,
PMID_42479455,PubMed,42479455,,10.1177/13524585261459847,Induced pluripotent stem cell treatment for microglia replacement in progressive MS.,"Malladi, Agastya Reddy; Abbasi Kasbi, Naghmeh; Cohen, Jeffrey A; Stuve, Olaf","Multiple sclerosis (Houndmills, Basingstoke, England)",2026,"BACKGROUND: Induced pluripotent stem cells (iPSCs) offer a novel approach to target microglia, key drivers of multiple sclerosis (MS) pathology. A promising therapeutic strategy involves depleting resident microglia using colony-stimulating factor 1 receptor (CSF-1R) inhibitors, followed by differentiating iPSCs into microglia in vitro and transplanting them into the central nervous system (CNS). However, no studies have yet specifically examined iPSC-derived microglial replacement in MS.
OBJECTIVES: This review evaluates the feasibility of replacing pathogenic microglia in MS with iPSC-derived microglia.
METHODS: A systematic literature search identified studies on microglial depletion, iPSC differentiation into microglia, and transplantation, as well as reports involving other MS-relevant neural cell types.
RESULTS: Direct studies on iPSC-derived microglia transplantation in MS are currently lacking; however, several preclinical investigations using iPSC-derived neural stem cells and oligodendrocyte precursor cells in animal models demonstrate robust engraftment, targeted migration to demyelinated lesions, reduced inflammation, enhanced remyelination, and significant functional recovery in vivo. These findings, besides microglia-specific transplantation, depletion, and repopulation studies in other disease contexts, support the biological plausibility of iPSC-based CNS cell replacement and inform future microglial transplantation research.
CONCLUSION: Replacing pathogenic microglia with iPSC-derived counterparts represents an emerging therapeutic avenue for progressive MS. Rigorous preclinical studies are needed to confirm safety, optimize transplantation, and evaluate long-term efficacy.",https://pubmed.ncbi.nlm.nih.gov/42479455/,,,multiple_sclerosis,(Multiple Sclerosis[MeSH] OR multiple sclerosis[tiab] OR demyelination[tiab] OR myelin[tiab]) AND (treatment[tiab] OR intervention[tiab] OR therapy[tiab]),2026-08-05T17:36:12+00:00,,,,,
PMID_42479332,PubMed,42479332,PMC9396475,10.1016/j.tcb.2020.09.008,Temporin-GHaR6R Peptide Ameliorates Experimental Autoimmune Encephalomyelitis by Suppressing Microglial M1 Polarization and Mitochondrial Dynamics Dysfunction.,"Zhang, Da-Qi; Xu, Hui-Min; Lu, Jing; Huang, Yu-Sheng; Feng, Xiao-Li; Chen, Li-Jun; Zhao, Wen-Jie; Wang, Rong; Zhang, Yingxia; Li, Qifu",Probiotics and antimicrobial proteins,2026,"Multiple sclerosis (MS), an immune-mediated inflammatory demyelinating disorder of the central nervous system (CNS), is driven by microglia as key orchestrators of neuroinflammation. This study assessed the preventive potential of temporin-GHaR6R (GHaR6R), an antimicrobial peptide derived from Hylarana guentheri skin, using the experimental autoimmune encephalomyelitis (EAE) murine model of MS. Preventive administration of GHaR6R significantly reduced EAE incidence and alleviated clinical severity, while histopathological analyses (HE and LFB staining) revealed attenuated inflammatory cell infiltration and demyelination in the spinal cord. Mechanistically, GHaR6R suppressed M1 microglial polarization, thereby limiting excessive neuroinflammatory activation. In vitro, GHaR6R inhibited TNF-α and IL-6 secretion, reduced mitochondrial ROS production, preserved mitochondrial membrane potential in LPS-activated BV2 microglia, and promoted the shift from M1 to M2 microglial polarization. Consistent with these findings, GHaR6R downregulated mitochondrial fission protein Drp-1 while upregulating the fusion mediators MFN1 and MFN2 in both EAE-affected spinal cords and LPS-stimulated BV2 cells. Immunofluorescence analysis showed increased colocalization of Iba-1 with MFN1/2, indicating enhanced mitochondrial fusion in microglia. Taken together, these results demonstrate that GHaR6R ameliorates EAE progression by modulating microglial mitochondrial dynamics, mitigating neuroinflammation, and inhibiting M1 polarization, highlighting its potential as an early prophylactic intervention for MS.",https://pubmed.ncbi.nlm.nih.gov/42479332/,,,multiple_sclerosis,(Multiple Sclerosis[MeSH] OR multiple sclerosis[tiab] OR demyelination[tiab] OR myelin[tiab]) AND (treatment[tiab] OR intervention[tiab] OR therapy[tiab]),2026-08-05T17:36:12+00:00,,,,,
PMID_42478450,PubMed,42478450,,10.5603/pjnns.108289,Evaluation of the humoral response during ocrelizumab therapy in multiple sclerosis - an observational study.,"Rychter, Joanna; Podlecka-Piętowska, Aleksandra; Sujkowska, Kinga; Sierdziński, Janusz; Zakrzewska-Pniewska, Beata; Nojszewska, Monika",Neurologia i neurochirurgia polska,2026,"INTRODUCTION: Anti-CD20 monoclonal antibodies are widely used as high-efficacy treatment agents (HETAs) in multiple sclerosis (MS). In patients treated with ocrelizumab (OCR), reduced serum IgG levels are a common laboratory abnormality. Infections are among the most frequently observed adverse events during OCR therapy.
MATERIAL AND METHODS: We analyzed the humoral immune response during OCR therapy in 52 people with multiple sclerosis (PwMS) and assessed the safety of this treatment, including treatment-related adverse events and infection rates over a period of up to six years.
RESULTS: After three years of treatment, immunoglobulin G (IgG) and IgG1 levels decreased, particularly in the relapsing-remitting MS (RMS) group. Higher body mass index (BMI) was associated with lower Ig levels and greater CD19+ cell depletion. Infections were more frequent in patients with relapses within 3 months prior to OCR initiation. Clinical implications/future directions. Ocrelizumab treatment for up to six years showed a manageable safety profile. Given the higher infection risk in patients with greater disease activity, earlier HETA initiation may be beneficial. The association between higher BMI and CD19+ cell depletion warrants further study to support personalized OCR dosing strategies.",https://pubmed.ncbi.nlm.nih.gov/42478450/,,,multiple_sclerosis,(Multiple Sclerosis[MeSH] OR multiple sclerosis[tiab] OR demyelination[tiab] OR myelin[tiab]) AND (treatment[tiab] OR intervention[tiab] OR therapy[tiab]),2026-08-05T17:36:12+00:00,,,,,
PMID_42478405,PubMed,42478405,,10.3390/ijms22010100,Recurrent Stroke - Should We Think Beyond Ischemia? - Case of MOG Encephalitis.,"Nathan, Ajay; Rajkumar, Bharat; Kasiviswanathan, M; Sharma, Anmol",Neurology India,2026,"Myelin oligodendrocyte glycoprotein (MOG) antibody-associated disease (MOGAD) is a rare autoimmune demyelinating disorder of the central nervous system that can present with varied neurological symptoms. While commonly mistaken for multiple sclerosis or neuromyelitis optica spectrum disorders, MOGAD can also mimic cerebrovascular events, posing a diagnostic challenge. We report a case of a 30-year-old male who initially presented with acute-onset left-sided hemiplegia and right facial palsy, raising suspicion of an ischemic stroke. Despite thrombolysis, his recurrent neurological symptoms, including dysarthria and cerebellar ataxia, prompted further evaluation. Neuroimaging revealed hyperintense lesions in the right hemi-pons and bilateral middle cerebellar peduncles, raising the possibility of a demyelinating disorder. MOG-IgG seropositivity confirmed the diagnosis of MOG encephalitis. The patient responded well to pulse corticosteroid therapy, followed by maintenance immunosuppression with mycophenolate mofetil, and remained asymptomatic on follow-up. This case underscores the importance of considering autoimmune demyelinating disorders in young patients with recurrent neurological deficits and clinico-radiological dissociation. Early recognition and appropriate immunotherapy can prevent unnecessary thrombolysis and improve patient outcomes. Clinicians should maintain a high index of suspicion for MOGAD as a potential stroke mimic in atypical presentations.",https://pubmed.ncbi.nlm.nih.gov/42478405/,,,multiple_sclerosis,(Multiple Sclerosis[MeSH] OR multiple sclerosis[tiab] OR demyelination[tiab] OR myelin[tiab]) AND (treatment[tiab] OR intervention[tiab] OR therapy[tiab]),2026-08-05T17:36:12+00:00,,,,,
PMID_42477950,PubMed,42477950,,10.1111/bjh.70693,Management and long-term haematological and neurological outcomes of Immunoglobulin M and Waldenström's macroglobulinaemia-related neuropathy: A single-centre experience.,"Gavriatopoulou, Maria; Ntanasis-Stathopoulos, Ioannis; Filippatos, Charalampos; Malandrakis, Panagiotis; Manganas, Sotirios; Theodorakakou, Foteini; Solia, Irene; Eleutherakis-Papaiakovou, Evangelos; Katsadouros, Ilias; Boutsikos, Panagiotis; Fotiou, Despina; Migkou, Magdalini; Kanellias, Nikolaos; Terpos, Evangelos; Kastritis, Efstathios; Dimopoulos, Meletios-Athanasios",British journal of haematology,2026,"Immunoglobulin M-related peripheral neuropathy (IgM-PN) is typically demyelinating and associated with anti-myelin-associated glycoprotein antibodies; however, limited data on clinical outcomes are available. We retrospectively analysed consecutive patients with IgM-PN assessed prospectively with the Rasch-built Overall Disability Scale (RODS) and the Inflammatory Neuropathy Cause and Treatment (INCAT) questionnaires. Twenty-eight patients were retrospectively enrolled. The median follow-up was 5.54 years. Treatment was initiated in all solely due to neuropathy symptoms: 19 (67.9%) dexamethasone-rituximab-cyclophosphamide, 6 (21.4%) rituximab and 3 (10.7%) ibrutinib. The baseline median INCAT score was 2.0 and improved to 1.0 at further time points; within-patient improvements compared to baseline were significant (p < 0.005). A clinically relevant improvement was evident in 13 (46.4%), 18 (64.3%) and 17 (60.7%) patients at 6, 12 and 24 months respectively. IgM reduction was associated with improvement in INCAT scores at 6 (p = 0.041) and 12 months (p = 0.030). At baseline, the median RODS score was 38.0, improved to 41.5 at 6 months, then to 43.0 and 43.5 at 1 and 2 years (all p < 0.001). A clinically relevant improvement was evident in 5 (17.9%), 7 (25%) and 9 (32.1%) patients at 6, 12 and 24 months respectively. Patients with IgM-PN, treated mainly with rituximab-based regimens, showed significant improvement in functional and neurological ability over a 2-year follow-up.",https://pubmed.ncbi.nlm.nih.gov/42477950/,,,multiple_sclerosis,(Multiple Sclerosis[MeSH] OR multiple sclerosis[tiab] OR demyelination[tiab] OR myelin[tiab]) AND (treatment[tiab] OR intervention[tiab] OR therapy[tiab]),2026-08-05T17:36:12+00:00,,,,,
PMID_42477313,PubMed,42477313,,10.1038/s41398-026-04307-9,Revisiting the cognitive potential of lithium in alzheimer's disease: the role of cholinergic system and brain connectivity.,"Pini, Lorenzo; Imbimbo, Bruno Pietro; Pomara, Nunzio",Translational psychiatry,2026,"Recent evidence demonstrating a marked reduction in endogenous brain lithium levels in mild cognitive impairment and Alzheimer's disease (AD) has renewed interest in lithium as a physiological modulator of brain aging and neurodegeneration. Experimental data indicate that lithium deficiency accelerates amyloid-β deposition, tau pathology, synaptic and myelin loss, whereas physiological lithium replacement mitigates neuropathology and cognitive decline. Here, we argue that lithium's cognitive potential in AD has been underestimated due to the historical neglect of two interrelated mechanisms: modulation of the cholinergic system and preservation of brain connectivity. Lithium has long been shown to inhibit cholinesterase activity and to increase choline and glycine availability, suggesting a capacity to enhance central cholinergic tone. Given the established role of cholinergic dysfunction in AD, this mechanism may represent an unrecognized contributor to lithium's neurocognitive effects. In parallel, converging human neuroimaging evidence indicates that lithium modulates functional brain networks and is associated with improved white matter integrity, supporting a role in maintaining structural and functional connectivity. We propose brain connectivity as a systems-level integrator of lithium's effects on synaptic plasticity, neuroinflammation, myelination, and cholinergic signaling. Future trials in early AD should incorporate physiological-dose lithium, candidate cholinergic biomarkers, and multimodal connectivity imaging to clarify lithium's translational potential as a network-stabilizing intervention. To bridge prior clinical disappointments and the renewed lithium hypothesis, we further propose a de-risked trial strategy centered on biomarker-confirmed early disease, physiological-dose exposure, structured safety surveillance, and imaging-based target engagement.",https://pubmed.ncbi.nlm.nih.gov/42477313/,,,multiple_sclerosis,(Multiple Sclerosis[MeSH] OR multiple sclerosis[tiab] OR demyelination[tiab] OR myelin[tiab]) AND (treatment[tiab] OR intervention[tiab] OR therapy[tiab]),2026-08-05T17:36:12+00:00,,,,,
PMID_42476769,PubMed,42476769,,10.2169/internalmedicine.7179-26,MRI-negative combined central and peripheral demyelination involving a spinal cord with anti-lactosylceramide antibody.,"Ueda, Tetsuhiro; Tsuji, Yukiko; Yoshida, Maika; Ohshima, Yoichi; Mutoh, Tatsuro; Iwamoto, Kazuhide; Ohara, Tomoyuki","Internal medicine (Tokyo, Japan)",2026,"Combined central and peripheral demyelination (CCPD) is a rare neurological disorder affecting both the central and peripheral nervous systems, and its clinical features have yet to be fully characterized. Conventionally, MRI abnormalities have been used to identify central nervous system involvement in CCPD. We herein describe a patient who developed demyelinating peripheral neuropathy after being diagnosed with MRI-negative myelopathy and thereafter was definitively diagnosed with CCPD. The cerebrospinal fluid test was positive for anti-lactosylceramide antibodies, which are associated with CCPD. This study highlights the need to be aware of MRI-negative CCPD and encourages the active investigation of relevant antibodies to advance both understanding and treatment.",https://pubmed.ncbi.nlm.nih.gov/42476769/,,,multiple_sclerosis,(Multiple Sclerosis[MeSH] OR multiple sclerosis[tiab] OR demyelination[tiab] OR myelin[tiab]) AND (treatment[tiab] OR intervention[tiab] OR therapy[tiab]),2026-08-05T17:36:12+00:00,,,,,
PMID_42476739,PubMed,42476739,PMC5267473,10.1186/s12913-017-2031-8,Clinical and cost-effectiveness of the iStep-MS physical activity and sedentary behaviour intervention for managing fatigue in people with multiple sclerosis: protocol for a multicentre randomised controlled trial.,"Bailey, Daniel P; Norris, Emma; LeWarne, Myles D; Cerexhe, Luke; Anokye, Nana; Banstola, Amrit; Gwatsvaira, Joe; Norris, Meriel; Ryan, Jennifer; Stuart, Beth; Thomson, Ann; Kilbride, Cherry",BMJ open,2026,"INTRODUCTION: Regular physical activity and limiting sedentary behaviour are important aspects in managing multiple sclerosis (MS). Fatigue is a common and disabling symptom in MS, contributing to impairments in activities of daily living and poorer quality of life. This study aims to determine the effectiveness of a physical activity and sedentary behaviour intervention, called iStep-MS, for reducing fatigue in people with MS when delivered across the MS care pathway.
METHODS AND ANALYSIS: This is a multicentre, two-arm randomised controlled superiority trial with embedded economic and process evaluations. The study will take place across South-East England in acute and community National Health Service settings and charity-funded MS and neurological therapy centres. Intervention deliverers will include a range of healthcare staff such as physiotherapists, occupational therapists, therapy assistants, nurses and exercise therapists. A target sample size of n=198 participants will be randomised 1:1 to the intervention (iStep-MS behaviour change intervention plus usual care) or control (usual care only) arms. Participants will be adults with any type of MS, experiencing MS-related fatigue, relapse-free for >3 months, with a Self-Reported Disability Status Scale category of ≤3.5 (no disability to moderate disability) or 4-6.5 (significant disability). The iStep-MS intervention includes four one-to-one consultation sessions in-person or online with an intervention deliverer over 3 months, incorporating behaviour change techniques aimed at increasing physical activity and reducing sedentary behaviour. The consultations are supported by a handbook designed to help individuals with MS set goals and achieve behavioural changes and a wearable activity tracker for self-monitoring. Outcomes (assessed at baseline, 3 months and 9 months) include self-reported fatigue, quality of life, MS-impact, walking capability, pain, self-efficacy and waist circumference. Sitting, standing and stepping will be measured over 8 days using the activPAL4 device. A process evaluation will assess intervention acceptability, adherence and fidelity, including questionnaires and focus groups with participants and deliverers. A cost-effectiveness analysis will evaluate the value for money of the intervention against usual care.
ETHICS AND DISSEMINATION: Ethical approval has been granted by the NHS London-Bloomsbury Research Ethics Committee (reference 25/LO/0272). Results will be disseminated in scientific journals, conferences and to the wider public (eg, newsletters and social media).
TRIAL REGISTRATION NUMBER: ISRCTN16944301.",https://pubmed.ncbi.nlm.nih.gov/42476739/,,,multiple_sclerosis,(Multiple Sclerosis[MeSH] OR multiple sclerosis[tiab] OR demyelination[tiab] OR myelin[tiab]) AND (treatment[tiab] OR intervention[tiab] OR therapy[tiab]),2026-08-05T17:36:12+00:00,,,,,
PMID_42475790,PubMed,42475790,,10.1016/j.msard.2026.107382,A scoping review of comorbidity aetiology in multiple sclerosis.,"Safa, M; Riel, H; Krysak, M A; Hejazi, M; Cardwell, K L; Marrie, R A; Kowalec, K",Multiple sclerosis and related disorders,2026,"INTRODUCTION: Individuals with multiple sclerosis (MS) have a higher risk of comorbidities, such as depression and hypertension, than those without MS, although the underlying mechanisms remain poorly understood. We conducted a scoping review to map the existing literature regarding the aetiological mechanisms linking MS and comorbidities.
METHODS: We searched PubMed from inception to March, 2025, including studies of adult participants diagnosed with MS that focused on comorbidity aetiology. Studies estimating the risk or prevalence of comorbidities without investigating aetiology were excluded. For each study, we classified the proposed aetiological mechanism separately for Mendelian randomization (MR) and non-MR studies using an existing mechanistic framework. The categories were: chance/artifactual, causative, resultant, shared risk factors, and bidirectional effects.
RESULTS: We identified, 7224 articles, of which 311 underwent full-text review; 141 underwent data extraction. The most common comorbidities were depression (n = 20 studies), diabetes (n = 9), and epilepsy (n = 8). MR was a common study design (n = 57, 40.4%). MR studies were classified as chance/artifactual (n = 26), causative (comorbidity was proposed to cause MS) (n = 9), resultant (MS or its treatment were proposed to cause the comorbidity) (n = 20); or bidirectional (n = 2). Non-MR studies were classified as: resultant (comorbidity was proposed to result from MS or its treatment) (n = 19), shared risk factors (n = 44), or association only (temporality could not be established) (n = 21).
CONCLUSIONS: Evidence suggests MS comorbidities arise from shared risk factors or from MS pathology or its treatment, with few demonstrating clear causal relationships. This review highlights important gaps in our understanding of the aetiology of comorbidity in MS.
PROTOCOL: The protocol for this rapid review was registered on the Open Science Framework: https://doi.org/10.17605/OSF.IO/HK7A5.",https://pubmed.ncbi.nlm.nih.gov/42475790/,,,multiple_sclerosis,(Multiple Sclerosis[MeSH] OR multiple sclerosis[tiab] OR demyelination[tiab] OR myelin[tiab]) AND (treatment[tiab] OR intervention[tiab] OR therapy[tiab]),2026-08-05T17:36:12+00:00,,,,,
PMID_42475669,PubMed,42475669,,10.1080/09273948.2026.2700561,Comparative Efficacy of Type I Interferons and Monoclonal Antibodies in Experimental Autoimmune Uveitis: A Systematic Review and Meta-Analysis.,"Ceniza, Armand; Colwell, Skyler; Burrow, Wesley; Cervantes, Jorge",Ocular immunology and inflammation,2026,"PURPOSE: Experimental autoimmune uveitis (EAU) is an animal model of non-infectious uveitis used to study immune-mediated ocular inflammation. Type I interferons and monoclonal antibodies (mAbs) represent distinct immunomodulatory strategies used in autoimmune diseases, including multiple sclerosis and associated uveitis. This study aimed to compare the therapeutic effects of these treatments in EAU.
METHODS: PRISMA guidelines were followed for systematic review and meta-analysis (PROSPERO ID-1320794). PubMed, EMBASE, and Cochrane Library databases were searched through April 2025 for studies evaluating Type I interferons or monoclonal antibodies in EAU. Inclusion was rodent models of EAU treated with Type I interferons or mAbs and reporting clinical eye inflammation (EI) or histologic inflammation (H) scores pre/post treatment. Effect sizes were calculated using standardized mean differences. Risk of bias was assessed using the SYRCLE tool.
RESULTS: Seven studies evaluating Type I interferons and fifty studies evaluating monoclonal antibodies were included. Type I interferon therapy significantly reduced EI scores compared with controls (SMD =  -0.68, p < 0.001) but did not significantly reduce histologic inflammation (SMD ≈  -0.55, p = 0.25). Meta-regression showed no relationship between interferon dose/frequency and treatment efficacy. In contrast, monoclonal antibodies produced larger reductions in inflammation (EI: Hedges' g =  -3.09 [95% CI - 3.70, -2.47]; H: Hedges' g =  -1.76 [95% CI - 2.26, -1.27]), with time-stratified analysis demonstrating greater histologic improvement during later disease stages. Both therapies reduce EAU inflammation, but monoclonal antibodies demonstrate greater efficacy.
CONCLUSION: These findings suggest that targeted cytokine or co-stimulatory pathway inhibition demonstrated larger anti-inflammatory effects than interferon-mediated immunomodulation in preclinical EAU models, though clinical applicability remains uncertain.",https://pubmed.ncbi.nlm.nih.gov/42475669/,,,multiple_sclerosis,(Multiple Sclerosis[MeSH] OR multiple sclerosis[tiab] OR demyelination[tiab] OR myelin[tiab]) AND (treatment[tiab] OR intervention[tiab] OR therapy[tiab]),2026-08-05T17:36:12+00:00,,,,,
PMID_42474734,PubMed,42474734,PMC8357650,10.1002/sim.4780080407,Use of blood-based neurofilament light chain as an endpoint in clinical trials of neurodegenerative conditions: a scoping review.,"Zheng, Yuming; Bhalala, Oneil G; Chin, Kai Sin; Watson, Rosie; Yassi, Nawaf",Journal of neurology,2026,"INTRODUCTION: Neurofilament light chain (NfL) is a structural axonal protein measurable in CSF and blood, increasingly investigated as a biomarker of neuroaxonal injury in clinical and research contexts. This review aims to explore the use of blood-based NfL as an endpoint in clinical trials of neurodegenerative conditions.
METHOD: A database search of MEDLINE and EMBASE was conducted to identify interventional clinical trials and/or related post hoc analyses for neurodegenerative diseases, published between 2013 and 2024 that reported the use of serum or plasma NfL as an endpoint. Additional studies from reference lists of included trials were manually considered for inclusion where relevant. Data were charted descriptively by disease type and summarised.
RESULTS: 49 studies were included, 29 in multiple sclerosis (MS), eight in amyotrophic lateral sclerosis (ALS), six in Alzheimer's disease (AD), and six in other diseases. Across studies, reductions in NfL often paralleled improvements in primary efficacy outcomes, supporting its use as a biomarker of disease activity and treatment response. However, several studies demonstrated a lack of concordance between change in NfL and in clinical outcomes, some of which may be related to the non-disease-modifying mechanisms of the interventions studied. This necessitates careful consideration when applying blood-based NfL as a biomarker endpoint for studies involving such interventions.
CONCLUSION: Blood NfL is a promising biomarker with potential utility as a surrogate endpoint in neurological clinical trials, particularly for diseases with active axonal injury. Further validation, particularly around disease- and intervention-specific interpretation, is needed before blood NfL can be incorporated more routinely as a clinical endpoint.",https://pubmed.ncbi.nlm.nih.gov/42474734/,,,multiple_sclerosis,(Multiple Sclerosis[MeSH] OR multiple sclerosis[tiab] OR demyelination[tiab] OR myelin[tiab]) AND (treatment[tiab] OR intervention[tiab] OR therapy[tiab]),2026-08-05T17:36:12+00:00,,,,,
PMID_42472231,PubMed,42472231,PMC10243296,10.5114/ppn.2023.127246,Dietary regimens and cognitive function in multiple sclerosis: a systematic review.,"Navadeh Shahla, Hila; Jahanshahlou, Farid; Nourizadeh, Mehrdad; Ostad-Hassanzadeh, Bita; Roshani, Shideh; Talebi, Mahnaz; Sanaie, Sarvin; Naseri, Amirreza","Brain, behavior, & immunity - health",2026,"Cognitive impairment is a common and debilitating complication of multiple sclerosis (MS), but non-pharmacological strategies such as diet for its management have not yet been fully explored. The aim of this review is to synthesize the evidence on the relationship between diet and cognitive outcomes in people with MS. Clinical interventional and observational studies evaluating the association between the diet and cognitive outcomes in MS were considered. The diets most frequently evaluated were Mediterranean (n = 3), modified Paleolithic/Wahls (n = 3), Swank (n = 1), ketogenic (n = 2), and time-restricted eating (n = 1). Other included studies investigated the broader association between overall dietary quality, healthy-eating patterns, and cognitive outcomes in MS patients. Trials of the Mediterranean diet have generally shown no significant cognitive improvements, although a recent study on a low-calorie Mediterranean diet, as well as observational studies, has reported increased processing speed, manual dexterity, and fewer cognitive complaints. The Wahls/Paleolithic interventions showed improvements in processing speed and mental cognition that were comparable to the Swank diet. Limited evidence from small studies suggested potential benefits of ketogenic and time-restricted diets, while findings were inconsistent for general healthy or high-fiber diets. Dietary interventions may hold promise as adjunctive strategies for cognitive health in MS; however, inconsistencies in study designs, cognitive measures, and intervention duration, combined with limited high-quality evidence, undermine strong recommendations, which warrant further evaluations.",https://pubmed.ncbi.nlm.nih.gov/42472231/,,,multiple_sclerosis,(Multiple Sclerosis[MeSH] OR multiple sclerosis[tiab] OR demyelination[tiab] OR myelin[tiab]) AND (treatment[tiab] OR intervention[tiab] OR therapy[tiab]),2026-08-05T17:36:12+00:00,,,,,
PMID_42470939,PubMed,42470939,,10.1016/j.jocn.2026.112194,Dietary intake and nutritional status in multiple sclerosis and associations with disease phenotype and management: A case-control study.,"Ahmed, Ali Mahmoud; Shaheen, Emad Fawzy; Mohamed, Mohie-Eldin Tharwat; Gaafar, Abdallah Moustafa; Farghal, Mohammed; Adam, Bakar Ali",Journal of clinical neuroscience : official journal of the Neurosurgical Society of Australasia,2026,"BACKGROUND: Nutrition and diet are increasingly recognised as potential modulators of immune function in multiple sclerosis (MS), but human studies remain conflicting and often focus on single nutrients. We aimed to investigate dietary intake in people with MS versus matched controls and to examine associations between dietary components, phenotype, disability, severity, and disease‑modifying therapy (DMT) status.
METHODS: In this cross-sectional case-control study, 270 adults with clinically confirmed MS and 255 originally age-matched controls completed a validated food-frequency questionnaire and provided clinical data. Exclusion of participants with invalid questionnaires partially disrupted the original matching, leaving residual imbalances in sex (67% female in MS vs 39% in controls) and BMI; analyses were therefore conducted as unmatched with adjustment for age, sex, and BMI. Comparisons between groups and associations between dietary components and clinical measures were analysed.
RESULTS: MS patients had lower body mass index and reported higher intake of vitamin D, β‑carotene, vitamins A, C, and E, folate, fruits, and vegetables, and lower intake of bread, pasta, rice, total fat, saturated fat, cholesterol and sodium compared with controls. Overall dietary composition differed significantly between MS patients and controls in multivariate analyses, including after adjustment for age and sex (PERMANOVA P = 0.046). In adjusted logistic regression, only vitamin D supplementation remained independently associated with MS status (P = 0.006). Within the MS cohort, dietary components including vitamin B6, polyunsaturated fat and vitamin A were not significantly associated with disability or progressive disease in adjusted analyses; the progressive-MS subgroup (n = 26) was small and these exploratory results should be interpreted with caution.
CONCLUSIONS: MS patients showed a different dietary pattern characterised by higher micronutrient and supplement intake, most likely reflecting post-diagnosis behavioural change rather than a pre-existing dietary difference. These are hypothesis-generating observations from an unmatched cross-sectional study with residual confounding; they do not support causal inference and should not inform dietary prescriptions without prospective confirmatory evidence.",https://pubmed.ncbi.nlm.nih.gov/42470939/,,,multiple_sclerosis,(Multiple Sclerosis[MeSH] OR multiple sclerosis[tiab] OR demyelination[tiab] OR myelin[tiab]) AND (treatment[tiab] OR intervention[tiab] OR therapy[tiab]),2026-08-05T17:36:12+00:00,,,,,
PMID_42470877,PubMed,42470877,,10.1016/j.msard.2026.107387,Childhood trauma and treatment compliance in people with multiple sclerosis: The mediating role of physician-patient rapport.,"Salvati, Ambra; Cicia, Alessandra; Bianco, Assunta; Lucchini, Matteo; Bisurgi, Marco; Imperatori, Claudio; Farina, Benedetto; Mirabella, Massimiliano",Multiple sclerosis and related disorders,2026,"BACKGROUND: The role of childhood trauma (CT) and its impact on therapeutic adherence in patients with multiple sclerosis (MS) has been poorly explored. The aim of this study was to investigate the association between CT and treatment adherence, and to test the potential mediating role of the physician-patient rapport in this association.
METHODS: Two hundred and five patients with MS were enrolled and completed self-report measures assessing the main study variables. Mediation models analyzing the direct and indirect effects of CT on treatment adherence through the physician-patient rapport were performed while controlling for socio-demographic and clinical confounding factors.
RESULTS: The models showed that the total effect of CT on treatment adherence was significant (B = -0.050, p < .001) and that this association was mediated by lower interpersonal physician-patient connection (B = -0.014, p = .019).
CONCLUSIONS: These findings suggest that CT may negatively affect treatment adherence in patients with MS and that this association is significantly mediated by difficulties in the physician-patient interpersonal connection, highlighting the importance of targeted psychological interventions to improve disease management and patient care.",https://pubmed.ncbi.nlm.nih.gov/42470877/,,,multiple_sclerosis,(Multiple Sclerosis[MeSH] OR multiple sclerosis[tiab] OR demyelination[tiab] OR myelin[tiab]) AND (treatment[tiab] OR intervention[tiab] OR therapy[tiab]),2026-08-05T17:36:12+00:00,,,,,
PMID_42470870,PubMed,42470870,,10.1016/j.jneuroim.2026.579030,Coordinated oxidative shift during relapse and recovery in multiple sclerosis: A paired analysis of multiple biomarkers.,"Baydar, Caner; Yılgör, Abdullah",Journal of neuroimmunology,2026,"BACKGROUND: Oxidative stress plays a central role in the pathogenesis of multiple sclerosis (MS), contributing to inflammation, demyelination, and neurodegeneration. Acute relapse periods may represent a critical phase characterized by intensified oxidative imbalance; however, comprehensive evaluation of multiple oxidative pathways during relapse remains limited.
OBJECTIVE: To investigate dynamic changes in oxidative stress markers in patients with MS during relapse and after clinical recovery.
METHODS: Fifty patients with relapsing-remitting MS were evaluated during relapse and one month after clinical recovery. Blood samples were obtained prior to corticosteroid treatment. Ischemia-modified albumin (IMA), asymmetric dimethylarginine (ADMA), total sulfhydryl groups (TSH), and protein carbonyl (PC) levels were measured. Paired comparisons between relapse and post-relapse periods were performed, and results were additionally compared with 50 age- and sex-matched healthy controls. Correlation analyses with Expanded Disability Status Scale (EDSS) scores, effect size analyses, and sensitivity analyses according to disease-modifying therapy categories were also conducted.
RESULTS: All oxidative stress markers showed significant changes across study groups. IMA, ADMA, and PC levels were significantly elevated during relapse compared with both post-relapse and control groups (p < 0.001 for all comparisons). Although these markers significantly decreased following clinical recovery, they remained higher than control levels. TSH levels were significantly increased during relapse, suggesting a compensatory antioxidant response. Paired analyses demonstrated a significant reduction in all markers following clinical recovery, with large effect sizes observed across oxidative stress parameters. Sensitivity analyses showed that the overall relapse-associated oxidative profile remained largely consistent across disease-modifying therapy categories. Exploratory Spearman correlation analyses demonstrated weak-to-moderate positive correlations between ADMA and TSH levels and EDSS scores.
CONCLUSION: MS relapse is associated with a broad but partially reversible oxidative stress response involving ischemia-related, endothelial dysfunction-associated, antioxidant, and protein oxidation pathways. The observed biomarker changes support the presence of a relapse-associated redox imbalance linked to acute inflammatory activity in MS.",https://pubmed.ncbi.nlm.nih.gov/42470870/,,,multiple_sclerosis,(Multiple Sclerosis[MeSH] OR multiple sclerosis[tiab] OR demyelination[tiab] OR myelin[tiab]) AND (treatment[tiab] OR intervention[tiab] OR therapy[tiab]),2026-08-05T17:36:12+00:00,,,,,
PMID_42469918,PubMed,42469918,,10.1186/s13024-026-00975-9,The complex lipidome as a driver of tissue-specific pathology in adrenoleukodystrophy.,"Kemp, Stephan; Engelen, Marc; Jaspers, Yorrick R J",Molecular neurodegeneration,2026,"X-linked adrenoleukodystrophy (ALD) is an inherited peroxisomal disorder caused by pathogenic variants in the ABCD1 gene, encoding a peroxisomal membrane transporter required for the import of very-long-chain fatty acids (VLCFA) into peroxisomes for degradation. ABCD1 deficiency leads to VLCFA accumulation in plasma and tissues. The resulting disease has a highly variable clinical presentation. In males, this manifests as cerebral demyelination, progressive myelopathy, and adrenal insufficiency, alone or in combination. Women predominantly develop myelopathy, while cerebral disease and adrenal insufficiency are rare, occurring almost exclusively in cases of extreme X-inactivation skewing toward the mutant allele. The lipid-mediated mechanisms linking VLCFA accumulation to tissue-specific pathology remain incompletely understood. Here, we review evidence that VLCFA-containing complex lipids, rather than free VLCFAs alone, are central mediators of tissue-specific pathology in ALD and discuss the therapeutic implications of this lipid-centric perspective. VLCFAs are incorporated into a broad range of complex lipids, including phosphatidylcholines, lysophosphatidylcholines, cholesterol esters, triacylglycerols, sphingomyelins, ceramides, and plasmalogens. The degree of lipid dysregulation increases with acyl chain length and saturation. VLCFA-containing lipid species correlate with disease severity across all clinical phenotypes. In the brain, VLCFA-containing phosphatidylcholines accumulate before demyelination onset, cholesterol ester accumulation is associated with neuroinflammatory cascades, and plasmalogen depletion reflects early oxidative damage. In the spinal cord, VLCFA-containing myelin lipids are associated with non-inflammatory axonopathy, mitochondrial dysfunction, and microglial phagocytic activation. In the adrenal gland, VLCFA accumulation in cholesterol ester-rich lipid droplets impairs ACTH receptor signaling and sequesters cholesterol from steroidogenic pathways. Enzymatic regulators of VLCFA homeostasis, including ELOVL1, SCD1, and the omega-oxidation enzymes CYP4F2 and CYP4F3B, are potential therapeutic targets for substrate reduction. Plasma VLCFA-lipid profiles correlate with disease severity across all affected tissues, positioning lipidomic profiling as a potential clinical instrument for risk stratification and treatment monitoring. Secondary lipid mediators amplify primary VLCFA toxicity through distinct, cell-type-specific pathways. The near-exclusive occurrence of cerebral ALD and adrenal insufficiency in women with extreme X-inactivation skewing suggests that partial reduction of the VLCFA lipid burden, rather than complete normalization, may be sufficient to prevent severe disease manifestations. This has direct implications for substrate-reduction therapy development.",https://pubmed.ncbi.nlm.nih.gov/42469918/,,,multiple_sclerosis,(Multiple Sclerosis[MeSH] OR multiple sclerosis[tiab] OR demyelination[tiab] OR myelin[tiab]) AND (treatment[tiab] OR intervention[tiab] OR therapy[tiab]),2026-08-05T17:36:12+00:00,,,,,
PMID_42468026,PubMed,42468026,PMC10306980,10.1055/s-0043-1768669,Double-Negative Neuromyelitis Optica Spectrum Disorder: A Systematic Review and Meta-Analysis.,"Malvaso, Antonio; Bovis, Francesca; Greco, Giacomo; Morandi, Chiara; Businaro, Pietro; Masciocchi, Stefano; Marchioni, Enrico; Franciotta, Diego; Sormani, Maria Pia; Gastaldi, Matteo",Neurology(R) neuroimmunology & neuroinflammation,2026,"BACKGROUND AND OBJECTIVES: Neuromyelitis optica spectrum disorder (NMOSD) is a severe condition usually associated with aquaporin-4 (AQP4) antibodies. A clinical presentation suggestive of NMOSD can also be associated with myelin oligodendrocyte glycoprotein (MOG) antibodies (MOGAD). NMOSD can be diagnosed in the absence of autoantibodies (double-negative NMOSD [DN-NMOSD]), but this subgroup has been poorly investigated. We conducted a systematic review and meta-analysis to define the clinical spectrum, prognosis, and treatment response in DN-NMOSD vs AQP4-NMOSD/MOGAD.
METHODS: We searched on PubMed, Scopus, Embase, Google Scholar, Cochrane Library, and ClinicalTrials.gov databases of studies on patients fulfilling inclusion criteria. Patient characteristics, outcome measures, and treatment regimens were extracted.
RESULTS: We included 41 of 1,027 articles screened and analyzed 671 patients with DN-NMOSD (median age 38.6 years [range IQR: 32.5-42.85]; female-to-male ratio 1.5:1; median follow-up 44.4 months [range 1-600]), 73.6% of which relapsed. In the meta-analysis, mean annualized relapse rate (ARR) was higher, albeit not significantly, in DN-NMOSD (1.08; 95% CI 0.73-1.43) vs AQP4-NMOSD (0.84; 95% CI 0.45-1.23) and MOGAD (0.61; 95% CI 0.39-0.83, p = 0.08). Administration of maintenance immunosuppression in DN-NMOSD led to a significant ARR reduction (pooled rate ratio 0.19, 95% CI 0.07-0.49; p = 0.001), with high heterogeneity (I2 = 90%, p < 0.0001). In meta-regression, no covariates were associated with ARR reduction, including the administration of specific drugs (rituximab, p = 0.288; azathioprine, p = 0.291; mycophenolate, p = 0.918). The pooled mean difference in pre‑ and post‑maintenance treatment Expanded Disability Status Scale values indicated a significant change in disability in MOGAD (-0.93, 95% CI -1.67 to -0.19, p = 0.02) but not in AQP4-NMOSD (-0.62, 95% CI -1.85 to 0.61, p = 0.27) or DN-NMOSD (-0.52 (95% CI -1.30 to 0.25, p = 0.16).
DISCUSSION: DN-NMOSD is a heterogenous, severe and highly relapsing disease, where attacks lead to irreversible dysfunction. The administration of maintenance immunotherapy reduces the relapse risk and should be considered early to prevent further disability.",https://pubmed.ncbi.nlm.nih.gov/42468026/,,,multiple_sclerosis,(Multiple Sclerosis[MeSH] OR multiple sclerosis[tiab] OR demyelination[tiab] OR myelin[tiab]) AND (treatment[tiab] OR intervention[tiab] OR therapy[tiab]),2026-08-05T17:36:12+00:00,,,,,
PMID_42468012,PubMed,42468012,,10.1097/phm.0000000000002957,"Anti-MAG Neuropathy: Disease Overview, Gait Characteristics, and Rehabilitation Needs.","Jorgensen, Shawn P; McNeish, Brendan L; Whalen, Kiley C; Sowers, Zoe A; Kolb, Noah; Stino, Amro M",American journal of physical medicine & rehabilitation,2026,"Anti-myelin-associated glycoprotein (MAG) neuropathy is a rare autoimmune neuropathy that preferentially affects the myelin of distal fibers. This distal demyelination and secondary axon loss lead to its characteristic clinical features of distal sensory loss and weakness, upper limb tremor, and ataxia, leading to significant disability for the patient. Diagnosis is predicated on its distinct electrodiagnostic and serological profile of distally accentuated demyelination and high IgM anti-MAG antibody titers. Accurate diagnosis of anti-MAG neuropathy is critical, as standard CIDP therapies do not work, but some novel treatments like Bruton tyrosine kinase inhibitors may prove effective. Currently, rituximab is the most frequently used treatment, despite current evidence showing benefit in only a subset of patients. This review highlights the value of gait analysis in the clinical and research assessment of anti-MAG neuropathy, using existing quality of life-based data. The unique pathophysiology and clinical features of anti-MAG neuropathy create specific rehabilitation challenges, making awareness of this disorder critical for electromyographers and those treating neuropathies in all settings.",https://pubmed.ncbi.nlm.nih.gov/42468012/,,,multiple_sclerosis,(Multiple Sclerosis[MeSH] OR multiple sclerosis[tiab] OR demyelination[tiab] OR myelin[tiab]) AND (treatment[tiab] OR intervention[tiab] OR therapy[tiab]),2026-08-05T17:36:12+00:00,,,,,
PMID_42466006,PubMed,42466006,PMC7421603,10.1016/j.ctcp.2020.101143,"Effect of Foot Reflexology on Restless Legs Syndrome and Sleep Quality in Female Patients With Multiple Sclerosis: A Randomized, Double-Blind Clinical Trial.","Harandi, Fatemeh; Tirgari, Batool; Jahani, Yunes; Tajadini, Haleh",Neurology research international,2026,"BACKGROUND: This clinical trial aimed to assess the effectiveness of foot reflexology on restless legs syndrome and sleep quality in patients with multiple sclerosis.
MATERIALS AND METHODS: Sixty-four female patients with multiple sclerosis were randomly assigned to the intervention or sham group. Foot reflexology was taught to the intervention group; it was performed for 4 weeks, three times a week for 26 min each session, by a trained researcher in the morning shift and on three other days in the afternoon at home by the patients themselves. Moreover, the sham group received nonspecific foot massage without applying pressure to the standard reflexology points under similar conditions and durations as those of the intervention group. Data were collected before, immediately after, and 1 month after intervention.
RESULTS: The results revealed a significant improvement in sleep quality (p < 0.001) in the intervention group. No significant change was observed in the sham group (p = 0.30). Restless leg syndrome significantly decreased in the intervention group (p < 0.001), whereas it increased in the sham group (p < 0.001). There was a significant difference in the sleep quality after the intervention between the two groups at both the immediate and 1-month follow-ups (p < 0.0001). There was also a significant difference in the restless leg syndrome after the intervention between the two groups at both the immediate and 1-month follow-ups (p < 0.0001).
CONCLUSIONS: Nurses should be trained in foot reflexology as a noninvasive approach that can be easily implemented.",https://pubmed.ncbi.nlm.nih.gov/42466006/,,,multiple_sclerosis,(Multiple Sclerosis[MeSH] OR multiple sclerosis[tiab] OR demyelination[tiab] OR myelin[tiab]) AND (treatment[tiab] OR intervention[tiab] OR therapy[tiab]),2026-08-05T17:36:12+00:00,,,,,
PMID_42466004,PubMed,42466004,PMC11886414,10.3760/cma.j.cn113694-20240629-00441,MOG-Ab-associated optic neuritis with concurrent GFAP-Ab positivity following tislelizumab-based treatment: a case report.,"Zhang, Yinghui; Liu, Yonghu; Xin, Hongxia; Shi, Qin; Liu, Qiang; Zhao, Wenna; Qi, Zhuoxiu; Ma, Gang; Yang, Xiao",Frontiers in pharmacology,2026,"OBJECTIVE: To investigate the clinical characteristics and therapeutic management of myelin oligodendrocyte glycoprotein antibody (MOG-Ab)-related optic neuritis (ON), a rare neurological immune-related adverse event (irAE) associated with the programmed death-1 (PD-1) inhibitor tislelizumab.
METHODS: We report a retrospective case of a 48-year-old male patient with extensive-stage small cell lung cancer (ES-SCLC) who developed acute bilateral vision loss after receiving the first dose of tislelizumab combined with chemotherapy. After admission to the neurology department and a systematic clinical evaluation, the patient was found to be positive for both MOG-Ab and glial fibrillary acidic protein antibody (GFAP-Ab). He was ultimately diagnosed with MOG-Ab-associated ON with Concurrent GFAP-Ab Positivity.
RESULTS: Following diagnosis, tislelizumab was promptly discontinued. The patient received high-dose methylprednisolone (1,000 mg/d) as initial therapy, followed by sequential tapering combined with rituximab for immunomodulation. This regimen resulted in considerable visual recovery. In subsequent treatment lines, immune checkpoint inhibitors (ICIs) were avoided.
CONCLUSION: This case underscores the potential of PD-1 inhibitors to trigger rare MOG-Ab-associated ON. For such vision-threatening irAEs, early recognition, immediate ICI withdrawal, multidisciplinary collaboration, and aggressive immunosuppressive therapy are essential for reversing neurological impairment and improving outcomes.",https://pubmed.ncbi.nlm.nih.gov/42466004/,,,multiple_sclerosis,(Multiple Sclerosis[MeSH] OR multiple sclerosis[tiab] OR demyelination[tiab] OR myelin[tiab]) AND (treatment[tiab] OR intervention[tiab] OR therapy[tiab]),2026-08-05T17:36:12+00:00,,,,,
PMID_42465511,PubMed,42465511,PMC13371030,10.64898/2026.07.02.736158,Potential Role of Nociceptin/Orphanin FQ in the Progression of Multiple Sclerosis.,"Baker, Joseph Carroll; Paisley, Caitlin; Poore, Molly; Bigbee, John Wayne; Oh, Unsong; Sato-Bigbee, Carmen",bioRxiv : the preprint server for biology,2026,"We showed before that the endogenous peptide Nociceptin blocks the premature differentiation of oligodendrocytes (OLGs), preventing untimely precocious myelination in the developing brain. Consistent with this early function, Nociceptin brain expression is developmentally regulated, sharply decreasing with the initiation and progression of myelination. However, we now found that at difference with controls and relapsing-remitting multiple sclerosis (RRMS), Nociceptin levels are highly elevated in cerebrospinal fluid from patients with the most severe progressive MS (PMS) forms. This questioned whether Nociceptin early developmental effects could be latter recapitulated, interfering with remyelination in PMS. This possibility was tested by inducing experimental autoimmune encephalomyelitis in older mice, at an age equivalent to that with increased risk of RRMS transition into PMS. Older animals develop persistently highly debilitating clinical symptoms, and display both brain and spinal cord demyelination. Importantly, these mice exhibit elevated brain Nociceptin levels, and their treatment with an antagonist of the Nociceptin receptor (NOR) elicits a regression of clinical scoring that is accompanied by higher ratios of OLGs/OLG progenitor cells, increased myelination, and reduction of reactive astrocytes. These findings suggest that Nociceptin may be a crucial player in the age-related progression of MS; interfering with OLG maturation and remyelination, and perhaps further exacerbating neurological dysfunction by targeting astrocyte populations. The upregulation of Nociceptin secretion by human astrocytes in response to proinflammatory cytokines, also points to this peptide as a mediator of microglia-astrocyte interactions supporting MS progression with aging. NOR may offer a novel pharmacological target for ameliorating the devastating effects of MS progression.",https://pubmed.ncbi.nlm.nih.gov/42465511/,,,multiple_sclerosis,(Multiple Sclerosis[MeSH] OR multiple sclerosis[tiab] OR demyelination[tiab] OR myelin[tiab]) AND (treatment[tiab] OR intervention[tiab] OR therapy[tiab]),2026-08-05T17:36:12+00:00,,,,,
PMID_42464449,PubMed,42464449,,10.1002/mus.70349,Coexisting Inflammatory and Hereditary Neuropathies: A Review.,"Giacobbe, Alaina; Sun, Yuyao; Harada, Yohei; Juel, Vern C; Gable, Karissa L",Muscle & nerve,2026,"The concurrent presentation of acquired neuropathy and hereditary neuropathy is both diagnostically challenging and important to recognize. This review focuses on cases of concurrent chronic inflammatory demyelinating polyneuropathy (CIDP) and Charcot-Marie-Tooth (CMT) disease. Two cases of patients diagnosed with both CIDP and CMT1A are presented, and reported cases of CMT1A, CMT1B, and CMTX and CIDP overlap are reviewed. Although clinical history and examination have primacy, electrodiagnostic (EDx) testing and other supportive tests can help identify cases with dual pathology. Features that raised concern for superimposed inflammatory neuropathy in all cases included a combination of rapidly progressive, proximal or asymmetric weakness and sensory symptoms. The diagnosis of CIDP in these cases was supported by a combination of albuminocytologic dissociation in cerebrospinal fluid (63% of cases), EDx features of acquired demyelination on EDx (conduction block in 69% of cases, asymmetric slowing of conduction velocities), inflammatory changes on nerve biopsy (58%), and response to treatment (84%). Patients with CMT1X and CIDP had the highest rate of immunotherapy treatment failure, which may reflect misdiagnosis, as CMT1X has been associated with features of acquired segmental demyelination, such as conduction block. Neuromuscular ultrasound is the newest diagnostic test to differentiate CIDP from CMT and can be helpful in cases where motor and sensory nerve responses are absent on EDx testing.",https://pubmed.ncbi.nlm.nih.gov/42464449/,,,multiple_sclerosis,(Multiple Sclerosis[MeSH] OR multiple sclerosis[tiab] OR demyelination[tiab] OR myelin[tiab]) AND (treatment[tiab] OR intervention[tiab] OR therapy[tiab]),2026-08-05T17:36:12+00:00,,,,,
PMID_42462809,PubMed,42462809,,10.1016/j.cct.2026.108406,Educational programs based on healthy habits to improve quality of life and psychosocial profile in women with multiple sclerosis: The ADVICE protocol study.,"Rubio-Arias, Jacobo Á; Ramos-Campo, Domingo Jesús; Andreu-Caravaca, Luis; Cupeiro, Rocío; Marín-Jiménez, Nuria; Romero-Parra, Nuria; Meca-Lallana, Jose E; Martínez-Rodríguez, Alejandro; Gonzálvez-Alvarado, Lucía; Muñoz-Villena, Antonio J; Lara-Sánchez, Amador J; Benítez-Muñoz, José Antonio; López-Liria, Remedios; Molina-Torres, Guadalupe; Iniesta-Martínez, Francisca; Valero López, Gabriel; Ferrer Contreras, María Del Carmen; López Román, Javier; Ávila-Gandía, Vicente",Contemporary clinical trials,2026,"BACKGROUND: Multiple sclerosis (MS) is a chronic neurological disease primarily affecting young women. Fatigue, one of its most disabling symptoms, significantly impairs quality of life. The influence of menstrual cycle (MC) fluctuations on fatigue perception, physical activity participation, and daily living remains unclear. Multidisciplinary educational programs combining exercise, nutrition, and cognitive-behavioral therapy (CBT) show promise, but optimal delivery -supervised individualized vs. self-guided online- is unknown. The ADVICE project protocol addresses two objectives: (a) examine MC phase effects on fatigue, physical activity satisfaction, and strength training responses in women with relapsing-remitting MS (RRMS) and without MS (Phase 1); (b) compare supervised vs. self-guided programs on fatigue, functional capacity, and psychosocial well-being in people with RRMS (Phase 2).
METHODS: This protocol was developed in accordance with the SPIRIT guidelines, and the subsequent trial results will be reported following the CONSORT recommendations. Phase 1 is a randomized, controlled, crossover trial in eumenorrheic women with RRMS or without MS, to analyze fatigue and training responses across MC. Phase 2 is a randomized controlled trial comparing a supervised multidisciplinary program with a self-guided online intervention. Both phases will employ mixed ANOVA analyses with appropriate adjustments for covariates.
CONCLUSIONS: This study will provide novel insights into how MC influence fatigue, physical activity satisfaction, and strength training responses in women with RRMS and without MS, as well as the comparative effects of supervised versus self-guided multidisciplinary programs on fatigue, functional capacity, and psychosocial outcomes in people with RRMS.
CLINICAL TRIALS REGISTRATION: Phase 1 (NCT06925022). Data of registration: 15-12-2024. Phase2 (NCT06884579). Data of registration: 15-12-2025.",https://pubmed.ncbi.nlm.nih.gov/42462809/,,,multiple_sclerosis,(Multiple Sclerosis[MeSH] OR multiple sclerosis[tiab] OR demyelination[tiab] OR myelin[tiab]) AND (treatment[tiab] OR intervention[tiab] OR therapy[tiab]),2026-08-05T17:36:12+00:00,,,,,
PMID_42461563,PubMed,42461563,PMC6042421,10.1007/s00415-022-10988-1,The risk of neuropathy associated with biological therapy in juvenile idiopathic arthritis children.,"Hebeshi, Nourhan Elsayed; Kassem, Elham Mohammad; Hussein, Manal Shawky; Elkholy, Radwa Mostafa",Clinical rheumatology,2026,"OBJECTIVES: To evaluate the risk of neuropathy induced by biological drugs in children with juvenile idiopathic arthritis, clinically and by electrodiagnosis and ultrasonography.
PATIENTS AND METHODS: Eighty juvenile idiopathic arthritis (JIA) patients were divided into 2 groups: 40 patients under treatment of biologic drugs and conventional disease-modifying antirheumatic drugs (DMARDs) in group I for at least 6 months, and 40 patients under treatment of conventional DMARDs only in group II. Assessment was done using pediatric-modified total neuropathy score (Ped-mTNS), electrodiagnostic (EDX) tests, and nerve ultrasound.
RESULTS: There was a significant increase in Ped-mTNS, distal latency of peroneal nerve, and latency of tibial F wave and H-reflex, and a significant decrease in conduction velocity of both peroneal and tibial nerves in group I in comparison with group II. A positive correlation was detected between Ped-mTNS, cross-sectional area, and distal motor latency of the peroneal nerve, and between Ped-mTNS and tibial F wave latency, and a negative correlation between motor conduction velocity of the peroneal nerve and Ped-mTNS in group I. Absent H-reflex in 2 cases in group I.
CONCLUSIONS: Demyelinating peripheral neuropathy can represent a rare adverse event in JIA children treated with biological agents. Key Points • The potential risks associated with biological therapy in JIA patients and the importance of neuropathy screening in these patients. • Nerve ultrasound exhibits lower sensitivity compared to nerve conduction studies for detecting early or subclinical demyelination, as morphological changes may not be apparent on imaging despite measurable functional neurophysiological impairment. • Nerve ultrasound has a complementary role in the diagnosis of peripheral neuropathy, but clinical examination and electrodiagnostic testing remain the actual gold standard for the evaluation of the peripheral nervous system.",https://pubmed.ncbi.nlm.nih.gov/42461563/,,,multiple_sclerosis,(Multiple Sclerosis[MeSH] OR multiple sclerosis[tiab] OR demyelination[tiab] OR myelin[tiab]) AND (treatment[tiab] OR intervention[tiab] OR therapy[tiab]),2026-08-05T17:36:12+00:00,,,,,
PMID_42461507,PubMed,42461507,PMC10921855,10.1177/09636897241233045,Therapeutic Potential of Mesenchymal Stem Cells in Multiple Sclerosis: An Updated Review.,"Yildirim, Irem; Biray Avci, Cigir",Molecular neurobiology,2026,"Multiple sclerosis (MS) is an autoimmune disease that affects the central nervous system. MS impacts above 2.3 million people. The first treatments for the disease were mainly immunomodulatory drugs, which addressed the symptoms rather than the disease itself. In recent years, stem cell-based therapies have emerged as a promising approach, offering potential regenerative and immunoregulatory benefits. Among these, mesenchymal stem cells (MSCs) have attracted significant attention due to their ease of isolation from various tissues, their capacity for both autologous and allogeneic use, and their ability to release key soluble factors that simultaneously modulate immune responses and promote neural repair. This review provides an updated overview of the therapeutic potential of MSCs in MS, summarizing key experimental and clinical studies that explore their mechanisms of action, efficacy, and safety profiles across different tissue sources. We also highlight current challenges in translating MSC-based therapies from bench to bedside, including inconsistent engraftment rates, dosing heterogeneity, and the inherent limitations of autologous approaches. Moreover, we discuss future perspectives and emerging therapeutic strategies, emphasizing their role as a promising frontier in personalized regenerative medicine for MS.",https://pubmed.ncbi.nlm.nih.gov/42461507/,,,multiple_sclerosis,(Multiple Sclerosis[MeSH] OR multiple sclerosis[tiab] OR demyelination[tiab] OR myelin[tiab]) AND (treatment[tiab] OR intervention[tiab] OR therapy[tiab]),2026-08-05T17:36:12+00:00,,,,,
PMID_42461014,PubMed,42461014,,10.1080/13543784.2026.2705509,"Vidofludimus calcium for the treatment of multiple sclerosis: development rationale, mechanism of action, and early trial data.","Ondrus, Matej; Fox, Robert J; Peelen, Evelyn; Fonseca, Juliano; Sciacca, Valentina; Sanchez-Gomez, Ines; Arend, Jacques; Herrmann, Alexandra; Samcova, Maria; Gege, Christian; Havrylova, Lesia; Kohlhof, Hella; Tardio, Jason; Vitt, Daniel; Muehler, Andreas",Expert opinion on investigational drugs,2026,"INTRODUCTION: Multiple sclerosis (MS) is an autoimmune condition of the central nervous system associated with progressive disability. Safe and well tolerated treatments targeting both inflammatory and neurodegenerative processes are needed to address the spectrum of MS pathophysiology.
AREAS COVERED: Vidofludimus calcium is a potent, orally available direct activator of nuclear receptor-related 1 (Nurr1) protein and selective dihydroorotate dehydrogenase (DHODH) inhibitor. The article explores the chemistry, mechanisms of action, and pharmacokinetics of vidofludimus calcium. Furthermore, preliminary data from phase 2 trials are discussed.
EXPERT OPINION: The mechanism of action of vidofludimus calcium may allow targeting of focal neuroinflammation as well as chronic-compartmentalized inflammation and neurodegeneration. Treatment with vidofludimus calcium in patients with relapsing-remitting MS resulted in a statistically significant reduction of magnetic resonance imaging lesions in the phase 2 EMPhASIS trial. In CALLIPER, a phase 2 trial in patients with progressive MS, preliminary reports indicate consistent trends on signals related to disability progression across different disability outcomes and subpopulations. Completed studies indicate that vidofludimus calcium was generally well tolerated. In light of current unmet treatment needs, results from ongoing phase 3 trials are awaited with interest.",https://pubmed.ncbi.nlm.nih.gov/42461014/,,,multiple_sclerosis,(Multiple Sclerosis[MeSH] OR multiple sclerosis[tiab] OR demyelination[tiab] OR myelin[tiab]) AND (treatment[tiab] OR intervention[tiab] OR therapy[tiab]),2026-08-05T17:36:12+00:00,,,,,
PMID_42460527,PubMed,42460527,,10.2174/011570159x472591260627204133,Myelin Alteration in Neurodevelopmental Disorders: Integrating Clinical and Preclinical Evidence.,"Lubińska, Justyna; Śliwa, Maya; Filip, Małgorzata; Kotlińska, Jolanta H; Smaga, Irena",Current neuropharmacology,2026,"Myelination is a fundamental neurobiological process that enables rapid and efficient neural signal transmission, playing a key role in shaping brain connectivity and function-particularly during early development. Given the high energetic cost and tight developmental timing of myelination, disruptions in myelin formation or maintenance can increase vulnerability to genetic and environmental factors during critical periods. As such, impaired myelination and oligodendrocyte dysfunction may contribute to the pathogenesis of various neurodevelopmental disorders (NDDs). This review synthesizes current knowledge on the role of myelin-related changes in the pathophysiology of NDDs-including Autism Spectrum Disorder (ASD), Attention-Deficit/ Hyperactivity Disorder (ADHD), Fetal Alcohol Spectrum Disorders (FASD), intellectual developmental disorders, and communication, motor, and specific learning disorders-integrating findings from both animal models and human research. Taken together, the evidence suggests that myelin-related pathways represent a common point of vulnerability across disorders and may offer a potential target for intervention.",https://pubmed.ncbi.nlm.nih.gov/42460527/,,,multiple_sclerosis,(Multiple Sclerosis[MeSH] OR multiple sclerosis[tiab] OR demyelination[tiab] OR myelin[tiab]) AND (treatment[tiab] OR intervention[tiab] OR therapy[tiab]),2026-08-05T17:36:12+00:00,,,,,
PMID_42459650,PubMed,42459650,PMC5565625,10.1212/nxi.0000000000000392,Case Report: Neurexin-3α-associated autoimmune encephalitis with co-existence of possible anti-MOG-associated involvement.,"Li, Rongchuan; Lin, Zhiqiang; Zhuang, Jinhong; Wei, Xiaoer; Chen, Jingjiong; Xu, Xiaofeng",Frontiers in immunology,2026,"BACKGROUND: Autoimmune encephalitis (AE) associated with neurexin-3α antibodies is a rarely reported disorder that commonly presents with severe neuropsychiatric manifestations.
CASE PRESENTATION: We report a patient who tested positive for neurexin-3α and myelin oligodendrocyte glycoprotein (MOG) antibodies at low titers. The patient presented with seizures, mental and behavioral disturbances, and cognitive impairment. Brain MRI showed increased signal intensity in the bilateral hippocampus and leptomeningeal enhancement in the left cerebral hemisphere. Serum cell-based assay findings, confirmed by tissue-based assay, were positive for neurexin-3α antibodies. The patient was diagnosed with anti-neurexin-3α encephalitis, with possible concurrent anti-MOG-associated involvement. Clinical symptoms improved after treatment with glucocorticosteroids and intravenous immunoglobulin.
CONCLUSION: Although overlapping antibodies in AE are relatively common, the co-occurrence of neurexin-3α and MOG antibodies has not been previously reported. This case provides new insights into the diagnosis and treatment of neurexin-3α-associated AE.",https://pubmed.ncbi.nlm.nih.gov/42459650/,,,multiple_sclerosis,(Multiple Sclerosis[MeSH] OR multiple sclerosis[tiab] OR demyelination[tiab] OR myelin[tiab]) AND (treatment[tiab] OR intervention[tiab] OR therapy[tiab]),2026-08-05T17:36:12+00:00,,,,,
PMID_42459041,PubMed,42459041,,10.1177/01939459261451721,Non-Pharmacological Constipation Management in People With Neurodegenerative Disease: A Scoping Review.,"Park, Sooyoung; Kim, Kiyeon; Lee, Deokhyun; Kim, TaeHee; Kim, Yun Joong; Chung, Seok Jong; Lee, JuHee",Western journal of nursing research,2026,"BACKGROUND: Constipation is a common symptom among people with neurodegenerative diseases (PWND), with prevalence ranging from 25.2% to 70%. This is linked to cognitive decline, poor quality of life (QOL), and reduced survival. Although various non-pharmacological interventions exist, their methods and effects are inconsistent, highlighting the need to map current evidence.
OBJECTIVE: This scoping review aimed to systematically map evidence on non-pharmacological interventions in PWND, identify gaps, and provide recommendations for future research.
METHODS: A bibliographic search of PubMed, Embase, CINAHL, Web of Science, and the Cochrane Library was conducted in March 2026 without date restrictions. Studies on non-pharmacological interventions for constipation in PWND were included.
RESULTS: Of 2,024 identified studies, 13 were included. The included studies targeted people with multiple sclerosis (n = 7), Parkinson's disease (n = 5), and dementia (n = 1), using various diagnostic criteria for constipation. The most frequently used non-pharmacological interventions were abdominal massage (n = 4) and acupuncture (n = 4), followed by biofeedback (n = 2), bowel training (n = 1), foot reflexology (n = 1), and ginger supplementation (n = 1). The type, provider, duration, and frequency of each intervention varied across studies. Improvements were observed in constipation-related outcomes (n = 10), disease-related outcomes (n = 2), QOL outcomes (n = 3), and other outcomes (n = 3), with diverse measurement tools and findings reported.
CONCLUSION: Non-pharmacological interventions may improve constipation and overall well-being in PWND. However, heterogeneity in protocols highlights the need for standardized, disease-specific, nurse-led approaches to support clinical integration.
PROTOCOL REGISTRATION: The review protocol was registered in the Open Science Framework (https://osf.io/tu7k3).",https://pubmed.ncbi.nlm.nih.gov/42459041/,,,multiple_sclerosis,(Multiple Sclerosis[MeSH] OR multiple sclerosis[tiab] OR demyelination[tiab] OR myelin[tiab]) AND (treatment[tiab] OR intervention[tiab] OR therapy[tiab]),2026-08-05T17:36:12+00:00,,,,,
PMID_42457429,PubMed,42457429,PMC5019155,10.1002/sim.6853,Individually designed fall prevention strategies compared to generic strategies for mastering complex fall risk situations in people with multiple sclerosis: study protocol of a randomised controlled trial.,"Nilsagård, Ylva; Udumyan, Ruzan; Halleberg Nyman, Maria; Wäneskog, Anna",BMJ open,2026,"INTRODUCTION: Of individuals with mild-to-moderate multiple sclerosis (MS), 56% report falling at least once during a 3-month period. Several fall risk factors have been identified, but the issue is complex, with interactions between triggering factors and preceding activities and events. There is a lack of studies explicitly evaluating fall prevention strategies given as counselling over time.
METHODS AND ANALYSIS: The project includes (1) a two-armed randomised controlled internal pilot study with a nested qualitative study on participants' experiences and (2) a randomised controlled trial (RCT). The pilot study will evaluate feasibility in terms of recruitment, dropout, adverse events and battery of tests and will constitute a basis for recalculating the preliminary estimated sample size for a full-scale study. The RCT study will evaluate whether fall prevention strategies based on individual fall risk evaluation reduce fall frequency compared with general fall prevention information. Participants in the intervention group will have an extensive discussion with a physiotherapist regarding the impact of specific MS symptoms, environmental and personal factors, triggering factors and activities and/or circumstances that they perceive to precede fall situations; these discussions will then lead to the creation of individual strategies. In case of falling during follow-up, further discussions on strategies will be held by phone contact. The control group will receive general fall risk prevention recommendations. After completion of the study, the control group will be offered individual strategies based on reported falls. Participants in the pilot study allocated to the intervention group will after follow-up be invited to individual interviews focusing on experiences of taking part in the intervention and the study.Adults diagnosed with MS, fall history and remaining walking ability will be recruited by physiotherapists from six sites in Sweden. The primary outcome will be self-reported falls for 6 months and secondary outcomes will be self-rating scales covering concern about falling, confidence in remaining balance during activities, walking limitations and ability to avoid falls. Descriptive measures of disease impact will be used.
ETHICS AND DISSEMINATION: The study was approved by the Swedish Ethical Review Authority, Stockholm Dept. 4 (ID: 2025-04486-1, date: 2025-08-12). All participants will provide written informed consent. Findings will be disseminated through peer-reviewed journals, conference presentations and relevant patient organisations.
TRIAL REGISTRATION: NCT07378566.",https://pubmed.ncbi.nlm.nih.gov/42457429/,,,multiple_sclerosis,(Multiple Sclerosis[MeSH] OR multiple sclerosis[tiab] OR demyelination[tiab] OR myelin[tiab]) AND (treatment[tiab] OR intervention[tiab] OR therapy[tiab]),2026-08-05T17:36:12+00:00,,,,,
PMID_42456871,PubMed,42456871,,10.1016/j.ejphar.2026.179146,Valsartan repurposing to mitigate autoimmune encephalomyelitis via ACE2/Ang1-7/MasR axis pathway cognitive and neuroinflammation modulation; an experimental and chem-bio-informatics study.,"Rabie, Mostafa A; Rahmo, Rania M; El Magdoub, Hekmat M; Hamdy, Nadia M; Khedr, Lobna H",European journal of pharmacology,2026,"Multiple sclerosis (MS) is a debilitating neuroinflammatory disease frequently associated with cognitive impairment. Recent research suggests that targeting the renin-angiotensin system (RAS) may offer a promising therapeutic strategy for alleviating cognitive deficits in neurodegenerative disorders. This study aimed to explore the interactions between valsartan (VAL), an angiotensin II receptor antagonist, ACE2/Ang 1-7/MasR signaling, and PI3K/Akt/CREB/BDNF pathway in preserving cognitive function using an experimental autoimmune encephalomyelitis (EAE) mouse model. EAE was induced in mice through spinal cord homogenate, leading to motor and cognitive impairments that mimic those observed in MS patients. In addition, comprehensive bioinformatics and chemo-bioinformatics analyses were conducted. Oral administration of VAL (40 mg/kg/day) significantly ameliorated EAE-induced cognitive deficit in spatial and learning memory as evidenced by improved performance in the novel object recognition (NOR) and Morris water maze (MWM), along with a reduction in EAE clinical scoring. Histological analysis further revealed that VAL treatment mitigated EAE-induced demyelination in the corpus callosum. Mechanistically, VAL activated ACE2/Ang 1-7/MasR signaling pathway, stimulating the p-PI3K/p-Akt/p-CREB axis, and consequently elevating BDNF, its receptor TrkB and synapsin I, thereby establishing a cycle of neuroprotection. Furthermore, VAL mitigated EAE-induced neuroinflammation by reducing p-NFκB p65, TNF-α and IL-6 contents, while restoring redox balance by enhancing SOD and GPx activities, elevating GSH content and reducing MDA content. Collectively, these findings highlight the potential of VAL in preserving cognitive function in EAE by modulating key neuroprotective and anti-inflammatory pathways, offering valuable insights into novel therapeutic strategies for MS and related neuroinflammatory disorders. These conclusions are further supported by complementary bioinformatics analyses.",https://pubmed.ncbi.nlm.nih.gov/42456871/,,,multiple_sclerosis,(Multiple Sclerosis[MeSH] OR multiple sclerosis[tiab] OR demyelination[tiab] OR myelin[tiab]) AND (treatment[tiab] OR intervention[tiab] OR therapy[tiab]),2026-08-05T17:36:12+00:00,,,,,
PMID_42455903,PubMed,42455903,PMC6384065,10.1126/scitranslmed.adz6566,CD4+ T cells reactive to Epstein-Barr virus late lytic antigens are enriched in individuals with multiple sclerosis.,"Bjornevik, Kjetil; Mahler, João Vitor; Bilodeau, Philippe A; Rød, Brit Ellen; Romanow, Gabriela; Mikami, Takahisa; Anderson, Monique; Bobrowski-Khoury, Natasha; Zhu, Huimin; Nguyen, James; Sun, Ying; Matiello, Marcelo; Housman, David; Nourbakhsh, Bardia; Myhr, Kjell-Morten; Torkildsen, Øivind; Sollid, Ludvig M; Levy, Michael; Drosu, Natalia",Science translational medicine,2026,"Multiple sclerosis (MS) pathogenesis is linked to Epstein-Barr virus (EBV), but the underlying immune mechanisms remain unclear. Using an optimized T cell assay, we demonstrate that CD4+ T cells from individuals with MS predominantly target EBV viral particle components, specifically the late lytic capsid and glycoprotein antigens, rather than latent antigens. In contrast, the Epstein-Barr nuclear antigen 1 (EBNA1) primarily activated CD8+ T cells. EBV-specific CD4+ T cell responses were twofold higher in individuals with untreated MS compared with healthy controls, whereas responses to other herpesviruses remained similar. Anti-CD20 therapy initiation in treatment-naïve participants reduced these responses, a finding validated in an independent cohort, and eliminated viral shedding in saliva. Our results establish preferential CD4+ T cell reactivity to EBV late lytic antigens as a key feature of MS, providing a framework for developing EBV-targeted therapies, including vaccines and antivirals.",https://pubmed.ncbi.nlm.nih.gov/42455903/,,,multiple_sclerosis,(Multiple Sclerosis[MeSH] OR multiple sclerosis[tiab] OR demyelination[tiab] OR myelin[tiab]) AND (treatment[tiab] OR intervention[tiab] OR therapy[tiab]),2026-08-05T17:36:12+00:00,,,,,
PMID_42455897,PubMed,42455897,,10.1126/scitranslmed.aef2269,Murine autoantigen-specific type 1 regulatory T cells promote oligodendrogenesis through amphiregulin-EGFR signaling.,"Clarke, Robert; Rayatpour, Atefeh; Garnica, Josep; Lozinski, Brian M; Lee, Justin; Mohapatra, Saswat; Yamanouchi, Jun; Moro, Joel; Mondal, Debajyoti; Morch, Marlene T; Khakpour, Mohammadparsa; Murray, Colin J; Volk, Cameo; Tremblay, Marie-Eve; Serra, Pau; Yang, Yang; Yong, V Wee; Santamaria, Pere",Science translational medicine,2026,"Multiple sclerosis (MS) is an autoimmune disease of the central nervous system (CNS) that results from oligodendrocyte loss and multifocal demyelination of the CNS white matter. Current therapies can suppress the progression of CNS inflammation but do not actively promote tissue repair. Nanoparticles (NPs) coated with CNS-specific peptide-major histocompatibility complex class II (pMHCII) molecules can alleviate disability in mice with experimental autoimmune encephalomyelitis (EAE) by triggering the formation, expansion, and recruitment of antigen-specific type 1 regulatory CD4+ T cells (Tr1 cells). By investigating the effects of pMHCII-NP therapy on focal demyelinated lesions in the spinal cord induced by lysolecithin and sustained by chronic autoimmune encephalitogenic insults, here, we show that CNS antigen-specific Tr1 cells promote oligodendrogenesis, the preservation of axon caliber, and remyelination. Cell-specific deletion of amphiregulin (Areg) in T cells or of the epidermal growth factor receptor (Egfr) in oligodendrocytes abrogated these therapeutic outcomes. Oligodendrocyte-specific deletion of Egfr did not impair the pharmacodynamic or anti-inflammatory effects of pMHCII-NP treatment. These findings indicate that the oligodendrocyte-mediated therapeutic effects of pMHCII-NP treatment are dissociated from the anti-inflammatory properties of Tr1 cells; instead, they involve Tr1 cell-derived Areg to activate oligodendrocytes in an EGFR-dependent manner. Together, these results indicate that antigen-specific regulatory T cells can promote oligodendrogenesis and highlight the amphiregulin-oligodendrocyte EGFR pathway as a target for therapeutic intervention in MS.",https://pubmed.ncbi.nlm.nih.gov/42455897/,,,multiple_sclerosis,(Multiple Sclerosis[MeSH] OR multiple sclerosis[tiab] OR demyelination[tiab] OR myelin[tiab]) AND (treatment[tiab] OR intervention[tiab] OR therapy[tiab]),2026-08-05T17:36:12+00:00,,,,,
PMID_42455621,PubMed,42455621,,10.20344/amp.24365,[Guidelines for the Management of Secondary Hypogammaglobulinemia in Multiple Sclerosis Patients on Anti-CD20 Monoclonal Antibody Therapy].,"Aires Fernandes, André; Neves, Ana Lídia; Ferro, Daniela; Seabra, Mafalda; Soares Dos Reis, Ricardo; Mendonça, Teresa; Abreu, Cândida; Guimarães, Joana; Abreu, Pedro",Acta medica portuguesa,2026,"Hypogammaglobulinemia is a common laboratory complication in patients with multiple sclerosis treated with anti-CD20 monoclonal antibodies, and it may be associated with an increased risk of infections. This guideline, developed by the Cerebrospinal Fluid Study and Research Unit of Unidade Local de Saúde São João, proposes a structured approach for the assessment and management of this condition. It outlines strategies for infection risk mitigation both before and during therapy, as well as the indications for initiating immunoglobulin replacement therapy when appropriate. The aim is to support clinical decision-making by promoting a safe, individualized, and patient-centered intervention.",https://pubmed.ncbi.nlm.nih.gov/42455621/,,,multiple_sclerosis,(Multiple Sclerosis[MeSH] OR multiple sclerosis[tiab] OR demyelination[tiab] OR myelin[tiab]) AND (treatment[tiab] OR intervention[tiab] OR therapy[tiab]),2026-08-05T17:36:12+00:00,,,,,
PMID_42455218,PubMed,42455218,PMC6948104,10.1016/s0304-3959(01)00349-9,Efficacy and Safety of Intermittent Negative Pressure Treatment on Spasticity and Spasticity-Related Symptoms in Patients with Multiple Sclerosis: A Two-Arm Randomized Trial.,"Nørregaard, Jesper; Hoel, Henrik; Mathiesen, Iacob; Haghighi, Sarah; Kierkegaard, Marie; Piehl, Fredrik; Blinkenberg, Morten; Myhr, Kjell Morten",Neurology and therapy,2026,"INTRODUCTION: To compare the efficacy of treatment with two different levels of intermittent negative pressure (INP), applied to the lower limb, on self-reported spasticity and pain in patients with multiple sclerosis (MS).
METHODS: A randomized, two-arm multicenter trial enrolled patients with spasticity in the leg ≥ 4 on the numeric rating scale (NRS). Patients were randomized to treatment with -10 mmHg INP (low-dose group [LDG]) or -40 mmHg INP (high-dose group [HDG]) on the most affected leg, using the FlowOx 2.0 device (Otivio AS, Oslo, Norway). The device applies alternating cycles of 10 s of negative pressure and 7 s of ambient pressure via a sealed pressure chamber around the lower leg, for 1 h daily for 4 weeks.
RESULTS: There was no difference in the change in NRS spasticity and pain score between the two groups after 4 weeks (estimated treatment effect 0.72; 95% CI [-0.17, 1.61]; p = 0.114, and 1.09; 95% CI [-0.35, 2.53]; p = 0.138, respectively). Both HDG and LDG experienced a statistically significant decrease in NRS spasticity compared with baseline (mean change -1.0; 95% CI [-1.6, -0.4]; p = 0.001, and mean change -1.6; 95% CI [-2.5, -0.6]; p = 0.002, respectively), and both groups had a significant decrease in NRS pain score compared with baseline (mean change -1.5; 95% CI [-2.6, -0.5]; p = 0.007, and mean change -3.0; 95% CI [-5.0, -1.0]; p = 0.006, respectively). No improvements in objective walking tests were observed. Treatment compliance was high, and device-related adverse events were mild to moderate.
CONCLUSION: There was no difference between treatment with a high and a low INP level in spasticity and pain. Both pressure levels led to significant improvements in spasticity and pain compared with baseline. INP treatment appears safe and may represent a useful non-pharmacological treatment option for spasticity in patients with MS.
TRIAL REGISTRATION: ClinicalTrials.gov identifier NCT05562453.",https://pubmed.ncbi.nlm.nih.gov/42455218/,,,multiple_sclerosis,(Multiple Sclerosis[MeSH] OR multiple sclerosis[tiab] OR demyelination[tiab] OR myelin[tiab]) AND (treatment[tiab] OR intervention[tiab] OR therapy[tiab]),2026-08-05T17:36:12+00:00,,,,,
PMID_42455009,PubMed,42455009,,10.1093/ndt/gfag165,Urea vs. tolvaptan for hospitalized patients with SIADH.,"Heller, Marie; Marx, Kathrin; Hoffmann, Ulrike; Rebettge, Johanna; Bader, Franziska; Fenves, Andrew Z; Geisler, Benjamin P; Wendt, Ralph","Nephrology, dialysis, transplantation : official publication of the European Dialysis and Transplant Association - European Renal Association",2026,"RATIONALE: Hyponatremia is the most common electrolyte disorder found in hospitalized patients and is associated with an increased mortality. Urea has been proposed as an alternative to vasopressin receptor antagonists (VRA) in the treatment of SIAD though comparative data are scarce. The aim was to evaluate the effectiveness and safety of urea compared with tolvaptan for treating SIAD in hospitalized patients.
METHODS: Retrospective cohort study of adult inpatients with SIAD (serum sodium <130 mmol/L) treated with either urea or tolvaptan at a single institution between January 2015 and December 2023. Inverse probability of treatment weighting adjusted for confounders. Primary outcome was the proportion of patients achieving a serum sodium of >130 mmol/L. Secondary outcomes included time to treatment goal, serum sodium changes at 24, 48, and 72 hours, proportion of overcorrection (>10 mmol/L per 24 hours) and resource utilization.
RESULTS: Of 537 patients, 463 received urea (median age 78 years; 57% female; baseline serum sodium 124.2 mmol/L, mean starting dose: 26 ± 6.1 g daily) and 74 received tolvaptan (68 years; 56% female; 123.6 mmol/L, mean starting dose 12.9 ± 6.5 mg daily). Similar proportions reached a serum sodium >130 mmol/L (79.7% vs 78.0%, P = 0.986). Time to target showed a trend favoring tolvaptan (2 (IQR 1-4) vs 3 (IQR 2-5) days, P = 0.077). Tolvaptan produced faster sodium increases at 48 hours (8.3 (IQR 4.4-12.0) vs. 5.6 (IQR 2.9-9.0) mmol/L), P = 0.001) but also more overcorrections (>10 mmol/L per 24 hours: 10.8% vs 3.2%, P = 0.011). Treatment duration was longer with tolvaptan (7 (IQR 4-11) vs 5 (IQR 3-8) days, P = 0.001), with substantially higher costs (€468 vs €12, P < 0.001).
CONCLUSIONS: Urea may have a comparable effectiveness to tolvaptan with similar success rates but fewer overcorrections and substantially lower costs. These findings support urea as a safe and cost-effective first-line treatment option for appropriate patients with SIAD.",https://pubmed.ncbi.nlm.nih.gov/42455009/,,,multiple_sclerosis,(Multiple Sclerosis[MeSH] OR multiple sclerosis[tiab] OR demyelination[tiab] OR myelin[tiab]) AND (treatment[tiab] OR intervention[tiab] OR therapy[tiab]),2026-08-05T17:36:12+00:00,,,,,
PMID_42453395,PubMed,42453395,PMC1555670,10.1016/j.apsb.2026.03.033,In situ generation of EBNA1 CAR-T cells eradicates antigen specific auto-immune B cells for multiple sclerosis treatment.,"Shi, Chongdeng; Han, Maosen; Yang, Hui; Zhao, Xiaotian; Zheng, Zuolin; Wang, Huijun; Fu, Zhipeng; Dai, Kuan; Zhao, Kun; Li, Na; Song, Yudong; Chen, Chen; Yang, Fei; Li, Anning; Jiang, Xinyi",Acta pharmaceutica Sinica. B,2026,"Multiple sclerosis (MS) is a chronic inflammatory demyelinating disease of the central nervous system (CNS). Epstein‒Barr virus (EBV)-induced B-cell overactivation could lead to inflammatory injury to the CNS, which is thought to underlie the initiation and progression of MS. To specifically eradicate these B cells, we report in situ EBNA1-specific chimeric antigen receptor (CAR)-T cells that were transiently programmed with circular RNA (circRNA)-laden CD7-targeted lipid nanoparticles (CD7-LNP). We demonstrate that systematic injection of CD7-LNP can efficiently introduce CAR circRNA to T lymphocytes and yield in vivo CAR-T cells. These in situ CAR-T cells were able to specifically clear EBNA1-specific B cells and significantly mitigate the progression of MS in a MS mouse model. Thus, in situ generation of EBNA1-specific CAR-T cells hold promise as a therapeutic strategy for MS that avoids the risks of general immunosuppression, and warrant further clinical trials.",https://pubmed.ncbi.nlm.nih.gov/42453395/,,,multiple_sclerosis,(Multiple Sclerosis[MeSH] OR multiple sclerosis[tiab] OR demyelination[tiab] OR myelin[tiab]) AND (treatment[tiab] OR intervention[tiab] OR therapy[tiab]),2026-08-05T17:36:12+00:00,,,,,
PMID_42452748,PubMed,42452748,PMC11876024,10.3389/fneur.2025.1538358,When LHON Mimics Demyelination: Area Postrema Syndrome in Biallelic DNAJC30 Variants.,"Dzwilewski, Kamil; Krygier, Magdalena; Szymarek, Jakub; Zawadzka, Marta; Stodolska-Koberda, Urszula; Mazurkiewicz-Bełdzińska, Maria",Journal of clinical medicine,2026,"Introduction: Biallelic pathogenic variants in DNAJC30 cause an autosomal recessive form of Leber hereditary optic neuropathy (LHONAR1), traditionally considered a mitochondrially transmitted disorder. The phenotypic spectrum of diseases linked to DNAJC30 includes isolated optic neuropathy, Leigh syndrome spectrum (LSS), and atypical LHON-plus. Case description: Here, we report a 13-year-old boy presenting symptoms of area postrema syndrome (APS), with recurrent vomiting, vertigo, nystagmus, and subacute visual deterioration with central scotoma. Ophthalmological examination revealed bilateral papilledema with telangiectatic vessels, while visual evoked potentials demonstrated severe bilateral optic pathway dysfunction. Brain magnetic resonance imaging (MRI) showed T2/FLAIR hyperintense lesions involving the area postrema and enhancement of the optic nerves, strongly suggesting seronegative neuromyelitis optica spectrum disorder (NMOSD). Extensive immunological and cerebrospinal fluid studies, including anti-aquaporin-4 (AQP4) and anti-MOG antibodies, were negative. High-dose corticosteroids and intravenous immunoglobulins resulted in only transient and incomplete improvement, followed by further visual decline. Additionally, laboratory tests detected elevated lactate plasma levels. Hence, whole-exome sequencing was performed, which identified a homozygous pathogenic DNAJC30 c.152A>G, p.(Tyr51Cys) variant, associated with LHONAR1. After initiation of idebenone therapy, the patient showed significant improvement in visual function, normalization of lactate levels, and complete resolution of the brainstem lesions on follow-up MRI. Conclusions: This case further expands the neuro-ophthalmic spectrum associated with DNAJC30 variants and suggests that DNAJC30-related disease may closely mimic seronegative NMOSD. We highlight that early genetic diagnosis is essential, as recognition of this mitochondrial etiology enables targeted therapy and may substantially improve clinical outcomes.",https://pubmed.ncbi.nlm.nih.gov/42452748/,,,multiple_sclerosis,(Multiple Sclerosis[MeSH] OR multiple sclerosis[tiab] OR demyelination[tiab] OR myelin[tiab]) AND (treatment[tiab] OR intervention[tiab] OR therapy[tiab]),2026-08-05T17:36:12+00:00,,,,,
PMID_42452581,PubMed,42452581,PMC9338179,10.1016/s1474-4422(17)30470-2,From Clinical Trial Efficacy to Real-World Effectiveness and Safety: Two-Year Outcomes of Cladribine in Relapsing-Remitting Multiple Sclerosis.,"Yaşargün, Duygu Özkan; Türkoğlu, Recai",Journal of clinical medicine,2026,"Background/Objectives: Cladribine is a high-efficacy immune reconstitution therapy for relapsing multiple sclerosis, but additional real-world data remain valuable, particularly from single-center cohorts with combined clinical, radiological, and laboratory follow-up. This study aimed to evaluate the 24-month effectiveness and safety of cladribine in patients with relapsing-remitting multiple sclerosis (RRMS), with a particular focus on no evidence of disease activity (NEDA-3) and lymphopenia. Methods: This retrospective single-center observational cohort study included adults with RRMS treated with cladribine who had at least 24 months of clinical and MRI follow-up. NEDA-3 was defined as the absence of clinical relapses, disability progression, and MRI activity. Brain MRI was performed at 6, 12, and 24 months. Absolute lymphocyte counts were monitored longitudinally, and lymphopenia was graded according to standard criteria. Results: A total of 71 patients were included. NEDA-3 was achieved in 61 patients (85.9%) at 12 months and 50 patients (70.4%) at 24 months. No demographic or baseline clinical variable was independently associated with NEDA-3 at either time point. Lymphopenia occurred in 53 patients (74.6%), including grade 1 in 14 (19.7%), grade 2 in 23 (32.4%), grade 3 in 14 (19.7%), and grade 4 in 2 (2.8%). One patient developed herpes zoster infection during follow-up. Conclusions: Cladribine demonstrated durable effectiveness and a manageable safety profile over 24 months in a real-world RRMS population. The close alignment between our findings and those reported in pivotal clinical trials underscores the external validity of cladribine efficacy beyond controlled study environments. These data provide valuable real-world evidence bridging the gap between controlled research settings and everyday patient care, thereby strengthening the evidence base for cladribine in contemporary MS management.",https://pubmed.ncbi.nlm.nih.gov/42452581/,,,multiple_sclerosis,(Multiple Sclerosis[MeSH] OR multiple sclerosis[tiab] OR demyelination[tiab] OR myelin[tiab]) AND (treatment[tiab] OR intervention[tiab] OR therapy[tiab]),2026-08-05T17:36:12+00:00,,,,,
PMID_42452430,PubMed,42452430,PMC12748389,10.1007/s12672-025-04122-6,"Distinct Regulatory DNA Methylation Signatures Across Multiple Sclerosis, Neuromyelitis Optica, and Neurological Post-Acute Sequelae of COVID-19.","Munzir, Syed Ilyas; Hier, Daniel B; Carrithers, Michael D",Journal of clinical medicine,2026,"Background/Objectives: Our prior epigenome-wide association study (EWAS) on multiple sclerosis (MS) identified myeloid-associated methylation signatures and an association with enhancer regions. Here we compared differential DNA methylation across three central nervous system inflammatory disorders: MS, neuromyelitis optica (NMO), and neurologic post-acute sequelae of COVID-19 (neuro-PASC). Methods: Whole-blood DNA was profiled on Infinium MethylationEPIC arrays. Analyses included EWAS at the CpG level, differentially methylation region (DMR) analysis, and gene regulatory-element enrichment using Locus Overlap Analysis (LOLA). Limma linear models were adjusted for race, EPIC array version, age, sex, disease-modifying treatment class, and blood cell composition. Results: All three diseases were associated with broad CpG-level differential methylation. The most robust findings were disease-specific DMR signatures in gene regulatory regions. All three diseases shared Lamin B1-anchored chromatin states as an architectural genomic feature but differed in immune regulatory transcription factor binding sites (TFBS), RNA polymerase (Pol II) occupancy, and DNase accessibility. MS was enriched for TFBS in myeloid CEBPB and SPI1/PU.1 and lymphocyte-associated RUNX3, EBF1, and BATF. MS hypomethylated DMRs were concentrated at active enhancers and myeloid TFBS, suggestive of chronic myeloid activation. NMO showed the clearest promoter and B lymphocyte associated profile. Neuro-PASC was associated with hematopoietic DNase accessibility and TFBS for BATF and EBF1. Conclusions: These results suggest that DNA methylation in MS, NMO, and neuro-PASC differ meaningfully in regulatory architecture rather than conforming to a single shared disease-associated methylation model. A long-term goal is to develop immune therapies for newly recognized diseases such as neuro-PASC.",https://pubmed.ncbi.nlm.nih.gov/42452430/,,,multiple_sclerosis,(Multiple Sclerosis[MeSH] OR multiple sclerosis[tiab] OR demyelination[tiab] OR myelin[tiab]) AND (treatment[tiab] OR intervention[tiab] OR therapy[tiab]),2026-08-05T17:36:12+00:00,,,,,
PMID_42450833,PubMed,42450833,PMC9159367,10.1016/j.apmr.2020.03.017,Qualitative Evaluation of the Seated Physical Activity INtervention (SPIN) Randomized Controlled Trial for Wheelchair Users with Multiple Sclerosis (MS): Formative Feedback and Future Directions.,"Piasecki, Angela J; Motl, Robert W; Froehlich-Grobe, Katherine; Silveira, Stephanie L","Healthcare (Basel, Switzerland)",2026,"BACKGROUND/OBJECTIVES: Wheelchair users with multiple sclerosis (MS) often face barriers that restrict participation in physical activity and exercise training. This manuscript reports on participant feedback to guide evaluating and refining a novel exercise training program, Seated Physical activity INtervention (SPIN). SPIN was adapted from the Guidelines for Exercise in MS (GEMS) approach using a three-step community-engaged research framework based on meeting the needs of wheelchair users with MS.
METHODS: Semi-structured interviews were conducted with 9 participants who completed the 16-week SPIN intervention. The key SPIN intervention components were the exercise prescription, exercise equipment, and behavioral coaching grounded in Social Cognitive Theory. Formative interview domains included overall experience, enjoyable and missing components, delivery modifications, barriers, lessons learned, and additional research topics of interest. Data were analyzed and reported using a rapid qualitative analysis approach.
RESULTS: Interviews averaged 16 ± 10 min. Participants reported enjoying SPIN, noting program strengths as being flexible and appropriate for individuals with MS, receiving coaching calls by knowledgeable staff that offered support and accountability, and receiving exercise equipment and video demonstrations. Participants also identified strategies for enhancing the program such as including peer support, offering real-time feedback during exercise, and adding other wellness behavior topics (e.g., diet).
CONCLUSIONS: The results offer helpful ideas to consider when developing exercise training programs for wheelchair users with MS and other disabilities that may improve health and well-being.",https://pubmed.ncbi.nlm.nih.gov/42450833/,,,multiple_sclerosis,(Multiple Sclerosis[MeSH] OR multiple sclerosis[tiab] OR demyelination[tiab] OR myelin[tiab]) AND (treatment[tiab] OR intervention[tiab] OR therapy[tiab]),2026-08-05T17:36:12+00:00,,,,,
PMID_42449389,PubMed,42449389,,10.1186/s12974-026-03935-8,Ferritin-ApoE nanocarrier for targeted therapy of neuromyelitis optica spectrum disorder in mice.,"Zhao, Xin; Liang, Qian; Lin, Kangqi; Jiang, Shihe; Yang, Tian; Sun, Mengjiao; Song, Run; Yan, Junqiang; Palma-Tortosa, Sara; Kokaia, Zaal; Yan, Xiyun; Du, Ganqin; Fan, Kelong; Jin, Wei-Na",Journal of neuroinflammation,2026,"BACKGROUND: Neuromyelitis optica spectrum disorder (NMOSD) is a chronic inflammatory autoimmune disease affecting the central nervous system (CNS), characterized by anti-aquaporin 4 (AQP4) antibody-mediated damage to astrocytes, resulting in subsequent demyelination. Our prior work identified the protective effects of the apolipoprotein E130-149 (ApoE130-149) peptide in NMOSD mice by promoting astrocyte-microglia intercellular communication. However, its therapeutic potential is restricted due to the limited penetration of the blood-brain barrier (BBB) with systemic administration. Here, we designed a heavy-chain ferritin (HFn)-based nanocarrier containing the ApoE130-149 peptide (HFn-ApoE130-149), specifically engineered for CNS delivery.
METHODS: HFn-ApoE130-149 was constructed through genetic engineering by fusing the coding sequence of HFn with that of the ApoE130-149 peptide in a recombinant plasmid. An acute NMOSD mouse model was induced by transcranial co-injection of AQP4-IgG and human complement (hC) into the brain. The distribution of Cy5.5-labeled HFn-ApoE130-149 post intravenous injection was tracked using in vivo fluorescence imaging to confirm its presence in the brain and peripheral organs. Lesions in the brain were quantified using T2-weighted 7 Tesla magnetic resonance imaging (7T-MRI). Neuropathological features of NMOSD were evaluated by immunostaining of brain sections. Neuroinflammation and immune cell infiltration were analyzed via flow cytometry. The key signaling pathways regulated by HFn-ApoE130-149 were investigated through Western blot (WB) analysis. The interaction between HFn-ApoE130-149 and its receptors was validated through co-immunoprecipitation and visualized on microglia using proximity ligation assay (PLA). Finally, the therapeutic effect on spatial learning and memory was evaluated using the Morris water maze (MWM) test.
RESULTS: The HFn-ApoE130-149 effectively crossed the BBB, attenuated lesion progression and demyelination, as well as preserved AQP4 expression and astrocytic integrity in NMOSD mice. The treatment induced a spatial and phenotypic restructuring of the astrocytic response, notably reducing excessive astrocyte accumulation around lesions while encouraging a proliferative and reparative phenotype. Furthermore, HFn-ApoE130-149 influenced microglial polarization towards an anti-inflammatory state, reducing infiltration of peripheral immune cells. Mechanistically, HFn-ApoE130-149 exerted its anti-inflammatory effects through the low-density lipoprotein receptor-related protein 1 (LRP1) -nuclear factor kappa B (NF-κB) signaling axis in microglia. Functional binding of HFn-ApoE130-149 to LRP1 suppressed inhibitor of NF-κB (IκBα) phosphorylation, thereby inhibiting NF-κB nuclear translocation and the subsequent release of pro-inflammatory cytokines, including interleukin-1 beta (IL-1β), interleukin-6 (IL-6), and tumor necrosis factor-alpha (TNF-α). Knocking down LRP1 reversed these effects, highlighting the importance of the LRP1-NF-κB signaling axis in the nanotherapeutic's efficacy. Treatment with HFn-ApoE130-149 improved spatial learning and rescued memory deficits in NMOSD mice.
CONCLUSION: This study demonstrates that the engineered nanodrug HFn-ApoE130-149 is a promising targeted therapy for alleviating NMOSD pathology by enhancing BBB penetration and suppressing neuroinflammation through the LRP1-NF-κB signaling axis.",https://pubmed.ncbi.nlm.nih.gov/42449389/,,,multiple_sclerosis,(Multiple Sclerosis[MeSH] OR multiple sclerosis[tiab] OR demyelination[tiab] OR myelin[tiab]) AND (treatment[tiab] OR intervention[tiab] OR therapy[tiab]),2026-08-05T17:36:12+00:00,,,,,
PMID_42449380,PubMed,42449380,,10.1186/s12913-026-15129-2,Optimising access to employment support for people with multiple sclerosis through charities: a qualitative study using Normalisation Process Theory.,"De Dios Perez, Blanca; Senior, Caolan; Das Nair, Roshan; Kendrick, Denise; Evangelou, Nikos; Newsome, Ian; Radford, Kate",BMC health services research,2026,"BACKGROUND: Vocational rehabilitation (VR) interventions aimed at optimising job retention could help people with multiple sclerosis (MS) stay employed longer and prevent premature job loss. Currently, there is a lack of specialist services providing these types of interventions in the United Kingdom, and existing healthcare services are overstretched, hindering the introduction of a new service. This study aims to report on the adaptation of an MS-specific VR intervention for implementation within charities supporting those living with MS.
METHODS: Semi-structured interviews with people with MS, employers, and employees from charities, and informal communication with stakeholders from national charities supporting employment for people with disabilities. This study used the ADAPT guidance and normalisation process theory (NPT), which together informed the design, stakeholder engagement, and data analysis using framework analysis.
RESULTS: We conducted semi-structured interviews with 26 participants (11 people with MS, 12 MS charity employees, and three employers), and informal conversations with six stakeholders [charity employment specialists (n = 3), disability advisors (n = 2), charity CEO (n = 1)]. Four themes mapped to the core NPT constructs were identified to explain the implementation process, including service structure, training non-specialists, intervention components, and service promotion. Recommended adaptations include providing guidance on structured intervention sessions, collaborations with external organisations, and monitoring intervention delivery and performance to maximise the use of the limited resources available.
CONCLUSION: The adaptations identified can facilitate the delivery of the VR intervention within charities. Providing mentoring support, upskilling staff, and strategic collaborations are essential for the long-term sustainability of the intervention in this new context.",https://pubmed.ncbi.nlm.nih.gov/42449380/,,,multiple_sclerosis,(Multiple Sclerosis[MeSH] OR multiple sclerosis[tiab] OR demyelination[tiab] OR myelin[tiab]) AND (treatment[tiab] OR intervention[tiab] OR therapy[tiab]),2026-08-05T17:36:12+00:00,,,,,
PMID_42449057,PubMed,42449057,PMC7210730,10.30802/aalas-jaalas-19-000084,Ficus deltoidea Preserves Hippocampal Neuronal Integrity and Redox Balance in Oxidative Stress-Driven Alzheimer's Disease-Like Rat Model.,"Bukar, Alhaji Modu; Che Mohd Nassir, Che Mohd Nasril; Ayuba, Michael; Manoharan, Sushmita Devi; Usman, Abdulhamid Sani; Umar, Babagana Isa; Hein, Zaw Myo; Mohd Moklas, Mohamad Aris; Mehat, Muhammad Zulfadli; Abdul Hamid, Hafizah",Molecular neurobiology,2026,"Alzheimer's disease (AD) is a progressive neurodegenerative disorder and the leading cause of dementia worldwide, with oxidative stress playing a central role in its pathogenesis. Ficus deltoidea (FD), a medicinal plant rich in flavonoids vitexin and isovitexin, possesses potent antioxidant and anti-inflammatory properties, yet its neuroprotective efficacy in AD remains incompletely characterized. This study investigated the protective effects of FD in a D-galactose- and aluminum chloride (AlCl3)-induced oxidative stress-driven AD-like rat model using behavioral, histological, ultrastructural, and biochemical approaches. Fifty-four male Wistar rats were assigned to six groups: control, AD-like model, donepezil (1 mg/kg), and FD-treated groups (50, 100, and 200 mg/kg) for 10 weeks. Anxiety-like behavior and spatial working memory were assessed using the elevated plus maze (EPM) and T-maze tests, respectively. Hippocampal neuronal integrity was evaluated by hematoxylin and eosin (H&E) staining and transmission electron microscopy (TEM), while oxidative stress biomarkers (MDA, CAT, T-SOD, CuZn-SOD, and HO-1) were quantified using ELISA. FD treatment, particularly at 200 mg/kg, significantly improved spatial working memory and normalized anxiety-related behavior, with treatment responses approaching those observed in the donepezil-treated group. Histological analyses revealed preservation of pyramidal neurons across CA1, CA2, CA3, and dentate gyrus subregions, while ultrastructural studies demonstrated marked protection of mitochondrial integrity, myelin sheath organization, and smooth endoplasmic reticulum morphology. Biochemically, FD significantly reduced lipid peroxidation and enhanced endogenous antioxidant defenses. In conclusion, FD exerted significant neuroprotective effects characterized by preservation of hippocampal structure, maintenance of neuronal ultrastructure, and restoration of redox homeostasis in an oxidative stress-driven AD-like model. These findings demonstrate that FD mitigates oxidative stress-associated neuronal injury and cognitive impairment in a D-galactose and AlCl3-induced AD-like rat model, supporting its potential as a phytotherapeutic candidate for oxidative stress-related neurodegeneration. However, further studies are required to determine its effects on canonical Alzheimer's disease pathologies, including amyloid and tau abnormalities.",https://pubmed.ncbi.nlm.nih.gov/42449057/,,,multiple_sclerosis,(Multiple Sclerosis[MeSH] OR multiple sclerosis[tiab] OR demyelination[tiab] OR myelin[tiab]) AND (treatment[tiab] OR intervention[tiab] OR therapy[tiab]),2026-08-05T17:36:12+00:00,,,,,
PMID_42448967,PubMed,42448967,PMC4670503,10.1016/j.chom.2023.01.013,Gut microbiome modulation by Veillonella ratti induces resistance to EAE pathogenesis via microbe-derived metabolites.,"Sittipo, Panida; Park, Joon-Young; Tiffany, Eunike; Oh, Ara; Moon, Subin; Lee, Chan Hee; Oh, Jae Sang; Kim, Tae-Young; Kweon, Mi-Na; Choi, Jaeseoung; Song, Keon-Hyoung; Lee, Dong-Woo; Nam, Myung Hee; Hong, Soo-Jong; Lee, Eun-Young; Jeon, Seong Ran; Song, Ho-Yeon; Kim, Bong-Soo; Lee, Yun Kyung",Experimental & molecular medicine,2026,"The progression of multiple sclerosis (MS) is potentially influenced by the microbiome. Elucidating host-microbiome interactions in MS may aid in developing microbiome-based applications; however, these interactions remain unclear. Here, we aimed to elucidate how Veillonella ratti MHL0042, isolated from human infant feces, modulates neuroinflammation and disease severity in experimental autoimmune encephalomyelitis, a murine MS model. Whole metagenomic sequencing revealed that V. ratti MHL0042 reshaped disrupted gut microbiota via microbial interactions throughout the intestinal tract. V. ratti MHL0042 administration significantly reduced central nervous system inflammation, notably decreasing CD4+IFN-γ⁺ T cell populations and activated spinal cord microglia. Mechanistically, V. ratti MHL0042 depleted pldA-containing bacteria, involved in phosphatidylethanolamine metabolism, thus elevating dioleoyl phosphatidylethanolamine (DOPE) levels. Increased DOPE was not only detected in the intestinal tract but also extended systemically and reflected in the central nervous system. Exogenous DOPE administration recapitulated the attenuation of experimental autoimmune encephalomyelitis pathogenesis by suppressing microglial activation. These findings highlight the therapeutic applicability of the microbiome and underscore its potential in human disease treatment.",https://pubmed.ncbi.nlm.nih.gov/42448967/,,,multiple_sclerosis,(Multiple Sclerosis[MeSH] OR multiple sclerosis[tiab] OR demyelination[tiab] OR myelin[tiab]) AND (treatment[tiab] OR intervention[tiab] OR therapy[tiab]),2026-08-05T17:36:12+00:00,,,,,
PMID_42448439,PubMed,42448439,,10.1136/bcr-2025-265504,Diagnostic dilemma in visual loss due to diabetic papillopathy masquerading as optic neuritis.,"Rajakumar, Priyadarshini; Samuel, Selva Seelan; Asirvatham, Adlyne Reena; Mahadevan, Shriraam; Annamalai, Radha",BMJ case reports,2026,"Diabetic papillopathy (DP), a rare complication of diabetes mellitus, involves benign changes in the optic nerve head due to metabolic stress or immune dysfunction. This report describes a middle-aged male patient with type 2 diabetes mellitus for 1 year, presenting with painless, progressive blurring of vision in his right eye for 2 weeks. His best corrected visual acuity was 6/18 in the right eye and 6/6 in the left. Examination revealed a sluggish pupillary reaction, grade 1 relative afferent pupillary defect, optic disc hyperaemia, obscured margins and venous tortuosity in the right eye. He was treated for presumed optic neuritis (ON) with intravenous and oral corticosteroids. However, Vision worsened during the period of corticosteroid treatment. Although a temporal association was observed, a causal relationship between corticosteroid therapy and worsening of DP cannot be definitively established from a single case. Anti-neuromyelitis optica antibody was negative while anti-myelin oligodendrocyte antibody was weakly positive. MRI showed optic nerve thickening without demyelination or raised intracranial pressure. After being diagnosed with DP, corticosteroids were tapered and the treatment focus shifted to strict glycaemic control. Disc oedema can be the common feature in both with microvascular occlusion in DP and inflammation in ON as the underlying cause. This case emphasises the importance of distinguishing DP from other optic neuropathies, as their treatments are vastly different and diametrically opposite.",https://pubmed.ncbi.nlm.nih.gov/42448439/,,,multiple_sclerosis,(Multiple Sclerosis[MeSH] OR multiple sclerosis[tiab] OR demyelination[tiab] OR myelin[tiab]) AND (treatment[tiab] OR intervention[tiab] OR therapy[tiab]),2026-08-05T17:36:12+00:00,,,,,
PMID_42445603,PubMed,42445603,PMC5423756,10.29399/npa.29385,Increased Myeloid-Derived Suppressor Cells in Newly Diagnosed Multiple Sclerosis: Immunophenotyping and Functional Validation.,"Özen, Nazire Pınar Acar; Yanık, Hamdullah; Tuncer, Aslı",Noro psikiyatri arsivi,2026,"INTRODUCTION: Myeloid-derived suppressor cells (MDSCs) are key regulators of immune responses during chronic inflammation. Their role in early multiple sclerosis (MS) remains incompletely defined. We aimed to evaluate circulating monocytic (M-MDSC) and polymorphonuclear (PMN-MDSC) levels in newly diagnosed, treatment-naïve MS patients and to assess their functional suppressive capacity.
METHODS: Eighteen newly diagnosed MS patients and ten age- and sex-matched healthy controls were included. Peripheral blood MDSC subsets were quantified by flow cytometry. Clinical characteristics, MRI findings, and cerebrospinal fluid (CSF) parameters were recorded. Proof-of-concept functional validation was performed using T-cell proliferation assays assessed using CFSE fluorescence dilution by flow cytometry.
RESULTS: Both M-MDSC and PMN-MDSC percentages were significantly higher in MS patients compared with controls (p<0.001 for both). Myeloid-derived suppressor cell levels did not differ according to sex and showed no correlation with time from symptom onset, MRI activity, or CSF parameters. Functionally, sorted MDSC subsets suppressed activated T-cell proliferation.
CONCLUSION: Newly diagnosed, untreated MS patients exhibit an expansion of circulating MDSCs with preserved suppressive capacity. These findings suggest that early MS may involve a systemic immunoregulatory response that is not fully captured by conventional clinical or radiological measures.",https://pubmed.ncbi.nlm.nih.gov/42445603/,,,multiple_sclerosis,(Multiple Sclerosis[MeSH] OR multiple sclerosis[tiab] OR demyelination[tiab] OR myelin[tiab]) AND (treatment[tiab] OR intervention[tiab] OR therapy[tiab]),2026-08-05T17:36:12+00:00,,,,,
PMID_42443612,PubMed,42443612,PMC10225524,10.3389/fcimb.2023.1120570,Grape Seed Proanthocyanidin Extract (GSPE) Mitigates Preterm White Matter Injury in Mice Via Improving Mitochondrial Homeostasis and Activity of IMMP2L-Related Signaling Pathway.,"Wang, Nina; Lei, Zhe; Ge, Xinyu; Li, Qingchen; Ma, Teng; He, Xuexian; Li, Hailin; Li, Linlong; Li, Shangzong; Wang, Junyan; Wang, Yin",Neurochemical research,2026,"Grape seed proanthocyanidins extract (GSPE) has demonstrated significant neuroprotective efficacy in various neurodevelopmental disorders, nevertheless its potential beneficial role in preterm white matter injury (PWMI) remains unclear. This study aims to evaluate the therapeutic potential of GSPE against PWMI and the underlying mechanisms. GSPE (20 mg/Kg) was taken orally by the mouse after PWMI modeling. The survival rate, incidence of macroscopic lesions, body weight change were calculated. The myelin damage was evaluated. Mitochondrial homeostasis‌ was detected in PWMI model mice and cultured oligodendrocyte precursor cells (OPCs). Brain tissues from mice groups underwent RNA-seq. A dual-luciferase reporter assay was employed to validate the direct binding interaction between miR-153 and IMMP2L mRNA. The results showed that treatment of GSPE ameliorated cerebral ischemic injury in PWMI mice and improved behaviour ability and cognition deficits. GSPE restored mitochondria homeostasis in both PWMI mice and OPCs. Additionally, IMMP2L was found to be increased, while ROS was diminished by GSPE intervention. KEGG analysis showed that Wnt signaling pathway, the downstream of IMMP2L, changed significantly in PWMI group, while GSPE reversed it. The dual-luciferase reporter assay demonstrated that miR-153-3p directly suppressed IMMP2L expression through these binding sites. In summary, our findings revealed that GSPE treatment alleviated PWMI and restored mitochondrial homeostasis in mice.These beneficial effects are likely be attributed to the improvement of the activity of IMMP2L-related signaling pathways by GSPE.",https://pubmed.ncbi.nlm.nih.gov/42443612/,,,multiple_sclerosis,(Multiple Sclerosis[MeSH] OR multiple sclerosis[tiab] OR demyelination[tiab] OR myelin[tiab]) AND (treatment[tiab] OR intervention[tiab] OR therapy[tiab]),2026-08-05T17:36:12+00:00,,,,,
PMID_42443389,PubMed,42443389,PMC9706400,10.1001/jamaneurol.2022.4251,Dynamic single-cell transcriptomic analysis of peripheral blood mononuclear cells identifies novel biomarkers for autoimmune encephalitis.,"Wen, Lu; Yang, Jie; Zheng, Yayun; Liu, Yuxiang; Li, Chaolan; Pan, Jing; Xu, Haotian; Cao, Shixin; Xie, Peijun; Hu, Kangan; Tang, Yue; Zhang, Zhehao; Tan, Xunmin; Song, Xiaodong; Liu, Ping; Yuan, Minghao; Li, Yifan; Zhang, Jianping; Wu, Jing; Wong, Ma-Li; Licinio, Julio; Zheng, Peng; Huang, Yu",Molecular psychiatry,2026,"Autoimmune encephalitis (AE) is a severe neurological disease characterized by diverse clinical symptoms. Current routine imaging and laboratory assessments show low disease specificity, resulting in a high misdiagnosis rate. We dynamically characterized the single-cell transcriptome of peripheral immune cells in the acute phase of AE and six-month sequential treatment. Depletion of natural killer T (NKT) cells, specifically of the NKT-6 subpopulation, was an AE hallmark that effectively differentiated AE patients from healthy controls. Exhausted NKT in AE was independently validated to be disease-specific using an independent clinical cohort of neurological and psychiatric conditions, including neuromyelitis optica spectrum disorder, multiple sclerosis, viral encephalitis, and major depressive disorder. In addition, diminished NKT cells and NKT-6 subpopulation levels gradually reversed with clinical improvement during a 6-month follow-up. Moreover, gene modules derived from NKT cells reflected disease progression. Our findings strongly support the notion that decreased NKT cell and NKT-6 subpopulation levels are potential novel biomarkers for AE diagnosis and disease progression.",https://pubmed.ncbi.nlm.nih.gov/42443389/,,,multiple_sclerosis,(Multiple Sclerosis[MeSH] OR multiple sclerosis[tiab] OR demyelination[tiab] OR myelin[tiab]) AND (treatment[tiab] OR intervention[tiab] OR therapy[tiab]),2026-08-05T17:36:12+00:00,,,,,
PMID_42442405,PubMed,42442405,,10.1055/a-2873-1243,[Neurofilament light chain as a tool for assessing disease activity and treatment response in Multiple Sclerosis].,"Inojosa, Hernan; Akgün, Katja; Masanneck, Lars; Meuth, Sven Günther; Kuhle, Jens; Bittner, Stefan; Khalil, Michael; Pawlitzki, Marc; Ziemssen, Tjalf",Fortschritte der Neurologie-Psychiatrie,2026,"Serum neurofilament light chain (sNfL), a neuronal structural protein, is released upon neuroaxonal damage and correlates with clinical and imaging activity, brain atrophy, and disability progression, though it is not disease-specific. This review addresses measurement methods (SiMoA, automated platforms), pre-analytics/matrix effects, and central confounders (esp. age, BMI/volume of distribution, renal function, intercurrent events), emphasizing standardization via age- and BMI-corrected reference data using Z-scores or percentiles.Clinically, sNfL supports baseline risk stratification and treatment planning, serial treatment monitoring as an early warning signal for subclinical disease activity, the differentiation of relapse versus pseudo-relapse, the assessment of progressive courses, and decision-making in special situations (pregnancy, older age, de-escalation). Serial measurements are superior to single measurements for longitudinal assessment. Priorities include assay harmonization and prospective studies on NfL-guided, multimodal decision strategies.",https://pubmed.ncbi.nlm.nih.gov/42442405/,,,multiple_sclerosis,(Multiple Sclerosis[MeSH] OR multiple sclerosis[tiab] OR demyelination[tiab] OR myelin[tiab]) AND (treatment[tiab] OR intervention[tiab] OR therapy[tiab]),2026-08-05T17:36:12+00:00,,,,,
PMID_42442022,PubMed,42442022,,10.1016/j.msard.2026.107385,Evidence of musculoskeletal pain sensitization in patients with multiple sclerosis: Case-control study.,"Alqarni, Abdullah; Khan, Areej; Aljohani, Awatef; Alharbi, Ebtehal; Khan, Fayaz; Almaddah, Muataz; Gmmash, Afnan; Alnajashi, Hind; Othman, Rani",Multiple sclerosis and related disorders,2026,"BACKGROUND: Chronic musculoskeletal pain is a common symptom in individuals with multiple sclerosis (MS), however the underlying pain mechanisms remain complex and not fully understood. Therefore, this study aims to investigate the underlying pain mechanisms using different quantitative sensory testing (QST) and other self-reported measures compared to healthy controls.
METHODS: A total of 133 participants (93 MS patients and 40 healthy controls) were included. Participants completed self-reported measures including brief pain inventory (BPI), pain sensitivity questionnaire (PSQ), painDETECT questionnaire (PDQ). Then, participants underwent QST testing including dynamic mechanical allodynia (DMA), pressure pain threshold (PPT), mechanical temporal summation (TS), cold hyperalgesia, and conditioned pain modulation (CPM). An independent two sample t-test was used to compare mean outcomes between two groups. A two-sided p-value ≤ 0.05 was considered statistically significant.
RESULTS: Individuals with MS reported significantly higher scores on the PSQ-Moderate subscale (p = 0.001), whereas differences in PSQ-Total and PSQ-Minor scores were not statistically significant. Compared to healthy controls, individuals with MS demonstrated higher DMA scores (p ≤ 0.003), Lower PPT at painful site (p ≤ 0.007), increased cold hyperalgesia for both painful (p ≤ 0.001) and contralateral sites (p ≤ 0.000), and significant differences in TS at painful (p ≤ 0.007) and contralateral sides (p ≤ 0.000). the CPM did not differ significantly between groups.
CONCLUSION: MS patients have hypersensitivity to moderate pain and robust differences in QST measures compared to healthy controls. This reflects the need for better mechanism-based assessment and treatment of musculoskeletal pain in patients with MS.",https://pubmed.ncbi.nlm.nih.gov/42442022/,,,multiple_sclerosis,(Multiple Sclerosis[MeSH] OR multiple sclerosis[tiab] OR demyelination[tiab] OR myelin[tiab]) AND (treatment[tiab] OR intervention[tiab] OR therapy[tiab]),2026-08-05T17:36:12+00:00,,,,,
PMID_42440661,PubMed,42440661,PMC9287096,10.1093/braincomms/fcag240,Investigating the treatment of vascular risk with simvastatin in secondary progressive multiple sclerosis: analysis from the MS-STAT2 randomized controlled trial.,"Williams, Thomas; Magill, Nicholas; John, Nevin A; Bianchi, Alessia; Blackstone, James; Braisher, Marie; De Angelis, Floriana; Calvi, Alberto; Apap Mangion, Sean; Wade, Charles; Yiannakas, Marios C; Stutters, Jonathan; Ricciardi, Antonio; Prados Carrasco, Ferran; MacManus, David; Wheeler-Kingshott, Claudia A M Gandini; Barkhof, Frederik; Ciccarelli, Olga; Chataway, Jeremy; the MS-STAT2 investigators; the MS-STAT2 investigators",Brain communications,2026,"Vascular comorbidity is associated with more severe disability in multiple sclerosis. However, it is unknown whether treating vascular risk will lead to a disease modifying effect. Given the established role of simvastatin as a modifier of vascular risk, we aimed to investigate whether randomization to simvastatin could mitigate the relationships between serum cholesterol profiles and disease worsening, compared with placebo, in the MS-STAT2 trial. MS-STAT2 (NCT03387670) recruited 964 patients with secondary progressive multiple sclerosis, who were randomized to simvastatin (80 mg) or placebo for 3 years. 246 participants additionally underwent yearly magnetic resonance imaging (MRI). Vascular risks were systematically assessed at trial baseline. In this exploratory analysis, the relationships between cholesterol ratio (total cholesterol/high-density lipoprotein) and longitudinal clinical and MRI outcomes were assessed, comparing simvastatin to placebo groups. At baseline, median (IQR) age was 55 (50-60) years and median cholesterol ratio 3.4 (2.8 to 4.3). 73% were female, and 72% required a walking aid. Higher cholesterol ratio was associated with more severe baseline disability. No longitudinal relationships were observed between cholesterol ratio and clinical or brain atrophy outcomes. However, for each unit increase in cholesterol ratio, T2 lesion volume increased by +2.47% (95% CI: +0.03 to +4.97) from baseline in the placebo group. This relationship was significantly reduced in those randomized to simvastatin (-3.10% [-0.06 to -6.06]). Randomization to simvastatin appeared to mitigate the relationship between higher cholesterol ratios and longitudinal increases in T2 lesion volume in patients with secondary progressive multiple sclerosis. Further multi-modal interventional studies targeting vascular risk in patients with multiple sclerosis are warranted.",https://pubmed.ncbi.nlm.nih.gov/42440661/,,,multiple_sclerosis,(Multiple Sclerosis[MeSH] OR multiple sclerosis[tiab] OR demyelination[tiab] OR myelin[tiab]) AND (treatment[tiab] OR intervention[tiab] OR therapy[tiab]),2026-08-05T17:36:12+00:00,,,,,
PMID_42440328,PubMed,42440328,PMC12606378,10.1016/j.jneuroim.2020.577467,Interleukin 6 Receptor Blockade for Relapse Prevention in Myelin Oligodendrocyte Glycoprotein Antibody-Associated Disease.,"Vilaseca, Andreu; Bilodeau, Philippe A; Gakis, Georgios; Savransky, Andrea; Mahler Ferreira Oliveira, Joao; Nguyen, Linda; Hooshmand, Sam I; Satyanarayan, Sammita; Moseley, Carson E; Haley, Leah; Roy-Hewitson, Chantal; Marrodan, Mariano; Casallas, Adriana; Manin, Analisa; Chen, Haiwen; Hoshina, Yoji; Grzezulkowska, Aniela; Carnero Contentti, Edgar; Galleguillos, Lorna; Upchurch, Margaret; Jackson-Tarlton, Caitlin S; Chu-Yueh Guo, Joanne; Fabian, Michelle; Virupakshaiah, Akash; Arrambide, Georgina; Caparó-Zamalloa, César; Paterno, Rafael; Waubant, Emmanuelle; Ordoñez Boschetti, Laura; Correale, Jorge; Villa, Andres M; Banwell, Brenda; Marignier, Romain; Pittock, Sean J; Greenberg, Benjamin; Bennett, Jeffrey L; Cho, Tracey; Clardy, Stacey; Solomon, Andrew J; Kister, Ilya; Zamvil, Scott S; Gelfand, Jeffrey M; Repovic, Pavle; Obeidat, Ahmed Z; Blackburn, Kyle; Tenembaum, Silvia; Chen, John J; Sotirchos, Elias S; Levy, Michael; Flanagan, Eoin P; and The Americas MOGAD Treatment Group; Murillo, Fabian; Syc-Mazurzek, Stephanie B; Cacciaguerra, Laura; Jiang, Mulan; da Silva Rezende, Nathane Braga; Wingerchuk, Dean M; Horsman, Susan E",JAMA neurology,2026,"IMPORTANCE: Myelin oligodendrocyte glycoprotein antibody-associated disease (MOGAD) lacks proven relapse-preventive therapies. While clinical trials are ongoing, safety data may be limited and approved drugs are costly. Studies of interleukin 6 receptor blocker (IL-6RB) in MOGAD are limited by small numbers and no comparative studies, contributing to low use.
OBJECTIVE: To evaluate the impact of IL-6RB therapy on relapse rates in MOGAD and compare relapse frequency with intravenous immunoglobulin (IVIG).
DESIGN, SETTING, AND PARTICIPANTS: This international, multicenter, retrospective cohort study (January 1, 2015, through December 31, 2025) included a historical IVIG-treated cohort of varying doses. The study took place across sites in North and South America (US, Canada, Mexico, Argentina, Brazil, Chile, Colombia, and Peru). Patients with MOGAD (n = 116, no excluded patients) who received at least 1 dose of an IL-6RB were included. These data were analyzed in January 2026.
EXPOSURES: Tocilizumab or satralizumab.
MAIN OUTCOMES AND MEASURES: Annualized relapse rate (ARR) during IL-6RB therapy, time to next relapse after treatment initiation, and adverse events. Outcomes were compared with the IVIG cohort using inverse probability of treatment weighting (IPTW) adjusted for age, sex, prior ARR, and concomitant therapies.
RESULTS: A total of 116 patients with MOGAD (89% relapsing) receiving IL-6RB (tocilizumab, 104 [90%] and satralizumab, 12 [10%]) were included; overall, 60.3% were female, 39.7% were male, and 18% were younger than 18 years. The median (IQR) IL-6RB treatment follow-up was 1.4 (0.7-2.5) years and 23 relapses occurred during 241.8 person-years of IL-6RB therapy. The ARR decreased from 0.64 (95% CI, 0.58-0.70) for relapsing MOGAD before IL-6RB to 0.09 (95% CI, 0.06-0.14) during IL-6RB treatment (incidence rate ratio, 0.08; 95% CI, 0.04-0.16). Adverse events occurred in 58 patients (50%), most commonly mild infections, although 10 (9%) had severe infections. In the IVIG cohort (n = 59), 30 relapses occurred over 133.8 person-years (ARR, 0.22; 95% CI, 0.15-0.32). After IPTW, IL-6RB was associated with a lower hazard ratio (HR) than the group who underwent IVIG therapy less than 1 g/kg every 4 weeks (HR, 4.5; 95% CI, 2.0-9.8), with no significant difference vs the group who underwent IVIG 1 g/kg or more every 4 weeks (HR, 2.0; 95% CI, 0.8-4.5).
CONCLUSIONS AND RELEVANCE: In this multicenter observational cohort, IL-6RB use in MOGAD was associated with low relapse rates and a favorable safety profile, though severe infections occurred occasionally. Relapse rates were lower than the group who underwent IVIG less than 1 g/kg every 4 weeks but not significantly different from the group who underwent IVIG 1 g/kg or more every 4 weeks. This supports IL-6RB as a potential relapse-prevention therapy in MOGAD; the wide availability and relative affordability of tocilizumab may enable broad global use.",https://pubmed.ncbi.nlm.nih.gov/42440328/,,,multiple_sclerosis,(Multiple Sclerosis[MeSH] OR multiple sclerosis[tiab] OR demyelination[tiab] OR myelin[tiab]) AND (treatment[tiab] OR intervention[tiab] OR therapy[tiab]),2026-08-05T17:36:12+00:00,,,,,
PMID_42439988,PubMed,42439988,PMC7505044,10.3389/fneur.2020.00932,Changepoint analysis of longitudinal OCT in optic neuritis: Structural stabilization dynamics and clinical correlates.,"Moon, Yeji; Lee, Byung Joo; Kim, Hyunjin; Lim, Young-Min; Lee, Eun-Jae",Neurological sciences : official journal of the Italian Neurological Society and of the Italian Society of Clinical Neurophysiology,2026,"PURPOSE: To determine the timing of structural stabilization (""changepoint"") in peripapillary retinal nerve fiber layer (pRNFL) and macular ganglion cell-inner plexiform layer (mGCIPL) thinning after optic neuritis (ON), and to evaluate associated clinical predictors and prognostic significance.
METHODS: In this retrospective cohort study, 70 eyes from 56 patients with ON, including aquaporin-4 antibody-positive ON (AQP4-ON), myelin oligodendrocyte glycoprotein antibody-positive ON (MOG-ON), multiple sclerosis-associated ON (MS-ON), and idiopathic ON (iON), were analyzed. Longitudinal pRNFL and mGCIPL thickness were interpolated at fixed time intervals. The changepoint was defined as the earliest time point when layer thickness matched the stable-phase slope within the test-retest threshold (3µm for pRNFL, 2µm for mGCIPL). Clinical correlates and 1-year visual outcomes were assessed.
RESULTS: Mean changepoints were 4.3 ± 1.2 months for pRNFL and 3.4 ± 1.2 months for mGCIPL. MOG-ON showed significantly later pRNFL stabilization than the other subtypes of ON. Younger age and longer onset-to-steroid interval were associated with later pRNFL changepoints. For mGCIPL, delayed stabilization was associated with younger ange, worse baseline VA, and longer onset-to-steroid interval. Delayed mGCIPL changepoints correlated with poorer 1-year outcomes, including worse VA, lower MD, and reduced VFI.
CONCLUSIONS: mGCIPL stabilizes earlier than pRNFL after ON, and its changepoint timing reflects baseline injury severity, treatment delay and predicts visual outcomes. Changepoint-based OCT analysis provides a quantitative framework to monitor ON disease dynamics and suggests the importance of early anti-inflammatory therapy to limit neuronal injury and improve long-term vision.",https://pubmed.ncbi.nlm.nih.gov/42439988/,,,multiple_sclerosis,(Multiple Sclerosis[MeSH] OR multiple sclerosis[tiab] OR demyelination[tiab] OR myelin[tiab]) AND (treatment[tiab] OR intervention[tiab] OR therapy[tiab]),2026-08-05T17:36:12+00:00,,,,,
PMID_42439933,PubMed,42439933,PMC4383202,10.1016/j.jns.2017.07.042,Efficacy and safety of amantadine in the treatment of fatigue in multiple sclerosis: a systematic review and meta-analysis of randomized controlled trials.,"Amin, Ahmed Mostafa; Kashbour, Muataz; Alsokery, Ahmed Fawzy; Nady, Ahmed; Wagdy, Mohamed; Awadallah, Ahmed ElSayed; Aboyadak, Ahmed Reda; Meshref, Mostafa","Journal of neural transmission (Vienna, Austria : 1996)",2026,"Multiple sclerosis (MS) is a chronic inflammatory condition that leads to the gradual loss of myelin in the central nervous system. Approximately half of MS patients experience fatigue that hinders daily activities and impairs quality of life. We aimed to assess the efficacy and safety of amantadine in the treatment of fatigue in MS. In accordance with PRISMA guidelines, we conducted a comprehensive search across four electronic databases. We retrieved the relevant randomized controlled trials (RCTs) comparing the efficacy and safety of amantadine versus placebo for the treatment of fatigue in MS. Ten RCTS were included with a total of 1210 patients. Patients treated with amantadine had a significant improvement in fatigue compared to the placebo, according to the Fatigue Severity Scale (FSS) and self-reported treatment response (MD = - 0.53, p < 0.001), (RR = 1.73, p < 0.001), respectively. While there is no significant difference in the Modified Fatigue Impact Scale (MFIS) (P = 0.40) between the two groups. Amantadine also improved walking speed as measured by Timed 25-foot Walk (MD = 0.18, p = 0.03). Regarding safety, there were no significant differences between groups in the overall risk of treatment-emergent adverse events (TEAEs) (p = 0.07). However, amantadine was associated with a higher risk of discontinuation related to TEAE (p < 0.001), constipation (p = 0.04), hallucinations (p = 0.05), and mouth dryness (p < 0.001). Amantadine was associated with modest improvements in fatigue and mobility outcomes; however, the overall clinical benefit is offset by an increased risk of adverse events, notably any TEAE leading to study drug discontinuation, any drug-related TEAE, constipation, hallucinations, and mouth dryness.",https://pubmed.ncbi.nlm.nih.gov/42439933/,,,multiple_sclerosis,(Multiple Sclerosis[MeSH] OR multiple sclerosis[tiab] OR demyelination[tiab] OR myelin[tiab]) AND (treatment[tiab] OR intervention[tiab] OR therapy[tiab]),2026-08-05T17:36:12+00:00,,,,,
PMID_42439831,PubMed,42439831,PMC9656792,10.1001/jama.2024.21972,Factors influencing quality of life in multiple sclerosis patients in Northwest Ethiopia: a multicentre cross-sectional study.,"Mengesha, Assefa Kebad; Beyna, Alemante Tafese; Getachew, Demis; Limenh, Liknaw Workie; Tessema, Tewodros Ayalew; Ayele, Habtamu Semagne",Annals of medicine,2026,"BACKGROUND: Multiple sclerosis (MS) significantly affects patients' quality of life (QoL), particularly in resource-limited settings. This multicentre study aimed to identify factors influencing QoL among MS patients in Northwest Ethiopia, where data are scarce.
METHODS: A cross-sectional study was conducted from January to June 2024 among 427 MS patients (≥18 years, diagnosed using McDonald criteria) attending three referral hospitals (University of Gondar, Debre Tabor, Felege Hiwot). Stratified sampling ensured representation across disease severity. Sociodemographic, clinical, psychological and behavioural data were collected. QoL was measured using the MSQOL-54 questionnaire. Multiple regression identified predictors of QoL, expressed as β coefficients and p values. Treatment adherence was assessed only among patients receiving disease-modifying therapy (DMT) (n = 310), and this subgroup was used for adherence-related analyses.
RESULTS: The mean age of participants was 43 years, and 58.3% were female. Disease severity was classified as mild in 50.4%, moderate in 34.7%, and severe in 15.0% of participants. Low physical and mental QoL were reported in 34.9% and 31.6%, respectively. Lower QoL was significantly associated with greater disease severity (β = -0.85, p = 0.001), illness duration >10 years (β = -0.35, p = 0.002), fatigue (β = -1.10, p < 0.001), anxiety (β = -1.00, p < 0.001), depression (β = -1.20, p < 0.001), cognitive impairment and treatment non-adherence (evaluated only among DMT-treated patients). Moderate-to-high physical activity (β = 0.60, p = 0.001) and strong social support (β = 0.70, p = 0.001) were associated with higher QoL.
CONCLUSIONS: QoL among MS patients was strongly influenced by disease severity, treatment adherence (among patients receiving DMT), fatigue, psychological distress, cognitive function, physical activity and social support. Interventions targeting these modifiable factors may improve patient outcomes. This study provides important evidence from Ethiopia and helps address a significant knowledge gap regarding MS care in resource-limited settings.",https://pubmed.ncbi.nlm.nih.gov/42439831/,,,multiple_sclerosis,(Multiple Sclerosis[MeSH] OR multiple sclerosis[tiab] OR demyelination[tiab] OR myelin[tiab]) AND (treatment[tiab] OR intervention[tiab] OR therapy[tiab]),2026-08-05T17:36:12+00:00,,,,,
PMID_42439012,PubMed,42439012,,10.1080/20533691.2026.2690376,Systematic review- hormone replacement therapy in postmenopausal women with medical co-morbidities.,"Sachdeva, Garima; Kumar, Geeta; Kumar, Bidyut",Post reproductive health,2026,"BACKGROUND: Safety and efficacy of HRT in women with chronic medical conditions remain incompletely understood. As life expectancy rises and the use of HRT becomes more common, condition-specific recommendations are crucial to support clinical decisions.
OBJECTIVES: Systematic review on disease-specific effects of HRT in peri- and postmenopausal women with chronic medical disorders.
DATA SOURCES: Comprehensive search of PubMed, Embase, Cochrane Central Register of Controlled Trials, and Web of Science was conducted from inception to 31 August 2025. Cross reference was undertaken.
ELIGIBILITY CRITERIA: Systematic reviews, meta-analysis, Randomised controlled trials, cohort, and case-control studies examining oral, transdermal, or other HRT formulations in peri- or postmenopausal women with chronic diseases were included. Case reports, editorials, conference abstracts, and non-English publications were excluded.
METHODOLOGY: Titles, abstracts, and full-text articles were independently evaluated by three reviewers. Data extraction included study design, participant characteristics, HRT regimen, and outcomes.
RESULTS: Fifty-four studies met inclusion criteria, covering neurological (epilepsy, migraine, Alzheimer's, Parkinson's, multiple sclerosis, meningioma), metabolic, cardiovascular, autoimmune, renal, hepatic, and endocrine conditions. Oral estrogen formulations may increase risk whereas transdermal preparations may confer lower thrombotic and hepatic risk (limited evidence). Neurological benefits were observed in Parkinson's disease and multiple sclerosis, but evidence was limited for Alzheimer's disease and migraine. HRT was generally safe in stable autoimmune conditions. Cardiovascular safety is supported in women without pre-existing disease.
CONCLUSIONS: HRT should be individualised according to comorbidities, formulation, and route, with preference for transdermal or low-dose regimens in high-risk populations.
UNLABELLED: Registration: PROSPERO ID CRD420251233527.",https://pubmed.ncbi.nlm.nih.gov/42439012/,,,multiple_sclerosis,(Multiple Sclerosis[MeSH] OR multiple sclerosis[tiab] OR demyelination[tiab] OR myelin[tiab]) AND (treatment[tiab] OR intervention[tiab] OR therapy[tiab]),2026-08-05T17:36:12+00:00,,,,,
PMID_42438903,PubMed,42438903,PMC8867370,10.3904/kjim.2025.301,"Autoimmune diseases in the era of COVID-19: emerging mechanisms, clinical implications, vaccine considerations, and future directions.","Kong, Jaehyun; Hong, Seohyun; Oh, Jiyeon; Lee, Sooji; Smith, Lee; Branda, Francesco; Cho, Hanseul; Hwang, Jiyoung; Yon, Dong Keon",The Korean journal of internal medicine,2026,"The coronavirus disease 2019 (COVID-19) pandemic has highlighted a complex, bidirectional relationship between SARSCoV-2 infection and autoimmune diseases. This review examines how SARS-CoV-2 infection influences the incidence, progression, and outcomes of five major autoimmune conditions: systemic lupus erythematosus, rheumatoid arthritis, multiple sclerosis, inflammatory bowel disease, and Guillain-Barré syndrome. Patients with autoimmune diseases are at increased risk of severe COVID-19 due to intrinsic immune dysregulation and the use of immunosuppressive therapies, both of which impair antiviral host defenses. Conversely, COVID-19 has been implicated in the initiation and exacerbation of autoimmune responses through mechanisms such as molecular mimicry and bystander activation. Concerns have also arisen regarding the safety and efficacy of COVID-19 vaccines in immunocompromised populations. Although vaccines are generally tolerated in these individuals, certain immunosuppressive therapies may attenuate humoral and cellular immune responses. Strategies such as adjusting immunosuppressive regimens and optimizing the timing of vaccination have been proposed to improve vaccine efficacy. Disease-specific considerations are essential to balance infection risk with adequate control of autoimmune activity. Overall, this review underscores the importance of individualized treatment strategies, close clinical monitoring, and interdisciplinary care in managing patients with autoimmune diseases during the COVID-19 pandemic. A deeper understanding of these interactions will be critical for improving patient outcomes and preparing for future pandemics involving immune-mediated diseases.",https://pubmed.ncbi.nlm.nih.gov/42438903/,,,multiple_sclerosis,(Multiple Sclerosis[MeSH] OR multiple sclerosis[tiab] OR demyelination[tiab] OR myelin[tiab]) AND (treatment[tiab] OR intervention[tiab] OR therapy[tiab]),2026-08-05T17:36:12+00:00,,,,,
PMID_42437810,PubMed,42437810,PMC4104833,10.3389/fpsyt.2014.00086,Effects of transcranial direct current stimulation on motor function in patients with multiple sclerosis: a systematic review and meta-analysis.,"Zhang, Jinqiu; Wu, You; Chen, Shuang; Wang, Yongan",Neurological sciences : official journal of the Italian Neurological Society and of the Italian Society of Clinical Neurophysiology,2026,"OBJECTIVE: To assess the effectiveness of transcranial direct current stimulation (tDCS) in enhancing motor function recovery in the upper and lower extremities of individuals with multiple sclerosis.
DATA SOURCES: PubMed, Embase, Web of Science, Cochrane Library, and China Knowledge Network (CNKI) databases from inception until December 28, 2025.
STUDY SELECTION: Randomized controlled trials that investigated transcranial direct current stimulation and tDCS combined with physical training on motor function in the upper and lower limbs of individuals with MS.
DATA EXTRACTION: Two reviewers extracted the data and assessed the risk of bias. Standardized mean difference (SMD) and 95% confidence intervals (CI) were calculated using a random-effects model based on heterogeneity. The analysis included 10 articles with a total of 299 subjects.
DATA SYNTHESIS: The Meta-analysis shows tDCS significantly improves lower limb motor function in MS patients (SMD = 0.31, 95% CI: 0.16 - 0.46, p < 0.0001). Subgroup analyses found significant increases in walking distance (p = 0.0005) and static balance (Berg Balance Score, p = 0.0002), but no significant improvements were observed in walking speed and dynamic balance. For upper limb motor function, no statistically significant difference was found in hand dexterity (9-HPT) (p = 0.11). Notably, subgroup analyses of stimulation parameters showed that high intensity (2.0-2.5 mA, p = 0.007) and a 20-minute duration (p = 0.03) yielded significant effects, whereas low intensity (1.0-1.5 mA) and 15-minute duration showed no significant benefits.
CONCLUSIONS: Transcranial direct current stimulation is effective in enhancing lower limb motor function in patients with MS. However, the efficacy of tDCS in improving upper limb fine motor skills remains unclear. Evidence suggests that stimulation at 2.0-2.5 mA for 20 min may be the optimal protocol for clinical intervention.",https://pubmed.ncbi.nlm.nih.gov/42437810/,,,multiple_sclerosis,(Multiple Sclerosis[MeSH] OR multiple sclerosis[tiab] OR demyelination[tiab] OR myelin[tiab]) AND (treatment[tiab] OR intervention[tiab] OR therapy[tiab]),2026-08-05T17:36:12+00:00,,,,,
PMID_42437103,PubMed,42437103,PMC10457199,10.1016/j.ydbio.2018.08.014,Multiple Sclerosis in a Person With Hirschprung's Disease: A Case Report.,"Etemadifar, Masoud; Shoeib, Shima; Salari, Mehri; Sedaghat, Nahad",Clinical case reports,2026,"Multiple sclerosis (MS) is the most common demyelinating disease of the central nervous system. Hirschsprung's disease is a condition characterized by absence of nerves in the intestines, secondary to failure of migration of neural crest cells therein. Co-occurrence of these conditions is reported previously in a family with a stop mutation in the EDNRB gene. In the present report we present the case of a 26-year-old man who presented with complaints of left facial weakness, episodic generalized headaches, and imbalance. He was previously diagnosed with Hirschsprung's disease and had undergone total colectomy. Subsequent evaluations confirmed MS. Family history was unremarkable, with no family members affected by either condition. Furthermore, we present our experience in managing the case with dimethyl fumarate disease-modifying therapy.",https://pubmed.ncbi.nlm.nih.gov/42437103/,,,multiple_sclerosis,(Multiple Sclerosis[MeSH] OR multiple sclerosis[tiab] OR demyelination[tiab] OR myelin[tiab]) AND (treatment[tiab] OR intervention[tiab] OR therapy[tiab]),2026-08-05T17:36:12+00:00,,,,,
PMID_41303170,EuropePMC,41303170,PMC12653428,10.3390/jcm14228133,Disease-Modifying Treatment Options in Very Early Onset Multiple Sclerosis-What Choices Are There for Onset Under 5 Years of Age? A Systematic Review.,"Craiu D, Dica AD, Pomeran C, Pescaru G, Menascu S, Simu M.",,2025,"<b>Background/Objectives:</b> Very early pediatric-onset multiple sclerosis (POMS) is rare; clinical studies using disease-modifying treatments (DMTs) have not been performed. Clinicians rely on studies performed at older ages. This review resulted from difficulties faced by clinicians and the off-label use of DMTs at this age. <b>Methods</b>: A literature review of studies dated between 1982 and 2025 on very early POMS, specifically with onset before age 5, has been performed, searching for outcomes without or with DMTs. The curated database of the selected patients was analyzed using computed descriptive and integrated cohort-level estimates. The clinical, paraclinical, treatment, and outcome characteristics were analyzed. Statistical analysis used JASP, with GenAI-assisted verification. The treatment outcome of a 16-year-old patient with very early POMS starting at 2 years 4 months that consecutively received interferon, immunoglobulin, and Natalizumab is presented. <b>Results</b>: A total of 101 patients with very early POMS presented, at onset, with ataxic syndrome (57.4%), pyramidal syndrome (41.4%), ophthalmoplegia (10.3%), and optic neuritis (6.9%). In evolution, 22.7% had seizures. Half of the patients were not treated. Among those treated, acute steroid therapy was administered; 11 received the DMTs interferon, Glatiramer acetate, Dimethyl fumarate, and Azathioprine (three), with only two high-efficacy therapies (Natalizumab and Rituximab). Our patient had partial remission under interferon, relapses when stopped and replaced by immunoglobulin and 9 years relapse-free interval when Natalizumab was introduced. <b>Conclusions</b>: Early treatment with high-efficiency DMTs should be considered in very early POMS; association with known increased neuroplasticity at this age may improve prognosis, allowing good recovery of acquired disability.",https://pubmed.ncbi.nlm.nih.gov/41303170/,,https://europepmc.org/articles/PMC12653428?pdf=render,multiple_sclerosis,(Multiple Sclerosis[MeSH] OR multiple sclerosis[tiab] OR demyelination[tiab] OR myelin[tiab]) AND (treatment[tiab] OR intervention[tiab] OR therapy[tiab]),2026-08-05T17:36:12+00:00,,,,,
PMID_38140353,EuropePMC,38140353,PMC10745369,10.3390/nu15245095,Dietary Inflammatory Potential in Pediatric Diseases: A Narrative Review.,"Tosi M, Montanari C, Bona F, Tricella C, Agostinelli M, Dolor J, Chillemi C, Di Profio E, Tagi VM, Vizzuso S, Fiore G, Zuccotti G, Verduci E.",,2023,"Inflammatory status is one of the main drivers in the development of non-communicable diseases (NCDs). Specific unhealthy dietary patterns and the growing consumption of ultra-processed foods (UPFs) may influence the inflammation process, which negatively modulates the gut microbiota and increases the risk of NCDs. Moreover, several chronic health conditions require special long-term dietary treatment, characterized by altered ratios of the intake of nutrients or by the consumption of disease-specific foods. In this narrative review, we aimed to collect the latest evidence on the pro-inflammatory potential of dietary patterns, foods, and nutrients in children affected by multifactorial diseases but also on the dietetic approaches used as treatment for specific diseases. Considering multifactorial diet-related diseases, the triggering effect of pro-inflammatory diets has been addressed for metabolic syndrome and inflammatory bowel diseases, and the latter for adults only. Future research is required on multiple sclerosis, type 1 diabetes, and pediatric cancer, in which the role of inflammation is emerging. For diseases requiring special diets, the role of single or multiple foods, possibly associated with inflammation, was assessed, but more studies are needed. The evidence collected highlighted the need for health professionals to consider the entire dietary pattern, providing balanced and healthy diets not only to permit the metabolic control of the disease itself, but also to prevent the development of NCDs in adolescence and adulthood. Personalized nutritional approaches, in close collaboration between the hospital, country, and families, must always be promoted together with the development of new methods for the assessment of pro-inflammatory dietary habits in pediatric age and the implementation of telemedicine.",https://pubmed.ncbi.nlm.nih.gov/38140353/,,https://www.mdpi.com/2072-6643/15/24/5095/pdf?version=1702465756,multiple_sclerosis,(Multiple Sclerosis[MeSH] OR multiple sclerosis[tiab] OR demyelination[tiab] OR myelin[tiab]) AND (treatment[tiab] OR intervention[tiab] OR therapy[tiab]),2026-08-05T17:36:12+00:00,,,,,
PMID_39651635,EuropePMC,39651635,PMC11626701,10.1002/14651858.cd015005.pub2,Azathioprine for people with multiple sclerosis.,"Ridley B, Nonino F, Baldin E, Casetta I, Iuliano G, Filippini G.",,2024,"<h4>Background</h4>Multiple sclerosis (MS) is an immune-mediated, chronic, inflammatory demyelinating disease of the central nervous system, impacting around 2.8 million people worldwide. Characterised by recurrent relapses or progression, or both, it represents a substantial global health burden, affecting people, predominantly women, at a young age (the mean age of diagnosis is 32 years). Azathioprine is used to treat chronic inflammatory and autoimmune diseases, and it is used in clinical practice as an off-label intervention for MS, especially where access to on-label disease-modifying treatments (DMTs) for MS is limited. Given this, a review of azathioprine's benefits and harms would be timely and valuable to inform shared healthcare decisions.<h4>Objectives</h4>To evaluate the benefits and harms of azathioprine (AZA) for relapsing and progressive multiple sclerosis (MS), compared to other disease-modifying treatments (DMTs), placebo or no treatment. Specifically, we will assess the following comparisons. AZA compared with other DMTs or placebo as first-choice treatment for relapsing forms of multiple sclerosis AZA compared with other DMTs or placebo for relapsing forms of MS when switching from another DMT AZA compared with other DMTs or placebo as first-choice treatment for progressive forms of MS AZA compared with other DMTs or placebo for progressive forms of MS when switching from another DMT SEARCH METHODS: We conducted an extensive search for relevant literature using standard Cochrane search methods. The most recent search date was 9 August 2023.<h4>Selection criteria</h4>We included randomised controlled trials (RCTs) lasting 12 months or more that compared azathioprine versus DMTs, placebo or no intervention in adults with MS. We considered evidence from non-randomised studies of interventions (NRSIs) as these studies may provide additional evidence not available from RCTS. We excluded cluster-randomised trials, cross-over trials, interrupted time series, case reports and studies of within-group design with no control group.<h4>Data collection and analysis</h4>We followed standard Cochrane methodology. There were three outcomes we considered to be critical: disability, relapse and serious adverse events (SAEs, as defined in the studies). We were also interested in other important outcomes: quality-of-life (QoL) impairment (mental score), short-term adverse events (gastrointestinal disorders), long-term adverse events (neoplasms) and mortality.<h4>Main results</h4>We included 14 studies: eight RCTs (1076 participants included in meta-analyses) and six NRSIs (1029 participants). These studies involved people with relapsing and progressive MS. Most studies included more women (57 to 83%) than men, with participants' average age at the onset of MS being between 29.4 and 33.4 years. Five RCTs and all six NRSIs were conducted in Europe (1793 participants); two RCTs were conducted in the USA (126 participants) and one in Iran (94 participants). The RCTs lasted two to three years, while NRSIs looked back up to 10 years. Four studies received some funding or support from commercial interests and five were funded by government or philanthropy; the other five provided no information about funding. There are three ongoing studies. Comparison groups included other DMTs (interferon beta and cyclosporine A), placebo or no treatment. Below, we report on azathioprine as a 'first choice' treatment compared to interferon beta for people with relapsing MS. None of the studies reported on any critical or important outcome for this comparison for progressive MS. No study was retrieved comparing azathioprine to placebo or other DMTs for either relapsing or progressive MS. Furthermore, the NRSIs did not provide information not already covered in the RCTs. Azathioprine as a first-choice treatment compared to other DMTs (specifically, interferon beta) for relapsing MS - The evidence is very uncertain about the effect of azathioprine on the number of people with disability progression over two years compared to interferon beta (risk ratio (RR) 0.19, 95% confidence interval (CI) 0.02 to 1.58; 1 RCT, 148 participants; very low certainty evidence). - Azathioprine may decrease the number of people with relapses over a one- to two-year follow-up compared to interferon beta (RR 0.61, 95% CI 0.43 to 0.86; 2 RCTs, 242 participants; low-certainty evidence). - Azathioprine may result in a possible increase in the number of people with SAEs over two years in comparison with interferon beta (RR 6.64, 95% CI 0.35 to 126.27; 1 RCT, 148 participants; low-certainty evidence). - The evidence is very uncertain about the effect of azathioprine on the number of people with the short-term adverse event of gastrointestinal disorders over two years compared to interferon beta (RR 5.30, 95% CI 0.15 to 185.57; 2 RCTs, 242 participants; very low certainty evidence). We found no evidence comparing azathioprine to other DMTs for QoL impairment (mental score), long-term adverse events (neoplasms) or mortality.<h4>Authors' conclusions</h4>Azathioprine has been proposed as an alternative treatment for MS when access to approved, on-label DMTs is limited, especially in resource-limited settings. The limited evidence available suggests that azathioprine may result in a modest benefit in terms of relapse frequency, with a possible increase in SAEs, when compared to interferon beta-1b, for people with relapsing-remitting multiple sclerosis. The evidence for the effect on disability progression and short-term adverse events is very uncertain. Caution is required in interpreting the conclusions of this review since our certainty in the available evidence on the benefits and harms of azathioprine in multiple sclerosis is low to very low, implying that further evidence is likely to change our conclusions. An important limitation we noted in the available evidence is the lack of long-term comparison with other treatments and the failure of most studies to measure outcomes that are important to people with multiple sclerosis, such as quality of life and cognitive decline. This is especially the case in the evidence relevant to people with progressive forms of multiple sclerosis.",https://pubmed.ncbi.nlm.nih.gov/39651635/,,https://europepmc.org/articles/PMC11626701?pdf=render,multiple_sclerosis,(Multiple Sclerosis[MeSH] OR multiple sclerosis[tiab] OR demyelination[tiab] OR myelin[tiab]) AND (treatment[tiab] OR intervention[tiab] OR therapy[tiab]),2026-08-05T17:36:12+00:00,,,,,
PMID_39254048,EuropePMC,39254048,PMC11384553,10.1002/14651858.cd015443.pub2,Immunomodulators and immunosuppressants for progressive multiple sclerosis: a network meta-analysis.,"Ridley B, Minozzi S, Gonzalez-Lorenzo M, Del Giovane C, Piggott T, Filippini G, Peryer G, Foschi M, Tramacere I, Baldin E, Nonino F.",,2024,"<h4>Background</h4>In recent years a broader range of immunomodulatory and immunosuppressive treatment options have emerged for people with progressive forms of multiple sclerosis (PMS). While consensus supports these options as reducing relapses, their relative benefit and safety profiles remain unclear due to a lack of direct comparison trials.<h4>Objectives</h4>To compare through network meta-analysis the efficacy and safety of alemtuzumab, azathioprine, cladribine, cyclophosphamide, daclizumab, dimethylfumarate, diroximel fumarate, fingolimod, fludarabine, glatiramer acetate, immunoglobulins, interferon beta 1-a and beta 1-b, interferon beta-1b (Betaferon), interferon beta-1a (Avonex, Rebif), laquinimod, leflunomide, methotrexate, minocycline, mitoxantrone, mycophenolate mofetil, natalizumab, ocrelizumab, ofatumumab, ozanimod, pegylated interferon beta-1a, ponesimod, rituximab, siponimod, corticosteroids, and teriflunomide for PMS.<h4>Search methods</h4>We searched CENTRAL, MEDLINE, and Embase up to August 2022, as well as ClinicalTrials.gov and the WHO ICTRP.<h4>Selection criteria</h4>Randomised controlled trials (RCTs) that studied one or more treatments as monotherapy, compared to placebo or to another active agent, for use in adults with PMS.<h4>Data collection and analysis</h4>Two review authors independently selected studies and extracted data. We performed data synthesis by pair-wise and network meta-analysis. We assessed the certainty of the body of evidence according to GRADE.<h4>Main results</h4>We included 23 studies involving a total of 10,167 participants. The most frequent (39% of studies) reason for a rating of high risk of bias was sponsor role in study authorship and data management and analysis. Other concerns were performance, attrition, and selective reporting bias, with 8.7% of studies at high risk of bias for all three of these domains. The common comparator for network analysis was placebo. Relapses over 12 months: assessed in one study (318 participants). None of the treatments assessed showed moderate or high certainty evidence compared to placebo. Relapses over 24 months: assessed in six studies (1622 participants). The number of people with clinical relapses is probably trivially reduced with rituximab (risk ratio (RR) 0.60, 95% confidence interval (CI) 0.19 to 1.95; moderate certainty evidence). None of the remaining treatments assessed showed moderate or high certainty evidence compared to placebo. Relapses over 36 months: assessed in four studies (2095 participants). The number of people with clinical relapses is probably trivially reduced with interferon beta-1b (RR 0.82, 95% CI 0.73 to 0.93; moderate certainty evidence). None of the remaining treatments assessed showed moderate or high certainty evidence compared to placebo. Disability worsening over 24 months: assessed in 11 studies (5284 participants). None of the treatments assessed showed moderate or high certainty evidence compared to placebo. Disability worsening over 36 months: assessed in five studies (2827 participants). None of the treatments assessed showed moderate or high certainty evidence compared to placebo. Serious adverse events: assessed in 15 studies (8019 participants). None of the treatments assessed showed moderate or high certainty evidence compared to placebo. Discontinuation due to adverse events: assessed in 21 studies (9981 participants). The number of people who discontinued treatment due to adverse events is trivially increased with interferon beta-1a (odds ratio (OR) 2.93, 95% CI 1.64 to 5.26; high certainty evidence). The number of people who discontinued treatment due to adverse events is probably trivially increased with rituximab (OR 4.00, 95% CI 0.84 to 19.12; moderate certainty evidence); interferon beta-1b (OR 2.98, 95% CI 1.92 to 4.61; moderate certainty evidence); immunoglobulins (OR 1.95, 95% CI 0.99 to 3.84; moderate certainty evidence); glatiramer acetate (OR 3.98, 95% CI 1.48 to 10.72; moderate certainty evidence); natalizumab (OR 1.02, 95% CI 0.55 to 1.90; moderate certainty evidence); siponimod (OR 1.53, 95% CI 0.98 to 2.38; moderate certainty evidence); fingolimod (OR 2.29, 95% CI 1.46 to 3.60; moderate certainty evidence), and ocrelizumab (OR 1.24, 95% CI 0.54 to 2.86; moderate certainty evidence). None of the remaining treatments assessed showed moderate or high certainty evidence compared to placebo.<h4>Authors' conclusions</h4>The number of people with PMS with relapses is probably slightly reduced with rituximab at two years, and interferon beta-1b at three years, compared to placebo. Both drugs are also probably associated with a slightly higher proportion of withdrawals due to adverse events, as are immunoglobulins, glatiramer acetate, natalizumab, fingolimod, siponimod, and ocrelizumab; we have high confidence that this is the case with interferon beta-1a. We found only low or very low certainty evidence relating to disability progression for the included disease-modifying treatments compared to placebo, largely due to imprecision. We are also uncertain about the effect of interventions on serious adverse events, also because of imprecision. These findings are due in part to the short follow-up of the included RCTs, which lacked detection of less common severe adverse events. Moreover, the funding source of many included studies may have introduced bias into the results. Future research on PMS should include head-to-head rather than placebo-controlled trials, with a longer follow-up of at least three years. Given the relative rarity of PMS, controlled, non-randomised studies on large samples may usefully integrate data from pivotal RCTs. Outcomes valuable and meaningful to people with PMS should be consistently adopted and measured to permit the evaluation of relative effectiveness among treatments.",https://pubmed.ncbi.nlm.nih.gov/39254048/,,https://europepmc.org/articles/PMC11384553?pdf=render,multiple_sclerosis,(Multiple Sclerosis[MeSH] OR multiple sclerosis[tiab] OR demyelination[tiab] OR myelin[tiab]) AND (treatment[tiab] OR intervention[tiab] OR therapy[tiab]),2026-08-05T17:36:12+00:00,,,,,
PMID_37272540,EuropePMC,37272540,PMC10240561,10.1002/14651858.cd011203.pub3,Alemtuzumab for multiple sclerosis.,"Riera R, Torloni MR, Martimbianco ALC, Pacheco RL.",,2023,"<h4>Background</h4>Multiple sclerosis (MS) is an autoimmune, T-cell-dependent, inflammatory, demyelinating disease of the central nervous system, with an unpredictable course. Current MS therapies focus on treating and preventing exacerbations, and avoiding the progression of disability. At present, there is no treatment that is capable of safely and effectively reaching these objectives. Clinical trials suggest that alemtuzumab, a humanized monoclonal antibody, could be a promising option for MS.<h4>Objectives</h4>To evaluate the benefits and harms of alemtuzumab alone or associated with other treatments in people with any form of MS.<h4>Search methods</h4>We used standard, extensive Cochrane search methods. The latest search date was 21 June 2022.<h4>Selection criteria</h4>We included randomized controlled trials (RCTs) in adults with any subtype of MS comparing alemtuzumab alone or associated with other medications versus placebo; another active drug; or alemtuzumab in another dose, regimen, or duration.<h4>Data collection and analysis</h4>We used standard Cochrane methods. Our co-primary outcomes were 1. relapse-free survival, 2. sustained disease progression, and 3. number of participants experiencing at least one adverse event. Our secondary outcomes were 4. participants free of clinical disability, 5. quality of life, 6. change in disability, 7. fatigue, 8. new or enlarging lesions on resonance imaging, and 9. dropouts. We used GRADE to assess certainty of evidence for each outcome.<h4>Main results</h4>We included three RCTs (1713 participants) comparing intravenous alemtuzumab versus subcutaneous interferon beta-1a for relapsing-remitting MS. Participants were treatment-naive (two studies) or had experienced at least one relapse after interferon or glatiramer (one study). Alemtuzumab was given at doses of 12 mg/day or 24 mg/day for five days at months 0 and 12, or 24 mg/day for three days at months 12 and 24. Participants in the interferon beta-1a group received 44 μg three times weekly. Alemtuzumab 12 mg: 1. may improve relapse-free survival at 36 months (hazard ratio [HR] 0.31, 95% confidence interval [CI] 0.18 to 0.53; 1 study, 221 participants; low-certainty evidence); 2. may improve sustained disease progression-free survival at 36 months (HR 0.25, 95% CI 0.11 to 0.56; 1 study, 223 participants; low-certainty evidence); 3. may make little to no difference on the proportion of participants with at least one adverse event at 36 months (risk ratio [RR] 1.00, 95% CI 0.98 to 1.02; 1 study, 224 participants; low-certainty evidence), although the proportion of participants with at least one adverse event was high with both drugs; 4. may slightly reduce disability at 36 months (mean difference [MD] -0.70, 95% CI -1.04 to -0.36; 1 study, 223 participants; low-certainty evidence). The evidence is very uncertain regarding the risk of dropouts at 36 months (RR 0.81, 95% CI 0.57 to 1.14; 1 study, 224 participants; very low-certainty evidence). Alemtuzumab 24 mg: 1. may improve relapse-free survival at 36 months (HR 0.21, 95% CI 0.11 to 0.40; 1 study, 221 participants; low-certainty evidence); 2. may improve sustained disease progression-free survival at 36 months (HR 0.33, 95% CI 0.16 to 0.69; 1 study, 221 participants; low-certainty evidence); 3. may make little to no difference on the proportion of participants with at least one adverse event at 36 months (RR 0.99, 95% CI 0.97 to 1.02; 1 study, 215 participants; low-certainty evidence), although the proportion of participants with at least one adverse event was high with both drugs; 4. may slightly reduce disability at 36 months (MD -0.83, 95% CI -1.16 to -0.50; 1 study, 221 participants; low-certainty evidence); 5. may reduce the risk of dropouts at 36 months (RR 0.08, 95% CI 0.01 to 0.57; 1 study, 215 participants; low-certainty evidence). For quality of life, fatigue, and participants free of clinical disease activity, the studies either did not consider these outcomes or they used different measuring tools to those planned in this review.<h4>Authors' conclusions</h4>Compared with interferon beta-1a, alemtuzumab may improve relapse-free survival and sustained disease progression-free survival, and make little to no difference on the proportion of participants with at least one adverse event for people with relapsing-remitting MS at 36 months. The certainty of the evidence for these results was very low to low.",https://pubmed.ncbi.nlm.nih.gov/37272540/,,https://europepmc.org/articles/PMC10240561?pdf=render,multiple_sclerosis,(Multiple Sclerosis[MeSH] OR multiple sclerosis[tiab] OR demyelination[tiab] OR myelin[tiab]) AND (treatment[tiab] OR intervention[tiab] OR therapy[tiab]),2026-08-05T17:36:12+00:00,,,,,
PMID_35052875,EuropePMC,35052875,PMC8774005,10.3390/biomedicines10010192,Neuroprotective Effects of Novel Treatments on Acute Optic Neuritis-A Meta-Analysis.,"Tsai TH, Lin CW, Chan LW, Tew TB, Chen TC.",,2022,"Optic neuritis, inflammation of the optic nerve, can cause visual impairment through retinal nerve fiber layer (RNFL) degeneration. Optical coherence tomography could serve as a sensitive noninvasive tool for measuring RNFL thickness and evaluating the neuroprotective effects of treatment. We conducted a meta-analysis to compare RNFL loss between novel add-on treatments and corticosteroid therapy at least 3 months after acute optic neuritis. The outcome measures were mean differences (MDs) in (1) RNFL thickness compared with the baseline in the affected and unaffected eye and (2) LogMAR visual acuity (VA). Seven studies involving five novel agents (memantine, erythropoietin, interferon-beta, phenytoin, and clemastine) were analyzed. When compared with the baseline RNFL thickness of the affected eye, the neuroprotective effects of novel add-on treatments could not be demonstrated. The difference in visual outcomes was also not significant between the two treatment groups. One study revealed that phenytoin has the potential to alleviate RNFL loss when the baseline thickness of the unaffected eye is considered. Larger randomized controlled trials with suitable outcome measures are warranted to evaluate the neuroprotective effects of novel treatments. Further studies should also tailor therapies to specific patient populations and investigate a more targeted treatment for acute optic neuritis.",https://pubmed.ncbi.nlm.nih.gov/35052875/,,https://europepmc.org/articles/PMC8774005?pdf=render,multiple_sclerosis,(Multiple Sclerosis[MeSH] OR multiple sclerosis[tiab] OR demyelination[tiab] OR myelin[tiab]) AND (treatment[tiab] OR intervention[tiab] OR therapy[tiab]),2026-08-05T17:36:12+00:00,,,,,
PMID_32428983,EuropePMC,32428983,PMC7388136,10.1002/14651858.cd004192.pub4,Dietary interventions for multiple sclerosis-related outcomes.,"Parks NE, Jackson-Tarlton CS, Vacchi L, Merdad R, Johnston BC.",,2020,"<h4>Background</h4>Multiple sclerosis (MS) is a common demyelinating disease of the central nervous system. Although the exact pathogenesis remains unknown, the leading theory is that it results from immune system dysregulation. Approved disease-modifying therapy appears to modulate the immune system to improve MS-related outcomes. There is substantial interest in the ability of dietary interventions to influence MS-related outcomes. This is an update of the Cochrane Review 'Dietary interventions for multiple sclerosis' (Farinotti 2003; Farinotti 2007; Farinotti 2012).<h4>Objectives</h4>To assess the effects of dietary interventions (including dietary plans with recommendations for specific whole foods, macronutrients, and natural health products) compared to placebo or another intervention on health outcomes (including MS-related outcomes and serious adverse events) in people with MS.<h4>Search methods</h4>On 30 May 2019, we searched CENTRAL, MEDLINE, Embase, and Web of Science. We also searched ClinicalTrials.gov, World Health Organization International Clinical Trials Registry Platform (ICTRP), and Networked Digital Library of Theses and Dissertations (NDLTD). We checked reference lists in identified trials and requested information from trial authors to identify any additional published or unpublished data.<h4>Selection criteria</h4>We included any randomized controlled trial (RCT) or controlled clinical trial (CCT) examining the effect of a dietary intervention versus placebo or another intervention among participants with MS on MS-related outcomes, including relapses, disability progression, and magnetic resonance imaging (MRI) measures.<h4>Data collection and analysis</h4>We used standard methodological procedures expected by Cochrane. Planned primary outcomes were number of participants experiencing relapse and change in disability progression, according to a validated disability scale at the last reported follow-up. Secondary outcomes included MRI activity, safety, and patient-reported outcomes. We entered and analysed data in Review Manager 5.<h4>Main results</h4>We found 41 full-text articles examining 30 trials following full-text review. Participants were adults with MS, defined by established criteria, presenting to MS clinics in Europe, North America, and the Middle East. Study design varied considerably, although all trials had at least one methodological issue leading to unknown or high risk of bias. Trials examined: supplementation to increase polyunsaturated fatty acids (PUFAs) (11 trials); a variety of antioxidant supplements (10 trials); dietary programmes (3 trials); and other dietary supplements (e.g. acetyl L-carnitine, biotin, creatine, palmitoylethanolamide, probiotic, riboflavin) (6 trials). In three trials comparing PUFAs with monounsaturated fatty acids (MUFAs), the evidence was very uncertain concerning difference in relapses (risk ratio (RR) 1.02, 95% confidence interval (CI) 0.88 to 1.20; 3 studies, 217 participants; 75% in the PUFA group versus 74% in the MUFA group; very low-certainty evidence). Among four trials comparing PUFAs with MUFAs, there may be little to no difference in global impression of deterioration (RR 0.85, 95% CI 0.71 to 1.03; 4 studies, 542 participants; 40% in the PUFA group versus 47% in the MUFA group; low-certainty evidence). In two trials comparing PUFAs with MUFAs (102 participants), there was very low-certainty evidence for change in disability progression. None of the PUFA versus MUFA trials examined MRI outcomes. In one trial comparing PUFAs with MUFAs (40 participants), there were no serious adverse events; based on low-certainty evidence. In two trials comparing different PUFAs (omega-3 versus omega-6), there may be little to no difference in relapses (RR 1.02, 95% CI 0.62 to 1.66; 2 studies, 129 participants; 30% in the omega-3 versus 29% in the omega-6 group; low-certainty evidence). Among three trials comparing omega-3 with omega-6, there may be little to no difference in change in disability progression, measured as mean change in Expanded Disability Status Scale (EDSS) (mean difference (MD) 0.00, 95% CI -0.30 to 0.30; 3 studies, 166 participants; low-certainty evidence). In one trial comparing omega-3 with omega-6, there was likely no difference in global impression of deterioration (RR 0.99, 95% CI 0.51 to 1.91; 1 study, 86 participants; 29% in omega-3 versus 29% in omega-6 group; moderate-certainty evidence). In one trial comparing omega-3 with omega-6 (86 participants), there was likely no difference in number of new T1- weighted gadolinium-enhancing lesions, based on moderate-certainty evidence. In four trials comparing omega-3 with omega-6, there may be little to no difference in serious adverse events (RR 1.12, 95% CI 0.38 to 3.31; 4 studies, 230 participants; 6% in omega-3 versus 5% in omega-6 group; low-certainty evidence). In four trials examining antioxidant supplementation with placebo, there may be little to no difference in relapses (RR 0.98, 95% CI 0.59 to 1.64; 4 studies, 345 participants; 17% in the antioxidant group versus 17% in the placebo group; low-certainty evidence). In six trials examining antioxidant supplementation with placebo, the evidence was very uncertain concerning change in disability progression, measured as mean change of EDSS (MD -0.19, 95% CI -0.49 to 0.11; 6 studies, 490 participants; very low-certainty evidence). In two trials examining antioxidant supplementation with placebo, there may be little to no difference in global impression of deterioration (RR 0.99, 95% 0.50 to 1.93; 2 studies, 190 participants; 15% in the antioxidant group versus 15% in the placebo group; low-certainty evidence). In two trials examining antioxidant supplementation with placebo, the evidence was very uncertain concerning difference in gadolinium-enhancing lesions (RR 0.67, 95% CI 0.09 to 4.88; 2 studies, 131 participants; 11% in the antioxidant group versus 16% in the placebo group; very low-certainty evidence). In three trials examining antioxidant supplementation versus placebo, there may be little to no difference in serious adverse events (RR. 0.72, 95% CI 0.17 to 3.08; 3 studies, 222 participants; 3% in the antioxidant group versus 4% in the placebo group; low-certainty evidence).<h4>Authors' conclusions</h4>There are a variety of controlled trials addressing the effects of dietary interventions for MS with substantial variation in active treatment, comparator, and outcomes of interest. PUFA administration may not differ when compared to alternatives with regards to relapse rate, disability worsening, or overall clinical status in people with MS, but evidence is uncertain. Similarly, at present, there is insufficient evidence to determine whether supplementation with antioxidants or other dietary interventions have any impact on MS-related outcomes.",https://pubmed.ncbi.nlm.nih.gov/32428983/,,https://europepmc.org/articles/PMC7388136?pdf=render,multiple_sclerosis,(Multiple Sclerosis[MeSH] OR multiple sclerosis[tiab] OR demyelination[tiab] OR myelin[tiab]) AND (treatment[tiab] OR intervention[tiab] OR therapy[tiab]),2026-08-05T17:36:12+00:00,,,,,
PMID_35583174,EuropePMC,35583174,PMC9115862,10.1002/14651858.cd013247.pub2,Ocrelizumab for multiple sclerosis.,"Lin M, Zhang J, Zhang Y, Luo J, Shi S.",,2022,"<h4>Background</h4>Ocrelizumab is a humanised anti-CD20 monoclonal antibody developed for the treatment of multiple sclerosis (MS). It was approved by the Food and Drug Administration (FDA) in March 2017 for using in adults with relapsing-remitting multiple sclerosis (RRMS) and primary progressive multiple sclerosis (PPMS). Ocrelizumab is the only disease-modifying therapy (DMT) approved for PPMS. In November 2017, the European Medicines Agency (EMA) also approved ocrelizumab as the first drug for people with early PPMS. Therefore, it is important to evaluate the benefits, harms, and tolerability of ocrelizumab in people with MS.<h4>Objectives</h4>To assess the benefits, harms, and tolerability of ocrelizumab in people with RRMS and PPMS.<h4>Search methods</h4>We searched MEDLINE, Embase, CENTRAL, and two trials registers on 8 October 2021. We screened reference lists, contacted experts, and contacted the main authors of studies.<h4>Selection criteria</h4>All randomised controlled trials (RCTs) involving adults diagnosed with RRMS or PPMS according to the McDonald criteria, comparing ocrelizumab alone or associated with other medications, at the approved dose of 600 mg every 24 weeks for any duration, versus placebo or any other active drug therapy.<h4>Data collection and analysis</h4>We used standard methodological procedures expected by Cochrane.<h4>Main results</h4>Four RCTs met our selection criteria. The overall population included 2551 participants; 1370 treated with ocrelizumab 600 mg and 1181 controls. Among the controls, 298 participants received placebo and 883 received interferon beta-1a. The treatment duration was 24 weeks in one study, 96 weeks in two studies, and at least 120 weeks in one study. One study was at high risk of allocation concealment and blinding of participants and personnel; all four studies were at high risk of bias for incomplete outcome data. For RRMS, compared with interferon beta-1a, ocrelizumab was associated with: 1. lower relapse rate (risk ratio (RR) 0.61, 95% confidence interval (CI) 0.52 to 0.73; 2 studies, 1656 participants; moderate-certainty evidence); 2. a lower number of participants with disability progression (hazard ratio (HR) 0.60, 95% CI 0.43 to 0.84; 2 studies, 1656 participants; low-certainty evidence); 3. little to no difference in the number of participants with any adverse event (RR 1.00, 95% CI 0.96 to 1.04; 2 studies, 1651 participants; moderate-certainty evidence); 4. little to no difference in the number of participants with any serious adverse event (RR 0.79, 95% CI 0.57 to 1.11; 2 studies, 1651 participants; low-certainty evidence); 5. a lower number of participants experiencing treatment discontinuation caused by adverse events (RR 0.58, 95% CI 0.37 to 0.91; 2 studies, 1651 participants; low-certainty evidence); 6. a lower number of participants with gadolinium-enhancing T1 lesions on magnetic resonance imaging (MRI) (RR 0.27, 95% CI 0.22 to 0.35; 2 studies, 1656 participants; low-certainty evidence); 7. a lower number of participants with new or enlarging T2-hyperintense lesions on MRI (RR 0.63, 95% CI 0.57 to 0.69; 2 studies, 1656 participants; low-certainty evidence) at 96 weeks. For PPMS, compared with placebo, ocrelizumab was associated with: 1. a lower number of participants with disability progression (HR 0.75, 95% CI 0.58 to 0.98; 1 study, 731 participants; low-certainty evidence); 2. a higher number of participants with any adverse events (RR 1.06, 95% CI 1.01 to 1.11; 1 study, 725 participants; moderate-certainty evidence); 3. little to no difference in the number of participants with any serious adverse event (RR 0.92, 95% CI 0.68 to 1.23; 1 study, 725 participants; low-certainty evidence); 4. little to no difference in the number of participants experiencing treatment discontinuation caused by adverse events (RR 1.23, 95% CI 0.55 to 2.75; 1 study, 725 participants; low-certainty evidence) for at least 120 weeks. There were no data for number of participants with gadolinium-enhancing T1 lesions on MRI and number of participants with new or enlarging T2-hyperintense lesions on MRI.<h4>Authors' conclusions</h4>For people with RRMS, ocrelizumab probably results in a large reduction in relapse rate and little to no difference in adverse events when compared with interferon beta-1a at 96 weeks (moderate-certainty evidence). Ocrelizumab may result in a large reduction in disability progression, treatment discontinuation caused by adverse events, number of participants with gadolinium-enhancing T1 lesions on MRI, and number of participants with new or enlarging T2-hyperintense lesions on MRI, and may result in little to no difference in serious adverse events (low-certainty evidence). For people with PPMS, ocrelizumab probably results in a higher rate of adverse events when compared with placebo for at least 120 weeks (moderate-certainty evidence). Ocrelizumab may result in a reduction in disability progression and little to no difference in serious adverse events and treatment discontinuation caused by adverse events (low-certainty evidence). Ocrelizumab was well tolerated clinically; the most common adverse events were infusion-related reactions and nasopharyngitis, and urinary tract and upper respiratory tract infections.",https://pubmed.ncbi.nlm.nih.gov/35583174/,,https://europepmc.org/articles/pmc6091782?pdf=render,multiple_sclerosis,(Multiple Sclerosis[MeSH] OR multiple sclerosis[tiab] OR demyelination[tiab] OR myelin[tiab]) AND (treatment[tiab] OR intervention[tiab] OR therapy[tiab]),2026-08-05T17:36:12+00:00,,,,,
PMID_38174776,EuropePMC,38174776,PMC10765473,10.1002/14651858.cd011381.pub3,Immunomodulators and immunosuppressants for relapsing-remitting multiple sclerosis: a network meta-analysis.,"Gonzalez-Lorenzo M, Ridley B, Minozzi S, Del Giovane C, Peryer G, Piggott T, Foschi M, Filippini G, Tramacere I, Baldin E, Nonino F.",,2024,"<h4>Background</h4>Different therapeutic strategies are available for the treatment of people with relapsing-remitting multiple sclerosis (RRMS), including immunomodulators, immunosuppressants and biological agents. Although each one of these therapies reduces relapse frequency and slows disability accumulation compared to no treatment, their relative benefit remains unclear. This is an update of a Cochrane review published in 2015.<h4>Objectives</h4>To compare the efficacy and safety, through network meta-analysis, of interferon beta-1b, interferon beta-1a, glatiramer acetate, natalizumab, mitoxantrone, fingolimod, teriflunomide, dimethyl fumarate, alemtuzumab, pegylated interferon beta-1a, daclizumab, laquinimod, azathioprine, immunoglobulins, cladribine, cyclophosphamide, diroximel fumarate, fludarabine, interferon beta 1-a and beta 1-b, leflunomide, methotrexate, minocycline, mycophenolate mofetil, ofatumumab, ozanimod, ponesimod, rituximab, siponimod and steroids for the treatment of people with RRMS.<h4>Search methods</h4>CENTRAL, MEDLINE, Embase, and two trials registers were searched on 21 September 2021 together with reference checking, citation searching and contact with study authors to identify additional studies. A top-up search was conducted on 8 August 2022.<h4>Selection criteria</h4>Randomised controlled trials (RCTs) that studied one or more of the available immunomodulators and immunosuppressants as monotherapy in comparison to placebo or to another active agent, in adults with RRMS.<h4>Data collection and analysis</h4>Two authors independently selected studies and extracted data. We considered both direct and indirect evidence and performed data synthesis by pairwise and network meta-analysis. Certainty of the evidence was assessed by the GRADE approach.<h4>Main results</h4>We included 50 studies involving 36,541 participants (68.6% female and 31.4% male). Median treatment duration was 24 months, and 25 (50%) studies were placebo-controlled. Considering the risk of bias, the most frequent concern was related to the role of the sponsor in the authorship of the study report or in data management and analysis, for which we judged 68% of the studies were at high risk of other bias. The other frequent concerns were performance bias (34% judged as having high risk) and attrition bias (32% judged as having high risk). Placebo was used as the common comparator for network analysis. Relapses over 12 months: data were provided in 18 studies (9310 participants). Natalizumab results in a large reduction of people with relapses at 12 months (RR 0.52, 95% CI 0.43 to 0.63; high-certainty evidence). Fingolimod (RR 0.48, 95% CI 0.39 to 0.57; moderate-certainty evidence), daclizumab (RR 0.55, 95% CI 0.42 to 0.73; moderate-certainty evidence), and immunoglobulins (RR 0.60, 95% CI 0.47 to 0.79; moderate-certainty evidence) probably result in a large reduction of people with relapses at 12 months. Relapses over 24 months: data were reported in 28 studies (19,869 participants). Cladribine (RR 0.53, 95% CI 0.44 to 0.64; high-certainty evidence), alemtuzumab (RR 0.57, 95% CI 0.47 to 0.68; high-certainty evidence) and natalizumab (RR 0.56, 95% CI 0.48 to 0.65; high-certainty evidence) result in a large decrease of people with relapses at 24 months. Fingolimod (RR 0.54, 95% CI 0.48 to 0.60; moderate-certainty evidence), dimethyl fumarate (RR 0.62, 95% CI 0.55 to 0.70; moderate-certainty evidence), and ponesimod (RR 0.58, 95% CI 0.48 to 0.70; moderate-certainty evidence) probably result in a large decrease of people with relapses at 24 months. Glatiramer acetate (RR 0.84, 95%, CI 0.76 to 0.93; moderate-certainty evidence) and interferon beta-1a (Avonex, Rebif) (RR 0.84, 95% CI 0.78 to 0.91; moderate-certainty evidence) probably moderately decrease people with relapses at 24 months. Relapses over 36 months findings were available from five studies (3087 participants). None of the treatments assessed showed moderate- or high-certainty evidence compared to placebo. Disability worsening over 24 months was assessed in 31 studies (24,303 participants). Natalizumab probably results in a large reduction of disability worsening (RR 0.59, 95% CI 0.46 to 0.75; moderate-certainty evidence) at 24 months. Disability worsening over 36 months was assessed in three studies (2684 participants) but none of the studies used placebo as the comparator. Treatment discontinuation due to adverse events data were available from 43 studies (35,410 participants). Alemtuzumab probably results in a slight reduction of treatment discontinuation due to adverse events (OR 0.39, 95% CI 0.19 to 0.79; moderate-certainty evidence). Daclizumab (OR 2.55, 95% CI 1.40 to 4.63; moderate-certainty evidence), fingolimod (OR 1.84, 95% CI 1.31 to 2.57; moderate-certainty evidence), teriflunomide (OR 1.82, 95% CI 1.19 to 2.79; moderate-certainty evidence), interferon beta-1a (OR 1.48, 95% CI 0.99 to 2.20; moderate-certainty evidence), laquinimod (OR 1.49, 95 % CI 1.00 to 2.15; moderate-certainty evidence), natalizumab (OR 1.57, 95% CI 0.81 to 3.05), and glatiramer acetate (OR 1.48, 95% CI 1.01 to 2.14; moderate-certainty evidence) probably result in a slight increase in the number of people who discontinue treatment due to adverse events. Serious adverse events (SAEs) were reported in 35 studies (33,998 participants). There was probably a trivial reduction in SAEs amongst people with RRMS treated with interferon beta-1b as compared to placebo (OR 0.92, 95% CI 0.55 to 1.54; moderate-certainty evidence).<h4>Authors' conclusions</h4>We are highly confident that, compared to placebo, two-year treatment with natalizumab, cladribine, or alemtuzumab decreases relapses more than with other DMTs. We are moderately confident that a two-year treatment with natalizumab may slow disability progression. Compared to those on placebo, people with RRMS treated with most of the assessed DMTs showed a higher frequency of treatment discontinuation due to AEs: we are moderately confident that this could happen with fingolimod, teriflunomide, interferon beta-1a, laquinimod, natalizumab and daclizumab, while our certainty with other DMTs is lower. We are also moderately certain that treatment with alemtuzumab is associated with fewer discontinuations due to adverse events than placebo, and moderately certain that interferon beta-1b probably results in a slight reduction in people who experience serious adverse events, but our certainty with regard to other DMTs is lower. Insufficient evidence is available to evaluate the efficacy and safety of DMTs in a longer term than two years, and this is a relevant issue for a chronic condition like MS that develops over decades. More than half of the included studies were sponsored by pharmaceutical companies and this may have influenced their results. Further studies should focus on direct comparison between active agents, with follow-up of at least three years, and assess other patient-relevant outcomes, such as quality of life and cognitive status, with particular focus on the impact of sex/gender on treatment effects.",https://pubmed.ncbi.nlm.nih.gov/38174776/,,https://boris.unibe.ch/191260/1/Gonzalez-Lorenzo_et_al-2024-Cochrane_Database_of_Systematic_Reviews.pdf,multiple_sclerosis,(Multiple Sclerosis[MeSH] OR multiple sclerosis[tiab] OR demyelination[tiab] OR myelin[tiab]) AND (treatment[tiab] OR intervention[tiab] OR therapy[tiab]),2026-08-05T17:36:12+00:00,,,,,
PMID_17943809,EuropePMC,17943809,PMC6823213,10.1002/14651858.cd003982.pub2,Azathioprine for multiple sclerosis.,"Casetta I, Iuliano G, Filippini G.",,2007,"<h4>Background</h4>Azathioprine is the most widely used immunosuppressive treatment in multiple sclerosis (MS). It is an alternative to interferon beta for treating MS also because it is less expensive. Concerns about its safety, mainly a possible increased risk of malignancy, has limited its use. This systematic review aimed to determine the trade off between the benefits and risks of azathioprine in multiple sclerosis.<h4>Objectives</h4>To compare azathioprine versus placebo. To determine the effect of azathioprine on major clinical outcomes, i.e., disability progression and relapses in patients with multiple sclerosis.<h4>Search strategy</h4>The Multiple Sclerosis Group's Trials Register, The Cochrane Central Register of Controlled Trials (CENTRAL- Issue 4, 2006), Cochrane Database of Systematic Reviews (CDSR - Issue 4, 2006), Database of Abstracts of Reviews of Effectiveness (DARE - searched 28.12.06) MEDLINE (PubMed) (1966 to December 2006), EMBASE (1980 to December 2006). Journals and reference lists were hand searched for relevant articles both to benefit and adverse effects. Regulatory agencies were additional sources of information for adverse effects.<h4>Selection criteria</h4>All parallel group randomised controlled trials (RCTs) comparing azathioprine treatment of a least one year duration with placebo for patients with multiple sclerosis. Cohorts, case controls, case series and case reports were also used to assess adverse effects.<h4>Data collection and analysis</h4>Potentially relevant references were evaluated and all data extracted by two independent authors.<h4>Main results</h4>The five trials that met our criteria included 698 randomised patients: data from 499 (71.5%) were available for analysis of relapse frequency in patients at one year's, from 488 (70%) at two years' and from 415 (59.5%) at three years' follow-up. Azathioprine reduced the number of patients who had relapses during the first year of treatment (relative risk reduction [RRR] =20%; 95% CI = 5% to 33%), at two years' (RRR =23%; 95% CI = 12% to 33%) and three years' (RRR =18%; 95% CI = 7% to 27%) follow-up. These results were consistent in sensitivity analysis. There was no heterogeneity among the studies. Data from only three small trials with a total of 87 patients were available to calculate the number of patients who progressed during the first two to three years. There was a statistically significant benefit (RRR = 42%; 95% CI = 7% to 64%) of azathioprine therapy at three years' follow-up; this result was robust after sensitivity analyses and there was no heterogeneity among the trials. Gastrointestinal disturbances, bone marrow suppression and hepatic toxicity were greater in the azathioprine group rather than in the placebo group; they were anticipated, and, by monitoring and dosage adjustment, were easily managed. Withdrawals due to adverse effects were few, occurring mostly during the first year of azathioprine treatment and mainly due to gastrointestinal intolerance (5%). Data from the trials and from cohort and case controls studies available in the literature did not show an increase in risk of malignancy from azathioprine. A possible long-term risk of cancer from azathioprine may be related to a treatment duration above ten years and cumulative doses above 600 g.<h4>Authors' conclusions</h4>Azathioprine is an appropriate maintenance treatment for patients with multiple sclerosis who frequently relapse and require steroids. Cumulative doses of 600 g should not be exceeded in relation to a possible increased risk of malignancy. Considering the trade off between the benefits and harms, azathioprine is a fair alternative to interferon beta for treating multiple sclerosis. A logical next step for future trials would seem the direct comparison of azathioprine and interferon beta. In fact the direct comparison between these two widely used treatments in multiple sclerosis has not been made.",https://pubmed.ncbi.nlm.nih.gov/17943809/,,https://europepmc.org/articles/pmc6823213?pdf=render,multiple_sclerosis,(Multiple Sclerosis[MeSH] OR multiple sclerosis[tiab] OR demyelination[tiab] OR myelin[tiab]) AND (treatment[tiab] OR intervention[tiab] OR therapy[tiab]),2026-08-05T17:36:12+00:00,,,,,
PMID_11687106,EuropePMC,11687106,PMC7047571,10.1002/14651858.cd001330,Aminopyridines for symptomatic treatment in multiple sclerosis.,"Solari A, Uitdehaag B, Giuliani G, Pucci E, Taus C.",,2001,"<h4>Background</h4>Because of their ability to increase nerve conduction in demyelinated nerve fibers, potassium channel blockers 4-aminopyridine (AP) and 3,4-diaminopyridine (DAP) have been proposed as a symptomatic therapy for people with multiple sclerosis (MS).<h4>Objectives</h4>To determine the efficacy and safety of aminopyridines in improving neurological deficits in people with MS.<h4>Search strategy</h4>Computerised general (MEDLINE, EMBASE) and specialised databases (Cochrane MS Group's trials register, CCTR). Hand search of bibliographic references from retrieved studies and recent MS symposia reports. Contact with principal investigators of known studies.<h4>Selection criteria</h4>Trials were included if they fulfilled all following criteria: randomised controlled trials (RCTs); adults with MS, out of exacerbation; AP or DAP treatment versus placebo; clinical endpoints.<h4>Data collection and analysis</h4>We identified 26 potentially pertinent studies. Three reviewers independently extracted data and assessed trial quality from the 16 studies available as full papers.<h4>Main results</h4>Five studies (six publications) and 144 participants were considered in this review. Two more abstracts are awaiting assessment. All five studies were single-centre, double-blind, crossover trials. Four studies assessed the efficacy of AP versus placebo, one compared DAP with active placebo. The duration of treatment ranged from hours to three months. The median quality score of the studies was 3 (range 2-5). The heterogeneity of outcome assessment and the absence of information on individual study periods, allowed quantitative pooling of results for few categorical variables. Of the 144 treated patients, there were six major side effects: one acute encephalopathy, three episodes of confusion, and two seizures. Manual muscle testing was assessed in three studies (54 patients), with 29 patients (54%) improving in at least one muscular district during study treatment versus four patients (7%) during placebo (odds ratio [OR] 14.5, 95% confidence interval [CI] 4.7-43.7). Ambulation was assessed in three studies (54 patients): 9 patients (17%) improved during study treatment versus none during placebo (p<0.001). An improvement in EDSS score was found in 13 of the 144 participants during study treatment (9%) versus none during placebo (p<0.001). No improvement in neuropsychological tests was found in the two trials that evaluated cognitive function. Finally, 47 of 136 people with MS (35%) felt improved when receiving the study drug, against 7(5%) on placebo (OR 9.7, 95% CI 4.3-22.0).<h4>Reviewer's conclusions</h4>Based on currently available information, no unbiased statement can be made about the safety or efficacy of aminopyridines for treating MS symptoms. Furthermore, we could not obtain any data on three unpublished RCTs involving more than 300 participants. We conclude that publication bias remains a pervasive problem in this area, and that until the results of these unpublished studies are available to the scientific community, no confident estimate of effectiveness of aminopyridines in the management of MS symptoms is possible.",https://pubmed.ncbi.nlm.nih.gov/11687106/,,https://europepmc.org/articles/PMC7047571?pdf=render,multiple_sclerosis,(Multiple Sclerosis[MeSH] OR multiple sclerosis[tiab] OR demyelination[tiab] OR myelin[tiab]) AND (treatment[tiab] OR intervention[tiab] OR therapy[tiab]),2026-08-05T17:36:12+00:00,,,,,
PMID_14974004,EuropePMC,14974004,PMC8407327,10.1002/14651858.cd003057.pub2,Hyperbaric oxygen therapy for multiple sclerosis.,"Bennett M, Heard R.",,2004,"<h4>Background</h4>Multiple Sclerosis (MS) is a chronic, recurrent and progressive illness with no cure. On the basis of speculative pathophysiology, it has been suggested that Hyperbaric Oxygen Therapy (HBOT) may slow or reverse the progress of the disease.<h4>Objectives</h4>The object of this review was to evaluate the efficacy and safety of HBOT in the treatment of MS.<h4>Search strategy</h4>We searched the Cochrane MS Group trials register (July 2002), the Cochrane Central Register of Controlled Trials (The Cochrane Library, Issue 2, 2002), MEDLINE (January 1966 to October 2002) and the National Library of Medicine (NLM) database (July 2002), along with specialised hyperbaric resources and handsearching of relevant journals and proceedings.<h4>Selection criteria</h4>All randomised, controlled trials involving a comparison between HBOT and a sham therapy in MS were evaluated.<h4>Data collection and analysis</h4>Two reviewers independently appraised all comparative trials identified, extracted data and scored them for methodological quality.<h4>Main results</h4>We identified ten reports of nine trials that satisfied selection criteria (504 participants in total). Two trials produced generally positive results, while the remaining seven reported generally no evidence of a treatment effect. None of our three a priori subgroup analyses placed these two trials in the same group and were therefore unable to account for this difference. Three analyses (of 21) did indicate some benefit. For example, the mean Expanded Disability Status Scale (EDSS) at 12 months was improved in the HBOT group (group mean reduction in EDSS compared to sham -0.85 of a point, 95% confidence interval -1.28 to -0.42, P = 0.0001). Only the two generally positive trials reported on this outcome at this time (16% of the total participants in this review).<h4>Reviewer's conclusions</h4>We found no consistent evidence to confirm a beneficial effect of hyperbaric oxygen therapy for the treatment of multiple sclerosis and do not believe routine use is justified. The small number of analyses suggestive of benefit are isolated, difficult to ascribe with biological plausibility and would need to be confirmed in future well-designed trials. Such trials are not, in our view, justified by this review.",https://pubmed.ncbi.nlm.nih.gov/14974004/,,https://europepmc.org/articles/PMC8407327?pdf=render,multiple_sclerosis,(Multiple Sclerosis[MeSH] OR multiple sclerosis[tiab] OR demyelination[tiab] OR myelin[tiab]) AND (treatment[tiab] OR intervention[tiab] OR therapy[tiab]),2026-08-05T17:36:12+00:00,,,,,
PMID_11687131,EuropePMC,11687131,PMC7017973,10.1002/14651858.cd002002,Interferon in relapsing-remitting multiple sclerosis.,"Rice GP, Incorvaia B, Munari L, Ebers G, Polman C, D'Amico R, Filippini G.",,2001,"<h4>Background</h4>Recombinant interferons have been shown to suppress both the clinical and magnetic resonance imaging (MRI) measures of disease activity in patients with relapsing remitting multiple sclerosis (RRMS).<h4>Objectives</h4>We performed a Cochrane review of all randomised, placebo-controlled trials of recombinant interferons in RRMS.<h4>Search strategy</h4>Of 208 articles identified by a predefined search strategy, seven of these, reporting randomised trials, met all the selection criteria and form the subject of this review.<h4>Selection criteria</h4>The trials selected were double-blind, placebo-controlled, randomised trials of RRMS patients who were treated with recombinant interferon, given by the subcutaneous or the intramuscular route.<h4>Data collection and analysis</h4>The quality of the trials was variable, with substantial methodological inadequacies in allocation concealment, high proportion and incomplete description of dropouts and failure to adhere to the principles of intention to treat analysis. The baseline characteristics were largely comparable between treatment and placebo groups. Because of prominent treatment-associated side effects, which could be easily identified by patients, these trials could be considered as single blind rather than double-blind.<h4>Main results</h4>Although 1215 patients were included in this review, only 919 (76%) contributed to the results concerning exacerbations and progression of the disease at two years. Specifically interferon significantly reduced the occurrence of exacerbations (RR =0.80, 95% CI [0.73,0.88], p<0.001) and progression of the disease (RR =0.69, 95% CI [0.55,0.87], p= 0.002) two years after randomisation. However, the correct assignment of dropouts was essential to the demonstration of efficacy, most conspicuously concerning the effect of the drug on disease progression. If interferon-treated patients who dropped out were deemed to have progressed (worst case scenario) the significance of these effects was lost (RR = 1.31, CI [0.60,2.89], p = 0.5). The evolution in magnetic resonance imaging (MRI) technology in the decade in which these trials were performed and different reporting of data among trials made it impossible to perform a quantitative analysis of the MRI results. Both clinical and laboratory side effects reported in the trials were more frequent in treated patients than in controls. No information was available regarding side effects and adverse events after two years of follow-up. The impact of interferon treatment (and its side effects) on the quality of life of patients was not reported in any trial included in this review.<h4>Reviewer's conclusions</h4>The efficacy of interferon on exacerbations and disease progression in patients with relapsing remitting MS was modest after one and two years of treatment. It was not possible to conduct a quantitative analysis beyond two years. Longer follow-up and more uniform reporting of clinical and MRI outcomes among these trials might have allowed for a more convincing conclusion.",https://pubmed.ncbi.nlm.nih.gov/11687131/,,https://europepmc.org/articles/PMC7017973?pdf=render,multiple_sclerosis,(Multiple Sclerosis[MeSH] OR multiple sclerosis[tiab] OR demyelination[tiab] OR myelin[tiab]) AND (treatment[tiab] OR intervention[tiab] OR therapy[tiab]),2026-08-05T17:36:12+00:00,,,,,
