article_id,source,pmid,pmcid,doi,title,authors,journal,year,abstract,url,openalex_id,openalex_pdf_url,pathogen,query,harvested_at,downloaded,downloaded_path,download_attempted_at,download_source,download_error,ai4epi_abstract_response,ai4epi_abstract_decision,to_ocr,screening_timestamp
PMID_42553837,PubMed,42553837,PMC11940579,10.1159/000553157,Autoimmune-Like Hepatitis Triggered by Methylprednisolone: A Case Report about the Paradox of Treating DILI with the Offending Drug.,"Simas, Diogo; Gonçalves, André Ruge; Gomes, Plácido; Russo, Pedro; Cotrim, Isabel; Vasconcelos, Helena",GE Portuguese journal of gastroenterology,2026,"INTRODUCTION: Acute liver failure with an autoimmune phenotype can result from various causes, including autoimmune hepatitis (AIH) or drug-induced liver injury (DILI) with autoimmune features. Rarely, corticosteroids themselves may trigger autoimmune-like liver injury, further complicating the differentiation between AIH and DILI.
CASE PRESENTATION: We report a 57-year-old woman with multiple sclerosis who received high-dose intravenous methylprednisolone (1 g/day for 5 days) 6 weeks prior to presentation. She was admitted with severe fatigue, jaundice, asterixis, and laboratory findings consistent with acute liver failure (total bilirubin 12.6 mg/dL, direct bilirubin 5.88 mg/dL, INR 1.95, and elevated ammonia). Abdominal and brain computed tomography were unremarkable. IgG levels were 2,506 mg/dL (upper limit 1,600), with positive antinuclear antibodies (titer 1:320) and negative anti-smooth muscle and anti-mitochondrial antibodies. Extensive workup excluded viral hepatitis, metabolic disorders, and other common causes of liver injury. Transjugular liver biopsy demonstrated moderate periportal and severe lobular hepatitis with plasmacytic infiltration and centrilobular necrosis, without significant fibrosis, consistent with an autoimmune-like pattern. The patient received prednisolone (1 mg/kg/day) with rapid biochemical improvement. Azathioprine was introduced during hospitalization but later discontinued by the patient. Long-term follow-up showed normalization of liver tests and IgG levels without relapse, supporting a diagnosis of drug-induced autoimmune-like hepatitis (DI-ALH).
DISCUSSION: The temporal association with methylprednisolone, exclusion of alternative etiologies, and the absence of relapse after discontinuation of immunosuppressive therapy suggest corticosteroid-DI-ALH rather than primary AIH. This paradoxical presentation is rare, as corticosteroids are generally used therapeutically in AIH or in severe DI-ALH rather than as a causative agent, highlighting the need for awareness of atypical drug-induced hepatotoxicity. This case underscores the diagnostic challenges in distinguishing DI-ALH from AIH, particularly when corticosteroids are implicated, and emphasizes the importance of long-term follow-up to confirm resolution and guide management.",https://pubmed.ncbi.nlm.nih.gov/42553837/,,,multiple_sclerosis,(Multiple Sclerosis[MeSH] OR multiple sclerosis[tiab] OR demyelination[tiab] OR myelin[tiab]) AND (treatment[tiab] OR intervention[tiab] OR therapy[tiab]),2026-08-05T17:36:12+00:00,,,,,,"Let's evaluate the abstract step by step against the inclusion and exclusion criteria:

## Inclusion Criteria
1. **Pathogen**: The study discusses a patient with *multiple sclerosis*. 
   - **Reason**: Met (the focus is on a patient with Multiple Sclerosis).
   
2. **Language**: The abstract is in English.
   - **Reason**: Met.

3. **Study type**: The abstract describes a case report.
   - **Reason**: Not met (as it’s a case report, which does not fall under peer-reviewed original research unless systematic reviews or meta-analyses).

4. **Population**: The study involves a human subject with multiple sclerosis.
   - **Reason**: Met.

5. **Content**: The abstract does not provide quantitative details of an ongoing or concluded outbreak, nor does it discuss transmission parameters or disease severity measures related to Multiple Sclerosis.
   - **Reason**: Not met.

## Exclusion Criteria
1. **Pathogen**: The study is about Multiple Sclerosis.
   - **Reason**: Not applicable (does not trigger exclusion).
   
2. **Language**: The study is in English.
   - **Reason**: Not applicable (does not trigger exclusion).
   
3. **Publication type**: This is a case report.
   - **Reason**: Met for exclusion (case reports do not meet the criteria for randomized controlled trials or systematic reviews unless under special consideration).
   
4. **Study design**: The abstract describes a retrospective case presentation (not an in-vitro study).
   - **Reason**: Not applicable since it's a human study, but still a case report.

5. **Study design**: The study is a case report (not a cohort study or RCT).
   - **Reason**: Met for exclusion (case report and thus fails to meet the design criteria).

6. **Outbreak type**: Not applicable, as there is no mention of a laboratory outbreak.
   - **Reason**: Not applicable.

Given these assessments, the study does not provide the necessary elements outlined in the inclusion criteria, particularly failing to meet the study type and content criteria. Therefore, it should not be included in the systematic review.

<decision>EXCLUDE</decision>",EXCLUDE,False,2026-08-05T18:42:31.195072
PMID_42549100,PubMed,42549100,PMC9205973,10.1093/brain/102.1.1,Applications of dynamic gratings in neuro-ophthalmic disorders.,"Zhou, Xinzuo; Wang, Yuexin",Frontiers in medicine,2026,"Traditional static vision-based assessment evaluate only stationary, spatial modulated resolution, leaving early and pathway-specific visual impairments undetected. Dynamic gratings are periodically modulating bright-dark stripe stimuli with precisely controllable spatiotemporal parameters that preferentially engage magnocellular and parvocellular visual pathways. Despite this, dynamic grating has not been applied in routine practice due to a lack of standardized protocols, normative databases, and clearly defined clinical indications. This is a narrative review which comprehensively summarizes the motion patterns of dynamic gratings and their clinical utility in neuro-ophthalmic disorders. The five primary motion patterns include phase-alternating oscillation, drift, translation, appearance-disappearance, and rapid serial visual presentation. Through parameter modulation of dynamic gratings, psychophysical and neurophysiological responses are collected, to provide multidimensional evidence for disease mechanism elucidation, diagnosis, and treatment evaluation. These applications are reviewed spanning a spectrum of ophthalmic and neuro-ophthalmic conditions, including glaucoma, amblyopia, strabismus, Graves' ophthalmopathy, diabetic retinopathy, multiple sclerosis, Parkinson's disease, and schizophrenia. The current research provided a foundation for the application of dynamic gratings in clinical ophthalmology. Potential future research should focus on establishing disease-specfic parameter sets and developing an integrated platform to enable standardized clinical implementation.",https://pubmed.ncbi.nlm.nih.gov/42549100/,,,multiple_sclerosis,(Multiple Sclerosis[MeSH] OR multiple sclerosis[tiab] OR demyelination[tiab] OR myelin[tiab]) AND (treatment[tiab] OR intervention[tiab] OR therapy[tiab]),2026-08-05T17:36:12+00:00,,,,,,"Let's evaluate the abstract against the inclusion and exclusion criteria step by step:

**Inclusion Criteria**  
ALL must be met:

1. **Pathogen**: The study must be about Multiple Sclerosis.  
   - The abstract mentions Multiple Sclerosis (MS) as one of the conditions discussed. This criterion is met.

2. **Language**: The study must be in English.  
   - The abstract is in English. This criterion is met.

3. **Study type**: The study must be peer-reviewed original research.  
   - The abstract identifies the work as a narrative review, which is generally not considered original research. This criterion is **not** met.

4. **Population**: The study must involve human subjects.  
   - The abstract discusses conditions and responses but does not explicitly confirm human subjects or any clinical data collection involving patients. However, given that the focus is on clinical applications, it's likely the data is drawn from studies involving human subjects. This criterion is somewhat met but remains ambiguous.

5. **Content**: The study must contain AT LEAST ONE of the specified elements.  
   - The abstract discusses clinical applications related to visual impairments in a range of conditions (including MS), but it does not provide explicit quantitative measures or statistical models related to MS. The relevance of the findings to clinical practice is discussed, but the necessary content details (e.g., measures of relapse or disability) are absent. This criterion is not fully met.

**Exclusion Criteria**  
Exclude if ANY apply:

1. **Pathogen**: Not about Multiple Sclerosis.  
   - This is related to MS, so it's not excluded here.

2. **Language**: Non-English.  
   - This is in English, so it’s not excluded here.

3. **Publication type**: Conference proceedings, abstracts, posters, correspondence.  
   - It’s a narrative review potentially classifying it under conference proceedings but as an abstract format, this may lean towards exclusion depending on classification. This criterion warrants consideration for exclusion.

4. **Study design**: In-vitro studies only (no human or animal component).  
   - The design is not an in-vitro study; hence, it does not apply for exclusion.

5. **Study design**: Solely animal studies AND animal studies that do not report transmission parameters (R0, Rt, Re, r, growth rate, mutation rate).  
   - This does not apply, as human applications are discussed.

6. **Outbreak type**: Accidental laboratory outbreaks.  
   - This is irrelevant to the study content, so it does not apply for exclusion.

Given this analysis, while the study references MS and is in English, it is primarily a narrative review rather than original research fulfilling the inclusion criteria. Moreover, the content lacks the essential quantitative outcomes that would align with the systematic review’s goals. 

Therefore, the final decision is:

<decision>EXCLUDE</decision>",EXCLUDE,False,2026-08-05T18:42:31.200532
PMID_42545622,PubMed,42545622,PMC6378854,10.1007/s12035-015-9648-6,Dysregulation of ferroptosis-related plasma biomarkers in treatment-free patients with relapsing-remitting multiple sclerosis in clinical remission: a case-control study.,"Nazari-Robati, Mahdieh; Shahouzehi, Beydolah; Naiini, Mahdis Rahimi",Acta neurologica Belgica,2026,"BACKGROUND: Ferroptosis, an iron-dependent form of programmed cell death characterized by lipid peroxidation, has emerged as a key mechanism associated with neuroinflammation. This process is particularly relevant in relapsing-remitting multiple sclerosis (RRMS), where neuroinflammatory pathways contribute significantly to disease pathology.
METHODS: This study included 38 patients with RRMS and 38 healthy controls. Plasma levels of key ferroptosis-related biomarkers, including malondialdehyde (MDA), glutathione (GSH), and glutathione peroxidase 4 (GPX4), as well as iron and ferritin, were analyzed.
RESULTS: The analysis demonstrated significantly elevated levels of MDA, iron, and ferritin in the RRMS group compared to the control group with p-values of 0.004, 0.042, and 0.038, respectively. Conversely, GSH and GPX4 levels were significantly reduced in the RRMS group with p-values of 0.028, and 0.014, respectively. A significant correlation was observed between MDA and iron levels in the control group (r = 0.346, p = 0.045).
CONCLUSION: The significant differences in plasma levels of ferroptosis-related biomarkers between RRMS patients and healthy controls suggest a potential role for ferroptosis in the pathogenesis of multiple sclerosis.",https://pubmed.ncbi.nlm.nih.gov/42545622/,,,multiple_sclerosis,(Multiple Sclerosis[MeSH] OR multiple sclerosis[tiab] OR demyelination[tiab] OR myelin[tiab]) AND (treatment[tiab] OR intervention[tiab] OR therapy[tiab]),2026-08-05T17:36:12+00:00,,,,,,"To determine whether the abstract meets the inclusion and exclusion criteria, we will systematically evaluate each criterion.

### Evaluation against Inclusion Criteria

1. **Pathogen**: The study is about Multiple Sclerosis, so this criterion is met.
2. **Language**: The abstract is in English, so this criterion is met.
3. **Study type**: The study is a case-control study, which qualifies as original research but is not a randomized controlled trial or systematic review. However, it might be considered for special consideration, so we tentatively acknowledge it.
4. **Population**: The study involves human subjects, specifically patients with confirmed relapsing-remitting Multiple Sclerosis (RRMS), so this criterion is met.
5. **Content**: The study includes plasma biomarkers relevant to MS pathology but does not provide direct measures/estimates of clinical endpoints such as relapse rates or disability progression (e.g., EDSS scores). While it provides biomarker data, it does not fulfill the requirement of reporting relapse or disability outcomes.

### Evaluation against Exclusion Criteria

1. **Pathogen**: The study is indeed about Multiple Sclerosis, so it does not meet this exclusion criterion.
2. **Language**: The language is English, therefore this exclusion criterion is not applicable.
3. **Publication type**: It appears to be a peer-reviewed research study and not a conference proceeding or abstract in the traditional sense, so this exclusion criterion is not applicable.
4. **Study design**: The study is not in vitro and involves human participants, so this exclusion criterion does not apply.
5. **Study design**: It does not solely involve animal studies, so this criterion also does not apply.
6. **Outbreak type**: The study does not pertain to accidental laboratory outbreaks or natural disease transmission, so this exclusion criterion does not apply.

### Conclusion

The study meets the inclusion criteria for being about Multiple Sclerosis, in English, involving human subjects, and being original research. However, it fails to meet the inclusion criteria related to clinically relevant outcomes, as it does not report on relapse rates or disability progression (EDSS scores).

Given the rigorous nature of the inclusion criteria, particularly regarding the need to report clinical outcome measures relevant to Multiple Sclerosis, the study ultimately does not qualify for inclusion.

Thus, the final decision is:

<decision>EXCLUDE</decision>",EXCLUDE,False,2026-08-05T18:42:31.200701
PMID_42545012,PubMed,42545012,,10.1227/ons.0000000000002149,Assessment of Facial Weakness After Microvascular Decompression: Morphology of Lateral Spread Responses and Sequential Changes in Compound Muscle Action Potentials.,"Amano, Yuki; Asayama, Bunsho; Noro, Shusaku; Abe, Takenori; Okuma, Masahiro; Shindo, Koichiro; Nomura, Ryota; Honjo, Kaori; Seo, Yoshinobu; Nakamura, Hirohiko","Operative neurosurgery (Hagerstown, Md.)",2026,"BACKGROUND AND OBJECTIVES: Assessing facial nerve injury in hemifacial spasm (HFS) remains clinically challenging; although delayed facial palsy (DFP) frequently resolves without treatment, anticipating its occurrence is important for patient counseling. However, reliable predictors remain incompletely established, and early recognition of corneal complications secondary to facial weakness with timely referral for appropriate ophthalmological care is essential. The aim of this study was to investigate the utility of lateral spread response (LSR) waveform morphology and compound muscle action potentials (CMAPs) as indicators of postoperative facial weakness.
METHODS: We retrospectively analyzed 140 patients with HFS who underwent primary microvascular decompression (MVD) between 2015 and 2023. LSR waveforms were classified as monophasic or polyphasic. CMAP amplitudes were measured pre- and postoperatively, and the CMAP amplitude ratio of the affected to the unaffected side was calculated to evaluate sequential changes in facial nerve function.
RESULTS: In the polyphasic LSR group, CMAP ratios showed consistent improvement from 1 week to 1 year postoperatively. By contrast, the monophasic group exhibited a transient reduction in CMAP ratio 1 month after surgery, followed by gradual recovery (P < .05 at 1 week and 1 month). CMAP recovery patterns differed depending on the presence of preoperative facial paresis. Notably, in the monophasic group, CMAP ratios did not significantly differ between patients with and without preoperative paresis, suggesting that monophasic waveforms may reflect more severe axonal injury. DFP occurred in 10 patients (7.7%). Patients who developed DFP demonstrated significantly lower CMAP ratios 1 week postoperatively, indicating that early CMAP decline may serve as a predictive marker for DFP.
CONCLUSION: LSR waveform morphology and postoperative CMAP ratio dynamics are promising electrophysiological indicators for evaluating facial nerve injury and predicting DFP in patients with HFS undergoing MVD.",https://pubmed.ncbi.nlm.nih.gov/42545012/,,,multiple_sclerosis,(Multiple Sclerosis[MeSH] OR multiple sclerosis[tiab] OR demyelination[tiab] OR myelin[tiab]) AND (treatment[tiab] OR intervention[tiab] OR therapy[tiab]),2026-08-05T17:36:12+00:00,,,,,,"Let's evaluate the provided abstract against the defined inclusion and exclusion criteria.

### Inclusion Criteria

1. **Pathogen: Must be about Multiple Sclerosis**
   - The study is about hemifacial spasm (HFS) and facial nerve injury, not Multiple Sclerosis.  
   - **Criteria not met.**

2. **Language: English only**
   - The abstract is in English.  
   - **Criteria met.**

3. **Study type: Peer-reviewed, original research (note systematic reviews/meta-analyses for special consideration)**
   - The abstract appears to be from a peer-reviewed study, although it does not specify if it is a systematic review or meta-analysis (which it is not).  
   - **Criteria met.**

4. **Population: Human subjects**
   - The study involves human subjects: 140 patients with HFS.  
   - **Criteria met.**

5. **Content: Must contain AT LEAST ONE of the listed measures**
   - The study focuses on facial nerve injury and CMAP ratios, which do not pertain to the specified content about MS relapse rates, disability progression, disease-modifying therapies, or neuroimaging related to MS.  
   - **Criteria not met.**

### Exclusion Criteria

1. **Pathogen: Not about Multiple Sclerosis**
   - The study does not concern Multiple Sclerosis; it focuses on hemifacial spasm and facial nerve injury.  
   - **Exclusion criterion applies.**

2. **Language: Non-English**
   - The abstract is in English.  
   - **Not applicable.**

3. **Publication type: Conference proceedings, abstracts, posters, correspondence**
   - The abstract format suggests it may be part of conference proceedings or a similar format, but regardless, the content is already excluded due to the primary focus being irrelevant to MS.  
   - **Not applicable.**

4. **Study design: In-vitro studies only (no human or animal component)**
   - This study involves Human subjects.  
   - **Not applicable.**

5. **Study design: Solely animal studies AND animal studies that do not report transmission parameters**
   - The study involves humans, so this criterion does not apply.  
   - **Not applicable.**

6. **Outbreak type: Accidental laboratory outbreaks (not natural disease transmission)**
   - This is irrelevant to the study focus on facial nerve injury and does not pertain to MS or outbreaks.  
   - **Not applicable.**

The primary focus of this study is on facial nerve injury in hemifacial spasm, which does not relate to Multiple Sclerosis or any of the specified outcomes in the inclusion criteria. Therefore, the study does not warrant inclusion based on the screening criteria.

<decision>EXCLUDE</decision>",EXCLUDE,False,2026-08-05T18:42:31.200800
PMID_42535805,PubMed,42535805,,10.4103/ijo.ijo_1634_26,Consensus statement for the diagnosis and management of optic neuritis.,"Phuljhele, Swati; Saxena, Rohit; Bhatia, Rohit; Khurana, Dheeraj; Dewan, Taru; Meena, Suman K; Gandepalli, Lavanya; Sachdeva, Virendra; Sukhija, Jaspreet; Singh, Digvijay; Sinha, Ankur; Dhiman, Rebika; Selvakumar, Ambika; Kumar, Mahesh; Warjri, Gazella B; Mulay, Akanksha; Gandhi, Rashmin; Srivastava, M V Padma; Jayakumar, Navin",Indian journal of ophthalmology,2026,"This consensus statement provides a practical, step-by-step framework designed by 19 national specialists to standardize the care of optic neuritis. Recognizing that clinicians handle these cases differently depending on local resources, the guidelines offer a clear roadmap for distinguishing true optic nerve inflammation from its common clinical mimics. The primary focus is on identifying early ""red flags,"" optimizing neuroimaging protocols, and using targeted cell-based antibody testing to pinpoint the exact cause of the disease. Beyond immediate diagnosis, the paper outlines clear strategies for managing acute episodes with high-dose therapies, handling patients who do not respond to initial steroids, and establishing structured, long-term monitoring plans to track visual recovery. Because delayed or incorrect treatment can lead to permanent, irreversible nerve damage, this document serves as a reliable tool to help ophthalmologists make quick, safe, and effective clinical decisions for patient care.",https://pubmed.ncbi.nlm.nih.gov/42535805/,,,multiple_sclerosis,(Multiple Sclerosis[MeSH] OR multiple sclerosis[tiab] OR demyelination[tiab] OR myelin[tiab]) AND (treatment[tiab] OR intervention[tiab] OR therapy[tiab]),2026-08-05T17:36:12+00:00,,,,,,"To assess whether the study titled ""Consensus statement for the diagnosis and management of optic neuritis"" should be included in the systematic review on Multiple Sclerosis, we will evaluate it against the predefined inclusion and exclusion criteria.

### Inclusion Criteria Evaluation
1. **Pathogen**: The title mentions optic neuritis, which is commonly associated with Multiple Sclerosis. However, the abstract does not explicitly confirm that it discusses Multiple Sclerosis.
   
2. **Language**: The abstract is in English, which meets the criterion.

3. **Study type**: The study is described as a consensus statement, which is often not considered original research. It is unclear whether it meets the requirement of being original research or if it is a systematic review/meta-analysis.

4. **Population**: The abstract mentions care standardization for patients but does not specify that the study includes patient data or confirmed cases of Multiple Sclerosis.

5. **Content**: The abstract focuses on diagnostic guidelines and management strategies for optic neuritis primarily, without providing specific quantitative details, outcome measures, or studies related to relapse rates or disability progression relevant to Multiple Sclerosis.

### Exclusion Criteria Evaluation
1. **Pathogen**: The focus is on optic neuritis, which although related, does not explicitly confirm it is addressing Multiple Sclerosis, making it potentially irrelevant.

2. **Language**: The abstract is in English, thus this criterion is not a reason for exclusion.

3. **Publication type**: This is a consensus statement rather than a peer-reviewed original research article; hence it may be excluded based on being a guideline rather than original research.

4. **Study design**: There is no indication of primary research or data collection from human subjects as it appears to be a statement rather than a study.

5. **Outbreak type**: Not applicable as this does not deal with infections or outbreaks.

### Conclusion
The abstract does not adequately meet the inclusion criteria, specifically with regard to confirming it is about Multiple Sclerosis, being original research, and including relevant data related to relapse rates or disability outcomes. It primarily focuses on the management of optic neuritis, which, while connected to MS, does not fulfill the specific criteria needed for inclusion in this systematic review.

Therefore, the decision is as follows:

<decision>EXCLUDE</decision>",EXCLUDE,False,2026-08-05T18:42:31.200881
PMID_42522265,PubMed,42522265,PMC8520617,10.1186/s13023-021-02040-8,A Phase 1 clinical trial to evaluate the safety and tolerability of CLZ-2002 for the treatment of patients with Charcot-Marie-Tooth disease type 1.,"Kim, Hyesun; Choi, Byung-Ok; Lee, Hyunju; Park, Saeyoung; Lim, Jaeseung; Jung, Sung-Chul",Stem cells translational medicine,2026,"BACKGROUND: Charcot-Marie-Tooth disease type 1 (CMT1) is a rare, genetically diverse condition and represents the most prevalent form of inherited peripheral neuropathy, characterized by Schwann cell dysfunction resulting in progressive demyelination and muscle wasting. CLZ-2002, an allogeneic Schwann cell-like product derived from human tonsillar mesenchymal stem cells, has been developed as a regenerative therapy and investigated in CMT1 patients.
METHODS: A Phase 1, open-label, dose-escalation clinical trial was performed in nine patients with genetically diagnosed CMT1 (five with CMT1A, four with CMT1B). Participants were allocated to three dosing cohorts: 6 million (G1), 12 million (G2), or 24 million cells (G3). CLZ-2002 was delivered as a single intramuscular injection into the lower limbs. The primary objective was to assess safety and tolerability. Exploratory endpoints included Charcot-Marie-Tooth Neuropathy Score version 2 (CMTNSv2), Overall Neuropathy Limitation Score-leg (ONLS-leg), Functional Disability Score (FDS), electrophysiology, MRI, and circulating biomarkers.
RESULTS: No drug-related adverse reactions, serious adverse events, or dose-limiting toxicities occurred. Four participants experienced a total of five grade 1-2 treatment-emergent adverse events. By Week 24, improvements relative to baseline were noted in CMTNSv2 and ONLS-leg. Biomarker levels of NCAM1 and GDF15 declined at Week 4 but returned toward baseline by Week 24, reflecting the observed clinical trends.
CONCLUSIONS: A single intramuscular dose of CLZ-2002 of up to 24 million cells was safe and well-tolerated in CMT1 patients. Exploratory efficacy assessments suggested possible clinical benefit, warranting continued investigation of CLZ-2002 in larger, controlled study populations.",https://pubmed.ncbi.nlm.nih.gov/42522265/,,,multiple_sclerosis,(Multiple Sclerosis[MeSH] OR multiple sclerosis[tiab] OR demyelination[tiab] OR myelin[tiab]) AND (treatment[tiab] OR intervention[tiab] OR therapy[tiab]),2026-08-05T17:36:12+00:00,,,,,,"To evaluate the abstract against the predefined inclusion and exclusion criteria, we'll analyze each criterion step by step.

### Inclusion Criteria Analysis

1. **Pathogen: Must be about Multiple Sclerosis**
   - The study is about *Charcot-Marie-Tooth disease type 1 (CMT1)*, not Multiple Sclerosis. 
   - **Not met**.

2. **Language: English only**
   - The abstract is in English. 
   - **Met**.

3. **Study type: Peer-reviewed, original research (note systematic reviews/meta-analyses for special consideration)**
   - The abstract describes a Phase 1 clinical trial, which indicates it is original research. 
   - **Met**.

4. **Population: Human subjects**
   - The study involves nine human patients with genetically diagnosed CMT1. 
   - **Met**.

5. **Content: Must contain AT LEAST ONE of:**
   - The content includes details about a treatment (CLZ-2002) but is focused on CMT1, not MS. None of the listed content criteria apply to Multiple Sclerosis as required.
   - **Not met**.

### Exclusion Criteria Analysis

1. **Pathogen: Not about Multiple Sclerosis (exclude studies on other pathogens)**
   - The study does not pertain to Multiple Sclerosis but rather focuses on CMT1. 
   - **Exclude**.

2. **Language: Non-English**
   - The abstract is in English. 
   - **Not applicable**.

3. **Publication type: Conference proceedings, abstracts, posters, correspondence**
   - The study is an abstract of a peer-reviewed clinical trial. 
   - **Not applicable**.

4. **Study design: In-vitro studies only (no human or animal component)**
   - The study involves human subjects and is not an in-vitro study. 
   - **Not applicable**.

5. **Study design: Solely animal studies AND animal studies that do not report transmission parameters**
   - The study involves human participants. 
   - **Not applicable**.

6. **Outbreak type: Accidental laboratory outbreaks (not natural disease transmission)**
   - Not applicable since this study does not involve an outbreak scenario. 
   - **Not applicable**.

### Conclusion

Since the study does not focus on Multiple Sclerosis, it fails to meet the key inclusion criterion related to the disease focus. According to the screening criteria, this leads us to exclude the paper.

<decision>EXCLUDE</decision>",EXCLUDE,False,2026-08-05T18:42:31.200991
PMID_42520508,PubMed,42520508,,10.1016/j.msard.2026.107409,Treatment satisfaction during personalized extended interval dosing of natalizumab in patients with multiple sclerosis.,"Gelissen, Liza M Y; van Hagen, Lucia A; Toorop, Alyssa A; Arnoldus, Edo P J; Beenakker, E A C; Bouvy, Willem H; van Eijk, Jeroen J J; Eurelings, Marijke; van Genugten, Jessie; Groeneveld, Onno N; Hoitsma, Elske; Hoogervorst, Erwin L J; Kalkers, Nynke F; Kloosterziel, Mark E; Kragt, Jolijn J; Mostert, Jop P; van Munster, Caspar; Nielsen, Jessica; van Rooij, Luuk C; Roosendaal, Christiaan M; Vennegoor, Anke; Wokke, Beatrijs H A; Zeinstra, Esther M P E; de Jong, Brigit A; Strijbis, Eva M M; van Oosten, Bob W; Uitdehaag, Bernard M J; Twisk, Jos W R; Rispens, Theo; Killestein, Joep; van Kempen, Zoé L E",Multiple sclerosis and related disorders,2026,"BACKGROUND: Extended interval dosing (EID) of natalizumab is increasingly used in clinical practice for patients with multiple sclerosis, driven by growing evidence supporting its sustained efficacy and associated benefits. However, it remains unclear whether EID, particularly at dosing intervals beyond six weeks, affects treatment satisfaction.
OBJECTIVES: To investigate whether natalizumab dosing intervals of up to ten weeks are associated with patient-reported treatment satisfaction.
METHODS: Participants from the prospective NEXT-MS and SUPERNEXT trials, both evaluating concentration-guided EID while preserving therapeutic drug concentrations, completed longitudinal Treatment Satisfaction Questionnaire for Medication (TSQM) assessments. Associations between dosing interval and scores in the four TSQM domains (Effectiveness, Side effects, Convenience, and Overall satisfaction) were analyzed using linear mixed-effects models.
RESULTS: A total of 427 participants were included. Most participants reported high treatment satisfaction. No overall association was observed between dosing interval and TSQM scores. However, additional effect-modification analyses suggested that the association between dosing interval and treatment satisfaction differed according to treatment duration, disease duration, baseline EDSS, and route of natalizumab administration.
CONCLUSIONS: Treatment satisfaction was high and was not affected by longer dosing intervals in the majority of patients. However, additional effect-modification analyses indicated that the impact of dosing interval on treatment satisfaction may differ according to patient characteristics, highlighting the importance of individualized treatment decisions.",https://pubmed.ncbi.nlm.nih.gov/42520508/,,,multiple_sclerosis,(Multiple Sclerosis[MeSH] OR multiple sclerosis[tiab] OR demyelination[tiab] OR myelin[tiab]) AND (treatment[tiab] OR intervention[tiab] OR therapy[tiab]),2026-08-05T17:36:12+00:00,,,,,,"To assess whether the provided abstract should be included in the systematic review, we need to evaluate it against both the inclusion and exclusion criteria outlined. Here’s a step-by-step evaluation of the abstract:

### Inclusion Criteria Evaluation
1. **Pathogen: Must be about Multiple Sclerosis**
   - The study is focused on Multiple Sclerosis. **(Met)**

2. **Language: English only**
   - The abstract is in English. **(Met)**

3. **Study type: Peer-reviewed, original research (note systematic reviews/meta-analyses for special consideration)**
   - Since the abstract discusses research from prospective trials and provides original findings, this meets the criterion for original research. **(Met)**

4. **Population: Human subjects (animal studies acceptable if reporting parameters)**
   - The study involves human subjects (patients with Multiple Sclerosis). **(Met)**

5. **Content: Must contain AT LEAST ONE of:**
   - Although the study focuses primarily on treatment satisfaction, it does mention dosing intervals and relates them to baseline EDSS scores, which implies some assessment of a clinical outcome measure. However, it primarily evaluates treatment satisfaction rather than relapse rates or disability progression explicitly. 
   - It does not provide quantitative relapse data or disability progression data as needed by the review’s objectives. The focus is on treatment satisfaction rather than actual clinical measures such as relapse rates or EDSS progression. **(Not fully met)**

### Exclusion Criteria Evaluation
1. **Pathogen: Not about Multiple Sclerosis**
   - The study is about Multiple Sclerosis. **(Not applicable)**

2. **Language: Non-English**
   - The abstract is in English. **(Not applicable)**

3. **Publication type: Conference proceedings, abstracts, posters, correspondence**
   - The abstract appears to represent original research results, thus not excluded on this basis. **(Not applicable)**

4. **Study design: In-vitro studies only (no human or animal component)**
   - This study involves human subjects and is not an in-vitro study. **(Not applicable)**

5. **Study design: Solely animal studies AND animal studies that do not report transmission parameters**
   - This does not apply as it is a human study. **(Not applicable)**

6. **Outbreak type: Accidental laboratory outbreaks (not natural disease transmission)**
   - This criteria is not applicable as the study addresses a therapeutic intervention rather than an outbreak. **(Not applicable)**

### Conclusion
While the study discusses Multiple Sclerosis and assesses an element that could be of interest in understanding treatment effects, it does not provide specific data on relapse rates or disability progression (EDSS scores), which are central to the systematic review's objectives. Therefore, despite meeting several inclusion criteria, the lack of key clinical outcome measures means it does not sufficiently align with the goals of the review.

Based on this thorough assessment of the predefined criteria:

<decision>EXCLUDE</decision>",EXCLUDE,False,2026-08-05T18:42:31.201083
PMID_42520007,PubMed,42520007,PMC12094643,10.1016/j.cct.2024.107658,The COMPASS-MS Study on Implementing Digital Assessment and Treatment for Psychological Distress in Patients With Multiple Sclerosis: Protocol for a Real-World Longitudinal Study.,"Jenkinson, Emma; Moss-Morris, Rona; Seaton, Natasha; Silber, Eli; Okai, David; Wroe, Abigail; Brodie, Simon; Norton, Sam; Hudson, Joanna L",JMIR research protocols,2026,"BACKGROUND: Comorbid anxiety and depression in patients with multiple sclerosis (MS) are common, conferring a greater risk of poorer outcomes and increased health care costs. Few MS services include scalable treatment pathways for psychological distress.
OBJECTIVE: This study aims to conduct a real-world longitudinal study evaluating the implementation and potential effectiveness of an integrated pathway involving digital screening for psychological distress and COMPASS-MS, a therapist-guided digital cognitive behavioral therapy tailored to the challenges of living with MS.
METHODS: This is a mixed methods, observational, real-world, longitudinal study being conducted in the United Kingdom. Routine mental health screening in the MS clinic will identify patients experiencing distress (using predefined clinical cutoffs), who will be assessed for eligibility for psychological treatment, including the COMPASS-MS program. Participants will receive COMPASS-MS online over approximately 12 weeks (including up to six 30-min therapist sessions). The implementation, reach, and adoption of the treatment pathway within a specialist MS service will be assessed using aggregate data on the uptake of mental health screening, eligibility, and consent rates for COMPASS-MS, as well as the number of COMPASS-MS sessions completed. Interviews with patients and health care professionals will primarily assess the scalability and potential or actual barriers and facilitators of the new pathway. Potential effectiveness will be assessed using participant questionnaires at preintervention and 12 weeks postintervention. The primary effectiveness outcome will be pre-post changes in distress (Patient Health Questionnaire Anxiety and Depression Scale scores). Quantitative data will be summarized using descriptive statistics and mixed effects models. Qualitative data will be analyzed using reflexive thematic and framework analysis.
RESULTS: Recruitment of both patients and health care professionals began in June 2024. For patients, recruitment was completed as of September 2025, including 82 participants. For health care professionals and stakeholders, as of September 2025, 7 had consented and completed interviews, and 13 more were expected to be recruited by August 2026. Data analysis has not yet started; however, quantitative results are expected by September 2026.
CONCLUSIONS: The study findings will inform treatment pathways that can be incorporated into MS clinics and highlight adaptations or implementation protocols required to increase future scalability and effectiveness.",https://pubmed.ncbi.nlm.nih.gov/42520007/,,,multiple_sclerosis,(Multiple Sclerosis[MeSH] OR multiple sclerosis[tiab] OR demyelination[tiab] OR myelin[tiab]) AND (treatment[tiab] OR intervention[tiab] OR therapy[tiab]),2026-08-05T17:36:12+00:00,,,,,,"To assess the eligibility of the abstract for inclusion in the systematic review, let's evaluate it against the defined inclusion and exclusion criteria step-by-step.

### Inclusion Criteria
1. **Pathogen: Must be about Multiple Sclerosis**
   - The study specifically focuses on patients with Multiple Sclerosis (MS). 
   - **Criterion Met**: Yes

2. **Language: English only**
   - The abstract is in English.
   - **Criterion Met**: Yes

3. **Study type: Peer-reviewed, original research (note systematic reviews/meta-analyses for special consideration)**
   - The study is listed as a ""protocol for a real-world longitudinal study"" and implies original research. It does not state if the study has been peer-reviewed yet; however, since it focuses on a planned original research project, it appears to align with this criterion.
   - **Criterion Met**: Yes

4. **Population: Human subjects**
   - The study involves human subjects with confirmed diagnoses of MS.
   - **Criterion Met**: Yes

5. **Content: Must contain AT LEAST ONE of the specific content requirements**
   - The study focuses mainly on psychological distress and therapy outcomes. It reports outcomes related to distress but does not investigate clinical measures such as relapse rates or disability progression (EDSS scores), nor does it include disease-modifying therapies.
   - **Criterion Met**: No

### Exclusion Criteria
1. **Pathogen: Not about Multiple Sclerosis**
   - The study is about Multiple Sclerosis.
   - **Criterion Not Applicable**

2. **Language: Non-English**
   - The abstract is in English.
   - **Criterion Not Applicable**

3. **Publication type: Conference proceedings, abstracts, posters, correspondence**
   - This is a protocol for a longitudinal study and not classified as a conference proceeding, abstract, poster, or correspondence in the context of exclusion criteria.
   - **Criterion Not Applicable**

4. **Study design: In-vitro studies only (no human or animal component)**
   - This is a human study.
   - **Criterion Not Applicable**

5. **Study design: Solely animal studies**
   - This is not applicable as the study is about human subjects.
   - **Criterion Not Applicable**

6. **Outbreak type: Accidental laboratory outbreaks**
   - This does not pertain to the study as it is not about a laboratory outbreak.
   - **Criterion Not Applicable**

### Conclusion
The study meets most inclusion criteria but fails to meet one key criterion related to the content, specifically regarding the clinical outcome measures typically required for inclusion in this systematic review (e.g., relapse rates or disability progression). As a result, this study does not provide the necessary data to be included in the review.

Based on this assessment, I will conclude:

<decision>EXCLUDE</decision>",EXCLUDE,False,2026-08-05T18:42:31.201160
PMID_42515675,PubMed,42515675,PMC4949010,10.1016/0003-2697(73)90433-8,Fluorescence HPLC Analysis of Teriflunomide in Human Plasma Following Derivatization with 4-Chloro-7-Nitrobenzofurazan: Method Development and Application to a Prototype Pharmacokinetic Evaluation.,"Cayci, Meltem; Ceylan, Burhan; Onal, Cem","Pharmaceuticals (Basel, Switzerland)",2026,"Background/Objectives: Teriflunomide is an active metabolite of leflunomide and acts as a selective and reversible inhibitor of dihydroorotate dehydrogenase, a key enzyme in de novo pyrimidine biosynthesis. It exhibits immunomodulatory activity by reducing the proliferation of activated T and B lymphocytes and is widely used in the treatment of rheumatoid arthritis and relapsing multiple sclerosis. This study aimed to develop a rapid, accurate, and simple high-performance liquid chromatography (HPLC) method with fluorometric detection for quantifying teriflunomide in human plasma. Methods: Plasma samples were prepared by liquid-liquid extraction followed by pre-column derivatization with NBD-Cl. Teriflunomide was derivatized with 4-chloro-7-nitrobenzofurazan (NBD-Cl) and separated using a reversed-phase C18 column (5 µm, 4.6 × 150 mm) at 30 °C with isocratic elution. The mobile phase consisted of acetonitrile and 0.1% orthophosphoric acid (80:20, v/v) at a flow rate of 1.1 mL/min. Fluorescence detection was performed at λex = 465 nm and λem = 535 nm. The method meets European Medicines Agency (EMA) guidelines for bioanalytical validation and was successfully applied to pharmacokinetic studies, including AUC0-t, AUC0-∞, Cmax, Tmax, and t½. Results: Teriflunomide showed a retention time of 2.55 ± 0.01 min. The method exhibited linearity in the range of 0.01-30 ng/mL (r2 = 0.9998), with a limit of detection and quantification of 0.003 and 0.01 ng/mL, respectively. The relative standard deviation was 3.27%. Conclusions: This work introduces a novel, cost-effective, and highly sensitive HPLC with fluorescence detection (HPLC-FL) method for the determination of teriflunomide in human plasma, providing an efficient alternative to LC-MS/MS for routine pharmacokinetic and bioequivalence studies.",https://pubmed.ncbi.nlm.nih.gov/42515675/,,,multiple_sclerosis,(Multiple Sclerosis[MeSH] OR multiple sclerosis[tiab] OR demyelination[tiab] OR myelin[tiab]) AND (treatment[tiab] OR intervention[tiab] OR therapy[tiab]),2026-08-05T17:36:12+00:00,,,,,,"To determine if the given abstract should be included or excluded from the systematic review, we will evaluate it against the inclusion and exclusion criteria step by step.

### Inclusion Criteria Evaluation
1. **Pathogen: Must be about Multiple Sclerosis**  
   **Evaluation**: The abstract mentions **relapsing multiple sclerosis**, so this criterion is met.
   
2. **Language: English only**  
   **Evaluation**: The abstract is in English, so this criterion is met.
   
3. **Study type: Peer-reviewed, original research (note systematic reviews/meta-analyses for special consideration)**  
   **Evaluation**: The abstract describes original research related to HPLC method development and application, which would be considered original research, meeting this criterion.
   
4. **Population: Human subjects**  
   **Evaluation**: The study involves human plasma samples, so this criterion is met.
   
5. **Content: Must contain AT LEAST ONE of the specified measures**  
   **Evaluation**: The study focuses on pharmacokinetic parameters (AUC0-t, AUC0-∞, Cmax, Tmax, and t½) of teriflunomide, which relates to its use in treatment for multiple sclerosis. This falls under quantitative measures related to pharmacological interventions, meeting this criterion.

### Exclusion Criteria Evaluation
1. **Pathogen: Not about Multiple Sclerosis**  
   **Evaluation**: The study involves relapsing multiple sclerosis, so this criterion does not apply.
   
2. **Language: Non-English**  
   **Evaluation**: The study is in English, so this criterion does not apply.
   
3. **Publication type: Conference proceedings, abstracts, posters, correspondence**  
   **Evaluation**: The abstract is from a provided excerpt and cannot be confirmed as published in a peer-reviewed journal without additional information; however, it does present original research. Thus, we consider it for inclusion based on its content.
   
4. **Study design: In-vitro studies only (no human or animal component)**  
   **Evaluation**: The study involves human plasma and is related to human application, so this criterion does not apply.
   
5. **Study design: Solely animal studies AND animal studies that do not report transmission parameters**  
   **Evaluation**: This does not apply since the study is focused on human subjects.
   
6. **Outbreak type: Accidental laboratory outbreaks (not natural disease transmission)**  
   **Evaluation**: This does not apply to the current study focused on pharmacokinetics in humans.

### Conclusion
Based on the evaluation:
- The abstract meets all the inclusion criteria applicable to the systematic review concerning Multiple Sclerosis.
- It does not violate any exclusion criteria.

Given that this study provides valuable insights into a pharmacological intervention relevant to the treatment of Multiple Sclerosis, it should be included.

<decision>INCLUDE</decision>",INCLUDE,True,2026-08-05T18:42:31.201247
PMID_42510582,PubMed,42510582,PMC8139904,10.3109/14767058.2012.666114,Synergy of Extremely Low-Frequency Electromagnetic Fields (ELFEFs) and Sex Hormones Against Oxidative Stress in Multiple Sclerosis.,"Escribano, Begoña M; Valdelvira, Manuel E; Muñoz-Jurado, Ana; Feijóo, Montse; Agüera-Morales, Eduardo; Caballero-Villarraso, Javier; Santamaría, Abel; Túnez, Isaac","Antioxidants (Basel, Switzerland)",2026,"Transcranial magnetic stimulation (TMS) is a non-invasive brain stimulation method with neuromodulatory capacity in neurodegenerative diseases such as multiple sclerosis (MS). Its therapeutic value is linked to its activity against oxidative stress by activation of antioxidant defenses. The sex hormones, estrogens (E), progesterone (P) and testosterone (T), have demonstrated their power as adjuvants to TMS, improving cortical excitability. The aim of this study was to evaluate the effect of these hormones as adjuvants to extremely low-frequency electromagnetic fields (ELFEFs) in the treatment of experimental autoimmune encephalomyelitis (EAE), the experimental model of MS. The effect of these hormones as replacement therapy was also evaluated in ovariectomized rats treated with ELFEFs. Sixty-five female Dark Agouti rats were divided into 13 groups (5 rats/group), in which biomarkers of oxidative stress and the glutathione redox cycle in non-nervous organs (kidney, liver, heart, intestines and blood) were analyzed. The results show that ELFEFs alone are more effective against oxidative stress. However, P and E were more effective than ELFEFs, both as adjuvants and in hormone replacement therapy, in activating the glutathione system. Therefore, it could be concluded that sex hormones play an important role against MS, enhancing the antioxidant effect of ELFEFs.",https://pubmed.ncbi.nlm.nih.gov/42510582/,,,multiple_sclerosis,(Multiple Sclerosis[MeSH] OR multiple sclerosis[tiab] OR demyelination[tiab] OR myelin[tiab]) AND (treatment[tiab] OR intervention[tiab] OR therapy[tiab]),2026-08-05T17:36:12+00:00,,,,,,"Let's evaluate the abstract against the inclusion and exclusion criteria step by step.

### Inclusion Criteria

1. **Pathogen**: Must be about Multiple Sclerosis
   - The abstract clearly focuses on Multiple Sclerosis. **(Met)**

2. **Language**: English only
   - The abstract is in English. **(Met)**

3. **Study type**: Peer-reviewed, original research (note systematic reviews/meta-analyses for special consideration)
   - The abstract appears to report on original research. **(Met)**

4. **Population**: Human subjects 
   - The study uses animal models (rats). Although it reports on related experimental findings, it does not involve human subjects. **(Not Met)**

5. **Content**: Must contain AT LEAST ONE of the specified criteria
   - The study evaluates the effects of treatments on oxidative stress but does not present quantitative details of human outbreaks, models of disease transmission, or measures of clinical outcomes like relapse rates or disability progression in humans. **(Not Met)**

### Exclusion Criteria

1. **Pathogen**: Not about Multiple Sclerosis
   - The study is about Multiple Sclerosis. **(Not applicable)**

2. **Language**: Non-English
   - The abstract is in English. **(Not applicable)**

3. **Publication type**: Conference proceedings, abstracts, posters, correspondence
   - There is no indication that this is anything other than an abstract from original research. **(Not applicable)**

4. **Study design**: In-vitro studies only (no human or animal component)
   - The study involves an animal model but does not include human subjects. **(Not applicable for exclusion, but not meeting inclusion)**

5. **Study design**: Solely animal studies AND studies that do not report transmission parameters
   - This study is based on a solely animal model (EAE in rats), and while it discusses the efficacy of interventions, it does not provide any relevant parameters as defined in the inclusion criteria. **(Met exclusion)**

6. **Outbreak type**: Accidental laboratory outbreaks (not natural disease transmission)
   - This criterion does not apply as this study concerns treatments in a controlled experiment. **(Not applicable)**

### Conclusion

The abstract does not meet the inclusion criteria as it lacks human subjects and does not provide relevant clinical outcome measures such as relapse or disability. It is a study on animal models without clear application to the human clinical outcomes related to Multiple Sclerosis as sought in the systematic review objective.

Therefore, the final decision is:

<decision>EXCLUDE</decision>",EXCLUDE,False,2026-08-05T18:42:31.201321
PMID_42509429,PubMed,42509429,PMC5671927,10.1136/annrheumdis-2017-211448,"Late complications after autologous HSCT for autoimmune diseases: a retrospective survey from the autoimmune diseases working party (ADWP), transplant complications working party (TCWP) and paediatric diseases working party (PDWP) of the european society for blood and marrow transplantation (EBMT).","Kirgizov, Kirill; Greco, Raffaella; Badoglio, Manuela; Labopin, Myriam; Saccardi, Riccardo; Rovira, Montserrat; Farge, Dominique; Roeven, Mieke W H; Moore, John; Mehra, Varun; Onida, Francesco; Polushin, Alexey; Finke, Jürgen; Alexander, Tobias; Burman, Joachim; Del Papa, Nicoletta; Greenfield, Diana M; Kazmi, Majid; Rovo, Alicia; Salooja, Nina; Schoemans, Helene; Sharrack, Basil; Nozzoli, Chiara; Tichelli, André; Bader, Peter; Corbacioglu, Selim; Peric, Zinaida; Roldan, Elisa; Basak, Grzegorz W; Snowden, John A",Bone marrow transplantation,2026,"Autologous hematopoietic stem cell transplantation (aHSCT) has evolved as a treatment for severe autoimmune diseases (ADs). Advances in transplant procedures and supportive care have led to improvements in long-term survival but there is limited data on 'late effects'. The aim of this retrospective EBMT registry study is to assess the incidence of 'late effects' after aHSCT for ADs. All EBMT centres were invited and data were received for 579 patients (median age 37 years, range 2.7-73.8), who received aHSCT between 1997 and 2016. Median follow-up was 89 months (IQR 82.4-95.5). Indications included multiple sclerosis (MS, 46.8%), systemic sclerosis (SSc, 28.7%), Crohn's disease (CD, 12.6%), systemic lupus erythematosus (SLE, 2.4%) and other ADs (9.5%). Conditioning was mainly based on Cy/ATG (51.9%) or BEAM/ATG (25.3%). At 10-years, the cumulative incidence of secondary ADs was 10.3% (95% CI: 7.7-13.3), new post-transplant cancers 4.1% (95% CI: 2.2-6.8), endocrine complications 16.2% (95% CI: 12.6-20.1), and cardiovascular complications 14.7% (95% CI: 11.2-18.6). Median time to endocrine events (15.4 months) was generally sooner than median times to secondary ADs (24.5 months) and cardiovascular (25.3 months), with new cancers occurring relatively late (median time 81.7 months). Overall, at 10-years, progression-free survival (PFS) was 40.1% (95% CI: 34.7-45.4), overall survival (OS) 83.5% (95% CI: 79.3-86.9) and non-relapse mortality (NRM) 5.0% (95% CI: 3.2-7.4). By multivariate analysis, secondary ADs were relatively higher in CD vs SSc (HR = 4.93, p = 0.01) and MS (HR = 2.05, p = 0.055), while cardiovascular complications were significantly increased in SSc compared to MS (HR = 8.85, p < 10-3) or CD (HR = 3.45, p = 0.016). The incidence of post-aHSCT cancers was related to increasing age (HR per 10 y = 2.26, p < 10-3), without significant association with disease type. Incidence of endocrine complications were significantly lower in SSc compared to MS (HR = 0.35, p = 0.027) and CD (HR = 0.33, p = 0.041) and significantly more frequent in females (HR = 4.27, p < 10-3). Autologous HSCT for ADs is associated with a cumulative burden of non-infectious late complications, including thyroid dysfunction, osteoporosis, cardiovascular complications, gonadal dysfunction, secondary ADs and subsequent cancers. These impact all ages of patient and vary depending on AD indication, reflecting disease characteristics and other treatments. This study highlights the importance of screening, monitoring, and treatment of late effects in this setting.",https://pubmed.ncbi.nlm.nih.gov/42509429/,,,multiple_sclerosis,(Multiple Sclerosis[MeSH] OR multiple sclerosis[tiab] OR demyelination[tiab] OR myelin[tiab]) AND (treatment[tiab] OR intervention[tiab] OR therapy[tiab]),2026-08-05T17:36:12+00:00,,,,,,"Let's evaluate the provided abstract against the systematic review's inclusion and exclusion criteria step by step.

## Inclusion Criteria
1. **Pathogen: Must be about Multiple Sclerosis**
   - The study does discuss multiple sclerosis (MS) as one of the conditions being treated with autologous HSCT (46.8% of the patients). 
   - **Criterion met.**

2. **Language: English only**
   - The abstract is written in English.
   - **Criterion met.**

3. **Study type: Peer-reviewed, original research (note systematic reviews/meta-analyses for special consideration)**
   - The study appears to be part of a retrospective registry and involves original data collection. 
   - **Criterion met.**

4. **Population: Human subjects**
   - The study involves human subjects (579 patients).
   - **Criterion met.**

5. **Content: Must contain AT LEAST ONE of:**
   - a) **Relapse rates**: The abstract does not provide specific data on relapse rates after treatment.
   - b) **Disability progression (EDSS scores)**: The abstract does not report on EDSS scores.
   - c) **Disease-modifying therapies**: While autologous HSCT is a treatment method, it is not categorized as a conventional disease-modifying therapy in the context of MS.
   - d) **Neuroimaging studies (MRI lesion load)**: This study does not provide any MRI lesion load data or similar neuroimaging outcomes.
   - e) **High-quality randomised controlled trials/systematic reviews**: There is no indication that this study is a randomized controlled trial.
   - f) **Biomarkers, neuroimaging, and functional outcome data**: No relevant biomarkers or functional outcome measures related to MS are presented here.
   - **Criterion not fully met.**

## Exclusion Criteria
1. **Pathogen: Not about Multiple Sclerosis**
   - The study is related to MS and other autoimmune diseases.
   - **Criterion not applicable.**

2. **Language: Non-English**
   - The abstract is in English.
   - **Criterion not applicable.**

3. **Publication type: Conference proceedings, abstracts, posters, correspondence**
   - There is no indication this study is merely a conference proceeding or abstract; it appears as original research.
   - **Criterion not applicable.**

4. **Study design: In-vitro studies only (no human or animal component)**
   - The study involves human participants; thus, it is not an in-vitro study.
   - **Criterion not applicable.**

5. **Study design: Solely animal studies AND animal studies that do not report transmission parameters**
   - The study does not involve animal research.
   - **Criterion not applicable.**

6. **Outbreak type: Accidental laboratory outbreaks**
   - The study does not pertain to any accidental laboratory outbreaks or similar types of research.
   - **Criterion not applicable.**

Based on the above evaluation, although the paper addresses some relevant aspects of multiple sclerosis, it lacks critical data on relapse rates and disability progression (EDSS scores), which are essential stipulations in the systematic review's inclusion criteria.

Therefore, my decision is:

<decision>EXCLUDE</decision>",EXCLUDE,False,2026-08-05T18:42:31.201392
PMID_42502707,PubMed,42502707,PMC11732200,10.1177/20552173261472249,Family planning and multiple sclerosis - part 2: Does real-world practice align with Swedish treatment guidelines?,"Machado, Alejandra; Pettersson, Emma; Teni, Fitsum Sebsibe; Friberg, Emilie; Fink, Katharina","Multiple sclerosis journal - experimental, translational and clinical",2026,"BACKGROUND AND OBJECTIVES: Managing family planning and treatment in women with multiple sclerosis (MS) requires balancing disease control with medication safety. Despite guidelines, practice often adapts to individual needs, with clinicians adjusting disease-modifying therapies (DMTs) to protect maternal and fetal health. This study examines pregnancy-related MS treatment in Sweden.
METHODS: We identified 130 women (153 pregnancies) from a 2021 online MS questionnaire and linked responses to the Swedish MS register to capture DMT use during three periods: 25 weeks before conception, pregnancy (≈40 weeks), and 25 weeks postpartum. DMTs were classified as ""accepted,"" ""discontinuation recommended""-requiring monitoring, or ""not recommended"" in planned pregnancy.
RESULTS: Before conception, among 153 pregnancies, 26% involved DMTs considered acceptable before and during pregnancy, while 55% involved DMTs for which discontinuation before conception is recommended-of which rituximab accounted for nearly half of all pregnancies (47%, n = 72). Three percent were exposed to ´not recommended´ DMTs, and 16% had no prior treatment. Overall, 29% discontinued DMTs before or shortly after conception, while 58% (n = 88) had ongoing or recent treatment exposure, defined as treatment administered within 6 months before conception or, in a minority of cases, after conception. Among these, 50% (n = 77) involved rituximab-and 13% remained untreated. Postpartum, 58% resumed treatment, 3% remained under long-lasting DMT effects, and 39% did not initiate DMT, likely due to breastfeeding.
DISCUSSION: Overall, real-world practice in Sweden broadly aligns with national recommendations, with widespread use of rituximab before pregnancy reflecting its perceived safety and durable effect, alongside some individualized deviations from discontinuation guidance.",https://pubmed.ncbi.nlm.nih.gov/42502707/,,,multiple_sclerosis,(Multiple Sclerosis[MeSH] OR multiple sclerosis[tiab] OR demyelination[tiab] OR myelin[tiab]) AND (treatment[tiab] OR intervention[tiab] OR therapy[tiab]),2026-08-05T17:36:12+00:00,,,,,,"To assess whether the paper should be included in the systematic review on Multiple Sclerosis (MS), we will evaluate it against the inclusion and exclusion criteria provided.

### Inclusion Criteria Assessment
1. **Pathogen**: The study is about Multiple Sclerosis. **(Met)**
2. **Language**: The abstract is in English. **(Met)**
3. **Study type**: The study appears to be peer-reviewed original research. **(Met)**
4. **Population**: The study involves human subjects (women with MS). **(Met)**
5. **Content**: The study discusses the use of disease-modifying therapies (DMTs) during pregnancy, which could provide insights on treatment outcomes related to MS. However, it primarily focuses on treatment practices rather than relapse rates, disability progression, or specific clinical outcome measures like EDSS scores. It does not explicitly report on relapse rates or disability progression. **(Not Met)**

### Exclusion Criteria Assessment
1. **Pathogen**: The study is about Multiple Sclerosis. **(Not Met, does not apply)**
2. **Language**: The study is in English. **(Not Met, does not apply)**
3. **Publication type**: The abstract seems to be part of a peer-reviewed study. **(Not Met, does not apply)**
4. **Study design**: The study involves human subjects and is not in-vitro only. **(Not Met, does not apply)**
5. **Study design**: The study does not involve solely animal studies. **(Not Met, does not apply)**
6. **Outbreak type**: The study is not related to outbreaks. **(Not Met, does not apply)**

Overall, while this study provides interesting insights into the practices of DMT use during pregnancy for women with MS, it does not present key clinical outcome measures (like relapse rates or EDSS scores) that are explicitly required by the inclusion criteria. Therefore, it cannot be included in the systematic review.

<decision>EXCLUDE</decision>",EXCLUDE,False,2026-08-05T18:42:31.201464
PMID_42501783,PubMed,42501783,,10.1016/j.neuroscience.2026.07.054,"Adolescent drinking causes a loss of aspartoacylase-expressing oligodendrocytes and hypomyelination of anterior cingulate and corpus callosum axons in male mice, but not females.","Akli, Said; Flores-Bonilla, Annabelle; Nouduri, Sirisha; Scott, Samuel; Richardson, Heather N",Neuroscience,2026,"Adolescent binge drinking is a strong predictor of alcohol use disorder and related mental health outcomes in adulthood, which may be due to disruptions in myelination during this dynamic period of brain development. White matter expansion in frontal regions during adolescence is essential for mature decision-making and stress regulation, yet the cellular mechanisms by which alcohol impairs myelination remain poorly understood. Multi-label immunofluorescence and confocal microscopy were used to visualize proteins in oligodendrocyte lineage cells and myelin ensheathment of axons in the anterior cingulate cortex (Cg1) and corpus callosum (CC) of male and female C57BL/6NJ mice following four weeks of episodic voluntary binge drinking during adolescent development using the Drinking-in-the-Dark model. Contrary to our hypothesis, alcohol targeted mature oligodendrocytes rather than early-stage oligodendrocyte precursor cells (OPCs). Binge drinking reduced oligodendrocytes expressing aspartoacylase (ASPA) in the Cg1 and CC. This enzyme is essential for lipid biosynthesis and myelin production, and cellular loss was accompanied by hypomyelination of axons. Notably, males appear especially sensitive to adolescent alcohol, as ASPA+ oligodendrocytes and myelin were not reduced in binge-drinking females. Differential vulnerability could carry important implications for adult neurodevelopmental outcomes. Altogether the findings advance our mechanistic understanding of myelin deficits after alcohol, identifying late-stage oligodendroglial development and ASPA as possible targets for therapeutic intervention in the treatment of alcohol use disorder and demyelinating diseases.",https://pubmed.ncbi.nlm.nih.gov/42501783/,,,multiple_sclerosis,(Multiple Sclerosis[MeSH] OR multiple sclerosis[tiab] OR demyelination[tiab] OR myelin[tiab]) AND (treatment[tiab] OR intervention[tiab] OR therapy[tiab]),2026-08-05T17:36:12+00:00,,,,,,"To assess whether the paper should be included or excluded, we will evaluate it against each inclusion and exclusion criterion systematically.

### Inclusion Criteria Evaluation
1. **Pathogen: Must be about Multiple Sclerosis**
   - The study focuses on adolescent alcohol consumption, its effects on oligodendrocytes, and myelination deficits, specifically **not mentioned as Multiple Sclerosis**. 
   - **Not met**.

2. **Language: English only**
   - The abstract is in English.
   - **Met**.

3. **Study type: Peer-reviewed, original research (not including systematic reviews/meta-analyses for special consideration)**
   - The abstract does not specify whether it is original peer-reviewed research, but it describes a study rather than a review.
   - **Met** (tentatively, but needs confirmation from publication specifics).

4. **Population: Human subjects**
   - The study is conducted on **male and female mice**, not human subjects.
   - **Not met**.

5. **Content: Must contain AT LEAST ONE of:**
   - The content addresses the loss of oligodendrocytes and myelination, but it does **not pertain to any clinical measures or outcomes related to multiple sclerosis**.
   - **Not met**.

### Exclusion Criteria Evaluation
1. **Pathogen: Not about Multiple Sclerosis (exclude studies on other pathogens)**
   - The study does not pertain to Multiple Sclerosis.
   - **Applies** (exclude).

2. **Language: Non-English**
   - The abstract is in English.
   - **Does not apply**.

3. **Publication type: Conference proceedings, abstracts, posters, correspondence**
   - This abstract appears to fit into the category of original research rather than any of the excluded formats, but it requires further confirmation on publication type.
   - **Does not apply** (tentative for now).

4. **Study design: In-vitro studies only (no human or animal component)**
   - The study does involve animals (mice).
   - **Does not apply**.

5. **Study design: Solely animal studies AND animal studies that do not report transmission parameters (R0, Rt, Re, r, growth rate, mutation rate)**
   - The study is solely on animal subjects and does not report on any epidemiological transmission parameters.
   - **Applies** (exclude).

6. **Outbreak type: Accidental laboratory outbreaks (not natural disease transmission)**
   - The study does not pertain to disease transmission or outbreaks.
   - **Does not apply**.

### Conclusion
The study does not meet the necessary inclusion criteria due to its focus on animal research (mice), and it does not pertain to Multiple Sclerosis. Therefore, it warrants exclusion based on the specified criteria. 

<decision>EXCLUDE</decision>",EXCLUDE,False,2026-08-05T18:42:31.201545
PMID_42501585,PubMed,42501585,,10.1016/j.msard.2026.107393,Modified Delphi consensus on the use of cladribine tablets in relapsing-remitting multiple sclerosis in North-West Africa.,"Daoudi, Smail; Tibar, Houyam; Mhiri, Chokri; Toubal, Nadia; Belahcene, Faouzi; Gouider, Riadh; Makhlouf, Karim; Djebari, Fouzia; Taha, Karim; Zeineddine, Maya; Yamout, Bassem",Multiple sclerosis and related disorders,2026,"BACKGROUND: Cladribine tablets are an oral immune reconstitution therapy with demonstrated efficacy and durable disease control in relapsing-remitting multiple sclerosis (RRMS). While global evidence supports their use, region-specific guidance adapted to healthcare variability, access constraints, and real-world practice in North-West Africa (NWA) remains limited.
OBJECTIVES: To develop expert-based, region-specific consensus recommendations on the optimal use of cladribine tablets in RRMS in the NWA region.
METHODS: A modified Delphi methodology was conducted during a face-to-face advisory board meeting in May 2025 in Tunisia. Senior neurologists with expertise in multiple sclerosis from across NWA reviewed available evidence, discussed key clinical questions, and voted on consensus statements addressing treatment positioning, early use, switching strategies, long-term management, safety, and special populations. Consensus was predefined as agreement by ≥75% of voting experts.
RESULTS: All consensus statements met the predefined threshold after discussion and refinement, achieving high to unanimous agreement. Experts endorsed cladribine tablets as a high-efficacy option for treatment-naïve patients with moderate-to-high disease activity and as a switch option following suboptimal response to platform therapies and in selected patients previously treated with high-efficacy therapies. Benefits include early initiation, durable disease control without continuous immunosuppression, and suitability for patients with limited access to hospital-based care. Expert consensus recommendations also addressed long-term management beyond Year 4, retreatment strategies, safety monitoring, pregnancy planning, and use in older patients, recognizing that some areas are supported mainly by emerging real-world evidence and expert clinical experience.
CONCLUSION: This Delphi consensus provides practical, region-specific guidance to optimize the use of cladribine tablets in RRMS across NWA, aiming to harmonize treatment practices and improve long-term outcomes.",https://pubmed.ncbi.nlm.nih.gov/42501585/,,,multiple_sclerosis,(Multiple Sclerosis[MeSH] OR multiple sclerosis[tiab] OR demyelination[tiab] OR myelin[tiab]) AND (treatment[tiab] OR intervention[tiab] OR therapy[tiab]),2026-08-05T17:36:12+00:00,,,,,,"To evaluate whether this abstract should be included in the systematic review on *Multiple Sclerosis*, we will analyze it against the predefined inclusion and exclusion criteria.

## Inclusion Criteria Evaluation
1. **Pathogen**: The study is directly related to Multiple Sclerosis, which meets this criterion.
2. **Language**: The abstract is in English, satisfying this requirement.
3. **Study type**: The study describes a modified Delphi consensus, which is a form of peer-reviewed research, but does not fit the terminology typically reserved for original experimental studies. The inclusion of systematic reviews/meta-analyses does not explicitly indicate that consensus statements alone qualify without supporting original data.
4. **Population**: The study discusses expert recommendations concerning human subjects with RRMS, which is relevant to our population criterion.
5. **Content**: The abstract does not report quantitative details of relapse rates or disability measures, nor does it discuss any specific clinical outcomes associated with cladribine treatment in terms of relapse rates or EDSS scores. It focuses on consensus recommendations rather than empirical findings. While it does provide expert consensus on treatment strategies and management, it lacks quantitative outcome measures directly.

## Exclusion Criteria Evaluation
1. **Pathogen**: The study is about Multiple Sclerosis and does not need to be excluded on this criterion.
2. **Language**: It is written in English, not applicable for exclusion.
3. **Publication type**: The abstract likely represents the findings of a Delphi consensus, which could fall under a category similar to conference proceedings, but this is not definitively noted in the abstract.
4. **Study design**: The study does not mention any empirical research or statistical analysis from original research, and instead summarizes expert consensus, which may not satisfy our desire for original research data.
5. **Study design**: It is not an in-vitro study and involves human subjects. There is no animal study component.
6. **Outbreak type**: This criterion is not applicable to the study as it does not mention outbreaks.

## Conclusion
The study provides consensus recommendations, but it does not present original clinical data or quantitative evidence regarding relapse rates or disability progression, which are critical for informing clinical practice in *Multiple Sclerosis*. Hence, while it relates to MS, it fails to provide the necessary empirical findings required by the inclusion criteria. This leads to the determination that the paper does not fulfill the inclusion criteria and instead falls outside the requisite scope of the review.

Thus, based on these considerations, the final decision is:

<decision>EXCLUDE</decision>",EXCLUDE,False,2026-08-05T18:42:31.201619
PMID_42493540,PubMed,42493540,PMC2139778,10.1083/jcb.137.2.459,A novel small molecule remyelination therapy for multiple sclerosis.,"Yang, Yan; Bai, Brain; Knutsen, Lars J S; Hamlyn, Richard J; Cui, Qiao-Ling; Antel, Jack; Macklin, Wendy; Medicetty, Satish; Trapp, Bruce D",npj drug discovery,2026,"We conducted a phenotypic screen of 20,000 central nervous system (CNS)-biased small molecules for their ability to stimulate differentiation of mouse oligodendrocyte progenitor cells (OPCs) into oligodendrocytes. We identified a lead hit (CN045) with an EC50 of 40 nM in the OPC differentiation assay and a chemical scaffold conducive to modifications. In OPC differentiation assays, CN045 demonstrated higher potency than a known OPC differentiation compound Triiodothyronine (T3). CN045 promoted myelin-like ensheathment of engineered nanofibers by mouse and human OPCs and significantly increased remyelination in white and gray matter regions of mouse brain following cuprizone/rapamycin-induced demyelination. In terms of pharmacokinetics, CN045 is CNS-penetrable with low cytotoxicity. CN045 has a short half-life in vivo, but its chemical scaffold is conducive to structural modifications that can improve its metabolic properties. Collectively, these results demonstrate that CN045 is an attractive lead candidate for enhancing OPC differentiation and remyelination in multiple sclerosis patients.",https://pubmed.ncbi.nlm.nih.gov/42493540/,,,multiple_sclerosis,(Multiple Sclerosis[MeSH] OR multiple sclerosis[tiab] OR demyelination[tiab] OR myelin[tiab]) AND (treatment[tiab] OR intervention[tiab] OR therapy[tiab]),2026-08-05T17:36:12+00:00,,,,,,"To determine whether the study should be included or excluded from the systematic review on Multiple Sclerosis (MS), I will evaluate the abstract against each inclusion and exclusion criterion step by step.

### Inclusion Criteria
1. **Pathogen**: Must be about Multiple Sclerosis.
   - **Evaluation**: The title and abstract explicitly mention ""multiple sclerosis,"" so this criterion is met.

2. **Language**: English only.
   - **Evaluation**: The abstract is presented in English, so this criterion is met.

3. **Study type**: Peer-reviewed, original research (note systematic reviews/meta-analyses for special consideration).
   - **Evaluation**: While the abstract does not specify whether it has been peer-reviewed, it describes original research on a novel treatment. It is safe to assume it aligns with the original research category, so this criterion is tentatively met.

4. **Population**: Human subjects (animal studies acceptable if reporting EITHER...).
   - **Evaluation**: The study primarily involved mouse studies, with references to human oligodendrocyte progenitor cells (OPCs). The primary focus appears to be on animal studies (mouse), and human subjects were not treated directly in the context of the primary assessment being discussed. This raises a concern, as the study centers around animal models without a direct human trial reported.

5. **Content**: Must contain AT LEAST ONE of the relevant aspects.
   - **Evaluation**: The study discusses differentiation of OPCs and remyelination, which could potentially be relevant to the severity or progression of MS; however, it lacks specific measures or outcomes relevant to relapse rates, disability progression (EDSS scores), disease-modifying therapies, or clinical outcomes directly in humans.

### Exclusion Criteria
1. **Pathogen**: Not about Multiple Sclerosis.
   - **Evaluation**: The study is focused on MS, so this criterion does not apply.

2. **Language**: Non-English.
   - **Evaluation**: The abstract is in English, so this criterion does not apply.

3. **Publication type**: Conference proceedings, abstracts, posters, correspondence.
   - **Evaluation**: The abstract likely represents preliminary findings. If it is indeed just an abstract, this could label it as less relevant for inclusion. 

4. **Study design**: In-vitro studies only (no human or animal component).
   - **Evaluation**: The study involved animal models, but focusing solely on in vitro research could warrant exclusion based on the desire for patient-based or clinical outcome measures.

5. **Study design**: Solely animal studies AND animal studies that do not report transmission parameters.
   - **Evaluation**: The study reports findings regarding animal studies on remyelination but does not provide direct clinical outcomes or parameters typically sought for MS review. This could lead to exclusion under this criterion as well.

6. **Outbreak type**: Accidental laboratory outbreaks (not natural disease transmission).
   - **Evaluation**: This does not apply here.

### Conclusion
The study presents interesting findings on a potential remyelination therapy but is primarily based on animal research and lacks the specific clinical outcome measures, such as relapse rates or disability progression that are critical for inclusion in this systematic review. Furthermore, it falls into the category of solely animal studies without substantial human data directly relating to MS.

Thus, based on the assessment above:

<decision>EXCLUDE</decision>",EXCLUDE,False,2026-08-05T18:42:31.201698
PMID_42489634,PubMed,42489634,,10.1186/s43058-021-00181-2,Remote Monitoring Enhanced Outpatient Physical Therapy: A Mixed-Methods Implementation Study.,"Hohl, Kristen; Hendricksen, Monica; Handlery, Reed; Redd, Hannah; Smaller, Kevin; Jackson, Steven; Rafferty, Miriam R",Journal of neurologic physical therapy : JNPT,2026,"BACKGROUND AND PURPOSE: Remote therapeutic monitoring uses technology to track physical activity and exercise. This study evaluates the implementation outcomes and effects of remote therapeutic monitoring on steps and exercise over 6 months.
METHODS: Mixed-methods were used in this hybrid type 2 effectiveness implementation report in outpatients with Parkinson's disease, multiple sclerosis, stroke, concussion, post-COVID-fatigue, or musculoskeletal pain. Participants wore activity trackers synced to a mobile application. Clinicians evaluated activity, tailored goals, and performed clinical measures as part of their physical therapy. Effects were measured using daily steps and weekly aerobic exercise minutes. Implementation outcomes synthesized data from medical records, surveys, exit interviews, and meeting notes.
RESULTS: Forty-two patient participants (mean age 56 ± 16 years; 55% female) enrolled in this study; 81% (n = 34) completed 6 months of monitoring. Fidelity to participant tracker use and clinician goal setting were high. Daily steps increased from 4892 ± 3694 to 5958 ± 4385, and weekly exercise from 44 ± 66 to 83 ± 85 minutes. Mixed effects models showed significant but decelerating improvements (steps: β = 87.5, P = 0.002; β2 = -2.4, P = 0.01; exercise: β = 3.6, P = 0.002; β2 = -0.1, P = 0.006). Participant interviews showed motivation and accountability drove engagement, while health and technology issues were barriers.
DISCUSSION AND CONCLUSIONS: This first study of remote therapeutic monitoring of steps and exercise in physical therapy suggests therapist-supported monitoring is implementable and may enhance long-term physical activity and exercise participation.",https://pubmed.ncbi.nlm.nih.gov/42489634/,,,multiple_sclerosis,(Multiple Sclerosis[MeSH] OR multiple sclerosis[tiab] OR demyelination[tiab] OR myelin[tiab]) AND (treatment[tiab] OR intervention[tiab] OR therapy[tiab]),2026-08-05T17:36:12+00:00,,,,,,"To decide whether the paper should be included or excluded, we will evaluate the abstract against the predefined inclusion and exclusion criteria systematically. 

### Inclusion Criteria Assessment
1. **Pathogen: Must be about Multiple Sclerosis**  
   - The abstract does mention 'multiple sclerosis' among other conditions in the participant population. **(Met)**
   
2. **Language: English only**  
   - The abstract is in English. **(Met)**
   
3. **Study type: Peer-reviewed, original research (note systematic reviews/meta-analyses for special consideration)**  
   - Although the study is a mixed-methods implementation report, it appears to be original research. However, it is unclear from the abstract whether it has been peer-reviewed. **(Not clearly met)**
   
4. **Population: Human subjects (animal studies acceptable if reporting EITHER...)**  
   - The study involves human subjects, specifically outpatients. **(Met)**
   
5. **Content: Must contain AT LEAST ONE of the specified measures**  
   - The study reports on the effects of remote therapeutic monitoring and provides quantitative details about daily steps and weekly aerobic exercise minutes. It indicates a measure of improvement in physical activity, but it does not report on relapse rates, disability progression (EDSS scores), or disease-modifying therapies specifically. **(Not clearly met)**

### Exclusion Criteria Assessment
1. **Pathogen: Not about Multiple Sclerosis (exclude studies on other pathogens)**  
   - The study is related to Multiple Sclerosis. **(Not applicable)**
   
2. **Language: Non-English**  
   - The abstract is in English. **(Not applicable)**
   
3. **Publication type: Conference proceedings, abstracts, posters, correspondence**  
   - The abstract likely belongs to a conference or is a summary thereof, as it is presented in abstract form. **(Met)**
   
4. **Study design: In-vitro studies only**  
   - The study does not fall under in-vitro studies. **(Not applicable)**
   
5. **Study design: Solely animal studies AND animal studies that do not report transmission parameters**  
   - This does not apply as it involves human subjects. **(Not applicable)**
   
6. **Outbreak type: Accidental laboratory outbreaks**  
   - Not applicable as this study does not discuss outbreaks. **(Not applicable)**

### Conclusion
Overall, while this study includes participants with Multiple Sclerosis and reports on their exercise and activity levels, it primarily centers on an intervention of remote monitoring in a broader population including other conditions. It does not meet specific inclusion criteria regarding the focus on clinical outcomes directly relevant to Multiple Sclerosis (e.g., relapse rates, EDSS, or disease-modifying therapies). Additionally, the nature of the data suggests it may be classified as an abstract, leading to potential exclusion.

Given the findings, I conclude:

<decision>EXCLUDE</decision>",EXCLUDE,False,2026-08-05T18:42:31.201769
PMID_42482598,PubMed,42482598,,10.4081/dr.2026.10912,Unilateral facial flushing and anhidrosis: a case of idiopathic Harlequin syndrome with successful botulinum toxin treatment.,"Sorrentino, Pasquale; Licata, Gaetano; Nicoletti, Maria Maddalena; Malaspina, Margherita; Argenziano, Giuseppe; Di Brizzi, Eugenia Veronica; Giorgio, Caterina Mariarosaria",Dermatology reports,2026,"Dear Editor, Harlequin syndrome is a rare autonomic disorder characterized by unilateral facial flushing and sweating caused by dysfunction of sympathetic innervation. Although generally considered a benign condition, it may occasionally represent the first manifestation of underlying neurological or structural abnormalities, including brainstem lesions, multiple sclerosis, or thoracic spinal cord disorders. Due to its striking clinical appearance, Harlequin syndrome may be misinterpreted as an allergic reaction, chronic urticaria, or other dermatological conditions, potentially delaying diagnosis. We report a case of idiopathic Harlequin syndrome in a middle-aged woman, highlighting the importance of recognizing this uncommon autonomic disorder in dermatological practice. [...].",https://pubmed.ncbi.nlm.nih.gov/42482598/,,,multiple_sclerosis,(Multiple Sclerosis[MeSH] OR multiple sclerosis[tiab] OR demyelination[tiab] OR myelin[tiab]) AND (treatment[tiab] OR intervention[tiab] OR therapy[tiab]),2026-08-05T17:36:12+00:00,,,,,,"To determine whether to include or exclude the abstract based on the specified screening criteria, let's evaluate it against the inclusion and exclusion criteria step by step.

### Inclusion Criteria Evaluation:

1. **Pathogen: Must be about Multiple Sclerosis**
   - The abstract makes a reference to Multiple Sclerosis as a possible underlying abnormality related to Harlequin syndrome, but it does not focus on Multiple Sclerosis itself or report on direct findings concerning MS patients. 
   - **Criterion Met?** No (not focused on MS).

2. **Language: English only**
   - The abstract is in English.
   - **Criterion Met?** Yes.

3. **Study type: Peer-reviewed, original research (note systematic reviews/meta-analyses for special consideration)**
   - The abstract appears to describe a single case report and does not mention being a systematic review or meta-analysis.
   - **Criterion Met?** No (case report, not original research).

4. **Population: Human subjects**
   - The abstract mentions a middle-aged woman, indicating it involves human subjects.
   - **Criterion Met?** Yes.

5. **Content: Must contain AT LEAST ONE of a specified set of content criteria**
   - The abstract does not provide quantitative details about outbreak size, a mathematical model of disease transmission, measures of transmission or severity regarding multiple sclerosis, or any related data that fits the specified criteria.
   - **Criterion Met?** No (does not fit any of the specified content measures).

### Exclusion Criteria Evaluation:

1. **Pathogen: Not about Multiple Sclerosis**
   - While it mentions Multiple Sclerosis, the primary focus of the abstract is on Harlequin syndrome.
   - **Criterion Met?** Yes (subject is indirectly related to MS).

2. **Language: Non-English**
   - The abstract is in English.
   - **Criterion Met?** No.

3. **Publication type: Conference proceedings, abstracts, posters, correspondence**
   - The abstract appears to be from a case report, indicating it is likely part of a letter or correspondence to the editor.
   - **Criterion Met?** Yes (meets exclusion).

4. **Study design: In-vitro studies only (no human or animal component)**
   - The study involves human subjects.
   - **Criterion Met?** No.

5. **Study design: Solely animal studies AND animal studies that do not report transmission parameters**
   - This criterion does not apply as the study involves a human subject.
   - **Criterion Met?** No.

6. **Outbreak type: Accidental laboratory outbreaks (not natural disease transmission)**
   - The study reference does not involve an outbreak scenario.
   - **Criterion Met?** No.

### Conclusion
The abstract primarily deals with a case of Harlequin syndrome rather than focusing on Multiple Sclerosis as a main study objective. Thus, it does not meet the necessary inclusion criteria, especially in the key areas related to the objectives of the systematic review. Furthermore, it is categorized under correspondence, which is included in the exclusion criteria.

Based on this assessment, the abstract should be excluded from the systematic review.

<decision>EXCLUDE</decision>",EXCLUDE,False,2026-08-05T18:42:31.201837
PMID_42479470,PubMed,42479470,,10.1177/13524585261459943,Causal effects of multiple sclerosis therapies in left-truncated registry data.,"Haile, Dagmawi Chilot; Diouf, Ibrahima; Ozakbas, Serkan; Horakova, Dana; Havrdova, Eva Kubala; Patti, Francesco; Eichau, Sara; Alroughani, Raed; Lugaresi, Alessandra; Tomassini, Valentina; Prat, Alexandre; Girard, Marc; Terzi, Murat; Yamout, Bassem; Khoury, Samia J; Grammond, Pierre; Blanco, Yolanda; Shaygannejad, Vahid; Foschi, Matteo; Surcinelli, Andrea; Neri, Stefano; Weinstock-Guttman, Bianca; Prevost, Julie; Amato, Maria Pia; Barnett, Michael; Gerlach, Oliver; John, Nevin; Kermode, Allan G; Fabis-Pedrini, Marzena; Carroll, William M; van der Walt, Anneke; Butzkueven, Helmut; van Pesch, Vincent; Soysal, Aysun; Gouider, Riadh; Mrabet, Saloua; Spitaleri, Daniele; Cartechini, Elisabetta; Maimone, Davide; Ampapa, Radek; Laureys, Guy; Ramo-Tello, Cristina; Di Gregorio, Maria; Lapointe, Emmanuelle; Slee, Mark; Karabudak, Rana; Garber, Justin; Altintas, Ayse; Hodgkinson, Suzanne; Sanchez-Menoyo, Jose Luis; Castillo-Triviño, Tamara; Habek, Mario; Al-Asmi, Abdullah; Al-Harbi, Talal; Csepany, Tunde; Cárdenas-Robledo, Simón; Taylor, Bruce; Foong, Yi Chao; Willekens, Barbara; Shalaby, Nevin; Moore, Fraser; McGuigan, Chris; Baghbanian, Seyed Mohammad; Massey, Jennifer; Hardy, Todd A; Ramanathan, Sudarshini; Gross-Paju, Katrin; Gray, Orla; Decoo, Danny; Shaw, Cameron; Simu, Mihaela; Rozsa, Csilla; Stuart, Elizabeth A; Sharmin, Sifat; Roos, Izanne; Kalincik, Tomas","Multiple sclerosis (Houndmills, Basingstoke, England)",2026,"BACKGROUND: Left-truncation is an unrecorded interval between multiple sclerosis (MS) onset and initial data in observational studies. This delay may bias estimates of disease-modifying therapy (DMT) effectiveness, especially when determined by patient or disease characteristics.
OBJECTIVES: To examine whether causal effect estimates of DMTs over the full disease course can be reliably derived from left-truncated registry data.
METHODS: We analysed data from MSBase (144 centres, 41 countries) to assess the impact of left-truncation on causal treatment effect estimates. Cox marginal structural models (MSMs) estimated hazard ratios (HRs) for relapses, disability worsening and improvement, considering left-truncation at random and not-at-random. Fixed-time truncation and multivariable adjustment were applied to remediate bias.
RESULTS: The study included 5588 patients tracked from true MS onset. The null model, without left-truncation, estimated the DMT effect on relapse risk (HR = 0.64; 95% confidence interval (CI) = 0.54-0.77). Left-truncation inflated this estimate. Shorter random truncation (1 year) produced greater bias (HR = 0.34), decreasing with longer durations (3-year HR = 0.48). Truncation not-at-random biased relapse estimates (HR = 0.37). Disability outcomes were less sensitive.
CONCLUSION: MSMs can reliably estimate DMT effectiveness in left-truncated MS registry data, although accuracy depends on truncation mechanism and duration. Both random and not-at-random truncation impact relapse estimates. Disability outcomes appear less sensitive. Fixed-time truncation and covariate adjustment mitigated bias.",https://pubmed.ncbi.nlm.nih.gov/42479470/,,,multiple_sclerosis,(Multiple Sclerosis[MeSH] OR multiple sclerosis[tiab] OR demyelination[tiab] OR myelin[tiab]) AND (treatment[tiab] OR intervention[tiab] OR therapy[tiab]),2026-08-05T17:36:12+00:00,,,,,,"To determine whether to include or exclude the provided abstract in the systematic review on *Multiple Sclerosis*, we will assess it against the inclusion and exclusion criteria step by step.

### Inclusion Criteria Evaluation
1. **Pathogen**: This study focuses on *Multiple Sclerosis*, meeting this criterion.
2. **Language**: The abstract is in English, thus satisfying this criterion.
3. **Study Type**: The study is peer-reviewed original research, as indicated in the abstract—this meets the inclusion requirements.
4. **Population**: The study involves human subjects with MS, meeting this criterion.
5. **Content**: The study provides quantitative details regarding DMT effectiveness on relapse rates and disability progression, satisfying the requirement to contain at least one of the specified content measures (it reports HR for relapse and also considers disability outcomes).

### Exclusion Criteria Evaluation
1. **Pathogen**: The study addresses *Multiple Sclerosis*, which does not warrant exclusion.
2. **Language**: The abstract is in English; hence, this criterion is not met for exclusion.
3. **Publication Type**: There is no indication that the study is a conference proceeding, abstract, poster, or correspondence; it appears to be a full article.
4. **Study Design**: The study involves observational cohort data and a statistical analysis, which is appropriate and does not fall under in-vitro studies. Thus, it does not merit exclusion based on study design.
5. **Study Design**: This is not a solely animal study, nor does it fail to report necessary outcome measures; hence it's not subject to exclusion.
6. **Outbreak Type**: The study does not report on accidental laboratory outbreaks, so it does not meet this exclusion criterion.

### Conclusion
Upon evaluation of both inclusion and exclusion criteria, the abstract meets all the inclusion criteria and does not meet any exclusion criteria. Therefore, it provides relevant evidence for the systematic review focusing on clinical outcomes in *Multiple Sclerosis*.

<decision>INCLUDE</decision>",INCLUDE,True,2026-08-05T18:42:31.201906
PMID_42470877,PubMed,42470877,,10.1016/j.msard.2026.107387,Childhood trauma and treatment compliance in people with multiple sclerosis: The mediating role of physician-patient rapport.,"Salvati, Ambra; Cicia, Alessandra; Bianco, Assunta; Lucchini, Matteo; Bisurgi, Marco; Imperatori, Claudio; Farina, Benedetto; Mirabella, Massimiliano",Multiple sclerosis and related disorders,2026,"BACKGROUND: The role of childhood trauma (CT) and its impact on therapeutic adherence in patients with multiple sclerosis (MS) has been poorly explored. The aim of this study was to investigate the association between CT and treatment adherence, and to test the potential mediating role of the physician-patient rapport in this association.
METHODS: Two hundred and five patients with MS were enrolled and completed self-report measures assessing the main study variables. Mediation models analyzing the direct and indirect effects of CT on treatment adherence through the physician-patient rapport were performed while controlling for socio-demographic and clinical confounding factors.
RESULTS: The models showed that the total effect of CT on treatment adherence was significant (B = -0.050, p < .001) and that this association was mediated by lower interpersonal physician-patient connection (B = -0.014, p = .019).
CONCLUSIONS: These findings suggest that CT may negatively affect treatment adherence in patients with MS and that this association is significantly mediated by difficulties in the physician-patient interpersonal connection, highlighting the importance of targeted psychological interventions to improve disease management and patient care.",https://pubmed.ncbi.nlm.nih.gov/42470877/,,,multiple_sclerosis,(Multiple Sclerosis[MeSH] OR multiple sclerosis[tiab] OR demyelination[tiab] OR myelin[tiab]) AND (treatment[tiab] OR intervention[tiab] OR therapy[tiab]),2026-08-05T17:36:12+00:00,,,,,,"To assess whether the paper should be included in the systematic review, we will evaluate it against the inclusion and exclusion criteria step by step.

### Inclusion Criteria
1. **Pathogen: Must be about Multiple Sclerosis**
   - The study is about Multiple Sclerosis (MS), which meets this criterion.
   
2. **Language: English only**
   - The abstract is written in English, which meets this criterion.
   
3. **Study type: Peer-reviewed, original research (note systematic reviews/meta-analyses for special consideration)**
   - The abstract indicates it is original research involving original data collection, which meets this criterion (as long as it is from a peer-reviewed source).
   
4. **Population: Human subjects**
   - The study involved 205 patients with confirmed MS diagnosis, which meets this criterion.
   
5. **Content: Must contain AT LEAST ONE of:**
   - The research investigates treatment adherence in MS patients and the role of childhood trauma; however, it does not provide specific data on relapse rates, EDSS scores, or pharmacological interventions as required by the systematic review. Therefore, it does not meet this criterion as it does not contain the necessary quantitative details or clinical outcomes listed.

### Exclusion Criteria
1. **Pathogen: Not about Multiple Sclerosis**
   - This criterion does not apply since the study is about MS.
   
2. **Language: Non-English**
   - The language criterion does not apply as it is in English.
   
3. **Publication type: Conference proceedings, abstracts, posters, correspondence**
   - The study's status as an original research paper suggests it isn't a conference abstract or similar publication (assuming it is published in a journal). This criterion does not apply.
   
4. **Study design: In-vitro studies only (no human or animal component)**
   - The study involves human subjects and is not an in-vitro study, hence does not apply.
   
5. **Study design: Solely animal studies AND animal studies that do not report transmission parameters**
   - This study does not involve animal studies, so it does not apply.
   
6. **Outbreak type: Accidental laboratory outbreaks (not natural disease transmission)**
   - This does not apply as it is not about outbreaks.

### Conclusion
While the paper is relevant in its focus on MS, it does not fulfill a key component of the inclusion criteria related to specific clinical outcomes (relapse rates, disability scores, etc.) needed for the systematic review. Thus, it does not provide the evidence required based on the criteria.

Therefore, the final decision is:
<decision>EXCLUDE</decision>",EXCLUDE,False,2026-08-05T18:42:31.201978
PMID_42461563,PubMed,42461563,PMC6042421,10.1007/s00415-022-10988-1,The risk of neuropathy associated with biological therapy in juvenile idiopathic arthritis children.,"Hebeshi, Nourhan Elsayed; Kassem, Elham Mohammad; Hussein, Manal Shawky; Elkholy, Radwa Mostafa",Clinical rheumatology,2026,"OBJECTIVES: To evaluate the risk of neuropathy induced by biological drugs in children with juvenile idiopathic arthritis, clinically and by electrodiagnosis and ultrasonography.
PATIENTS AND METHODS: Eighty juvenile idiopathic arthritis (JIA) patients were divided into 2 groups: 40 patients under treatment of biologic drugs and conventional disease-modifying antirheumatic drugs (DMARDs) in group I for at least 6 months, and 40 patients under treatment of conventional DMARDs only in group II. Assessment was done using pediatric-modified total neuropathy score (Ped-mTNS), electrodiagnostic (EDX) tests, and nerve ultrasound.
RESULTS: There was a significant increase in Ped-mTNS, distal latency of peroneal nerve, and latency of tibial F wave and H-reflex, and a significant decrease in conduction velocity of both peroneal and tibial nerves in group I in comparison with group II. A positive correlation was detected between Ped-mTNS, cross-sectional area, and distal motor latency of the peroneal nerve, and between Ped-mTNS and tibial F wave latency, and a negative correlation between motor conduction velocity of the peroneal nerve and Ped-mTNS in group I. Absent H-reflex in 2 cases in group I.
CONCLUSIONS: Demyelinating peripheral neuropathy can represent a rare adverse event in JIA children treated with biological agents. Key Points • The potential risks associated with biological therapy in JIA patients and the importance of neuropathy screening in these patients. • Nerve ultrasound exhibits lower sensitivity compared to nerve conduction studies for detecting early or subclinical demyelination, as morphological changes may not be apparent on imaging despite measurable functional neurophysiological impairment. • Nerve ultrasound has a complementary role in the diagnosis of peripheral neuropathy, but clinical examination and electrodiagnostic testing remain the actual gold standard for the evaluation of the peripheral nervous system.",https://pubmed.ncbi.nlm.nih.gov/42461563/,,,multiple_sclerosis,(Multiple Sclerosis[MeSH] OR multiple sclerosis[tiab] OR demyelination[tiab] OR myelin[tiab]) AND (treatment[tiab] OR intervention[tiab] OR therapy[tiab]),2026-08-05T17:36:12+00:00,,,,,,"### Screening Process

To determine whether the given abstract should be included or excluded from the systematic review on Multiple Sclerosis, we will evaluate it against the inclusion and exclusion criteria.

#### Inclusion Criteria Evaluation
1. **Pathogen: Must be about Multiple Sclerosis**
   - This study focuses on juvenile idiopathic arthritis (JIA) and the associated risk of neuropathy due to biological therapy, with no mention of Multiple Sclerosis. **Not met**.
   
2. **Language: English only**
   - The abstract is in English. **Met**.
   
3. **Study type: Peer-reviewed, original research (note systematic reviews/meta-analyses for special consideration)**
   - The abstract describes an original research study. **Met**.

4. **Population: Human subjects**
   - The study involves human subjects (children with JIA). **Met**.

5. **Content: Must contain AT LEAST ONE of:**
   - The abstract does not provide any information specifically related to Multiple Sclerosis, including relapse rates, disability progression (EDSS scores), or any other relevant metrics. **Not met**.

#### Exclusion Criteria Evaluation
1. **Pathogen: Not about Multiple Sclerosis (exclude studies on other pathogens)**
   - This abstract is entirely about juvenile idiopathic arthritis and does not relate to Multiple Sclerosis. **Applies**.

2. **Language: Non-English**
   - The abstract is in English. **Not applicable**.

3. **Publication type: Conference proceedings, abstracts, posters, correspondence**
   - Not specified if this is a conference abstract, but it appears to be a structured abstract for a study. **Not applicable**.

4. **Study design: In-vitro studies only (no human or animal component)**
   - This is not applicable as the study involves human subjects. **Not applicable**.

5. **Study design: Solely animal studies AND animal studies that do not report transmission parameters**
   - This is not applicable as it involves only human subjects. **Not applicable**.

6. **Outbreak type: Accidental laboratory outbreaks (not natural disease transmission)**
   - This does not apply as it is not related to an outbreak context. **Not applicable**.

### Conclusion
Given the evaluation against the criteria, the critical issue is that the study does not relate to Multiple Sclerosis at all and primarily focuses on JIA. Therefore, it does not meet the essential inclusion criteria.

<decision>EXCLUDE</decision>",EXCLUDE,False,2026-08-05T18:42:31.202036
PMID_42459650,PubMed,42459650,PMC5565625,10.1212/nxi.0000000000000392,Case Report: Neurexin-3α-associated autoimmune encephalitis with co-existence of possible anti-MOG-associated involvement.,"Li, Rongchuan; Lin, Zhiqiang; Zhuang, Jinhong; Wei, Xiaoer; Chen, Jingjiong; Xu, Xiaofeng",Frontiers in immunology,2026,"BACKGROUND: Autoimmune encephalitis (AE) associated with neurexin-3α antibodies is a rarely reported disorder that commonly presents with severe neuropsychiatric manifestations.
CASE PRESENTATION: We report a patient who tested positive for neurexin-3α and myelin oligodendrocyte glycoprotein (MOG) antibodies at low titers. The patient presented with seizures, mental and behavioral disturbances, and cognitive impairment. Brain MRI showed increased signal intensity in the bilateral hippocampus and leptomeningeal enhancement in the left cerebral hemisphere. Serum cell-based assay findings, confirmed by tissue-based assay, were positive for neurexin-3α antibodies. The patient was diagnosed with anti-neurexin-3α encephalitis, with possible concurrent anti-MOG-associated involvement. Clinical symptoms improved after treatment with glucocorticosteroids and intravenous immunoglobulin.
CONCLUSION: Although overlapping antibodies in AE are relatively common, the co-occurrence of neurexin-3α and MOG antibodies has not been previously reported. This case provides new insights into the diagnosis and treatment of neurexin-3α-associated AE.",https://pubmed.ncbi.nlm.nih.gov/42459650/,,,multiple_sclerosis,(Multiple Sclerosis[MeSH] OR multiple sclerosis[tiab] OR demyelination[tiab] OR myelin[tiab]) AND (treatment[tiab] OR intervention[tiab] OR therapy[tiab]),2026-08-05T17:36:12+00:00,,,,,,"### Screening Evaluation:

1. **Pathogen**: The paper addresses autoimmune encephalitis in the context of neurexin-3α and MOG antibodies, not specifically about Multiple Sclerosis. 
   - **Evaluation**: **Not Met** (exclude since it does not pertain to Multiple Sclerosis)

2. **Language**: The abstract is in English.
   - **Evaluation**: **Met**

3. **Study type**: This is a case report and not peer-reviewed original research in the context of clinical trials or broader studies. 
   - **Evaluation**: **Not Met** (exclude as case report does not fit into the desired study types, especially as it is a small sample)

4. **Population**: The study discusses human subjects but does not focus on Multiple Sclerosis, which is a requirement.
   - **Evaluation**: **Not Met** (exclude since the population doesn't pertain to Multiple Sclerosis)

5. **Content**: The abstract does not provide quantitative details pertaining to Multiple Sclerosis or its outcomes, nor does it deal with pharmacological or non-pharmacological interventions relevant to Multiple Sclerosis.
   - **Evaluation**: **Not Met** (no relevant content about Multiple Sclerosis)

### Conclusion

Given that the first criterion (about the pathogen) is not met and the remaining criteria related to the study type, population, and content are also inadequate for inclusion, this paper should be excluded.

<decision>EXCLUDE</decision>",EXCLUDE,False,2026-08-05T18:42:31.202094
PMID_42456871,PubMed,42456871,,10.1016/j.ejphar.2026.179146,Valsartan repurposing to mitigate autoimmune encephalomyelitis via ACE2/Ang1-7/MasR axis pathway cognitive and neuroinflammation modulation; an experimental and chem-bio-informatics study.,"Rabie, Mostafa A; Rahmo, Rania M; El Magdoub, Hekmat M; Hamdy, Nadia M; Khedr, Lobna H",European journal of pharmacology,2026,"Multiple sclerosis (MS) is a debilitating neuroinflammatory disease frequently associated with cognitive impairment. Recent research suggests that targeting the renin-angiotensin system (RAS) may offer a promising therapeutic strategy for alleviating cognitive deficits in neurodegenerative disorders. This study aimed to explore the interactions between valsartan (VAL), an angiotensin II receptor antagonist, ACE2/Ang 1-7/MasR signaling, and PI3K/Akt/CREB/BDNF pathway in preserving cognitive function using an experimental autoimmune encephalomyelitis (EAE) mouse model. EAE was induced in mice through spinal cord homogenate, leading to motor and cognitive impairments that mimic those observed in MS patients. In addition, comprehensive bioinformatics and chemo-bioinformatics analyses were conducted. Oral administration of VAL (40 mg/kg/day) significantly ameliorated EAE-induced cognitive deficit in spatial and learning memory as evidenced by improved performance in the novel object recognition (NOR) and Morris water maze (MWM), along with a reduction in EAE clinical scoring. Histological analysis further revealed that VAL treatment mitigated EAE-induced demyelination in the corpus callosum. Mechanistically, VAL activated ACE2/Ang 1-7/MasR signaling pathway, stimulating the p-PI3K/p-Akt/p-CREB axis, and consequently elevating BDNF, its receptor TrkB and synapsin I, thereby establishing a cycle of neuroprotection. Furthermore, VAL mitigated EAE-induced neuroinflammation by reducing p-NFκB p65, TNF-α and IL-6 contents, while restoring redox balance by enhancing SOD and GPx activities, elevating GSH content and reducing MDA content. Collectively, these findings highlight the potential of VAL in preserving cognitive function in EAE by modulating key neuroprotective and anti-inflammatory pathways, offering valuable insights into novel therapeutic strategies for MS and related neuroinflammatory disorders. These conclusions are further supported by complementary bioinformatics analyses.",https://pubmed.ncbi.nlm.nih.gov/42456871/,,,multiple_sclerosis,(Multiple Sclerosis[MeSH] OR multiple sclerosis[tiab] OR demyelination[tiab] OR myelin[tiab]) AND (treatment[tiab] OR intervention[tiab] OR therapy[tiab]),2026-08-05T17:36:12+00:00,,,,,,"To determine whether this study should be included in the systematic review on Multiple Sclerosis, we will evaluate the provided abstract against the inclusion and exclusion criteria outlined.

### Inclusion Criteria
1. **Pathogen: Must be about Multiple Sclerosis**
   - The study explicitly mentions Multiple Sclerosis and examines an autoimmune encephalomyelitis mouse model that reflects aspects of MS. This criterion is met.

2. **Language: English only**
   - The abstract is written in English. This criterion is met.

3. **Study type: Peer-reviewed, original research (note systematic reviews/meta-analyses for special consideration)**
   - The abstract describes original research using an EAE mouse model. Assuming this study is peer-reviewed, this criterion is met.

4. **Population: Human subjects or animal studies if reporting specified parameters**
   - This study is conducted on a mouse model (animal study) but investigates cognitive function related to MS, which can be relevant to understanding human MS. However, it does not report any human data or specified transmission parameters, so it has limitations in this respect.

5. **Content: Must contain AT LEAST ONE of the specified measures**
   - The study discusses neuroinflammation, cognitive dysfunction, and treatment effects on these endpoints, which could relate to clinical outcome measures like disability progression or neuroimaging outcomes. However, the study focuses mainly on animal research without direct clinical outcome measures relevant to the human MS population, such as relapse rates or EDSS scores.

### Exclusion Criteria
1. **Pathogen: Not about Multiple Sclerosis (exclude studies on other pathogens)**
   - This abstract is about Multiple Sclerosis. This criterion is not met.

2. **Language: Non-English**
   - The abstract is in English. This criterion is not met.

3. **Publication type: Conference proceedings, abstracts, posters, correspondence**
   - This is an abstract, which typically does not fall under the category of full publications we are looking to include. This criterion is met, leading to exclusion.

4. **Study design: In-vitro studies only (no human or animal component)**
   - The study does involve an animal model, which is not in-vitro and does not lead to exclusion under this criterion.

5. **Study design: Solely animal studies AND animal studies that do not report transmission parameters**
   - This study is an animal study but does not present results that closely align with clinical measures applicable to human MS (e.g., relapse rates, EDSS). This criterion is met.

6. **Outbreak type: Accidental laboratory outbreaks (not natural disease transmission)**
   - This criterion is not applicable to the current study.

### Conclusion
While the study highlights potential therapeutic approaches for Multiple Sclerosis, it primarily reports findings from an EAE mouse model. It does not discuss clinical outcomes or provide human data that aligns with the systematic review's focus, nor does it contribute meaningful data regarding relapse rates or disability progression in MS patients. As such, it does not meet the crucial requirements for inclusion and falls under the exclusion criteria due to being an abstract without direct clinical relevance.

<decision>EXCLUDE</decision>",EXCLUDE,False,2026-08-05T18:42:31.202155
PMID_42449057,PubMed,42449057,PMC7210730,10.30802/aalas-jaalas-19-000084,Ficus deltoidea Preserves Hippocampal Neuronal Integrity and Redox Balance in Oxidative Stress-Driven Alzheimer's Disease-Like Rat Model.,"Bukar, Alhaji Modu; Che Mohd Nassir, Che Mohd Nasril; Ayuba, Michael; Manoharan, Sushmita Devi; Usman, Abdulhamid Sani; Umar, Babagana Isa; Hein, Zaw Myo; Mohd Moklas, Mohamad Aris; Mehat, Muhammad Zulfadli; Abdul Hamid, Hafizah",Molecular neurobiology,2026,"Alzheimer's disease (AD) is a progressive neurodegenerative disorder and the leading cause of dementia worldwide, with oxidative stress playing a central role in its pathogenesis. Ficus deltoidea (FD), a medicinal plant rich in flavonoids vitexin and isovitexin, possesses potent antioxidant and anti-inflammatory properties, yet its neuroprotective efficacy in AD remains incompletely characterized. This study investigated the protective effects of FD in a D-galactose- and aluminum chloride (AlCl3)-induced oxidative stress-driven AD-like rat model using behavioral, histological, ultrastructural, and biochemical approaches. Fifty-four male Wistar rats were assigned to six groups: control, AD-like model, donepezil (1 mg/kg), and FD-treated groups (50, 100, and 200 mg/kg) for 10 weeks. Anxiety-like behavior and spatial working memory were assessed using the elevated plus maze (EPM) and T-maze tests, respectively. Hippocampal neuronal integrity was evaluated by hematoxylin and eosin (H&E) staining and transmission electron microscopy (TEM), while oxidative stress biomarkers (MDA, CAT, T-SOD, CuZn-SOD, and HO-1) were quantified using ELISA. FD treatment, particularly at 200 mg/kg, significantly improved spatial working memory and normalized anxiety-related behavior, with treatment responses approaching those observed in the donepezil-treated group. Histological analyses revealed preservation of pyramidal neurons across CA1, CA2, CA3, and dentate gyrus subregions, while ultrastructural studies demonstrated marked protection of mitochondrial integrity, myelin sheath organization, and smooth endoplasmic reticulum morphology. Biochemically, FD significantly reduced lipid peroxidation and enhanced endogenous antioxidant defenses. In conclusion, FD exerted significant neuroprotective effects characterized by preservation of hippocampal structure, maintenance of neuronal ultrastructure, and restoration of redox homeostasis in an oxidative stress-driven AD-like model. These findings demonstrate that FD mitigates oxidative stress-associated neuronal injury and cognitive impairment in a D-galactose and AlCl3-induced AD-like rat model, supporting its potential as a phytotherapeutic candidate for oxidative stress-related neurodegeneration. However, further studies are required to determine its effects on canonical Alzheimer's disease pathologies, including amyloid and tau abnormalities.",https://pubmed.ncbi.nlm.nih.gov/42449057/,,,multiple_sclerosis,(Multiple Sclerosis[MeSH] OR multiple sclerosis[tiab] OR demyelination[tiab] OR myelin[tiab]) AND (treatment[tiab] OR intervention[tiab] OR therapy[tiab]),2026-08-05T17:36:12+00:00,,,,,,"To screen the provided abstract against the inclusion and exclusion criteria for the systematic review on Multiple Sclerosis, we will evaluate each criterion systematically.

## Inclusion Criteria
1. **Pathogen**: Must be about Multiple Sclerosis.
   - The study focuses on Alzheimer's disease (AD), not Multiple Sclerosis.
   - **Criteria not met.**

2. **Language**: English only.
   - The abstract is in English.
   - **Criteria met.**

3. **Study type**: Peer-reviewed, original research (note systematic reviews/meta-analyses for special consideration).
   - The abstract appears to present original research but does not specifically confirm it is peer-reviewed.
   - **Criteria met (assuming it is peer-reviewed).**

4. **Population**: Human subjects (animal studies acceptable only if reporting specific parameters).
   - The study involves an animal model (rats).
   - **Criteria not met.**

5. **Content**: Must contain AT LEAST ONE of the specified parameters regarding disease metrics.
   - Although the study discusses neuroprotection and cognitive improvements related to oxidative stress, it does not address multiple sclerosis or any of the specified metrics related to preferential criteria for inclusion.
   - **Criteria not met.**

## Exclusion Criteria
1. **Pathogen**: Not about Multiple Sclerosis (exclude studies on other pathogens).
   - The study is about Alzheimer's disease, not Multiple Sclerosis.
   - **Exclusion criteria met.**

2. **Language**: Non-English.
   - The abstract is in English.
   - **Exclusion criteria not met.**

3. **Publication type**: Conference proceedings, abstracts, posters, correspondence.
   - The abstract suggests it is an original research study, although not clearly stated if it is from a conference or similar.
   - **Exclusion criteria not clearly met** (however, it could potentially be excluded due to being an abstract).

4. **Study design**: In-vitro studies only (no human or animal component).
   - The study involves animals (rats), therefore not an in-vitro study.
   - **Exclusion criteria not met.**

5. **Study design**: Solely animal studies AND animal studies that do not report transmission parameters.
   - The study falls under solely animal studies.
   - No reporting of transmission parameters relevant to MS.
   - **Exclusion criteria met.**

6. **Outbreak type**: Accidental laboratory outbreaks.
   - This does not apply as the study is not related to outbreak transmission.
   - **Exclusion criteria not applicable.**

## Conclusion
The abstract describes a study on Alzheimer's disease, which is outside the focus on Multiple Sclerosis mandated by the inclusion criteria. Additionally, it runs into multiple exclusion criteria regarding the population and focus of research. 

Final assessment: 
<decision>EXCLUDE</decision>",EXCLUDE,False,2026-08-05T18:42:31.202216
PMID_42442022,PubMed,42442022,,10.1016/j.msard.2026.107385,Evidence of musculoskeletal pain sensitization in patients with multiple sclerosis: Case-control study.,"Alqarni, Abdullah; Khan, Areej; Aljohani, Awatef; Alharbi, Ebtehal; Khan, Fayaz; Almaddah, Muataz; Gmmash, Afnan; Alnajashi, Hind; Othman, Rani",Multiple sclerosis and related disorders,2026,"BACKGROUND: Chronic musculoskeletal pain is a common symptom in individuals with multiple sclerosis (MS), however the underlying pain mechanisms remain complex and not fully understood. Therefore, this study aims to investigate the underlying pain mechanisms using different quantitative sensory testing (QST) and other self-reported measures compared to healthy controls.
METHODS: A total of 133 participants (93 MS patients and 40 healthy controls) were included. Participants completed self-reported measures including brief pain inventory (BPI), pain sensitivity questionnaire (PSQ), painDETECT questionnaire (PDQ). Then, participants underwent QST testing including dynamic mechanical allodynia (DMA), pressure pain threshold (PPT), mechanical temporal summation (TS), cold hyperalgesia, and conditioned pain modulation (CPM). An independent two sample t-test was used to compare mean outcomes between two groups. A two-sided p-value ≤ 0.05 was considered statistically significant.
RESULTS: Individuals with MS reported significantly higher scores on the PSQ-Moderate subscale (p = 0.001), whereas differences in PSQ-Total and PSQ-Minor scores were not statistically significant. Compared to healthy controls, individuals with MS demonstrated higher DMA scores (p ≤ 0.003), Lower PPT at painful site (p ≤ 0.007), increased cold hyperalgesia for both painful (p ≤ 0.001) and contralateral sites (p ≤ 0.000), and significant differences in TS at painful (p ≤ 0.007) and contralateral sides (p ≤ 0.000). the CPM did not differ significantly between groups.
CONCLUSION: MS patients have hypersensitivity to moderate pain and robust differences in QST measures compared to healthy controls. This reflects the need for better mechanism-based assessment and treatment of musculoskeletal pain in patients with MS.",https://pubmed.ncbi.nlm.nih.gov/42442022/,,,multiple_sclerosis,(Multiple Sclerosis[MeSH] OR multiple sclerosis[tiab] OR demyelination[tiab] OR myelin[tiab]) AND (treatment[tiab] OR intervention[tiab] OR therapy[tiab]),2026-08-05T17:36:12+00:00,,,,,,"To determine whether to include or exclude this abstract from the systematic review, we will evaluate it against the predefined inclusion and exclusion criteria step by step.

### Inclusion Criteria Evaluation
1. **Pathogen: Must be about Multiple Sclerosis** 
   - The abstract is indeed about Multiple Sclerosis (MS). **(Met)**

2. **Language: English only**
   - The abstract is in English. **(Met)**

3. **Study type: Peer-reviewed, original research (note systematic reviews/meta-analyses for special consideration)**
   - The abstract describes an original case-control study. **(Met)**

4. **Population: Human subjects (animal studies acceptable if reporting EITHER... )**
   - The study involves human subjects, specifically patients with MS and healthy controls. **(Met)**

5. **Content: Must contain AT LEAST ONE of...**
   - The study presents diagnostic measures related to pain sensitivity in MS patients, supporting the clinical understanding of symptoms but does not report on relapse rates, disability progression (such as EDSS scores), or disease-modifying therapies, which are included in our criteria.
   - While the study provides valuable insights into a symptom associated with MS, it does not focus on intervention studies, relapse rates, or EDSS scores necessary for our criteria. **(Not Met)**

### Exclusion Criteria Evaluation
1. **Pathogen: Not about Multiple Sclerosis (exclude studies on other pathogens)**
   - The study focuses on MS. **(Not applicable)**

2. **Language: Non-English**
   - The abstract is in English. **(Not applicable)**

3. **Publication type: Conference proceedings, abstracts, posters, correspondence**
   - The study is presented as an original research abstract and isn't explicitly classified under the excluded types. **(Not applicable)**

4. **Study design: In-vitro studies only (no human or animal component)**
   - The study involves human participants. **(Not applicable)**

5. **Study design: Solely animal studies AND animal studies that do not report transmission parameters...**
   - The study does not involve animal studies. **(Not applicable)**

6. **Outbreak type: Accidental laboratory outbreaks (not natural disease transmission)**
   - The study does not relate to an outbreak or laboratory transmission issues. **(Not applicable)**

### Conclusion
The abstract provides insights into musculoskeletal pain sensitization in MS patients, which is relevant to the broader understanding of MS but does not fulfill the specific inclusion criteria related to interventions, relapse rates, or disability progression outcomes. Thus, it does not meet the criteria for inclusion in the systematic review.

<decision>EXCLUDE</decision>",EXCLUDE,False,2026-08-05T18:42:31.202282
PMID_42439831,PubMed,42439831,PMC9656792,10.1001/jama.2024.21972,Factors influencing quality of life in multiple sclerosis patients in Northwest Ethiopia: a multicentre cross-sectional study.,"Mengesha, Assefa Kebad; Beyna, Alemante Tafese; Getachew, Demis; Limenh, Liknaw Workie; Tessema, Tewodros Ayalew; Ayele, Habtamu Semagne",Annals of medicine,2026,"BACKGROUND: Multiple sclerosis (MS) significantly affects patients' quality of life (QoL), particularly in resource-limited settings. This multicentre study aimed to identify factors influencing QoL among MS patients in Northwest Ethiopia, where data are scarce.
METHODS: A cross-sectional study was conducted from January to June 2024 among 427 MS patients (≥18 years, diagnosed using McDonald criteria) attending three referral hospitals (University of Gondar, Debre Tabor, Felege Hiwot). Stratified sampling ensured representation across disease severity. Sociodemographic, clinical, psychological and behavioural data were collected. QoL was measured using the MSQOL-54 questionnaire. Multiple regression identified predictors of QoL, expressed as β coefficients and p values. Treatment adherence was assessed only among patients receiving disease-modifying therapy (DMT) (n = 310), and this subgroup was used for adherence-related analyses.
RESULTS: The mean age of participants was 43 years, and 58.3% were female. Disease severity was classified as mild in 50.4%, moderate in 34.7%, and severe in 15.0% of participants. Low physical and mental QoL were reported in 34.9% and 31.6%, respectively. Lower QoL was significantly associated with greater disease severity (β = -0.85, p = 0.001), illness duration >10 years (β = -0.35, p = 0.002), fatigue (β = -1.10, p < 0.001), anxiety (β = -1.00, p < 0.001), depression (β = -1.20, p < 0.001), cognitive impairment and treatment non-adherence (evaluated only among DMT-treated patients). Moderate-to-high physical activity (β = 0.60, p = 0.001) and strong social support (β = 0.70, p = 0.001) were associated with higher QoL.
CONCLUSIONS: QoL among MS patients was strongly influenced by disease severity, treatment adherence (among patients receiving DMT), fatigue, psychological distress, cognitive function, physical activity and social support. Interventions targeting these modifiable factors may improve patient outcomes. This study provides important evidence from Ethiopia and helps address a significant knowledge gap regarding MS care in resource-limited settings.",https://pubmed.ncbi.nlm.nih.gov/42439831/,,,multiple_sclerosis,(Multiple Sclerosis[MeSH] OR multiple sclerosis[tiab] OR demyelination[tiab] OR myelin[tiab]) AND (treatment[tiab] OR intervention[tiab] OR therapy[tiab]),2026-08-05T17:36:12+00:00,,,,,,"### Step-by-step Evaluation Against Inclusion and Exclusion Criteria

**Inclusion Criteria**:
1. **Pathogen**: Is this study about Multiple Sclerosis?
   - Yes, the study is explicitly about Multiple Sclerosis.

2. **Language**: Is the abstract in English?
   - Yes, the abstract is in English.

3. **Study type**: Is it peer-reviewed, original research?
   - Yes, the study is described as a multicentre cross-sectional study which is original research.

4. **Population**: Does it involve human subjects?
   - Yes, the study involves human subjects diagnosed with Multiple Sclerosis.

5. **Content**: Does it contain AT LEAST ONE of the specified qualitative details?
   - Although the primary aim is to explore quality of life, the study collects relevant variables such as treatment adherence among DMT patients, which could relate to the broader aim of understanding disease progression and management in MS patients.

**Exclusion Criteria**:
1. **Pathogen**: Is this study about something other than Multiple Sclerosis?
   - No, it is about Multiple Sclerosis.

2. **Language**: Is it in a non-English language?
   - No, it is in English.

3. **Publication Type**: Is this a conference proceeding, abstract, poster, or correspondence?
   - The abstract may be part of a conference proceeding as signified by its format; however, it appears to be more of a standalone research study. There is no explicit information indicating it is merely an abstract of a conference proceeding.

4. **Study Design**: Is it an in-vitro study only?
   - No, it involves human participants.

5. **Study Design**: Does it solely revolve around animal studies or animal studies that do not report the required parameters?
   - No, it centers around human studies.

6. **Outbreak Type**: Does it involve accidental laboratory outbreaks?
   - No, this does not describe an accidental laboratory outbreak.

### Conclusion
The study provides valuable insights into multiple sclerosis patients' quality of life and includes relevant data on disease progression and treatment adherence. While it may not directly report specific relapse or disability outcomes (like EDSS scores) or relapse rates, it does add to the understanding of MS management in the context of non-pharmacological factors that could influence disease progression and patient outcomes. However, since it is based on quality of life and does not directly report the required clinical endpoints like relapse rates or EDSS scores, there is some uncertainty regarding its direct alignment with the review's focus.

Considering these factors:
- The study is about MS,
- It is peer-reviewed and in English,
- It involves human subjects,
- It provides insights relevant to MS care, even though it does not directly report on relapse or disability progression.

However, the focus on quality of life without direct clinical endpoints such as those specified in the inclusion criteria leads to the conclusion to be cautious with inclusion.

The study partially aligns with the inclusion criteria but does not meet the specific outcome measures required for inclusion in this systematic review. Therefore, it warrants exclusion.

<decision>EXCLUDE</decision>",EXCLUDE,False,2026-08-05T18:42:31.202343
PMID_42437103,PubMed,42437103,PMC10457199,10.1016/j.ydbio.2018.08.014,Multiple Sclerosis in a Person With Hirschprung's Disease: A Case Report.,"Etemadifar, Masoud; Shoeib, Shima; Salari, Mehri; Sedaghat, Nahad",Clinical case reports,2026,"Multiple sclerosis (MS) is the most common demyelinating disease of the central nervous system. Hirschsprung's disease is a condition characterized by absence of nerves in the intestines, secondary to failure of migration of neural crest cells therein. Co-occurrence of these conditions is reported previously in a family with a stop mutation in the EDNRB gene. In the present report we present the case of a 26-year-old man who presented with complaints of left facial weakness, episodic generalized headaches, and imbalance. He was previously diagnosed with Hirschsprung's disease and had undergone total colectomy. Subsequent evaluations confirmed MS. Family history was unremarkable, with no family members affected by either condition. Furthermore, we present our experience in managing the case with dimethyl fumarate disease-modifying therapy.",https://pubmed.ncbi.nlm.nih.gov/42437103/,,,multiple_sclerosis,(Multiple Sclerosis[MeSH] OR multiple sclerosis[tiab] OR demyelination[tiab] OR myelin[tiab]) AND (treatment[tiab] OR intervention[tiab] OR therapy[tiab]),2026-08-05T17:36:12+00:00,,,,,,"To assess whether the abstract ""Multiple Sclerosis in a Person With Hirschprung's Disease: A Case Report"" should be included in the systematic review, we will evaluate it against the specified inclusion and exclusion criteria.

### Inclusion Criteria
1. **Pathogen: Must be about Multiple Sclerosis** 
   - The abstract discusses *Multiple Sclerosis*, so this criterion is met.
   
2. **Language: English only**
   - The abstract is in English, so this criterion is met.

3. **Study type: Peer-reviewed, original research (note systematic reviews/meta-analyses for special consideration)**
   - This is a case report, which qualifies as original research. However, case reports typically do not hold the same weight in systematic reviews as larger studies. Still, it meets the criterion for original research.

4. **Population: Human subjects (animal studies acceptable if reporting EITHER...)**
   - The study involves a human subject, so this criterion is met.

5. **Content: Must contain AT LEAST ONE of:**
   - The abstract reports on a patient diagnosed with MS, noting disease-modifying therapy and clinical symptoms. However, it appears to lack quantitative details regarding relapse rates, disability progression, or specific clinical outcome measures commonly sought in systematic reviews. It mentions the use of a disease-modifying therapy (dimethyl fumarate) but does not provide any quantitative evaluation of its effectiveness or report relapse or disability outcomes, which are key components of our inclusion criteria.

### Exclusion Criteria
1. **Pathogen: Not about Multiple Sclerosis (exclude studies on other pathogens)**
   - This study is about MS, so this exclusion criterion does not apply.

2. **Language: Non-English**
   - The language is English, so this exclusion criterion does not apply.

3. **Publication type: Conference proceedings, abstracts, posters, correspondence**
   - This paper is likely a case report and not classified under the mentioned exclusion criteria, but it is a case report which is often more limited in scope compared to other study types.

4. **Study design: In-vitro studies only (no human or animal component)**
   - The study is not an in-vitro study, so this exclusion criterion does not apply.

5. **Study design: Solely animal studies AND animal studies that do not report transmission parameters**
   - The study does not involve animal studies, so this exclusion criterion does not apply.

6. **Outbreak type: Accidental laboratory outbreaks (not natural disease transmission)**
   - This criterion does not apply, as the abstract does not discuss outbreaks.

### Conclusion
While the study discusses a case of Multiple Sclerosis and involves human subjects, it mainly serves as a case report without providing robust clinical data or quantitative outcomes related to MS that are necessary for inclusion in the systematic review. The focus is on an individual case without the broader implications or findings relevant to the systematic review objectives outlined.

Thus, given the criteria, the decision for this article is:

<decision>EXCLUDE</decision>",EXCLUDE,False,2026-08-05T18:42:31.202410
PMID_37272540,EuropePMC,37272540,PMC10240561,10.1002/14651858.cd011203.pub3,Alemtuzumab for multiple sclerosis.,"Riera R, Torloni MR, Martimbianco ALC, Pacheco RL.",,2023,"<h4>Background</h4>Multiple sclerosis (MS) is an autoimmune, T-cell-dependent, inflammatory, demyelinating disease of the central nervous system, with an unpredictable course. Current MS therapies focus on treating and preventing exacerbations, and avoiding the progression of disability. At present, there is no treatment that is capable of safely and effectively reaching these objectives. Clinical trials suggest that alemtuzumab, a humanized monoclonal antibody, could be a promising option for MS.<h4>Objectives</h4>To evaluate the benefits and harms of alemtuzumab alone or associated with other treatments in people with any form of MS.<h4>Search methods</h4>We used standard, extensive Cochrane search methods. The latest search date was 21 June 2022.<h4>Selection criteria</h4>We included randomized controlled trials (RCTs) in adults with any subtype of MS comparing alemtuzumab alone or associated with other medications versus placebo; another active drug; or alemtuzumab in another dose, regimen, or duration.<h4>Data collection and analysis</h4>We used standard Cochrane methods. Our co-primary outcomes were 1. relapse-free survival, 2. sustained disease progression, and 3. number of participants experiencing at least one adverse event. Our secondary outcomes were 4. participants free of clinical disability, 5. quality of life, 6. change in disability, 7. fatigue, 8. new or enlarging lesions on resonance imaging, and 9. dropouts. We used GRADE to assess certainty of evidence for each outcome.<h4>Main results</h4>We included three RCTs (1713 participants) comparing intravenous alemtuzumab versus subcutaneous interferon beta-1a for relapsing-remitting MS. Participants were treatment-naive (two studies) or had experienced at least one relapse after interferon or glatiramer (one study). Alemtuzumab was given at doses of 12 mg/day or 24 mg/day for five days at months 0 and 12, or 24 mg/day for three days at months 12 and 24. Participants in the interferon beta-1a group received 44 μg three times weekly. Alemtuzumab 12 mg: 1. may improve relapse-free survival at 36 months (hazard ratio [HR] 0.31, 95% confidence interval [CI] 0.18 to 0.53; 1 study, 221 participants; low-certainty evidence); 2. may improve sustained disease progression-free survival at 36 months (HR 0.25, 95% CI 0.11 to 0.56; 1 study, 223 participants; low-certainty evidence); 3. may make little to no difference on the proportion of participants with at least one adverse event at 36 months (risk ratio [RR] 1.00, 95% CI 0.98 to 1.02; 1 study, 224 participants; low-certainty evidence), although the proportion of participants with at least one adverse event was high with both drugs; 4. may slightly reduce disability at 36 months (mean difference [MD] -0.70, 95% CI -1.04 to -0.36; 1 study, 223 participants; low-certainty evidence). The evidence is very uncertain regarding the risk of dropouts at 36 months (RR 0.81, 95% CI 0.57 to 1.14; 1 study, 224 participants; very low-certainty evidence). Alemtuzumab 24 mg: 1. may improve relapse-free survival at 36 months (HR 0.21, 95% CI 0.11 to 0.40; 1 study, 221 participants; low-certainty evidence); 2. may improve sustained disease progression-free survival at 36 months (HR 0.33, 95% CI 0.16 to 0.69; 1 study, 221 participants; low-certainty evidence); 3. may make little to no difference on the proportion of participants with at least one adverse event at 36 months (RR 0.99, 95% CI 0.97 to 1.02; 1 study, 215 participants; low-certainty evidence), although the proportion of participants with at least one adverse event was high with both drugs; 4. may slightly reduce disability at 36 months (MD -0.83, 95% CI -1.16 to -0.50; 1 study, 221 participants; low-certainty evidence); 5. may reduce the risk of dropouts at 36 months (RR 0.08, 95% CI 0.01 to 0.57; 1 study, 215 participants; low-certainty evidence). For quality of life, fatigue, and participants free of clinical disease activity, the studies either did not consider these outcomes or they used different measuring tools to those planned in this review.<h4>Authors' conclusions</h4>Compared with interferon beta-1a, alemtuzumab may improve relapse-free survival and sustained disease progression-free survival, and make little to no difference on the proportion of participants with at least one adverse event for people with relapsing-remitting MS at 36 months. The certainty of the evidence for these results was very low to low.",https://pubmed.ncbi.nlm.nih.gov/37272540/,,https://europepmc.org/articles/PMC10240561?pdf=render,multiple_sclerosis,(Multiple Sclerosis[MeSH] OR multiple sclerosis[tiab] OR demyelination[tiab] OR myelin[tiab]) AND (treatment[tiab] OR intervention[tiab] OR therapy[tiab]),2026-08-05T17:36:12+00:00,,,,,,"To assess the provided study abstract against the inclusion and exclusion criteria for the systematic review on Multiple Sclerosis, I will evaluate each criterion step by step.

## Inclusion Criteria
1. **Pathogen**: The study is about Multiple Sclerosis (MS), which meets this criterion.
2. **Language**: The abstract is in English, which meets this criterion.
3. **Study type**: The abstract describes a peer-reviewed randomized controlled trial, which meets this criterion.
4. **Population**: The study includes human subjects with confirmed MS diagnosis, which meets this criterion.
5. **Content**: The study contains several relevant clinical outcomes:
   - Reports on relapse-free survival (primary outcome).
   - Reports on sustained disease progression (primary outcome).
   - Reports on disability change and adverse events (secondary outcomes).
   
   Therefore, it meets the content criterion regarding the documentation of key clinical outcome measures.

## Exclusion Criteria
1. **Pathogen**: The study is about Multiple Sclerosis; therefore, it does not meet this exclusion criterion.
2. **Language**: The study is in English; therefore, it does not meet this exclusion criterion.
3. **Publication type**: It is a peer-reviewed original research and not a conference proceeding or abstract only, so it does not meet this exclusion criterion.
4. **Study design**: The study includes human subjects in randomized controlled trials, so it does not meet this exclusion criterion.
5. **Study design for animal studies**: There are no animal studies here. Thus, this criterion is not applicable and does not lead to exclusion.
6. **Outbreak type**: The study is not relevant to laboratory outbreaks; hence it does not meet this exclusion criterion.

After reviewing all criteria, the study abstract meets all inclusion criteria and does not meet any exclusion criteria.

Based on the analysis:

<decision>INCLUDE</decision>",INCLUDE,True,2026-08-05T18:42:31.202472
PMID_35052875,EuropePMC,35052875,PMC8774005,10.3390/biomedicines10010192,Neuroprotective Effects of Novel Treatments on Acute Optic Neuritis-A Meta-Analysis.,"Tsai TH, Lin CW, Chan LW, Tew TB, Chen TC.",,2022,"Optic neuritis, inflammation of the optic nerve, can cause visual impairment through retinal nerve fiber layer (RNFL) degeneration. Optical coherence tomography could serve as a sensitive noninvasive tool for measuring RNFL thickness and evaluating the neuroprotective effects of treatment. We conducted a meta-analysis to compare RNFL loss between novel add-on treatments and corticosteroid therapy at least 3 months after acute optic neuritis. The outcome measures were mean differences (MDs) in (1) RNFL thickness compared with the baseline in the affected and unaffected eye and (2) LogMAR visual acuity (VA). Seven studies involving five novel agents (memantine, erythropoietin, interferon-beta, phenytoin, and clemastine) were analyzed. When compared with the baseline RNFL thickness of the affected eye, the neuroprotective effects of novel add-on treatments could not be demonstrated. The difference in visual outcomes was also not significant between the two treatment groups. One study revealed that phenytoin has the potential to alleviate RNFL loss when the baseline thickness of the unaffected eye is considered. Larger randomized controlled trials with suitable outcome measures are warranted to evaluate the neuroprotective effects of novel treatments. Further studies should also tailor therapies to specific patient populations and investigate a more targeted treatment for acute optic neuritis.",https://pubmed.ncbi.nlm.nih.gov/35052875/,,https://europepmc.org/articles/PMC8774005?pdf=render,multiple_sclerosis,(Multiple Sclerosis[MeSH] OR multiple sclerosis[tiab] OR demyelination[tiab] OR myelin[tiab]) AND (treatment[tiab] OR intervention[tiab] OR therapy[tiab]),2026-08-05T17:36:12+00:00,,,,,,"### Assessment of the Abstract Against Inclusion and Exclusion Criteria

**Inclusion Criteria**  
1. **Pathogen**: The study focuses on optic neuritis, which is related to *Multiple Sclerosis* (MS) as it is often a symptom or a condition associated with the disease. However, the primary condition being studied (optic neuritis) may not be directly classified under the objectives of this review which targets MS as the main subject.
  
2. **Language**: The abstract is in English – this criterion is met.

3. **Study type**: The study is a meta-analysis, which is a category of systematic review. Although the primary focus should be on original research, systematic reviews are given special consideration, so this criterion may be met.

4. **Population**: The study evaluates treatments for optic neuritis, which may involve MS patients, but does not directly report on MS or include specific MS diagnosis criteria. This could lead to a question about whether it fits within the intended population of confirmed MS cases.

5. **Content**: The study reports on visual outcomes and RNFL thickness following treatments, but it does not specifically address relapse rates or disability progression, which are key outcome measures for MS as per the inclusion criteria.

**Exclusion Criteria**  
1. **Pathogen**: The study is not about MS itself but rather a complication (optic neuritis). This may warrant exclusion based on the contextual focus rather than the related pathologies.

2. **Language**: The language is English – this criterion does not lead to exclusion.

3. **Publication type**: The type of publication is a peer-reviewed article as a meta-analysis, which does not fall into the categories of conference proceedings or correspondence, hence this criterion is met.

4. **Study design**: It is a meta-analysis of several studies, hence it does involve human subjects, meeting the criteria.

5. **Study design**: The study does not involve solely animal studies as it reviews human subjects.

6. **Outcomes**: The study does not report on relapse rates or progression of disability directly (EDSS scores) which are key outcomes specified in the inclusion criteria, thus can be a ground for exclusion.

Given the analysis outlined, while there are areas where the study could potentially be considered relevant due to its relation to MS through optic neuritis, it ultimately does not meet the specific primary focus on *Multiple Sclerosis* or the primary outcome measures required for inclusion.

<decision>EXCLUDE</decision>",EXCLUDE,False,2026-08-05T18:42:31.202533
PMID_35583174,EuropePMC,35583174,PMC9115862,10.1002/14651858.cd013247.pub2,Ocrelizumab for multiple sclerosis.,"Lin M, Zhang J, Zhang Y, Luo J, Shi S.",,2022,"<h4>Background</h4>Ocrelizumab is a humanised anti-CD20 monoclonal antibody developed for the treatment of multiple sclerosis (MS). It was approved by the Food and Drug Administration (FDA) in March 2017 for using in adults with relapsing-remitting multiple sclerosis (RRMS) and primary progressive multiple sclerosis (PPMS). Ocrelizumab is the only disease-modifying therapy (DMT) approved for PPMS. In November 2017, the European Medicines Agency (EMA) also approved ocrelizumab as the first drug for people with early PPMS. Therefore, it is important to evaluate the benefits, harms, and tolerability of ocrelizumab in people with MS.<h4>Objectives</h4>To assess the benefits, harms, and tolerability of ocrelizumab in people with RRMS and PPMS.<h4>Search methods</h4>We searched MEDLINE, Embase, CENTRAL, and two trials registers on 8 October 2021. We screened reference lists, contacted experts, and contacted the main authors of studies.<h4>Selection criteria</h4>All randomised controlled trials (RCTs) involving adults diagnosed with RRMS or PPMS according to the McDonald criteria, comparing ocrelizumab alone or associated with other medications, at the approved dose of 600 mg every 24 weeks for any duration, versus placebo or any other active drug therapy.<h4>Data collection and analysis</h4>We used standard methodological procedures expected by Cochrane.<h4>Main results</h4>Four RCTs met our selection criteria. The overall population included 2551 participants; 1370 treated with ocrelizumab 600 mg and 1181 controls. Among the controls, 298 participants received placebo and 883 received interferon beta-1a. The treatment duration was 24 weeks in one study, 96 weeks in two studies, and at least 120 weeks in one study. One study was at high risk of allocation concealment and blinding of participants and personnel; all four studies were at high risk of bias for incomplete outcome data. For RRMS, compared with interferon beta-1a, ocrelizumab was associated with: 1. lower relapse rate (risk ratio (RR) 0.61, 95% confidence interval (CI) 0.52 to 0.73; 2 studies, 1656 participants; moderate-certainty evidence); 2. a lower number of participants with disability progression (hazard ratio (HR) 0.60, 95% CI 0.43 to 0.84; 2 studies, 1656 participants; low-certainty evidence); 3. little to no difference in the number of participants with any adverse event (RR 1.00, 95% CI 0.96 to 1.04; 2 studies, 1651 participants; moderate-certainty evidence); 4. little to no difference in the number of participants with any serious adverse event (RR 0.79, 95% CI 0.57 to 1.11; 2 studies, 1651 participants; low-certainty evidence); 5. a lower number of participants experiencing treatment discontinuation caused by adverse events (RR 0.58, 95% CI 0.37 to 0.91; 2 studies, 1651 participants; low-certainty evidence); 6. a lower number of participants with gadolinium-enhancing T1 lesions on magnetic resonance imaging (MRI) (RR 0.27, 95% CI 0.22 to 0.35; 2 studies, 1656 participants; low-certainty evidence); 7. a lower number of participants with new or enlarging T2-hyperintense lesions on MRI (RR 0.63, 95% CI 0.57 to 0.69; 2 studies, 1656 participants; low-certainty evidence) at 96 weeks. For PPMS, compared with placebo, ocrelizumab was associated with: 1. a lower number of participants with disability progression (HR 0.75, 95% CI 0.58 to 0.98; 1 study, 731 participants; low-certainty evidence); 2. a higher number of participants with any adverse events (RR 1.06, 95% CI 1.01 to 1.11; 1 study, 725 participants; moderate-certainty evidence); 3. little to no difference in the number of participants with any serious adverse event (RR 0.92, 95% CI 0.68 to 1.23; 1 study, 725 participants; low-certainty evidence); 4. little to no difference in the number of participants experiencing treatment discontinuation caused by adverse events (RR 1.23, 95% CI 0.55 to 2.75; 1 study, 725 participants; low-certainty evidence) for at least 120 weeks. There were no data for number of participants with gadolinium-enhancing T1 lesions on MRI and number of participants with new or enlarging T2-hyperintense lesions on MRI.<h4>Authors' conclusions</h4>For people with RRMS, ocrelizumab probably results in a large reduction in relapse rate and little to no difference in adverse events when compared with interferon beta-1a at 96 weeks (moderate-certainty evidence). Ocrelizumab may result in a large reduction in disability progression, treatment discontinuation caused by adverse events, number of participants with gadolinium-enhancing T1 lesions on MRI, and number of participants with new or enlarging T2-hyperintense lesions on MRI, and may result in little to no difference in serious adverse events (low-certainty evidence). For people with PPMS, ocrelizumab probably results in a higher rate of adverse events when compared with placebo for at least 120 weeks (moderate-certainty evidence). Ocrelizumab may result in a reduction in disability progression and little to no difference in serious adverse events and treatment discontinuation caused by adverse events (low-certainty evidence). Ocrelizumab was well tolerated clinically; the most common adverse events were infusion-related reactions and nasopharyngitis, and urinary tract and upper respiratory tract infections.",https://pubmed.ncbi.nlm.nih.gov/35583174/,,https://europepmc.org/articles/pmc6091782?pdf=render,multiple_sclerosis,(Multiple Sclerosis[MeSH] OR multiple sclerosis[tiab] OR demyelination[tiab] OR myelin[tiab]) AND (treatment[tiab] OR intervention[tiab] OR therapy[tiab]),2026-08-05T17:36:12+00:00,,,,,,"Let's evaluate the abstract against the inclusion and exclusion criteria step by step.

### Inclusion Criteria
1. **Pathogen: Must be about Multiple Sclerosis**
   - The abstract is explicitly about Ocrelizumab for the treatment of Multiple Sclerosis. This criterion is met.

2. **Language: English only**
   - The abstract is in English. This criterion is met.

3. **Study type: Peer-reviewed, original research**
   - The abstract appears to report results from randomized controlled trials (RCTs) and indicates that it is part of systematic review methodology consistent with peer-reviewed research. This criterion is met.

4. **Population: Human subjects**
   - The study involves adults diagnosed with relapsing-remitting multiple sclerosis (RRMS) and primary progressive multiple sclerosis (PPMS). This criterion is met.

5. **Content: Must contain AT LEAST ONE of...**
   - The abstract provides quantitative details about relapse rates, disability progression measured by hazard ratios, and MRI findings—thereby capturing multiple relevant outcome measures. This criterion is met.

### Exclusion Criteria
1. **Pathogen: Not about Multiple Sclerosis**
   - The study is about Multiple Sclerosis. This exclusion criterion does not apply.

2. **Language: Non-English**
   - The study is in English. This exclusion criterion does not apply.

3. **Publication type: Conference proceedings, abstracts, posters, correspondence**
   - The abstract appears to present results of original studies and seems to be consistent with a systematic review, which generally means the content is more substantial than simple correspondence. This exclusion criterion does not apply.

4. **Study design: In-vitro studies only**
   - The abstract references RCTs involving human subjects. This exclusion criterion does not apply.

5. **Study design: Solely animal studies AND animal studies that do not report transmission parameters**
   - There are no animal studies referenced in the abstract. This exclusion criterion does not apply.

6. **Outbreak type: Accidental laboratory outbreaks**
   - The study is about treatment efficacy in MS, not accidental laboratory outbreaks. This exclusion criterion does not apply.

### Conclusion
The study meets all inclusion criteria and doesn't meet any exclusion criteria. Given that it provides quantitative data on key clinical outcome measures related to MS, it is relevant for the systematic review.

<decision>INCLUDE</decision>",INCLUDE,True,2026-08-05T18:42:31.202594
PMID_11687106,EuropePMC,11687106,PMC7047571,10.1002/14651858.cd001330,Aminopyridines for symptomatic treatment in multiple sclerosis.,"Solari A, Uitdehaag B, Giuliani G, Pucci E, Taus C.",,2001,"<h4>Background</h4>Because of their ability to increase nerve conduction in demyelinated nerve fibers, potassium channel blockers 4-aminopyridine (AP) and 3,4-diaminopyridine (DAP) have been proposed as a symptomatic therapy for people with multiple sclerosis (MS).<h4>Objectives</h4>To determine the efficacy and safety of aminopyridines in improving neurological deficits in people with MS.<h4>Search strategy</h4>Computerised general (MEDLINE, EMBASE) and specialised databases (Cochrane MS Group's trials register, CCTR). Hand search of bibliographic references from retrieved studies and recent MS symposia reports. Contact with principal investigators of known studies.<h4>Selection criteria</h4>Trials were included if they fulfilled all following criteria: randomised controlled trials (RCTs); adults with MS, out of exacerbation; AP or DAP treatment versus placebo; clinical endpoints.<h4>Data collection and analysis</h4>We identified 26 potentially pertinent studies. Three reviewers independently extracted data and assessed trial quality from the 16 studies available as full papers.<h4>Main results</h4>Five studies (six publications) and 144 participants were considered in this review. Two more abstracts are awaiting assessment. All five studies were single-centre, double-blind, crossover trials. Four studies assessed the efficacy of AP versus placebo, one compared DAP with active placebo. The duration of treatment ranged from hours to three months. The median quality score of the studies was 3 (range 2-5). The heterogeneity of outcome assessment and the absence of information on individual study periods, allowed quantitative pooling of results for few categorical variables. Of the 144 treated patients, there were six major side effects: one acute encephalopathy, three episodes of confusion, and two seizures. Manual muscle testing was assessed in three studies (54 patients), with 29 patients (54%) improving in at least one muscular district during study treatment versus four patients (7%) during placebo (odds ratio [OR] 14.5, 95% confidence interval [CI] 4.7-43.7). Ambulation was assessed in three studies (54 patients): 9 patients (17%) improved during study treatment versus none during placebo (p<0.001). An improvement in EDSS score was found in 13 of the 144 participants during study treatment (9%) versus none during placebo (p<0.001). No improvement in neuropsychological tests was found in the two trials that evaluated cognitive function. Finally, 47 of 136 people with MS (35%) felt improved when receiving the study drug, against 7(5%) on placebo (OR 9.7, 95% CI 4.3-22.0).<h4>Reviewer's conclusions</h4>Based on currently available information, no unbiased statement can be made about the safety or efficacy of aminopyridines for treating MS symptoms. Furthermore, we could not obtain any data on three unpublished RCTs involving more than 300 participants. We conclude that publication bias remains a pervasive problem in this area, and that until the results of these unpublished studies are available to the scientific community, no confident estimate of effectiveness of aminopyridines in the management of MS symptoms is possible.",https://pubmed.ncbi.nlm.nih.gov/11687106/,,https://europepmc.org/articles/PMC7047571?pdf=render,multiple_sclerosis,(Multiple Sclerosis[MeSH] OR multiple sclerosis[tiab] OR demyelination[tiab] OR myelin[tiab]) AND (treatment[tiab] OR intervention[tiab] OR therapy[tiab]),2026-08-05T17:36:12+00:00,,,,,,"To determine whether the study titled ""Aminopyridines for symptomatic treatment in multiple sclerosis"" should be included or excluded from the systematic review, we will evaluate it against the inclusion and exclusion criteria.

### Inclusion Criteria
1. **Pathogen**: The study is about Multiple Sclerosis. **(Met)**
2. **Language**: The abstract is in English. **(Met)**
3. **Study type**: The study is peer-reviewed original research involving randomized controlled trials. **(Met)**
4. **Population**: The study involves human subjects (people with MS). **(Met)**
5. **Content**: The study contains quantitative measures for clinical endpoints, including EDSS scores and improvement in various aspects of neurological deficits. **(Met)**

### Exclusion Criteria
1. **Pathogen**: The study is about Multiple Sclerosis, so it should not be excluded on this basis. **(Not Applicable)**
2. **Language**: The abstract is in English, so it does not fall under this exclusion criterion. **(Not Applicable)**
3. **Publication type**: This is a peer-reviewed article, not a conference proceeding, abstract, poster, or correspondence, so it does not fall under this exclusion criterion. **(Not Applicable)**
4. **Study design**: The study includes human subjects and is not solely in vitro. **(Not Applicable)**
5. **Study design**: The study does not solely focus on animals and reports efficacy and safety in humans. **(Not Applicable)**
6. **Outbreak type**: The study does not relate to accidental laboratory outbreaks. **(Not Applicable)**

### Conclusion:
The study meets all the inclusion criteria and does not meet any exclusion criteria. It presents relevant outcomes concerning the efficacy and safety of aminopyridines for symptomatic treatment in Multiple Sclerosis, which aligns with the objectives of the systematic review.

Therefore, the decision for this study is:

<decision>INCLUDE</decision>",INCLUDE,True,2026-08-05T18:42:31.203098
