article_id,source,pmid,pmcid,doi,title,authors,journal,year,abstract,url,openalex_id,openalex_pdf_url,pathogen,query,harvested_at,downloaded,downloaded_path,download_attempted_at,download_source,download_error
PMID_42554537,PubMed,42554537,,10.1016/j.jchf.2026.103295,National Impact of Optimal Implementation of Guideline-Directed Medical Therapy in Heart Failure With Reduced Ejection Fraction.,"Keykhaei, Mohammad; Sandhu, Alexander T; Hsue, Priscilla Y; Greene, Stephen J; Ziaeian, Boback; Kittleson, Michelle; Villarreal-Gonzalez, MaryAnn; Hallaj, Shahin; Ramsis, Mattheus; Agarwal, Manyoo A; Fonarow, Gregg C",JACC. Heart failure,2026,"BACKGROUND: Despite robust evidence that quadruple guideline-directed medical therapy (GDMT), comprising angiotensin receptor-neprilysin inhibitors (ARNIs), evidence-based beta-blockers, mineralocorticoid receptor antagonists (MRAs), and sodium-glucose cotransporter 2 (SGLT2) inhibitors, reduces mortality and hospitalizations in heart failure with reduced ejection fraction (HFrEF), implementation in clinical practice remains markedly incomplete.
OBJECTIVES: This study aimed to provide updated national estimates of the eligible untreated HFrEF population and to quantify deaths and hospitalizations preventable with optimal implementation of quadruple GDMT in the United States.
METHODS: The authors performed a population-level decision analytic modeling study using contemporary U.S. epidemiologic data. National HFrEF prevalence estimates were derived from the American Heart Association Heart Disease and Stroke Statistics 2026 report, and annual HFrEF hospitalization counts were derived from the National Inpatient Sample 2022-2023. Eligible untreated populations were estimated after sequential exclusions and therapy-specific contraindication adjustments using primary treatment rates from Epic Cosmos 2023-2025, with sensitivity analyses using alternative treatment-rate sources. Trial-derived numbers needed to treat and relative risk reductions were applied to estimate deaths preventable over 12 months and annual heart failure (HF) hospitalizations prevented.
RESULTS: An estimated 2.76 million U.S. adults with chronic symptomatic HFrEF were eligible for quadruple GDMT, yet only 18.2% received it. Eligible untreated populations included 733,891 for beta-blockers, 1,856,531 for ARNIs, 1,543,967 for MRAs, and 1,717,444 for SGLT2 inhibitors. Class-specific projected deaths preventable over 12 months were 26,210 for beta-blockers, 34,495 for ARNIs, 26,620 for MRAs, and 26,422 for SGLT2 inhibitors; the aggregate estimate across treatment gaps was 113,747 (95% uncertainty interval [UI]: 90,173-149,875). Optimal implementation was also projected to prevent 357,332 HF hospitalizations annually (95% UI: 297,493-425,674).
CONCLUSIONS: Incomplete implementation of quadruple GDMT in HFrEF remains a major modifiable opportunity to reduce preventable deaths and HF hospitalizations in the United States.",https://pubmed.ncbi.nlm.nih.gov/42554537/,,,stroke,(Stroke[MeSH] OR stroke[tiab] OR brain ischemia[tiab] OR cerebrovascular[tiab]) AND (treatment[tiab] OR intervention[tiab] OR therapy[tiab]),2026-08-05T18:00:54+00:00,,,,,
PMID_42554413,PubMed,42554413,,10.1161/jaha.126.048812,Impact of Physical Activity on Stroke and Mortality in Individuals With and Without Atrial Fibrillation: The HUNT Study and the Tromsø Study.,"Johansen, Kristoffer Robin; Nes, Bjarne Martens; Malmo, Vegard; Myrstad, Marius; Thelle, Dag S; Heitmann, Kim Arne; Mathiesen, Ellisiv Bøgeberg; Eggen, Anne Elise; Wilsgaard, Tom; Løchen, Maja-Lisa; Morseth, Bente; Norwegian Exercise and Atrial Fibrillation Initiative Investigators",Journal of the American Heart Association,2026,"BACKGROUND: Although physical activity (PA) is associated with a reduced risk of stroke and mortality, its impact among individuals with atrial fibrillation (AF) remains insufficiently explored. Therefore, the aim of this study was to examine the impact of PA on stroke and mortality, both overall and with respect to AF diagnosis.
METHODS: We included 87 340 participants, of which 6539 had AF, from 2 Norwegian population-based studies, the Tromsø Study and the HUNT (Trøndelag Health Study). Information about AF, stroke, and death were obtained from national health registries. Participants were classified as inactive (reference) or performing low, moderate, or high PA on the basis of a questionnaire. The data were analyzed using multivariable adjusted flexible parametric survival models.
RESULTS: During a median follow-up of 13.5 years, 3415 strokes and 7833 deaths occurred. The respective stroke risk reduction associated with low, moderate, and high PA was 9% (95% CI, 1%-16%), 19% (95% CI, 11%-27%) and 18% (95% CI, 8%-26%). Mortality was reduced by 11% (95% CI, 7%-14%), 18% (95% CI, 14%-22%), and 22% (95% CI, 18%-27%). Similar benefits were observed for both stroke and mortality when stratifying by presence or absence of AF. Among individuals with AF, an increased life expectancy was observed, with gains of 0.50 (95% CI, 0.22-0.78), 0.66 (95% CI, 0.31-1.01) and 1.15 (95% CI, 0.77-1.53) years, respectively.
CONCLUSIONS: PA was associated with a reduced risk of stroke and mortality, and similar benefits were observed irrespective of AF diagnosis. Our findings suggest that PA may complement current medical treatment strategies in individuals with AF.",https://pubmed.ncbi.nlm.nih.gov/42554413/,,,stroke,(Stroke[MeSH] OR stroke[tiab] OR brain ischemia[tiab] OR cerebrovascular[tiab]) AND (treatment[tiab] OR intervention[tiab] OR therapy[tiab]),2026-08-05T18:00:54+00:00,,,,,
PMID_42553969,PubMed,42553969,PMC7487535,10.1159/000553014,Carotid Web as a Treatable Etiology of Recurrent Cryptogenic Ischemic Stroke Highlighting Neurointervention: A Case Report and Literature Review.,"Alanazi, Manal Ayesh; Khayat, Taha; Ibrahim, Ibrahim Ismail; Alharbi, Samar",Case reports in neurology,2026,"INTRODUCTION: Carotid web is a rare focal variant of intimal fibromuscular dysplasia characterized by a thin, shelf-like projection from the posterior wall of the carotid bulb into the arterial lumen. This abnormality can disturb blood flow and promote thrombus formation, increasing the risk of transient ischemic attacks (TIAs) and ischemic strokes.
CASE PRESENTATION: A 55-year-old male, known case of hypertension, presented with sudden-onset dysarthria and left-sided weakness. Initial imaging revealed no acute infarction, and an underlying cause remained unclear. Despite receiving dual antiplatelet therapy and statin, he experienced a recurrent TIA within a week. Digital subtraction angiography revealed a focal shelf-like intraluminal projection in the right internal carotid artery, consistent with a carotid web. Carotid artery stenting (CAS) was performed successfully without any immediate complications. The patient was then commenced on clopidogrel for 3 months and lifelong aspirin. At the 1-month and 3-month follow-ups, he remained symptom-free and had no recurrence.
CONCLUSION: This case highlights carotid web as a potential but underrecognized cause of recurrent ischemic events, illustrating both the diagnostic challenge of distinguishing it from atherosclerotic plaque with shelf-like configuration and the value of revascularization therapy. Early recognition and timely management by either CAS or carotid endarterectomy can prevent recurrent neurological deficits. Additional studies and case reports are needed to improve understanding of carotid web and to guide the development of evidence-based management strategies.",https://pubmed.ncbi.nlm.nih.gov/42553969/,,,stroke,(Stroke[MeSH] OR stroke[tiab] OR brain ischemia[tiab] OR cerebrovascular[tiab]) AND (treatment[tiab] OR intervention[tiab] OR therapy[tiab]),2026-08-05T18:00:54+00:00,,,,,
PMID_42553827,PubMed,42553827,PMC5693549,10.4103/sja.sja_824_25,Role of transcranial Doppler pulsatility index for predicting neurological deterioration in mild-to-moderate traumatic brain injury patients in intensive care unit.,"Kaur, Sachreet; Rani, Nisha",Saudi journal of anaesthesia,2026,"BACKGROUND: Traumatic brain injury (TBI) is a leading cause of death and long-term disability worldwide, particularly among young adults in low- and middle-income countries. Even patients presenting with mild-to-moderate TBI may experience secondary neurological deterioration due to evolving intracranial pathology. Early identification of patients at risk remains challenging. Transcranial Doppler (TCD) ultrasonography provides a noninvasive bedside assessment of cerebral hemodynamics, and the pulsatility index (PI) reflects downstream cerebrovascular resistance and intracranial compliance.
METHODS: This prospective observational study included 100 adult patients with mild-to-moderate TBI admitted to a tertiary care intensive care unit (ICU). Demographic data, mechanism of injury, clinical status, and computed tomography (CT) findings were recorded. TCD examination was performed at admission to measure middle cerebral artery velocities and calculate PI. Patients were followed for seven days. Neurological deterioration was defined as a decrease in Glasgow Coma Scale score by ≥2 points, requirement of mechanical ventilation, or need for neurosurgical intervention. Receiver operating characteristic (ROC) curve analysis and multivariate logistic regression were used to assess the predictive value of PI.
RESULTS: Neurological deterioration occurred in 22% of patients. Admission PI was significantly higher in patients who deteriorated compared with those who remained stable (1.35 ± 0.18 vs. 1.14 ± 0.17; P < 0.001). ROC analysis demonstrated that PI predicted neurological deterioration with an area under the curve of 0.82 (95% confidence interval (CI): 0.73-0.91). A PI cutoff value of ≥1.25 yielded a sensitivity of 77% and a specificity of 80%. On multivariate analysis, admission PI ≥1.25 independently predicted neurological deterioration (adjusted OR 4.3; 95% CI 1.7-10.8).
CONCLUSION: Admission PI measured by TCD is a reliable, noninvasive predictor of early neurological deterioration in patients with mild-to-moderate TBI and may aid early risk stratification in the ICU.",https://pubmed.ncbi.nlm.nih.gov/42553827/,,,stroke,(Stroke[MeSH] OR stroke[tiab] OR brain ischemia[tiab] OR cerebrovascular[tiab]) AND (treatment[tiab] OR intervention[tiab] OR therapy[tiab]),2026-08-05T18:00:54+00:00,,,,,
PMID_42553456,PubMed,42553456,PMC8810284,10.1007/s12325-021-02010-3,Comparison of risks and costs of undiagnosed and diagnosed chronic kidney disease patients after the initiation of kidney replacement therapy in subsequent years. A Hungarian nationwide study.,"Kovács, Levente; Abonyi-Tóth, Zsolt; Rokszin, György; Ladányi, Erzsébet; Fábián, Zsolt; Boncz, Imre; Wittmann, István; Laczy, Boglárka",Frontiers in medicine,2026,"INTRODUCTION: Despite high prevalence, chronic kidney disease (CKD) often remains undiagnosed and untreated, leading to an increased risk of end-stage kidney disease (ESKD), kidney replacement therapy (KRT), comorbidities, and premature death. In this retrospective nationwide study, we examined whether a lack of CKD diagnosis is associated with adverse post-KRT outcomes among newly dialyzed patients with chronic ESKD in Hungary.
METHODS: Two cohorts-undiagnosed (CKD naive) and diagnosed (CKD non-naive) patients (aged > 18 years)-were compared. Cohorts were defined based on pre-dialysis (>2 months) diagnosis-coding and erythropoietin therapy. We compared the risk of primary endpoints after KRT initiation (including all-cause mortality, acute myocardial infarction, stroke, hospitalization for heart failure (HHF), lower limb amputation (LLA), cancer, kidney transplantation) using propensity score subclassification for 56 confounders (matched data). We also examined exploratory endpoints (total healthcare costs, key comorbidities, laboratory testing, medications) over 5 years pre-KRT and/or post-KRT (unmatched data). Data were collected from the National Health Insurance Fund registry.
RESULTS: We identified 38,013 ESKD patients on KRT in 2009-2023, of whom 10,810 started dialysis in 2014-2018. Among these, 33% were undiagnosed (CKD naive). This group experienced more adverse events as early as 3 months post-KRT, including higher deaths (27% vs. 7.8%), HHF (18.8% vs. 11.1%), and cancers (11.2% vs. 2.1%). They also had fewer kidney transplantations (4.6% vs. 14%) at 72 months than the CKD non-naive group. Median survival was markedly shorter for CKD naive patients (3 months) than for CKD non-naive patients (34 months). Cox regression revealed higher risks for CKD naive patients for all-cause mortality [HR: 3.66 (CI: 3.12-4.29), p < 0.0001], cancers [HR: 3.31 (CI: 2.55-4.29), p < 0.0001], HHF [HR: 1.81 (CI: 1.55-2.11), p < 0.0001], stroke [HR: 2.27 (CI: 1.08-4.76), p = 0.0307], and LLA [HR: 2.17 (CI: 1.17-4.04), p = 0.0146] at 1 month post-KRT. Total costs rose 7.5-fold in undiagnosed CKD patients compared to a 4.5-fold increase in diagnosed CKD patients over 5 years pre-KRT, driven by higher hospitalization spending. Drug therapy costs were consistently higher in diagnosed vs. undiagnosed CKD patients pre-/post-KRT.
DISCUSSION: Undiagnosed CKD patients experience significantly worse outcomes post-KRT and incur higher long-term costs related to inpatient care. These findings underscore the need for early CKD diagnosis and timely interventions to improve survival and optimize healthcare resource utilization.",https://pubmed.ncbi.nlm.nih.gov/42553456/,,,stroke,(Stroke[MeSH] OR stroke[tiab] OR brain ischemia[tiab] OR cerebrovascular[tiab]) AND (treatment[tiab] OR intervention[tiab] OR therapy[tiab]),2026-08-05T18:00:54+00:00,,,,,
PMID_42553264,PubMed,42553264,PMC2396145,10.7759/cureus.112059,"Clinical Profile, Risk Factors, and Antimicrobial Resistance Patterns of Ventilator-Associated Pneumonia Due to Acinetobacter baumannii in the ICUs of a Tertiary Care Centre in South India.","Siddiqui, Saad; Appajigol, Jayaprakash; Maste, Preeti; Angadi, Naveen; Desai, Isha; Dhorajia, Viharkumar R",Cureus,2026,"Introduction Ventilator-associated pneumonia (VAP) is a major cause of morbidity and mortality in ICU settings, with a greater impact when caused by multidrug-resistant Acinetobacter baumannii. This study examines the clinical profile, risk factors, antimicrobial resistance patterns, and prognostic indicators associated with VAP due to this organism in a tertiary care centre in South India. Methods This one-year cross-sectional study was conducted from January to December 2023 at KLE's Dr. Prabhakar Kore Hospital, Belagavi. A total of 68 patients with culture-confirmed VAP due to Acinetobacter baumannii were included. Clinical characteristics, comorbidities, risk factors, microbiological susceptibility, and prognostic scores, including the Glasgow Coma Scale (GCS), Acute Physiology and Chronic Health Evaluation II (APACHE II), quick Sequential Organ Failure Assessment (qSOFA), and Simplified Acute Physiology Score II (SAPS II), were analysed. Antimicrobial susceptibility testing was performed using institutional protocols, and resistance patterns were defined based on susceptibility across antimicrobial classes. Ethical approval was obtained from the institutional ethics committee. Results The mean age was 48 years, with 54 males (79.4%). Cerebrovascular accident and sepsis were the most common underlying diagnoses, observed in 22 (32.4%) and 13 (19.1%) patients, respectively. Mechanical ventilation was present in all patients. Central venous catheter use and glucocorticoid therapy were noted in 47 (69.1%) and 37 (54.4%) patients, respectively. Mortality was observed in 44 patients (64.7%). Non-survivors had higher prognostic scores. GCS ≤8, APACHE II >20, qSOFA >1, and SAPS II >43 were associated with higher mortality, with area under the curve (AUC) values of 0.928, 0.954, 0.937, and 0.971, respectively. Pan-drug resistance was observed in 49 (72.1%) isolates, while colistin sensitivity was seen in 11 (16.2%). Conclusion VAP due to Acinetobacter baumannii in this setting was associated with high mortality and a substantial burden of antimicrobial resistance. Prognostic scores, particularly SAPS II, showed strong associations with mortality; however, these findings should be interpreted in the context of the observational design. The results are hypothesis-generating and require validation in larger multicentre studies.",https://pubmed.ncbi.nlm.nih.gov/42553264/,,,stroke,(Stroke[MeSH] OR stroke[tiab] OR brain ischemia[tiab] OR cerebrovascular[tiab]) AND (treatment[tiab] OR intervention[tiab] OR therapy[tiab]),2026-08-05T18:00:54+00:00,,,,,
PMID_42553230,PubMed,42553230,PMC5057346,10.1002/jrsm.1167,Efficacy and safety of different antithrombotic treatment regimens in patients undergoing transcatheter mitral valve repair and atrial fibrillation; A meta-analysis and systematic review.,"Zhu, Fuli; Yu, Zihan; He, Zhe",Frontiers in cardiovascular medicine,2026,"BACKGROUND: Optimal antithrombotic therapy following transcatheter mitral valve repair (TMVR/TEER) in patients with atrial fibrillation remains uncertain, with substantial practice variation and reliance on nonrandomized data.
METHODS: We performed a systematic review and network meta-analysis of observational studies evaluating antithrombotic strategies after TMVR/TEER with atrial fibrillation. Antithrombotic regimens were harmonized into two main categories: oral anticoagulation [OAC; including vitamin K antagonists [VKAs] and direct oral anticoagulants [DOACs]] and antiplatelet therapy (APT; including aspirin or clopidogrel, alone or in combination). Outcomes of interest were ischemic stroke, major bleeding, and all-cause mortality. Pairwise and network random-effects models were applied to derive odds ratios (ORs) with 95% confidence intervals (CIs).
RESULTS: Four multicenter observational cohorts (n = 2,098) were included. Across comparisons, OAC strategies demonstrated a favorable profile compared with APT for bleeding risk reduction, while DOACs showed heterogeneous results depending on comparator drug and study region (phenprocoumon in Europe vs. warfarin in the U.S.). Mortality findings consistently favored OAC (particularly DOACs) potential benefits over APT. For stroke, OAC (phenprocoumon) showed better ischemic prevention, indicating more effectiveness in minimizing stroke risk compared with APT. Network geometry was limited, with most contrasts informed by only one or two studies.
CONCLUSIONS: In patients undergoing TMVR/TEER with atrial fibrillation, OAC strategies appeared to be associated with lower bleeding risk and potentially favorable mortality outcomes compared with antiplatelet therapy. However, conclusions regarding comparative efficacy, particularly for stroke prevention, should be interpreted cautiously due to the limited number of studies and the observational nature of the available evidence. Thus, the evidence base remains limited by observational design, heterogeneous comparators, and inconsistent outcome definitions. Randomized trials are urgently needed to guide antithrombotic management in this high-risk population.",https://pubmed.ncbi.nlm.nih.gov/42553230/,,,stroke,(Stroke[MeSH] OR stroke[tiab] OR brain ischemia[tiab] OR cerebrovascular[tiab]) AND (treatment[tiab] OR intervention[tiab] OR therapy[tiab]),2026-08-05T18:00:54+00:00,,,,,
PMID_42553169,PubMed,42553169,PMC10068163,10.1186/s13054-023-04417-6,Construction and validation of a tracheostomy prediction model in mechanically ventilated stroke patients and the impact of early versus late tracheostomy on clinical outcomes: an IPTW-based analysis.,"Shao, Miaoxinhui; Pan, Wenjie; Liu, Yanxin; Wang, Hui; Duan, Xiaoxia",Frontiers in neurology,2026,"BACKGROUND: This study aimed to develop and validate a predictive model for tracheostomy in mechanically ventilated stroke patients and to investigate the impact of early and late tracheostomy on in-hospital outcomes.
METHODS: A total of 508 mechanically ventilated stroke patients who were admitted to a tertiary hospital between January 2022 and January 2025 were retrospectively enrolled and divided into the tracheostomy and non-tracheostomy groups. Patients were randomly split into a training set (n = 356) and a validation set (n = 152) at a ratio of 7:3. Least absolute shrinkage and selection operator (LASSO) regression combined with the importance of Random Forest feature was used to identify key variables. Independent predictors were identified using the multivariable logistic regression, and a nomogram was constructed. Model performance was evaluated using receiver operating characteristic (ROC) curves, calibration curves, and decision curve analysis (DCA). Inverse probability of treatment weighting (IPTW) based on propensity scores was applied to assess the effects of early (≤7 days) versus late (>7 days) tracheostomy on clinical outcomes.
RESULTS: A multivariable logistic regression identified midline shift, hypoalbuminemia, admission Glasgow Coma Scale (GCS) score, C-reactive protein (CRP), and prognostic nutritional index (PNI) as independent predictors (p < 0.05). The area under the curve (AUC) was 0.855 in the training set (sensitivity: 75.72%, specificity: 79.78%) and 0.849 in the validation set (sensitivity: 70.04%, specificity: 84.30%), indicating good discriminative ability. The Hosmer-Lemeshow test demonstrated good calibration (training set: χ 2 = 6.943, p = 0.543; validation set: χ 2 = 13.547, p = 0.094). DCA showed that the model provided a favorable net clinical benefit within a certain threshold range. IPTW analysis indicated that early tracheostomy significantly reduced ICU length of stay but had no significant effect on post-tracheostomy ventilation duration, antibiotic use duration, total hospital stay, or hospitalization costs.
CONCLUSION: The nomogram developed in this study demonstrated good performance in predicting the risk of tracheostomy in mechanically ventilated stroke patients and enabled individualized real-time risk assessment via a web-based tool. Early tracheostomy may help shorten ICU stay and could inform clinical decision-making.",https://pubmed.ncbi.nlm.nih.gov/42553169/,,,stroke,(Stroke[MeSH] OR stroke[tiab] OR brain ischemia[tiab] OR cerebrovascular[tiab]) AND (treatment[tiab] OR intervention[tiab] OR therapy[tiab]),2026-08-05T18:00:54+00:00,,,,,
PMID_42553162,PubMed,42553162,PMC9691694,10.1038/s41598-022-23680-1,"Wearable devices in atrial fibrillation: screening, monitoring, and management.","Chen, Wen; Lin, Xinyi; Jia, Ping; Liu, Zhenwei",Frontiers in cardiovascular medicine,2026,"Atrial fibrillation (AF) remains the most prevalent cardiac arrhythmia worldwide, contributing substantially to the risk of ischemic stroke and heart failure. Brief monitoring windows inherently limit traditional episodic screening strategies and frequently fail to detect paroxysmal or asymptomatic occurrences. Wearable devices integrating multimodal sensors-such as photoplethysmography (PPG) and single-lead electrocardiography (ECG)-with artificial intelligence now enable continuous, real-world AF screening. However, the widespread consumer adoption of these technologies has precipitated a novel clinical dilemma. A marked increase in the detection of subclinical atrial fibrillation (SCAF) introduces considerable uncertainty regarding the appropriate threshold for initiating oral anticoagulation. In this review, we evaluate the underlying technical principles of wearable sensors and examine their integration into clinical practice across community screening, postoperative monitoring, and long-term patient management. We critically analyze emerging clinical challenges-focusing on the detection-vs.-intervention paradox emphasized by recent landmark outcome trials-and propose actionable strategies for future implementation. Successful clinical translation will require standardized computational algorithms, validated hardware accuracy, semantic electronic health record (EHR) interoperability, and the continuous quantification of AF burden to tailor personalized antithrombotic therapy.",https://pubmed.ncbi.nlm.nih.gov/42553162/,,,stroke,(Stroke[MeSH] OR stroke[tiab] OR brain ischemia[tiab] OR cerebrovascular[tiab]) AND (treatment[tiab] OR intervention[tiab] OR therapy[tiab]),2026-08-05T18:00:54+00:00,,,,,
PMID_42553067,PubMed,42553067,PMC8686214,10.7759/cureus.112053,When the Brainstem Is the Target: Cryptogenic Paramedian Pontine Infarction Associated With Patent Foramen Ovale.,"Park, Kyungjun; Jamal, Maheen; Rather, Manzoor; Mohammed, Juveria",Cureus,2026,"A 46-year-old woman without traditional vascular risk factors presented with one week of persistent vertigo and a nonfocal neurologic examination. Brain MRI revealed an acute to early subacute infarct in the left paramedian pons. CT angiography of the head and neck demonstrated no large-vessel disease, and a thrombophilia panel was unremarkable. Further evaluation identified a patent foramen ovale (PFO) with an atrial septal aneurysm and septal bowing, with a large right-to-left shunt on transthoracic echocardiography and a moderate shunt on transesophageal echocardiography bubble study. She had a Risk of Paradoxical Embolism (RoPE) score of 7 and met PFO-Associated Stroke Causal Likelihood (PASCAL) ""Probable"" criteria. Isolated paramedian pontine infarction is classically attributed to branch atheromatous disease, but the absence of small-vessel disease markers, the posterior circulation lesion location, and high-risk PFO anatomy together favored a paradoxical embolic mechanism. She received dual antiplatelet therapy followed by aspirin monotherapy, with referral for percutaneous PFO closure. This case illustrates how RoPE and PASCAL can help estimate whether a detected PFO is likely pathogenic rather than incidental in a perforator-territory stroke, and underscores that persistent vertigo without focal deficits warrants timely stroke imaging.",https://pubmed.ncbi.nlm.nih.gov/42553067/,,,stroke,(Stroke[MeSH] OR stroke[tiab] OR brain ischemia[tiab] OR cerebrovascular[tiab]) AND (treatment[tiab] OR intervention[tiab] OR therapy[tiab]),2026-08-05T18:00:54+00:00,,,,,
PMID_42553042,PubMed,42553042,PMC8898690,10.16252/j.cnki.issn1004-0501.2024.11.06,Early in-hospital initiation of angiotensin-receptor-neprilysin inhibitor in post-acute myocardial infarction patients with impaired left ventricular systolic function: a systematic review and meta-analysis of randomized controlled trials.,"Nguyen, Quynh; Tran, Trang Thi Quynh; Liao, Chia-Te; Hung, Chung-Lieh; Chang, Hung-Yu; Chen, Chih-Wei; Lin, Yi-Cheng; Huang, Chun-Yao; Hsu, Chien-Yi",Frontiers in cardiovascular medicine,2026,"AIMS: Heart failure (HF) is a common and serious complication following acute myocardial infarction (AMI), particularly in patients with impaired left ventricular systolic function [left ventricular ejection fraction (LVEF) < 50%] during hospitalization. Although angiotensin-receptor-neprilysin inhibitor (ARNI) therapy has proven benefit in chronic HF, evidence supporting its initiation during the index AMI admission remains limited. This study systematically evaluated the effects of early in-hospital initiation of ARNI therapy compared with angiotensin-converting enzyme (ACE) inhibitor or angiotensin receptor blocker (ARB) therapy on cardiovascular outcomes in post- AMI patients with impaired systolic function.
METHODS: This systematic review and meta-analysis was prospectively registered in the International Prospective Register of Systematic Reviews (PROSPERO CRD420251007504). A comprehensive search was completed on 30 August 2025. We included randomized controlled trials (RCTs) enrolling hospitalized AMI patients with impaired systolic function (LVEF <50%) who initiated ARNI therapy during the index admission. The primary outcome was major adverse cardiovascular events (MACEs), defined as HF hospitalization, all-cause mortality, or recurrent acute coronary syndrome. Secondary outcomes included incidence of ventricular arrhythmia, cardiovascular death, stroke, changes in left-ventricular ejection fraction, NT-proBNP levels, and adverse events (AEs). Prespecified subgroup analyses and meta-regression were performed.
RESULTS: Twelve RCTs comprising 7,539 patients (ARNI: n = 3,771; ACEI/ARB: n = 3,768) were included, with a mean follow-up of approximately 6 months. Early in-hospital ARNI initiation significantly reduced MACEs [risk ratio (RR) 0.58; 95% CI 0.41-0.83; number-needed-to-treat (NNT) ≈ 7] and ventricular arrhythmia (RR 0.51; 95% CI 0.35-0.75; NNT ≈ 25). ARNI therapy improved LVEF (mean difference +2.54%; 95% CI +1.34 to +3.75) and reduced NT-proBNP levels (mean difference -424 pg/mL; 95% CI -779 to -68). However, ARNI was associated with higher rates of AEs (RR 1.16; 95% CI 1.14-1.19), primarily symptomatic hypotension (RR 1.32; 95% CI 1.20-1.46). Results were consistent across subgroups, with greater incremental benefit observed among patients who underwent successful primary percutaneous coronary intervention.
CONCLUSIONS: Among hospitalized post-AMI patients with impaired left ventricular systolic function, early in-hospital initiation of ARNI reduces MACEs, lowers the incidence of ventricular arrhythmia, and improves ventricular function compared with ACEI/ARB therapy, although careful monitoring for hypotension is required. These findings support early in-hospital ARNI adoption in this high-risk population and underscore the need for longer-term outcome studies.",https://pubmed.ncbi.nlm.nih.gov/42553042/,,,stroke,(Stroke[MeSH] OR stroke[tiab] OR brain ischemia[tiab] OR cerebrovascular[tiab]) AND (treatment[tiab] OR intervention[tiab] OR therapy[tiab]),2026-08-05T18:00:54+00:00,,,,,
PMID_42552962,PubMed,42552962,,10.1155/bmri/5515943,Development and Upgrade of a Robot That Enables Three-Dimensional Trunk Motion and Lower Limb Exercise for Stroke Patients: A Pilot Clinical Investigation Including a User Feasibility Test.,"Kim, Justin; Chen, Philbert; Kim, Jacob; Kim, Heegoo; Kim, Phillip Siwoo; Kim, MinYoung",BioMed research international,2026,"BACKGROUND: Stroke impairs functional independence including gait ability. While robot-aided rehabilitation techniques have been developed, there is a need for a robotic system that promotes three-dimensional (3D) movement of the trunk and gait ability while providing automatic function evaluation and individually optimized prescriptions for stroke patients.
OBJECTIVE: To assess the efficacy and safety of a novel trunk and lower limb robotic system for patients with hemiplegia due to chronic stroke.
METHODS: This study employed a single-arm, before-after trial design conducted in an institutional setting. Twenty individuals (eight males; mean age, 52.3 ± 11.8 years) with hemiplegia resulting from chronic stroke (≥ 12 months postonset) who showed no change in the Functional Ambulation Category (FAC) for at least 2 months prior to baseline were enrolled. Participants underwent robot-assisted training using a system composed of trunk, upright, and lower extremity modules. Each participant received 30-min sessions, 5 days per week, for 4 weeks. The robotic system provided real-time kinematic motion data to support rehabilitation exercises. Primary outcomes included changes in functional evaluation and performance scores from baseline to postintervention. Additionally, a feasibility survey was administered to assess user satisfaction and identify areas for system improvement.
RESULTS: In all patients, the functional scores did not differ significantly between baseline and 1 month after the robotic intervention. However, there were improvements in the performance scores of lateral and forward bending of the trunk while sitting, forward bending ability during sit-to-stand activity, weight transfer, and lateral and forward bending of the trunk while standing 1 month after the intervention (p < 0.05). The user experience survey showed satisfaction in 16 of 20 patients due to the easy and safe operation of the robot.
CONCLUSIONS: The proposed robotic system was safe and convenient to use and was associated with improvements in selected kinematic parameters.",https://pubmed.ncbi.nlm.nih.gov/42552962/,,,stroke,(Stroke[MeSH] OR stroke[tiab] OR brain ischemia[tiab] OR cerebrovascular[tiab]) AND (treatment[tiab] OR intervention[tiab] OR therapy[tiab]),2026-08-05T18:00:54+00:00,,,,,
PMID_42552897,PubMed,42552897,,10.1002/brb3.71656,Effect of Prehospital Time on Door-to-Computed Tomography Time in Acute Ischemic Stroke: A Multicenter Study.,"Chen, Kuo-En; Wang, Po-Chun; Lin, Sheng-Feng; Lin, Hui-An",Brain and behavior,2026,"OBJECTIVES: Timely brain imaging is critical for optimizing stroke treatment outcomes. Delays at the prehospital stage significantly impact acute ischemic stroke management. Computed tomography (CT) plays a vital role in guiding treatment decisions.
METHODS: We conducted a retrospective observational study using data from the Acute Stroke Statistics System of Taipei City, covering the period from January 1, 2011, to June 30, 2022. The association between prehospital time intervals and door-to-CT time was analyzed in patients with acute ischemic stroke. Logistic regression models were applied, with door-to-CT time <25 min as the dependent variable. Independent variables included patient characteristics, comorbidities, and prehospital time components: decision-making time (symptom onset to emergency medical service [EMS] activation), EMS response time, on-scene time, and transport time.
RESULTS: Among 2351 acute ischemic stroke patients, 1734 patients with complete documentation were included in the final analysis. Factors associated with a door-to-CT time >25 min included age ≥85 years (OR: 1.387; 95% CI: 1.025-1.878; p = 0.034), hypertension (OR: 1.412; 95% CI: 1.047-1.905; p <0.001), decision-making delay (OR: 1.001; 95% CI: 1.001-1.002; p <0.001), and decision-making delay ≥160 min (OR: 2.340; 95% CI: 1.766-3.099; p <0.001). Prehospital notification was associated with a lower likelihood of delayed imaging (OR: 0.371; 95% CI: 0.266-0.517; p < 0.001). In multivariable analysis, decision-making delay ≥160 min (OR: 2.279; 95% CI: 1.711-3.036; p <0.001) remained significant determinants of delayed CT imaging, whereas prehospital notification (OR: 0.382; 95% CI: 0.272-0.536; p <0.001) served as a significant protective factor against delayed imaging. A two-stage pooled analysis across nine advanced emergency responsibility hospitals in Taipei City confirmed these findings with low heterogeneity.
CONCLUSIONS: Decision-making delays and prehospital notification appear to be key determinants of door-to-CT time in the management of acute ischemic stroke.",https://pubmed.ncbi.nlm.nih.gov/42552897/,,,stroke,(Stroke[MeSH] OR stroke[tiab] OR brain ischemia[tiab] OR cerebrovascular[tiab]) AND (treatment[tiab] OR intervention[tiab] OR therapy[tiab]),2026-08-05T18:00:54+00:00,,,,,
PMID_42552608,PubMed,42552608,,10.1111/odi.70453,Oral Soft Tissue Biopsy in Patients Receiving Direct Oral Anticoagulants: A Prospective Cohort Study on Bleeding Outcomes.,"Izzetti, Rossana; Cinquini, Chiara; Barone, Antonio; Nisi, Marco",Oral diseases,2026,"BACKGROUND: Direct oral anticoagulants (DOACs) are the first-line therapy for stroke prevention in non-valvular atrial fibrillation and venous thromboembolism. While evidence supports their continuation during routine dental procedures such as tooth extractions, data on oral soft tissue biopsies remain limited. The aim of this study was to evaluate bleeding rates in DOAC-treated patients undergoing oral biopsy without drug discontinuation, compared to anticoagulant-naive controls.
METHODS: One hundred patients were enrolled and divided into two groups of 50: DOAC group and control group. Both groups underwent standardised excisional soft tissue biopsy. Bleeding was assessed intraoperatively, perioperatively, and daily from postoperative day 1 (T1) to day 7 (T7) via a patient-completed diary.
RESULTS: Intraoperative bleeding was significantly more frequent in the DOAC group (p < 0.05), as well as perioperative bleeding (p < 0.05). Postoperative bleeding was significantly higher in the DOAC group at T1 (22% vs. 6%, p < 0.05) and T2 (16% vs. 4%, p < 0.05), and moderate bleeding occurred exclusively in DOAC patients at T3 and T4 (4%, p < 0.05).
CONCLUSIONS: Oral soft tissue biopsy in DOAC-treated patients is associated with a higher risk of intra-, peri- and postoperative bleeding compared to controls. However, bleeding severity remains mild to moderate and appears manageable in an outpatient setting.
TRIAL REGISTRATION: The study protocol was registered in a clinical trials database (Clinicaltrials.gov) with registration number NCT07520890.",https://pubmed.ncbi.nlm.nih.gov/42552608/,,,stroke,(Stroke[MeSH] OR stroke[tiab] OR brain ischemia[tiab] OR cerebrovascular[tiab]) AND (treatment[tiab] OR intervention[tiab] OR therapy[tiab]),2026-08-05T18:00:54+00:00,,,,,
PMID_42552599,PubMed,42552599,,10.1002/cns.71011,N6-Methyladenosine Demethylase FTO Mitigates Cerebral Ischemia-Reperfusion Injury by Suppressing AQP4 Expression.,"Chen, Wei; Cao, Luyuan; Zheng, Xiaoxiao; Yu, Chenyuan; Zhu, Xiaoqiang; Wang, Qing; Zheng, Li; Lan, Jiahua; Jiang, Cheng; Wang, Hongwei",CNS neuroscience & therapeutics,2026,"AIM: In patients with acute ischemic stroke, reperfusion therapy can compromise the blood-brain barrier, resulting in secondary cerebral ischemia-reperfusion injury (CIRI). This study investigated the involvement of the N6-methyladenosine (m6A) demethylase FTO in the pathogenesis of CIRI and explored the underlying molecular mechanisms.
METHODS: We established a middle cerebral artery occlusion (MCAO) mouse model in vivo and an oxygen-glucose deprivation/reperfusion (OGD/R) model in primary astrocytes in vitro.
RESULTS: FTO expression was significantly downregulated in both the in vivo and in vitro CIRI models. Upregulation of FTO via plasmid transfection significantly attenuated cellular damage and enhanced astrocyte viability. At the molecular level, m6A-modified transcripts were enriched in the MAPK signaling pathway during cerebral ischemia-reperfusion. Notably, Heat Shock Protein Family A (Hsp70) Member 1A (Hspa1a) was identified as a key target. The reduction in FTO expression led to increased m6A methylation levels on Hspa1a mRNA, thereby promoting its degradation. Furthermore, the cellular damage induced by FTO silencing was alleviated by Hspa1a overexpression or the silencing of Aquaporin-4 (AQP4).
CONCLUSIONS: This study demonstrates that FTO mitigates CIRI by stabilizing Hspa1a mRNA, which in turn suppresses AQP4 expression. Consequently, FTO represents a promising therapeutic target for the treatment of ischemic stroke.",https://pubmed.ncbi.nlm.nih.gov/42552599/,,,stroke,(Stroke[MeSH] OR stroke[tiab] OR brain ischemia[tiab] OR cerebrovascular[tiab]) AND (treatment[tiab] OR intervention[tiab] OR therapy[tiab]),2026-08-05T18:00:54+00:00,,,,,
PMID_42551957,PubMed,42551957,,10.3174/ajnr.a9564,CT Perfusion improves Detection and Exclusion of Clinically Relevant Medium or Distal Vessel Occlusions - A Multi-Reader Diagnostic Accuracy Study.,"Nguyen, Anh; Schulze-Zachau, Victor; Sinnecker, Tim; Mutke, Matthias; Krug, Nadja; Clénin, Leander; Kaesmacher, Johannes; Psychogios, Marios",AJNR. American journal of neuroradiology,2026,"BACKGROUND AND PURPOSE: Distal/medium vessel occlusions (DMVOs) are frequent and often considered for endovascular therapy. However, detection with non-contrast CT (NCCT) and CT angiography (CTA) is challenging. This study evaluates the impact of CT perfusion (CTP) on diagnostic accuracy, speed, and confidence in DMVO detection among physicians with varying expertise in stroke imaging.
MATERIALS AND METHODS: A retrospective, multi-reader diagnostic accuracy study was conducted with paired-patient, paired-reader design. Imaging from 50 patients with DSA-confirmed solitary DMVO, who received endovascular treatment, and 50 patients without stroke, confirmed by follow-up MRI, was included. Five readers of varying training backgrounds evaluated CT images in three sessions: Session 1A included NCCT+CTA of 50 cases (with and without stroke). In Session 1B, readers re-evaluated this cohort with access to CTP. Session 2 involved the remaining 50 mixed cases evaluated with NCCT+CTA+CTP. Primary endpoints were sensitivity and specificity for DMVO detection; secondary endpoints included time to diagnosis and diagnostic confidence. Statistical analysis utilized Bayesian generalized linear mixed models.
RESULTS: Sensitivity (84% vs. 100%) and specificity (94% vs. 99%) for DMVO detection improved with CTP, logarithmic odds ratio (sensitivity) of 10 (95%-CI: 3-33). This effect was consistent across all experience levels. Time to diagnosis decreased from 94±24 seconds to 49±24 seconds with CTP, and diagnostic confidence improved (median score increased from 4 to 5). Inter-reader agreement improved substantially, with Fleiss' kappa increasing from 0.62 (Session 1A) to 0.97 (Session 1B).
CONCLUSIONS: Incorporating CTP into imaging protocols significantly enhances diagnostic accuracy, speeds diagnosis, and improves diagnostic confidence for detecting DMVO across varying expertise.",https://pubmed.ncbi.nlm.nih.gov/42551957/,,,stroke,(Stroke[MeSH] OR stroke[tiab] OR brain ischemia[tiab] OR cerebrovascular[tiab]) AND (treatment[tiab] OR intervention[tiab] OR therapy[tiab]),2026-08-05T18:00:54+00:00,,,,,
PMID_42551778,PubMed,42551778,,10.1016/j.amjmed.2026.06.034,Association between PCSK9 targeted therapy and the risk of stroke and dementia: A Meta-Analysis of Randomized Controlled Trials.,"Jaiswal, Vikash; Deb, Novonil; Latif, Fakhar; Shrestha, Abhigan Babu; Garimella, Vamsi; Shama, Nishat; Jitta, Sahas Reddy; Naz, Sidra; Kumar, Tushar; Khan, Shazia; Perone, Francesco; Mattumpuram, Jishanth; Ang, Song Peng",The American journal of medicine,2026,"BACKGROUND: Proprotein convertase subtilisin/kexin type 9 (PCSK9) targeted therapies have been shown to reduce low-density lipoprotein cholesterol (LDL-C) levels and circulating PCSK9. However, its effect on cerebrovascular outcomes, especially stroke and dementia, has not been well established to date.
METHODS: We conducted a systematic literature search of electronic databases for relevant randomized controlled trials (RCTs) from inception through January 2025. Odds ratios (OR) and 95% confidence intervals (CI) were pooled using a random-effect model, and a p-value of <0.05 was considered statistically significant.
RESULTS: A total of 22 RCTs with 64,116 patients were included in the study. Pooled analysis showed that PCSK9-targeted therapy significantly reduced the risk of all-cause stroke (OR, 0.78 (95% CI: 0.68-0.90), P < 0.001) and ischemic stroke (OR, 0.77 (95% CI: 0.63-0.94), P=0.01). However, no significant association was observed for the risk of hemorrhagic stroke (OR, 1.16 (95%CI: 0.70-1.93), P=0.56), transient ischemic attack (OR, 0.98 (95%CI: 0.48-2.06), P= 0.95), dementia (OR, 0.77 (95%CI: 0.14-4.28), P=0.76), dementia of Alzheimer's type (OR, 0.81 (95%CI: 0.14-4.70), P=0.82), and Parkinson's disease (OR, 0.82 (95%CI: 0.11-6.37), P=0.85).
CONCLUSION: PCSK9 targeted therapies appear to reduce the risk of stroke; however, no significant association was observed for the risk of dementia and Parkinson's disease.",https://pubmed.ncbi.nlm.nih.gov/42551778/,,,stroke,(Stroke[MeSH] OR stroke[tiab] OR brain ischemia[tiab] OR cerebrovascular[tiab]) AND (treatment[tiab] OR intervention[tiab] OR therapy[tiab]),2026-08-05T18:00:54+00:00,,,,,
PMID_42551753,PubMed,42551753,,10.1016/j.wneu.2026.125229,Endoscopic Hematoma Evacuation for Spontaneous Intracerebral Hemorrhage: A Single-Center Retrospective Analysis of 136 Consecutive Cases.,"Kuge, Atsushi; Kondo, Rei; Yamaki, Tetsu; Shimokawa, Yu; Sano, Kenshi; Mitobe, Yuta; Tanaka, Masahiro; Satake, Kosuke; Nakamura, Kazuki; Igarashi, Kohei; Sasaki, Kosuke; Sonoda, Yukihiko",World neurosurgery,2026,"BACKGROUND: Endoscopic hematoma evacuation is an established minimally invasive treatment for spontaneous intracerebral hemorrhage (ICH), yet real-world data encompassing diverse hemorrhage locations, elderly patients, and antithrombotic use remain limited.
METHODS: We retrospectively reviewed 136 consecutive patients who underwent endoscopic hematoma evacuation for spontaneous ICH at a single stroke center in Japan (April 2018-February 2026) using a dilated burr-hole approach with the Neuroport transparent sheath. Surgical indications followed the Japanese Stroke Society guidelines. The primary outcome was favorable functional outcome (modified Rankin Scale [mRS] 0-3) at 90 days.
RESULTS: Median age was 72 years (IQR 62-83); 21% were on antithrombotic agents. Hemorrhage locations included putamen (43%), thalamus with IVH (18%), subcortical (15%), cerebellum (13%), isolated IVH (10%), and caudate (1.5%). Median hematoma evacuation rate was 90% (IQR 81-96%). Favorable outcome was achieved in 32% overall; by location: putamen 36%, cerebellum 56%, thalamus with IVH 17%, and subcortical 25%. Ninety-day mortality was 15%. No postoperative rebleeding requiring surgical intervention or re-operations occurred. In multivariate logistic regression, higher admission GCS (OR 1.40; p=0.004), younger age (OR 0.95 per year; p=0.005), smaller hematoma volume (OR 0.82 per 10 mL; p=0.030), lower premorbid mRS (OR 0.46; p=0.010), and non-thalamic location were independent predictors of favorable outcome.
CONCLUSIONS: Endoscopic hematoma evacuation demonstrates high technical efficacy (median 90% evacuation) with no rebleeding or re-operations across diverse ICH locations in a real-world elderly population. These findings complement randomized trial data and support endoscopic surgery as a viable minimally invasive strategy for spontaneous ICH.",https://pubmed.ncbi.nlm.nih.gov/42551753/,,,stroke,(Stroke[MeSH] OR stroke[tiab] OR brain ischemia[tiab] OR cerebrovascular[tiab]) AND (treatment[tiab] OR intervention[tiab] OR therapy[tiab]),2026-08-05T18:00:54+00:00,,,,,
PMID_42551666,PubMed,42551666,,10.1016/j.neuroimage.2026.122159,High-Frequency Contralesional Dorsal Premotor Cortex and Low-Frequency Contralesional Primary Motor Cortex rTMS in Subacute Stroke With Severe Upper Limb Impairment: Comparable Motor Outcomes and Differential Regional Degree Centrality Changes.,"Dai, Wenjun; Liu, Canhuan; Cheng, Yihui; Xu, Guojun; Wang, Xinyue; Ding, Hongyuan; Zhu, Qinqin; Zhao, Zhiyong; Fang, Lu; Li, Chao; Wang, Tong; Zhu, Yi; Guo, Chuan; Shen, Ying",NeuroImage,2026,"BACKGROUND: The contralesional dorsal premotor cortex has been proposed as a potential neuromodulatory target for patients with severe upper limb impairment due to subacute ischemic stroke. This proof-of-concept study aimed to compare behavioral outcomes and resting-state neuroimaging findings between high-frequency repetitive transcranial magnetic stimulation (rTMS) over the contralesional dorsal premotor cortex and guideline-supported low-frequency stimulation over the contralesional primary motor cortex.
METHODS: In this randomized trial, 46 patients with severe upper limb impairment in the subacute stage after ischemic stroke were randomly assigned to receive either high-frequency rTMS over the contralesional dorsal premotor cortex or low-frequency rTMS over the contralesional primary motor cortex. Low-frequency stimulation over the contralesional primary motor cortex served as an evidence-supported active comparator for poststroke upper limb motor recovery. Stimulation was administered five times per week for two weeks using magnetic resonance imaging-guided neuronavigation. All participants received concurrent standard rehabilitation therapy. The primary outcome was the Fugl-Meyer Assessment for Upper Extremity. Secondary outcomes included the Arm Subscore of the Motricity Index, the Hong Kong version of the Functional Test for the Hemiplegic Upper Extremity, the Modified Barthel Index, and resting-state functional magnetic resonance imaging-derived degree centrality.
RESULTS: Both groups showed significant improvements in the primary and secondary behavioral measures (p<0.01), with no significant between-group differences in the magnitude of change (p>0.05). In neuroimaging analyses, patients receiving high-frequency rTMS over the contralesional dorsal premotor cortex showed significantly greater degree centrality changes in the ipsilesional middle occipital gyrus, contralesional medial superior frontal gyrus, and contralesional middle frontal gyrus than those receiving low-frequency rTMS over the contralesional primary motor cortex (p<0.05). Within the high-frequency stimulation group, degree centrality changes in the ipsilesional middle occipital gyrus were positively correlated with improvements in the Fugl-Meyer Assessment for Upper Extremity (r = 0.619, false discovery rate-corrected p = 0.018).
CONCLUSIONS: High-frequency rTMS over the contralesional dorsal premotor cortex produced behavioral improvements comparable to guideline-supported low-frequency rTMS over the contralesional primary motor cortex, without establishing superiority or formal non-inferiority. Exploratory neuroimaging analyses showed greater degree centrality changes in the ipsilesional middle occipital gyrus after high-frequency premotor stimulation, and these changes correlated with upper-limb motor improvement. These findings support further investigation of contralesional dorsal premotor cortex-targeted high-frequency rTMS for severe subacute post-stroke upper limb impairment.
REGISTRATION: URL: http://www.chictr.org.cn; Unique identifier: ChiCTR2000038049.",https://pubmed.ncbi.nlm.nih.gov/42551666/,,,stroke,(Stroke[MeSH] OR stroke[tiab] OR brain ischemia[tiab] OR cerebrovascular[tiab]) AND (treatment[tiab] OR intervention[tiab] OR therapy[tiab]),2026-08-05T18:00:54+00:00,,,,,
PMID_42551497,PubMed,42551497,,10.1016/j.tcm.2026.08.003,Smartwatch and Wearable Detection of Atrial Fibrillation: Current Evidence and Clinical Implications.,"Davies, Mark; Bulluck, Heerajnarain; Tayebjee, Muzahir H",Trends in cardiovascular medicine,2026,"Consumer wearables have made atrial fibrillation (AF) detectable at population scale. Since 2019, smartwatch and smartphone studies enrolling thousands of participants have shown that photoplethysmography-based algorithms reliably generate AF notifications in real-world use, and that such a notification carries a high positive predictive value when benchmarked against a gold-standard electrocardiogram patch. This review follows the evidence along the clinical chain, from detection through notification and confirmation of diagnosis to treatment and outcome, and the strength of that evidence diminishes at each link. Population-scale studies established feasibility but did not measure sensitivity. Diagnostic accuracy is heterogeneous and conditional: it depends on the reference standard, the degree of supervision, the population studied, and the handling of inconclusive recordings. Randomised trials show that wearable-enabled pathways can accelerate diagnosis, a process outcome; yet none has shown that wearable-detected AF screening reduces stroke, systemic embolism or death. The treatment evidence that would justify acting on a detected arrhythmia comes from implanted-device populations, not consumer-wearable cohorts, and shows that anticoagulating device-detected AF trades a reduction in ischaemic stroke against an increase in major bleeding. Implementation raises further unresolved problems: confirmation-pathway heterogeneity, workflow burden, adherence, equity and overdiagnosis. Consumer wearables can detect AF at population scale, yet whether this improves hard clinical outcomes remains unresolved. Ongoing randomised trials must answer this critical question.",https://pubmed.ncbi.nlm.nih.gov/42551497/,,,stroke,(Stroke[MeSH] OR stroke[tiab] OR brain ischemia[tiab] OR cerebrovascular[tiab]) AND (treatment[tiab] OR intervention[tiab] OR therapy[tiab]),2026-08-05T18:00:54+00:00,,,,,
PMID_42551356,PubMed,42551356,,10.1016/j.jtemb.2026.127934,Targeting Ischemic stroke-related oxidative stress with metal nanoparticles: Mechanisms and therapeutic advances.,"Huang, Ying-Ying; Zhao, Yi-Ning; Bi, Xia",Journal of trace elements in medicine and biology : organ of the Society for Minerals and Trace Elements (GMS),2026,"BACKGROUND: Ischemic stroke is a major cause of mortality and disability, largely driven by excessive reactive oxygen species (ROS) during ischemia-reperfusion injury. Current reperfusion therapies restore blood flow but fail to effectively prevent oxidative damage or promote neuronal survival.
OBJECTIVE: This review summarizes the therapeutic potential of metal-based nanoparticles (MNPs) for ischemic stroke, focusing on their catalytic antioxidant mechanisms, regulation of cellular signaling, and strategies for targeted delivery and clinical translation.
METHODS: A systematic literature search was performed following PRISMA guidelines in PubMed, Web of Science, Scopus, and Google Scholar (January 2000-March 2026). Studies investigating metal-based nanoparticles in ROS regulation, neuroprotection, and drug delivery were included, while non-metal nanomaterials, irrelevant studies, and duplicates were excluded.
RESULTS: Cerium-, manganese-, copper-, and iron-based nanoparticles exhibit enzyme-mimetic antioxidant activity by scavenging ROS and regulating oxidative stress pathways. Nanozymes and drug-loaded nanoparticles enhance neuronal survival, reduce infarction, and modulate inflammation. BBB penetration can be improved through surface functionalization, receptor-mediated transcytosis, magnetic guidance, and biomimetic coatings. MNPs also show potential as imaging agents and biomarker detectors. However, biosafety, targeting efficiency, and clinical translation remain challenges.
CONCLUSIONS: Metal-based nanoparticles are promising multifunctional platforms for ischemic stroke therapy through ROS scavenging, antioxidant pathway activation, and targeted drug delivery. Future studies should optimize nanoparticle design and validate safety and efficacy in clinical trials.",https://pubmed.ncbi.nlm.nih.gov/42551356/,,,stroke,(Stroke[MeSH] OR stroke[tiab] OR brain ischemia[tiab] OR cerebrovascular[tiab]) AND (treatment[tiab] OR intervention[tiab] OR therapy[tiab]),2026-08-05T18:00:54+00:00,,,,,
PMID_42551247,PubMed,42551247,,10.1016/j.rehab.2026.102151,Impaired gastrocnemius medialis muscle-tendon decoupling reduces gait efficiency in spastic paresis syndrome.,"Lecharte, Thomas; Leboeuf, Fabien; Gross, Raphaël; Sarcher, Aurélie; Nordez, Antoine; Le Sant, Guillaume",Annals of physical and rehabilitation medicine,2026,"INTRODUCTION: Muscle-tendon unit interactions are crucial for efficient walking but remain unstudied in adult-onset spastic paresis. This cross-sectional study evaluated the relative contributions of the Achilles tendon, muscle fascicles, and muscle belly to the dynamics of the gastrocnemius medialis during gait in individuals with stroke and incomplete spinal cord injury, focusing on Equinus and Non-equinus patterns.
METHODS: Sixty participants (20 with stroke, 18 with incomplete spinal cord injury, 22 healthy controls) underwent 3-dimensional gait analysis synchronized with ultrasound. Participants were stratified into ""Equinus"" (N = 19) and ""Non-equinus"" (N = 19) groups based on terminal stance ankle dorsiflexion. The force-length relationship (maximal torque, Tmax; optimal fascicle length, Lopt) of the gastrocnemius medialis was determined on an isokinetic dynamometer using supramaximal tibial nerve stimulation. Muscle-tendon unit, belly, and tendon kinematics were calculated throughout the gait cycle.
RESULTS: Tmax was reduced in both pathological groups, but Lopt was significantly shorter only in the Equinus group (P < 0.001). During walking, both pathological patterns showed a disruption of the spring-like mechanism (loss of fascicle-tendon decoupling). The Non-equinus pattern was characterized by significantly longer tendons and reduced muscle-tendon unit excursion. Critically, fascicles in both pathological groups operated beyond the optimal length of the force-length curve during stance.
CONCLUSION: Adaptive gait patterns in adult spastic paresis are primarily discriminated by tendon adaptations rather than muscle belly dynamics. The observed functional paradox (structurally short muscles operating in an over-stretched state during stance) highlights a biomechanical trade-off for surgical tendon lengthening. Such intervention may be detrimental to muscle force-generating capacity by shifting fascicles further onto the descending limb of the force-length relationship. These findings suggest that personalized assessments could help optimize clinical decisions, including the development of therapeutic strategies designed to restore tendon stiffness and improve force-transmission efficiency.
CLINICALTRIALS: NCT06474117.",https://pubmed.ncbi.nlm.nih.gov/42551247/,,,stroke,(Stroke[MeSH] OR stroke[tiab] OR brain ischemia[tiab] OR cerebrovascular[tiab]) AND (treatment[tiab] OR intervention[tiab] OR therapy[tiab]),2026-08-05T18:00:54+00:00,,,,,
PMID_42551184,PubMed,42551184,,10.1016/j.nicl.2026.104046,Exploring delta/alpha and theta/alpha ratios as longitudinal treatment-response biomarkers in post-stroke rehabilitation.,"Inbar, Itay; Weisinger, Batsheva; Pandey, Dharam P; Saver, Jeffrey L; Cramer, Steven C; Sheth, Kevin N",NeuroImage. Clinical,2026,"INTRODUCTION: Post-stroke motor recovery relies on rebalancing of network connectivity, yet objective biomarkers for longitudinal monitoring remain limited. The delta/alpha ratio (DAR) is an established quantitative electroencephalography (qEEG) index of pathological slow-wave activity associated with stroke outcomes; the theta/alpha ratio (TAR) is a related but less-established measure. In this exploratory analysis, we investigated whether these biomarkers can serve as longitudinal treatment-response markers during neurorehabilitation, using electromagnetic network targeting field (ENTF) stimulation.
PATIENTS AND METHODS: We conducted a longitudinal analysis of 21 subacute ischemic stroke patients from a double-blind, sham-controlled randomized trial. Participants received either active ENTF stimulation or sham treatment over 15 sessions spanning 2 months. Resting-state EEG was recorded from 8 scalp electrodes. DAR and TAR were computed per session. Linear mixed-effects models (LMM) assessed session-by-treatment interactions. Secondary exploratory analyses examined coherence-based functional connectivity.
RESULTS: LMM analysis revealed significant session-by-treatment interactions for both DAR (β = -0.29, p = 0.016) and TAR (β = -0.034, p < 0.001). The active group was associated with steeper biomarker declines in DAR and TAR than sham. Secondary connectivity analyses showed no robust effects.
DISCUSSION: In this analysis, DAR and TAR showed treatment-associated longitudinal changes, and were associated with functional improvement trajectories, consistent with their behavior as candidate treatment-response markers.
CONCLUSION: These exploratory findings are consistent with DAR and TAR behaving as longitudinal treatment-response markers in post-stroke rehabilitation. The results are hypothesis-generating and require confirmation in a trial with pre-specified endpoints.",https://pubmed.ncbi.nlm.nih.gov/42551184/,,,stroke,(Stroke[MeSH] OR stroke[tiab] OR brain ischemia[tiab] OR cerebrovascular[tiab]) AND (treatment[tiab] OR intervention[tiab] OR therapy[tiab]),2026-08-05T18:00:54+00:00,,,,,
PMID_42550891,PubMed,42550891,,10.1126/scisignal.aea4402,Adenosine 2A receptor drives microglial efferocytosis to accelerate white matter repair and functional recovery after stroke.,"Deng, Yan; He, Qian; Yao, Bolin; Chen, Xiang; Cheng, Guangli; Xu, Minhua; Hu, Jiachun; Graca, Luis; Zhu, Xiao; Zhang, Xiao-Yong; You, Yan; Li, Cong",Science signaling,2026,"Although reperfusion therapy effectively restores blood flow to occluded brain arteries after ischemic stroke, many patients develop persistent white matter injury, a major contributor to long-term neurological disability. Currently, there are few approved clinical therapies that specifically target white matter repair to enhance functional recovery after stroke. We demonstrated that microglial adenosine 2A receptor (A2AR) is essential for spontaneous white matter regeneration after ischemic injury in mice. Deletion of A2AR in microglia specifically impaired chronic-phase repair without altering the severity of acute ischemic injury. Pharmacological activation of A2AR signaling with blood-brain barrier-permeable agonistic micelles during the early reperfusion phase enhanced white matter structural repair and led to sustained improvements in cognitive and sensorimotor function in mice. Mechanistically, A2AR activation promoted microglial efferocytosis of apoptotic cells and myelin debris in the lesioned white matter, thereby limiting secondary necrosis-induced inflammation, enhancing neurotrophic factor release, and establishing a reparative microenvironment conducive to oligodendrocyte precursor cell differentiation and remyelination. Moreover, A2AR signaling engaged HIF1α-dependent metabolic reprogramming to increase glycolysis, thereby providing the energetic support required for efficient and sustained efferocytosis. Together, these findings identify A2AR as a critical regulator of microglia-mediated white matter repair and a promising therapeutic target for enhancing regeneration after stroke.",https://pubmed.ncbi.nlm.nih.gov/42550891/,,,stroke,(Stroke[MeSH] OR stroke[tiab] OR brain ischemia[tiab] OR cerebrovascular[tiab]) AND (treatment[tiab] OR intervention[tiab] OR therapy[tiab]),2026-08-05T18:00:54+00:00,,,,,
PMID_42550692,PubMed,42550692,,10.1177/03000605261469427,Pediatric hemorrhagic stroke in southern China: Analysis of 159 cases.,"Li, Wenjuan; Wu, Wenlin; Shi, Kaili; Gao, Yuanyuan; Li, Xiaojing; Yang, Sida; Liang, Huici; Zhang, Yani; Zheng, Kelu; Zhu, Haixia; Peng, Bingwei; Tian, Yang; Lin, Haisheng; Chen, Wen-Xiong",The Journal of international medical research,2026,"ObjectiveTo investigate the clinical profiles and outcomes of pediatric patients with hemorrhagic stroke in southern China.MethodsThis retrospective cohort study reviewed the medical records of children hospitalized with hemorrhagic stroke at a tertiary center in southern China. The disability rate was calculated as the proportion of patients with a modified Rankin scale score of 3-5.ResultsA total of 159 children (111 male and 48 female) were included. Prolonged coagulation time and cerebrovascular malformations were the most common etiologies. Disturbance of consciousness was the most frequent presenting symptom, whereas seizures predominated in children younger than 3 years and headache in older children. Computed tomography scans frequently showed temporal, parietal, or frontal lobe hemorrhages, and 60.4% of patients had multisite involvement, which was more prevalent in males. Management included conservative treatment (56.9%), surgery (33.8%), and embolization (9.4%). The mortality rate was 7.6%. Among the 108 survivors with follow-up, 78.7% achieved favorable outcomes (modified Rankin scale ≤2), whereas 21.3% developed disability, most commonly movement disorders.ConclusionsPediatric hemorrhagic stroke in southern China exhibits distinct clinical profiles and varied etiologies. Despite the high rate of favorable outcomes, a substantial proportion of children experience disability, highlighting the need for optimized management strategies.",https://pubmed.ncbi.nlm.nih.gov/42550692/,,,stroke,(Stroke[MeSH] OR stroke[tiab] OR brain ischemia[tiab] OR cerebrovascular[tiab]) AND (treatment[tiab] OR intervention[tiab] OR therapy[tiab]),2026-08-05T18:00:54+00:00,,,,,
PMID_42550213,PubMed,42550213,PMC5829023,10.1001/jamacardio.2017.2249,"Cost-effectiveness of CT perfusion, low-field MRI, and delayed high-field MRI in emergency department patients with dizziness concerning for stroke.","Hajibeygi, Ramtin; Aali, Amirali; Fathi, Mobina; Tegtmeyer, Kyle; Melnick, Edward; Wira, Charles; Venkatesh, Arjun; Sheth, Kevin; Mahajan, Amit; Tu, Long",Neuroradiology,2026,"BACKGROUND: Stroke diagnoses may be missed or delayed in patients presenting to the emergency department (ED) with acute dizziness or vertigo. Even in patients who do not receive acute stroke treatment, accurate diagnosis is still essential to improve outcomes to ensure appropriate risk stratification and initiation of secondary prevention strategies. High-field MRI is the most sensitive imaging modality, but is not immediately available at many EDs.
OBJECTIVE: To investigate the cost-effectiveness of alternate neuroimaging approaches in the evaluation of patients presenting to the emergency department (ED) with dizziness when high-field MRI is not available.
METHODS: A Markov decision-analytic model was constructed from a healthcare system perspective for evaluation of a patient presenting to the ED with acute vestibular syndrome (AVS) - the dizziness subtype most concerning for stroke. Six diagnostic strategies were compared: non-contrast head CT, head and neck CTA (added to non-contrast CT), whole brain perfusion CT (CTP) added to CT and CTA, low-field portable MRI, admission to observation for high-field MRI, and inter-facility transport to high-field MR. Differing long-term costs and outcomes related to stroke detection and secondary prevention were compared. Cost-effectiveness was calculated in terms of lifetime expenditures in 2024 U.S. dollars for each quality-adjusted life year (QALY); deterministic and probabilistic sensitivity analyses were performed.
RESULTS: Observation for high-field MRI resulted in the highest QALYs and was the most cost-effective strategy. Transport to high-field MRI had an incremental cost of $5402, but negative marginal utility (-0.0047 QALYs) compared to observation. CTP (added to CTA and CT) had the next-highest health benefit, although was dominated by extension, at an incremental cost of $1022 for an additional 0.02 QALYs, compared to low-field MRI. CTA and non-contrast CT alone had the lowest utility. In the deterministic sensitivity analyses, observation for high-field MRI remained the most cost-effective strategy across a wide range of model parameters. Relative benefit was largely driven by differences in imaging sensitivity. Probabilistic sensitivity analyses yielded similar results to the base-case analysis.
CONCLUSION: Observation for high-field MRI in patients presenting to the ED with AVS-type dizziness can is more cost-effective and improves long-term outcomes compared to CT and CTA. When high-field MRI is not available via observation or transport, both CTP and low-field MRI are reasonable alternatives.
CLINICAL IMPACT: When high-field MRI is not immediately available, short delays in imaging associated with observation or transport do not alter the preference for MRI-based evaluation. CTP and low-field MRI are preferred to CTA or CT alone.",https://pubmed.ncbi.nlm.nih.gov/42550213/,,,stroke,(Stroke[MeSH] OR stroke[tiab] OR brain ischemia[tiab] OR cerebrovascular[tiab]) AND (treatment[tiab] OR intervention[tiab] OR therapy[tiab]),2026-08-05T18:00:54+00:00,,,,,
PMID_42549987,PubMed,42549987,PMC5428855,10.3390/cells14161284,Multi-Omics Integration Reveals That SN-011 Targets JUNB to Upregulate ADGRE5 and Restore Vascular Endothelial Cell Communication in Ischemic Stroke.,"Ou, XiangLing; Gong, ZunKe",Chemical biology & drug design,2026,"Ischemic stroke (IS) is a cerebrovascular disease with high mortality and disability rates, currently lacking effective therapeutic targets. The STING inhibitor SN-011 shows potential in IS treatment, but its mechanism of action remains unclear. This study aims to explore the key molecular mechanisms of SN-011 in treating IS through bioinformatics approaches. IS transcriptome datasets were analyzed to identify differentially expressed genes. Mendelian randomization using brain eQTL and IS-GWAS data identified genes with causal relationships to IS. Single-cell transcriptome, pseudo-time trajectory, intercellular communication, and transcription factor regulatory network analyzes were performed. Molecular docking and DARTS-WB assay validated SN-011 binding to transcription factors. Transcriptomic analysis identified 77 intersecting genes. Mendelian randomization revealed ADGRE5 as a protective gene for IS (OR < 1), significantly downregulated in venous endothelial cells (vECs) during disease progression. Cell communication analysis showed ADGRE5-high vECs interact with immune, glial, and stromal cells via LAMININ (Lamb2-CD44, Lamb2-Itga6+Itgb1, Lamb2-Dag1 pair) and JAM signaling pathways. Transcription factor analysis identified JUNB as a negative regulator of ADGRE5. Molecular docking (-6.8 kcal/mol) combined with an in vitro DARTS-WB assay confirmed the interaction between SN-011 and JUNB. In OGD-induced endothelial cell injury models, SN-011 suppressed JUNB expression, restored ADGRE5 expression inhibited by JUNB overexpression, reversed the downregulation of LAMB2 and CD44, and reduced the expression of the pro-inflammatory cytokines IL-6 and IL-1β. Notably, blockade of LAMB2 largely abolished these protective effects, indicating that the anti-inflammatory and endothelial-protective activities of SN-011 are mediated, at least in part, through restoration of the LAMB2-CD44 signaling axis. ADGRE5 downregulation in vECs may impair vascular repair by disrupting LAMININ-mediated intercellular communication. SN-011 may exert neuroprotective effects by targeting JUNB to upregulate ADGRE5 expression and restore the vEC-centered cellular communication network, providing a theoretical basis for SN-011 as a potential IS therapeutic.",https://pubmed.ncbi.nlm.nih.gov/42549987/,,,stroke,(Stroke[MeSH] OR stroke[tiab] OR brain ischemia[tiab] OR cerebrovascular[tiab]) AND (treatment[tiab] OR intervention[tiab] OR therapy[tiab]),2026-08-05T18:00:54+00:00,,,,,
PMID_42549840,PubMed,42549840,,10.1167/iovs.67.10.7,Impact of Continuous Positive Airway Pressure Treatment on Retinal Vasculature in Obstructive Sleep Apnea: A 7-Year Follow-Up.,"Rodrigues, Divya; Schulz, Angela M; Britton, Anna; Wong, Brendon; Tong, Jessica; Farah, Claude S; Graham, Stuart L; Fraser, Clare L",Investigative ophthalmology & visual science,2026,"PURPOSE: In previous studies, obstructive sleep apnea (OSA) severity at diagnosis was independently associated with retinal arteriolar narrowing and reduced retinal pulse amplitude. Participants with severe untreated OSA showed progressive retinal arterial narrowing 2 years post diagnosis, while the use of continuous positive airway pressure (CPAP) ventilation appeared to attenuate these changes. This 7-year prospective study examines whether these protective effects of CPAP persist.
METHODS: We invited 79 participants from the 2-year follow-up cohort for a 7-year review. Of these, 39 completed assessments: medical history, optical coherence tomography, and retinal vessel imaging. The retinal nerve fiber layer (RNFL) thickness, central retinal artery equivalent (CRAE), central retinal vein equivalent (CRVE), and arteriovenous ratio were analyzed.
RESULTS: CRAE and CRVE appeared greater in patients with severe OSA + CPAP than untreated OSA. Over 7 years, CRVE observably declined more slowly in severe those with OSA + CPAP than those with untreated severe OSA. Severe OSA + CPAP had a notable smaller decline in CRAE comparison with the control and untreated groups. The RNFL thickness was nonsignificantly reduced in severe OSA + no CPAP compared with those with CPAP in the superotemporal sector. Global RNFL rates of thinning were equivalent across groups. There was a trend for those not on CPAP to have higher rates of hypertension and stroke.
CONCLUSIONS: In this cohort, the cohort size was too small for robust statistics. It can still be broadly appreciated that CPAP provides long-term protective benefit against retinal arterial narrowing. The protective effect of CPAP on retinal vascular changes seen at the 2-year mark continued to trend in the mean CRAE values and was also potentially demonstrated in preservation of RNFL thickness in this 7-year study.",https://pubmed.ncbi.nlm.nih.gov/42549840/,,,stroke,(Stroke[MeSH] OR stroke[tiab] OR brain ischemia[tiab] OR cerebrovascular[tiab]) AND (treatment[tiab] OR intervention[tiab] OR therapy[tiab]),2026-08-05T18:00:54+00:00,,,,,
PMID_42549517,PubMed,42549517,,10.1161/circulationaha.125.079205,Incidence and Predictors of Extracranial Bleeding on Oral Anticoagulants for Stroke Prevention in Patients With Atrial Fibrillation: A COMBINE-AF Analysis.,"Siegal, Deborah M; Carrier, Marc; Bahit, M Cecilia; Bosch, Jackie; Benz, Alexander P; Bergmark, Brian; Giugliano, Robert P; Granger, Christopher B; Monguillon, Victorien; O'Donnell, Martin; Oldgren, Jonas; Patel, Manesh R; Reddy, Rohin K; Wallentin, Lars; Yi, Qilong; Zimerman, Andre; Eikelboom, John",Circulation,2026,"BACKGROUND: Extracranial bleeding is the most common complication of oral anticoagulant (OAC) therapy for atrial fibrillation (AF), but its clinical importance for patients may be underrecognized. We sought to characterize extracranial bleeding events according to standardized severity definitions, identify baseline risk factors for bleeding, and quantify their population attributable fraction in patients with AF receiving OACs.
METHODS: We analyzed patients receiving OACs from 5 pivotal randomized trials testing a direct OAC or warfarin in patients with AF (COMBINE-AF [A Collaboration Between Multiple Institutions to Better Investigate Non-Vitamin K Antagonist Oral Anticoagulant Use in Atrial Fibrillation]). The primary outcome was extracranial clinically relevant bleeding, defined as a first episode of extracranial major or clinically relevant nonmajor bleeding according to International Society on Thrombosis and Haemostasis criteria. The Kaplan-Meier method was used to calculate the cumulative incidence of bleeding by category. Multivariable Cox regression models were used to estimate adjusted hazard ratios (HRs) with 95% CI. Logistic regression models were used to calculate average population attributable fraction with 95% CI.
RESULTS: Of 73 737 patients treated with OACs, 10 634 experienced clinically relevant extracranial bleeding over a mean follow-up of 705 days (cumulative incidence, 26% [95% CI, 18%-35%]; 7.6 per 100 person-years). This included 3188 major bleeds (cumulative incidence, 7% [95% CI, 6%-7%]; 2.1 per 100 person-years) and 7446 clinically relevant nonmajor bleeds (cumulative incidence, 19% [95% CI, 12%-28%]; 5.2 per 100 person-years). The distribution of bleeding sites differed by severity, with gastrointestinal bleeds comprising 26% of clinically relevant bleeds, 49% of major bleeds, and 15% of clinically relevant nonmajor bleeds. Risk factors for extracranial bleeding were consistent across severity bleeding categories, and baseline covariates in our multivariable models accounted for 66% to 69% of the population attributable bleeding risk.
CONCLUSIONS: Extracranial clinically relevant bleeding is common among patients with AF treated with OACs and may more accurately reflect the overall burden of bleeding than major bleeding alone. Our models explained about two-thirds of the average population attributable risk, suggesting that additional unmeasured or unknown factors contribute to bleeding risk.",https://pubmed.ncbi.nlm.nih.gov/42549517/,,,stroke,(Stroke[MeSH] OR stroke[tiab] OR brain ischemia[tiab] OR cerebrovascular[tiab]) AND (treatment[tiab] OR intervention[tiab] OR therapy[tiab]),2026-08-05T18:00:54+00:00,,,,,
PMID_42549239,PubMed,42549239,PMC12740969,10.7759/cureus.112034,Ischaemic Stroke as a Manifestation of Marantic Endocarditis in Lung Adenocarcinoma.,"Caldeira, Elisa; Barros, Carolina; Freitas, Patrício",Cureus,2026,"Marantic endocarditis (ME) is characterised by the formation of sterile valvular vegetations, carrying a high risk of systemic embolism. It is frequently associated with advanced neoplasms, particularly adenocarcinomas of the lung. Osimertinib, often used in lung adenocarcinomas, is linked with thrombocytopenia. We report the case of a 57-year-old female with stage IV lung adenocarcinoma on osimertinib, who presented with acute neurological deficits due to an M2 segment occlusion of the left middle cerebral artery, which was treated with mechanical thrombectomy. The post-procedure course was marked by haemorrhagic transformation and systemic embolic events, including splenic ischaemia and the appearance of Janeway lesions. Transthoracic echocardiography identified mitral valve vegetations which, in the context of negative blood cultures and multiple embolic phenomena, made the picture of ME highly suggestive. Due to significant haemorrhagic risk, given the severe thrombocytopenia and haemorrhagic transformation, therapeutic anticoagulation was not feasible. The patient's clinical state deteriorated rapidly following deep vein thrombosis and pulmonary embolism, culminating in multiorgan failure and death. In this complex case, therapeutic strategy was limited by important thrombocytopenia and the haemorrhagic risk associated with stroke, precluding anticoagulation - a cornerstone of treatment for ME -and thereby affecting the patient's prognosis.",https://pubmed.ncbi.nlm.nih.gov/42549239/,,,stroke,(Stroke[MeSH] OR stroke[tiab] OR brain ischemia[tiab] OR cerebrovascular[tiab]) AND (treatment[tiab] OR intervention[tiab] OR therapy[tiab]),2026-08-05T18:00:54+00:00,,,,,
PMID_42549211,PubMed,42549211,PMC8111564,10.7759/cureus.112031,Treatment of a Symptomatic Carotid Web: A Case Report and Review of the Literature.,"Shehata, Mahetab; Tee, Sui; Elsharkawy, Ashraf",Cureus,2026,"A carotid web is identified as an atypical variant of fibromuscular dysplasia. It is characterised by fibrotic, non-atherosclerotic bands found in the carotid artery intima, forming a shelf-like intraluminal web that, in most cases, lies on the posterior wall of the carotid bulb or the proximal internal carotid artery. That shelf formed a site for thrombus accumulation, with a significant risk of further distal embolisation to the cranial circulation, leading to recurrent thromboembolic stroke and transient ischaemic attack. In this case report, a 48-year-old male presented with recurrent transient ischaemic attacks and stroke despite being on the best medical treatment in the form of dual antiplatelets and a high dose of statins. During the most recent event, he presented with left-sided weakness and slurred speech and underwent urgent thrombolysis with full recovery, then was referred to the vascular surgery department. During his workup investigations with carotid duplex and computed tomographic angiography, a carotid web was identified on the posterior wall of the proximal internal carotid artery with 50% stenosis. As per the recent literature consensus and guidelines, due to recurrent symptomatic events despite medical therapy, he was scheduled for carotid endarterectomy with bovine patch repair in the nearest slot.",https://pubmed.ncbi.nlm.nih.gov/42549211/,,,stroke,(Stroke[MeSH] OR stroke[tiab] OR brain ischemia[tiab] OR cerebrovascular[tiab]) AND (treatment[tiab] OR intervention[tiab] OR therapy[tiab]),2026-08-05T18:00:54+00:00,,,,,
PMID_42548945,PubMed,42548945,PMC7666956,10.21037/cdt-20-348,Exercise Stress Echocardiography-Guided Balloon Pulmonary Valvuloplasty for Pulmonary Valve Stenosis With a Moderate Pressure Gradient and Exercise Intolerance: A Case Report.,"Komaki, Soichi; Kodama, Yoshihiko; Kurogi, Kohei; Yamamoto, Kinuko; Ideguchi, Takeshi; Matsuura, Yunosuke; Moritake, Hiroshi; Kaikita, Koichi",Case reports in cardiology,2026,"Current guidelines recommend balloon pulmonary valvuloplasty (BPV) for symptomatic adults with moderate or severe pulmonary valve stenosis (PVS) when the valve anatomy is suitable. However, when the resting gradient is near the lower boundary of the moderate range, establishing whether exercise intolerance is attributable to PVS can be challenging. We describe the case of a 52-year-old woman with longstanding PVS who developed progressive exercise intolerance. Resting echocardiography revealed a peak gradient of 38 mmHg, which remained stable during follow-up. Exercise stress echocardiography (ESE) demonstrated a blunted stroke volume response, whereas cardiopulmonary exercise testing (CPET) showed reduced peak VO2. Based on these objective findings, BPV was performed for symptomatic moderate PVS. Following successful intervention, both the stroke volume response and peak VO2 improved markedly. This case highlights that exercise-based diagnostic modalities, particularly ESE in conjunction with CPET, can help guide treatment decisions in symptomatic moderate PVS.",https://pubmed.ncbi.nlm.nih.gov/42548945/,,,stroke,(Stroke[MeSH] OR stroke[tiab] OR brain ischemia[tiab] OR cerebrovascular[tiab]) AND (treatment[tiab] OR intervention[tiab] OR therapy[tiab]),2026-08-05T18:00:54+00:00,,,,,
PMID_42548857,PubMed,42548857,PMC6051880,10.18502/ijph.v54i12.20812,Assessing the Impact of Using Heparin and Bivalirudin on Clinical Outcome of Subjects Undergoing Percutaneous Coronary Intervention: A Meta-Analysis.,"Yu, Yan; Sun, Xiaojian; Su, Mengchao",Iranian journal of public health,2025,"BACKGROUND: Bivalirudin is increasingly used as an alternative to heparin in patients undergoing percutaneous coronary intervention (PCI) due to its potential for reducing adverse clinical outcomes. This meta-analysis aimed to compare the effectiveness and safety of bivalirudin versus heparin across various clinical outcomes.
METHOD: A total of 27 studies were included, comprising 63,624 patients: 30,492 received Bivalirudin, and 33,132 received Heparin. Key endpoints analyzed include net adverse clinical events (NACE), major adverse clinical events, major bleeding, mortality, stroke, and stent thrombosis. Data were pooled using a random-effects model, and heterogeneity was assessed using the I2 statistic. Publication bias was evaluated using Begg's and Egger's tests.
RESULTS: Bivalirudin significantly reduced the risk of major bleeding (MD=-0.4445, 95% CI [-0.6276, -0.2615], P<0.0001, I2=76.79%) compared to Heparin. However, no significant differences were found for major adverse clinical events (MD=-0.0993, P=0.3194) or mortality (MD=-0.1959, P=0.0893). There was moderate heterogeneity in most analyses, particularly for NACE (I2=68.24%) and stent thrombosis (I2=55.33%). No significant differences were observed for stroke prevention or stent thrombosis. Subgroup analyses demonstrated significant reductions in major bleeding with Bivalirudin, particularly in STEMI patients (log OR=-0.37, P<0.0001), though no differences in MACE or stent thrombosis were observed. High heterogeneity in NSTEMI populations (I2=81.4%) underscores the need for individualized therapy.
CONCLUSION: Although bivalirudin significantly lowers major bleeding compared with Heparin, it shows no clear advantage in mortality or other major clinical outcomes. Substantial heterogeneity across studies indicates variability in patient populations and procedural settings. Further research is needed to define its optimal role in specific PCI subgroups.",https://pubmed.ncbi.nlm.nih.gov/42548857/,,,stroke,(Stroke[MeSH] OR stroke[tiab] OR brain ischemia[tiab] OR cerebrovascular[tiab]) AND (treatment[tiab] OR intervention[tiab] OR therapy[tiab]),2026-08-05T18:00:54+00:00,,,,,
PMID_42548771,PubMed,42548771,PMC10640705,10.1016/j.healun.2012.09.013,Cerebral hemorrhage after left ventricular assist device implantation in a patient with dilated cardiomyopathy: a case report.,"Wei, Yanwei; Zhang, Yunqiang; Han, Li; Zhang, Aixue; Jing, Rui",Frontiers in cardiovascular medicine,2026,"BACKGROUND: For patients with end-stage heart failure who have undergone left ventricular assist device (LVAD) implantation, postoperative complications such as cerebral hemorrhage are common, leading to high mortality and complex treatment. Effective blood pressure management and adjustment of anticoagulation targets are crucial in the treatment of cerebral hemorrhage after LVAD implantation.
CASE PRESENTATION: We report the case of a 66-year-old male patient who suffered from a hemorrhagic stroke shortly after the implantation of a domestic LVAD. Intensive blood pressure control was initiated, and the anticoagulation regimen was precisely adjusted. These measures prevented the occurrence of poststroke sequelae, reduced the risk of death, and significantly improved the patient's quality of life. As of the current 5-year follow-up, the patient remains in good general condition.
CONCLUSION: This case provides valuable insights for clinicians managing LVAD patients who experience stroke.",https://pubmed.ncbi.nlm.nih.gov/42548771/,,,stroke,(Stroke[MeSH] OR stroke[tiab] OR brain ischemia[tiab] OR cerebrovascular[tiab]) AND (treatment[tiab] OR intervention[tiab] OR therapy[tiab]),2026-08-05T18:00:54+00:00,,,,,
PMID_42548762,PubMed,42548762,PMC3537313,10.2174/156652410790963367,Association between plasma ADAMTS13 levels/activity and the risk of ischemic stroke and outcomes of recanalization therapies: a systematic review and meta-analysis.,"Li, Yanyan; Ding, Rui; Gao, Peng; Liu, Ziqi; Pei, Xiaorui; Piao, Lifeng",Frontiers in neurology,2025,"BACKGROUND: Large vWF (von Willebrand Factor) multimers are associated with ischemic stroke, and itsthrombogenicity is controlled by ADAMTS13 (a Disintegrin and Metalloprotease with repetitions in the ThromboSpond in motif). ADAMTS13 can cleave large vWF multimers into smaller, less procoagulant forms, preventing spontaneous platelet-thrombus formation. Extensive research has been conducted on the connection between ischemic stroke and ADAMTS13 activity as well as antigen levels, but got inconsistent conclusions. More recently, contradictory findings have been reported regarding the relationship between ADAMTS13 antigen levels or activity and recanalization therapy such as intravenous thrombolysis and mechanical thrombectomy.
METHODS: A thorough literature search was conducted from July 2th, 2001 to April 7th, 2025, utilizing various online databases including PubMed, Cochrane Library, Web of Science, and EMBASE. This meta-analysis aimed to synthesize observational evidence on the association between ADAMTS13 antigen or activity and stroke, and to evaluate its potential influence on recanalization outcomes following intravenous thrombolysis or mechanical thrombectomy. The pooled relative risk (RR) of stroke and the standardized mean difference (SMD) of the ADAMTS13 for stroke versus control subjects, as well as their corresponding 95% confidence interval (CI) were calculated. Eighteen studies with a total of 8,993 participants were included into this meta-analysis.
RESULTS: (1) ADAMTS13 activity was lower in patients with ischemic stroke when compared with controls, the SMD was -1.12 (95%CI: -1.20, -1.03, P < 0.001). Patients with ischemic stroke had decreased ADAMTS13 plasma antigen levels when compared to controls, the SMD was -1.32 (95%CI: -1.49, -1.15, P < 0.001). (2) The multivariable-adjusted relative risk (RR) indicated that lower ADAMTS13 levels were associated with an elevated risk of ischemic stroke, the RR was 1.75 (95%CI: 1.4, 2.19, P < 0.001). (3) Ischemic stroke patients who achieved unfavorable outcomes following recanalization therapy exhibited lower baseline ADAMTS13 antigen levels compared to those with favorable outcomes, the SMD was -0.26 (95%CI: -0.51, -0.01, P = 0.04). No significant difference in baseline ADAMTS13 activity was observed between patients with favorable and unfavorable outcomes following recanalization therapy, the SMD was -0.05 (95%CI: -0.36, 0.26, P = 0.75). (4) The multivariable-adjusted relative risk (RR) indicated that lower baseline ADAMTS13 levels were significantly associated with unfavorable early neurological outcome following recanalization therapy in ischemic stroke. However, no significant association was observed between baseline ADAMTS13 levels and 90-day functional outcomes in ischemic stroke patients without recanalization therapies, with a risk ratio (RR) of 0.92 (95%CI: 0.75, 1.12, P = 0.009).
CONCLUSION: ADAMTS13 activity and ADAMTS13 plasma antigen levels were lower in patients with ischemic stroke. Reduced ADAMTS13 levels were significantly correlated with an increased risk of ischemic stroke. Meanwhile, baseline ADAMTS13 antigen levels were lower in patients with unfavorable outcomes in ischemic stroke patients who undergoing recanalization therapy. Notably, lower ADAMTS13 levels are associated with unfavorable early neurological outcome after recanalization therapy in acute ischemic stroke rather than 90-day prognosis.
SYSTEMATIC REVIEW REGISTRATION: https://www.crd.york.ac.uk/PROSPERO/view/CRD420251229650, Identifier: CRD420251229650.",https://pubmed.ncbi.nlm.nih.gov/42548762/,,,stroke,(Stroke[MeSH] OR stroke[tiab] OR brain ischemia[tiab] OR cerebrovascular[tiab]) AND (treatment[tiab] OR intervention[tiab] OR therapy[tiab]),2026-08-05T18:00:54+00:00,,,,,
PMID_42548633,PubMed,42548633,PMC7070163,10.1111/bph.15013,Risk assessment of acute heart failure after endovascular therapy in acute ischemic stroke: a nomogram-based study.,"Yang, Xiuling; Liang, Wenfei; Ge, Shaoan; Song, Bolin; Zhu, Jingling; Ding, Yu; He, Yilin; Zhao, Zhan; Liao, Bin; Ning, Weimin; He, Qiuxing; Chen, Jingyi",Frontiers in cardiovascular medicine,2026,"BACKGROUND: Acute heart failure (AHF) is a life-threatening complication following endovascular therapy (EVT) for acute ischemic stroke with large vessel occlusion (AIS-LVO). This study aims to identify independent predictors of AHF after EVT and to develop and validate a nomogram for individualized risk prediction.
METHODS: We retrospectively enrolled data from patients with acute ischemic stroke with large vessel occlusion who underwent endovascular treatment between September 2021 and June 2025 were analysed in October 2025. After screening based on inclusion and exclusion criteria, 457 patients were randomly allocated into training (n = 320) and validation (n = 137) cohorts in a 7:3 ratio. Least absolute shrinkage and selection operator (LASSO) regression was used for feature selection, followed by multivariate logistic regression to identify independent predictors of AHF. A nomogram was constructed accordingly. The model's performance was assessed using the area under the receiver operating characteristic curve (AUC), calibration plots, decision curve analysis (DCA), and clinical impact curves (CIC).
RESULTS: Multivariate analysis identified five independent predictors of AHF after EVT: atrial fibrillation, valvular heart disease, left ventricular ejection fraction, serum creatinine, and troponin T. The nomogram demonstrated excellent discriminative ability, with an AUC of 0.909 (95% CI: 0.837-0.980) in the validation cohort. Calibration curves indicated good agreement between predicted and observed risks. DCA and CIC confirmed the model's favorable clinical net benefit.
CONCLUSION: We developed and validated a five-factor nomogram that effectively predicts the individualized risk of AHF following EVT in patients with AIS-LVO.",https://pubmed.ncbi.nlm.nih.gov/42548633/,,,stroke,(Stroke[MeSH] OR stroke[tiab] OR brain ischemia[tiab] OR cerebrovascular[tiab]) AND (treatment[tiab] OR intervention[tiab] OR therapy[tiab]),2026-08-05T18:00:54+00:00,,,,,
PMID_42548600,PubMed,42548600,PMC9813513,10.3389/fnagi.2022.1036215,Development of a conceptual model of intertemporal decision-making ability for young and middle-aged stroke patients within physical activity: a qualitative study.,"Li, Xingru; Zhang, Chao; Liu, Yidan; Zhou, Ping",Frontiers in psychology,2026,"BACKGROUND: Intertemporal decision-making ability is critical for behavior change and maintenance. While a conceptual model of this ability exists for chronic patients, how it manifests in the physical activity (PA) context among young and middle-aged stroke patients is unclear. Therefore, this study aimed to contextually validate and extend the generic conceptual model, and to explore its applicability to PA among young and middle-aged stroke patients.
METHODS: This qualitative study employed semi-structured interviews with 16 stroke patients, who were purposively sampled from a hospital in Nanchang. Data were analyzed using directed content analysis.
RESULTS: The conceptual model comprises four dimensions: (1) impulse control (including impulse awareness and inhibition of immediate impulses); (2) emotional self-regulation (including emotional awareness and application of emotion regulation strategies); (3) future health valuation (including perceived long-term benefits of PA and the value attributed to family roles and social responsibilities); (4) future-oriented thinking and planning (including future scenario imagination, construction of causal chains, and shortening of temporal distance).
CONCLUSION: The intertemporal decision-making ability of young and middle-aged stroke patients during PA exhibits multidimensional characteristics, including impulse control, emotional self-regulation, future health valuation, and future-oriented thinking and planning. Family and social responsibilities, along with warning imagery, endow these dimensions with unique connotations that extend beyond the general model. Future research should develop specific measurement tools based on the dimensional structure of this ability and design personalized intervention programs.",https://pubmed.ncbi.nlm.nih.gov/42548600/,,,stroke,(Stroke[MeSH] OR stroke[tiab] OR brain ischemia[tiab] OR cerebrovascular[tiab]) AND (treatment[tiab] OR intervention[tiab] OR therapy[tiab]),2026-08-05T18:00:54+00:00,,,,,
PMID_42548587,PubMed,42548587,PMC6859425,10.15698/cst2019.11.203,"Autophagy in ischemic stroke: pathophysiology, therapeutics, and challenges ahead.","Tshimbombu, Tshibambe N; Nyalundja, Arsene Daniel; Iragi, Gates Mulume; Mwambali, Josué Aganze; Shardow, Samira Braimah; Amoako, Melissa Ewurakua; Thurmann, Kyle E; Gonzalez, Daniel I; Banyas, Paige; Wiggins, Judea; Kaur, Supreet",Frontiers in stroke,2026,"Autophagy is a fundamental cellular homeostatic process that exerts a dual, context-dependent influence on the pathophysiology of ischemic stroke. Functioning as both a neuroprotective survival mechanism and a neurotoxic pathway, autophagy presents a complex therapeutic challenge as well as a potential target for molecular intervention. This narrative review synthesizes preclinical and emerging clinical evidence to summarize key mechanisms regulating autophagy in ischemic injury, evaluate therapeutic strategies, and identify promising molecular pathways and druggable targets for translational development. In the early ischemic phase, moderate autophagic activation facilitates neuronal survival by clearing damaged mitochondria and protein aggregates, thereby reducing oxidative stress and modulating neuroinflammation. This protective response is primarily mediated by regulators such as Beclin-1, the conversion of LC3-I to LC3-II, and the energy-sensing AMP-activated protein kinase pathway. Conversely, sustained or excessive autophagy, particularly during late-stage reperfusion, exacerbates neuronal injury through impaired lysosomal fusion, autophagosome accumulation, and the triggering of autophagic cell death and ferroptosis. Preclinical evidence highlights a critical Goldilocks zone of activation, suggesting that therapeutic success hinges on maintaining autophagic flux within narrow physiological limits. Advancing these therapies into clinical practice requires precise spatiotemporal modulation, potentially as an adjunct to mechanical thrombectomy, as well as the development of robust, real-time biomarkers. A comprehensive understanding of the molecular and genetic determinants of autophagy, including sex-specific responses, is essential to bridge the translational gap and establish autophagy as a viable target for precision stroke medicine.",https://pubmed.ncbi.nlm.nih.gov/42548587/,,,stroke,(Stroke[MeSH] OR stroke[tiab] OR brain ischemia[tiab] OR cerebrovascular[tiab]) AND (treatment[tiab] OR intervention[tiab] OR therapy[tiab]),2026-08-05T18:00:54+00:00,,,,,
PMID_42548511,PubMed,42548511,PMC12846758,10.7150/thno.127083,"Microcirculatory failure after successful recanalization in ischemic stroke: insights into mechanisms, imaging, and therapeutic strategies.","Wu, Gang; Lin, Lin; Hong, Weijun; Kang, Zeyi; Wang, Xianwei; Wang, Feng; Wang, En",Frontiers in pharmacology,2026,"Early, effective reopening of an occluded large artery is a cornerstone of modern ischemic stroke care. Yet angiographic success does not consistently translate into tissue level reperfusion, nor does it reliably forecast good neurological recovery. Futile recanalization is multifactorial, and in many patients poor outcome may also reflect extensive irreversible injury already present at the time of recanalization because reopening is achieved too late to rescue substantial tissue. A growing body of work suggests that persistent microcirculatory dysfunction after recanalization may represent one important contributor to this discordance. In the post-recanalization setting, microvascular failure reflects intertwined ischemia-reperfusion processes: oxidative stress, inflammatory activation, endothelial injury, microthrombosis, and pericyte-driven capillary constriction, that together degrade capillary perfusion and exchange. As a result, tissue hypoxia can persist and the infarct core may continue to expand even when large-vessel patency has been restored. Experimental studies and emerging clinical observations, including trials of adjunct intra-arterial thrombolysis, increasingly support the idea that resolving residual microvascular obstruction can yield functional benefits beyond macrorecanalization alone. In parallel, progress in microcirculation imaging and monitoring, ranging from high-resolution optical tools in experimental models to angiography- and perfusion-derived metrics in patients, has strengthened in vivo evaluation of microvascular reperfusion and treatment effects. This review integrates current detection approaches, mechanistic drivers across microvascular segments, and translational therapeutic strategies, and it outlines priorities for clinically practical microcirculatory readouts and imaging-guided precision trials to speed development of microvascular-targeted adjunct therapies for ischemic stroke.",https://pubmed.ncbi.nlm.nih.gov/42548511/,,,stroke,(Stroke[MeSH] OR stroke[tiab] OR brain ischemia[tiab] OR cerebrovascular[tiab]) AND (treatment[tiab] OR intervention[tiab] OR therapy[tiab]),2026-08-05T18:00:54+00:00,,,,,
PMID_42548451,PubMed,42548451,PMC7477776,10.1016/j.chpulm.2025.100213,Dose-Response Effect of Physical Prehabilitation on Major Cardiac and Cerebrovascular Events and Disability Levels After Cardiac Surgery in Frail Patients.,"Lee, Anna; Yau, Derek K W; Joynt, Gavin M; Ho, Kwok M",CHEST pulmonary,2025,"BACKGROUND: Prehabilitation enhances patients' resilience to surgical stress and may improve postoperative outcomes. However, the dose response of prehabilitation on outcomes remains unknown.
RESEARCH QUESTION: Does a twice-weekly supervised outpatient exercise program before elective cardiac surgery in patients with frailty have dose-response effects on 90-day postoperative major cardiac and cerebrovascular events (MACCEs) and disability levels?
STUDY DESIGN AND METHODS: This was a post hoc analysis of the PREhabilitation for improving QUality of recovery after ELective cardiac surgery (PREQUEL) trial that compared physical prehabilitation (up to 19 sessions over 10 weeks) with usual care in participants with very mild to moderate frailty. Primary outcomes included the 90-day risk of MACCEs and changes in disability levels measured by the World Health Organization Disability Assessment Schedule 2.0 score. Secondary outcomes were preoperative changes in the 6-minute walk test distance, submaximal metabolic equivalents of tasks, and frailty measures. We used a generalized estimating equation model to examine the association between the dose of prehabilitation and the risk of MACCEs. Causal inference was assessed by dose-response function models while allowing nonlinearity.
RESULTS: Of the 143 participants, 135 underwent cardiac surgery. No exercise-induced adverse events occurred in 64 participants during 551 sessions. The dose of prehabilitation was not associated with the risk of MACCEs (16 participants with 24 episodes; adjusted OR/session, 0.98; 95% CI, 0.88-1.09). However, improvements in disability levels, 6-minute walk test distance, and metabolic equivalents of tasks were directly related to the number of consecutive doses of prehabilitation before surgery. Improvements in clinical frailty after exercise training were observed in a few patients after 7 weeks of training.
INTERPRETATION: In cardiac patients with frailty, a greater number of consecutive doses of physical prehabilitation had favorable effects on improving preoperative exercise capacity and lowering disability levels at 90 days after surgery.
CLINICAL TRIAL REGISTRATION: Chinese Clinical Trials Registry; No.: ChiCTR1800016098; URL: https://www.chictr.org.cn/indexEN.html.",https://pubmed.ncbi.nlm.nih.gov/42548451/,,,stroke,(Stroke[MeSH] OR stroke[tiab] OR brain ischemia[tiab] OR cerebrovascular[tiab]) AND (treatment[tiab] OR intervention[tiab] OR therapy[tiab]),2026-08-05T18:00:54+00:00,,,,,
PMID_42547965,PubMed,42547965,,10.1093/intqhc/mzag106,Access and timeliness of acute stroke reperfusion after cluster-wide protocol standardisation: an interrupted time-series study in Hong Kong.,"Koo, Hoi-Lun; Sheng, Bun; Engineer, Lilly D",International journal for quality in health care : journal of the International Society for Quality in Health Care,2026,"BACKGROUND: Protocol standardisation is widely used to improve the quality and consistency of acute stroke reperfusion, but evidence from routine public hospital practice remains limited, particularly on whether gains are sustained during later periods of service stress. We evaluated changes in access to and timeliness of intravenous thrombolysis after cluster-wide protocol standardisation in a Hong Kong public hospital cluster and examined whether these performance domains changed during a later Omicron-related service shock.
METHODS: In this interrupted time-series study, we analysed acute ischaemic stroke care in the Kowloon West Cluster, Hong Kong, from 1 January 2017 to 31 December 2024. Prespecified breakpoints were implementation of a unified reperfusion protocol in July 2019 and the Omicron-related service shock in February 2022. Primary monthly outcomes were intravenous thrombolysis rate, median door-to-needle time, and the proportion treated within 60 minutes. Secondary process outcomes were door-to-computed tomography time and imaging-to-needle interval. Secondary quarterly patient-centred outcomes were early neurological improvement at 24 hours and 3-month functional outcome measured using the modified Rankin Scale.
RESULTS: Protocol implementation was associated with an immediate increase in intravenous thrombolysis access. Median door-to-needle time showed a more complex pattern, with an immediate worsening after protocol implementation followed by a favourable post-implementation trend. The proportion treated within 60 minutes improved after protocol implementation. During the Omicron period, thrombolysis access remained stable, but treatment timeliness deteriorated progressively. Decomposition of the reperfusion pathway suggested that this later erosion was driven mainly by prolongation of the downstream imaging-to-needle interval rather than by deterioration in initial imaging access. Early neurological improvement showed post-protocol improvement but attenuated during sustained service stress. Favourable 3-month functional outcome remained broadly stable, with sensitivity analyses yielding similar estimates despite declining follow-up completeness in the post-shock period.
CONCLUSION: Cluster-wide protocol standardisation was associated with improved access to intravenous thrombolysis and a mixed pattern in treatment timeliness. Implementation effects on timeliness were not linear and included early disruption, subsequent improvement, and later deterioration during prolonged service stress. Preserved treatment access should not be assumed to indicate preserved treatment speed. Quality evaluation of acute stroke services should distinguish access from timeliness and use pathway-level measurement to identify workflow segments most vulnerable to disruption.",https://pubmed.ncbi.nlm.nih.gov/42547965/,,,stroke,(Stroke[MeSH] OR stroke[tiab] OR brain ischemia[tiab] OR cerebrovascular[tiab]) AND (treatment[tiab] OR intervention[tiab] OR therapy[tiab]),2026-08-05T18:00:54+00:00,,,,,
PMID_42547931,PubMed,42547931,,10.1097/crd.0000000000000808,Pulsed Field Versus Cryoballoon Ablation for Atrial Fibrillation: A Systematic Review and Meta-Analysis.,"Burhan, Muhammad; Siddiqui, Momina; Khalid, Maliha; Hussain, Fatima; Noor, Sahaab; Saeed, Humza; Naeem, Farhan; Tabassum, Shehroze; Basit, Jawad; Hamza, Mohammad; Awad, Ali; Haider, Mobeen Zaka; Alraies, M Chadi",Cardiology in review,2026,"In the treatment of atrial fibrillation (AF), cryoballoon ablation (CBA) is associated with a high incidence of pulmonary vein reconnection, potentially limiting long-term efficacy. Pulsed field ablation (PFA) has emerged as a promising alternative with the potential for improved safety. Hence, this study was conducted to compare the safety and efficacy of PFA with CBA in patients with AF. Several databases were searched for studies that compared PFA with CBA in AF patients and reported safety and efficacy outcomes. A random-effects meta-analysis was performed using RStudios. Binary and continuous outcomes were pooled using odds ratios (ORs) and mean difference, respectively, along with 95% confidence intervals. Statistical significance was set at P < 0.05. A total of 26 studies involving 6673 patients were included. PFA showed a reduced incidence of recurrence of any atrial tachyarrhythmia (OR: 0.78; [0.65-0.93]; P value = 0.007), recurrence of AF (OR: 0.64; [0.54-0.77]; P value <0.001), phrenic nerve palsy (OR: 0.16; [0.09-0.28]; P value <0.01), and esophageal injury (OR: 0.41; [0.17-0.99]; P value = 0.047) as compared with CBA. No significant differences were observed between the groups for the incidence of recurrence of early ATA, atrial flutter, atrial tachycardia, redo procedure, all-cause mortality, access complications, cardiac tamponade, stroke, or transient ischemic attack. These findings support the potential of PFA as a safer and more effective alternative to CBA in the management of AF. Further randomized trials are needed to validate these findings, which should be interpreted cautiously given the limited long-term comparative evidence.",https://pubmed.ncbi.nlm.nih.gov/42547931/,,,stroke,(Stroke[MeSH] OR stroke[tiab] OR brain ischemia[tiab] OR cerebrovascular[tiab]) AND (treatment[tiab] OR intervention[tiab] OR therapy[tiab]),2026-08-05T18:00:54+00:00,,,,,
PMID_42547919,PubMed,42547919,PMC9429294,10.1186/s42466-026-00510-7,Syphilis and cerebral stroke: a case report and systematic review.,"Wagner, Judith N; Klein, Matthias; Dyckhoff-Shen, Susanne",Neurological research and practice,2026,"BACKGROUND: Syphilis is a multifaceted disease caused by Treponema pallidum. It has re-emerged as a public health concern and represents a potentially treatable cause of cerebrovascular disease. Neurosyphilis (NS) can involve the central nervous system at any stage of infection, with meningovascular syphilis leading to ischemic or, less frequently, hemorrhagic stroke. Diagnosis remains challenging due to heterogeneous clinical presentations and challenging serological diagnostics.
METHODS: We report a case of ischemic stroke as the first manifestation of syphilis and performed a systematic review of the literature on syphilis-associated stroke. A structured search of PubMed, the COCHRANE Library, and secondary sources was conducted for studies published from 1972 onward.
RESULTS: The reported case describes a 44-year-old HIV-negative man presenting with ischemic stroke due to presumed small-vessel meningovascular syphilis, supported by CSF pleocytosis and positive treponemal serology in serum and CSF. The patient improved substantially following ceftriaxone therapy. The systematic review identified 98 relevant publications, including 73 individual cases and 36 cohort studies. Stroke frequently led to the initial diagnosis of syphilis and predominantly affected younger male patients. Ischemic stroke was the most common presentation, mainly due to large-vessel disease. Penicillin was the most frequently used therapy, with ceftriaxone as an effective alternative.
DISCUSSION: Syphilis is an important and underrecognized risk factor for stroke, particularly in younger patients. NS should be considered in cases of cryptogenic stroke, and standardized diagnostic and therapeutic approaches are needed to improve recognition and outcomes. Few data on the specific stroke treatment in syphilis exist.",https://pubmed.ncbi.nlm.nih.gov/42547919/,,,stroke,(Stroke[MeSH] OR stroke[tiab] OR brain ischemia[tiab] OR cerebrovascular[tiab]) AND (treatment[tiab] OR intervention[tiab] OR therapy[tiab]),2026-08-05T18:00:54+00:00,,,,,
PMID_42547890,PubMed,42547890,,10.1080/09593985.2026.2712998,Preliminary effects of myofascial release on chest mobility and trunk impairmentin patients with chronic stroke: a pilotRandomized controlled trial.,"Lee, Saetbyeol; Kim, Sinyoung; Lee, Haneul",Physiotherapy theory and practice,2026,"OBJECTIVE: This study investigated the effects of myofascial release (MFR) on chest mobility, trunk impairment, and respiratory function in patients with chronic stroke.
METHODS: In this randomized controlled trial, 20 participants with chronic stroke were assigned to either an MFR group (n = 10) receiving MFR plus inspiratory muscle training (IMT) or a stretching and diaphragmatic breathing (SDB) group (n = 10) receiving chest stretching, diaphragmatic breathing, and IMT three and two times per week, respectively, for 8 weeks. The primary outcome was chest mobility measured at the axillary, xiphisternal, and basal levels. Secondary outcomes included trunk impairment (Trunk Impairment Scale, TIS), inspiratory muscle strength, pulmonary function, and quality of life (SS-QoL).
RESULTS: Significant group × time interactions were observed for xiphisternal chest mobility (estimate = 1.34 cm, 95% CI 0.24-2.43; Cohen's d = 1.15; p = .019), basal chest mobility (estimate = 1.33 cm, 95% CI 0.28-2.39; Cohen's d = 1.19; p = .016), and trunk impairment (estimate = 2.10 points, 95% CI 0.13-4.07; Cohen's d = 1.00;p = .038), favoring the MFR group. At the axillary level, both groups demonstrated significant improvements over time (p = .001), but no significant group × time interaction was observed (p = .098). MIP increased significantly in both groups over time (p = .001), with no between-group difference (p = .255). No significant between-group differences were observed for pulmonary function or SS-QoL outcomes (all p > .05).
CONCLUSIONS: These preliminary findings suggest that eight weeks of MFR combined with IMT may improve lower chest mobility and reduce trunk impairment in patients with chronic stroke. MFR may be considered a potentially useful adjunct intervention to address thoracoabdominal mobility restrictions during stroke rehabilitation. Larger randomized controlled trials are needed to confirm these findings and determine their clinical significance.",https://pubmed.ncbi.nlm.nih.gov/42547890/,,,stroke,(Stroke[MeSH] OR stroke[tiab] OR brain ischemia[tiab] OR cerebrovascular[tiab]) AND (treatment[tiab] OR intervention[tiab] OR therapy[tiab]),2026-08-05T18:00:54+00:00,,,,,
PMID_42547633,PubMed,42547633,PMC11885402,10.1016/s0016-5085(97)70042-8,Long-term outcomes of percutaneous transhepatic gallbladder drainage without cholecystectomy: impact of comorbidity and potential role of stone removal.,"Cho, Young-Kwan; Choi, Dong-Joo; Ha, Won-Hee; Lee, Jun-Chae; Kim, Yong Hoon; Kim, Tae-Seok; Kim, Min Jae; Cho, In Soo; Kim, Young Hwan; Hwang, Euntaek; Lee, Mu Sook; Ahn, Keun Soo",Surgical endoscopy,2026,"BACKGROUND: Percutaneous transhepatic gallbladder drainage (PTGBD) is commonly employed in high-risk patients with acute cholecystitis. However, the long-term outcomes of PTGBD without subsequent cholecystectomy and the clinical significance of gallbladder stone removal are still unclear.
METHODS: We conducted a retrospective analysis of patients with acute cholecystitis who underwent PTGBD followed by catheter removal without an interval cholecystectomy. We evaluated recurrence-free survival (RFS) using Kaplan-Meier analysis and identified risk factors for recurrence through Cox proportional hazards models. Additionally, we examined the impact of gallbladder stone removal via the PTGBD tract.
RESULTS: Our study included 161 patients, with a median follow-up of 40.3 months. The 5-year RFS rate exceeded 80%, with the majority of recurrences occurring within the first two years post-catheter removal. Cerebrovascular disease emerged as the strongest independent predictor of recurrence (adjusted HR ~ 2.7, p < 0.05). Although multiple gallstones showed an association with recurrence in univariate analysis, they did not emerge as independent predictors in multivariate analysis. Percutaneous stone removal was found to be technically feasible and safe, but it did not significantly reduce recurrence; however, a trend toward improved outcomes was noted in selected patients with a low stone burden.
CONCLUSION: PTGBD without cholecystectomy serves as a durable non-surgical treatment option for selected patients who do not undergo cholecystectomy. Recurrence appears to be primarily influenced by patient-related factors, specifically cerebrovascular disease, rather than solely by gallstone burden. While percutaneous stone removal may be advantageous in certain cases, its long-term clinical impact remains uncertain and requires further research.",https://pubmed.ncbi.nlm.nih.gov/42547633/,,,stroke,(Stroke[MeSH] OR stroke[tiab] OR brain ischemia[tiab] OR cerebrovascular[tiab]) AND (treatment[tiab] OR intervention[tiab] OR therapy[tiab]),2026-08-05T18:00:54+00:00,,,,,
PMID_42547225,PubMed,42547225,PMC11378532,10.1177/1098214005283748,Protocol for a multi-perspective exploration of technology requirements for home-based upper-limb tabletop functional task training with minimal supervision: a mixed-methods and qualitative descriptive study.,"Vinayagamoorthy, Pooja; Chockalingam, Manigandan; Mathew, Asha; Jones, Jerome Dany Praveen Raj; John, Judy Ann; At, Prabhakar; Skm, Varadhan; Balasubramanian, Sivakumar",BMJ open,2026,"INTRODUCTION: Upper-limb (UL) impairment following stroke significantly limits independence in activities of daily living (ADLs). Although tabletop functional task-oriented training (FTOT) is a cornerstone of neurorehabilitation, both conventional therapist-led and technology-supported FTOT face limitations in consistency, supervision, progression and continuity across settings. The objectives are to characterise current clinical practices in UL tabletop FTOT and identify stroke survivor-caregiver dyads' needs, constraints and support requirements across clinical and home contexts to inform user-centred technology development.
METHODS AND ANALYSIS: A multi-phase mixed-methods design will be employed. Phase-A will be an explanatory sequential design including a quantitative online survey of rehabilitation therapists (target minimum n=100) to characterise UL tabletop training delivery (eg, task selection, dose, progression). Survey findings will inform subsequent data collection through virtual qualitative interviews with a purposive subsample of therapists (anticipated n≈10-20) to examine task orchestration, adaptation and clinical decision-making in depth. Phase-B will use a descriptive qualitative design involving semi-structured interviews of stroke survivor-caregiver dyads (target n=15 dyads) to explore FTOT experiences across clinical and non-clinical contexts. Quantitative data will be analysed descriptively, and qualitative data will be analysed using inductive content analysis. Mixed-methods integration, within Phase-A and between the two phases, will examine convergence, complementarity, expansion and divergence. Integration will be illustrated using joint displays, visual tools that present the findings from both strands side-by-side using a table or figure. Patient and public involvement activities (n=5) and a pilot dyadic interview (two dyads) were completed to refine study materials and procedures.
ETHICS AND DISSEMINATION: Ethical approval was obtained from the Institutional Review Board of Christian Medical College, Vellore (IRB Min No. 2511113). Electronic informed consent will be obtained from therapists for the survey and qualitative interviews. Written informed consent will be obtained from the dyadic participants before the interviews. All study procedures will adhere to ethical principles for human research. Study findings will be disseminated through conference presentations and publication in peer-reviewed journals, with stakeholder-oriented dissemination to support clinical and technology development.",https://pubmed.ncbi.nlm.nih.gov/42547225/,,,stroke,(Stroke[MeSH] OR stroke[tiab] OR brain ischemia[tiab] OR cerebrovascular[tiab]) AND (treatment[tiab] OR intervention[tiab] OR therapy[tiab]),2026-08-05T18:00:54+00:00,,,,,
PMID_42546862,PubMed,42546862,,10.1016/j.jstrokecerebrovasdis.2026.108721,Neurocognitive Outcomes and Survival with High- vs Low-Intensity Statins in Stroke Survivors: A Propensity Score-Matched Cohort (2010-2025).,"Zahran, Anwar; Bdair, Mohammad; Milhem, Fathi; Jallad, Hammam; Awartani, Amjad; Khaled, Ayman; Salah, Qasem; Jamaleddin, Ruzan; Thouqan, Lana; Aldarak, Shahd",Journal of stroke and cerebrovascular diseases : the official journal of National Stroke Association,2026,"BACKGROUND: Stroke survivors face elevated risks of cognitive decline and dementia. Whether initiating high-intensity versus low/moderate-intensity statins after stroke confers additional neurocognitive benefit-beyond vascular risk reduction-remains uncertain.
METHODS: Retrospective propensity-matched cohort in TriNetX Research (104 U.S. healthcare organizations). Adults ≥18 years with stroke (ICD-10-CM I60/I61/I63) who received a statin within 7 days were included.
EXPOSURE: high-intensity versus low/moderate intensity. One-to-one matching on 24 covariates.
PRIMARY OUTCOME: time to first diagnosis of any dementia within 5 years from day 30. Secondary: Alzheimer's disease, vascular dementia, and all-cause mortality. Hazard ratios with 95% CIs were estimated.
RESULTS: Of 254,711 eligible patients (148,198 high-intensity; 106,513 low/moderate), matching yielded 206,416 patients (103,208 per group) with good balance (all SMDs <0.10). Over 5 years, incident dementia occurred in 6.6% of the high-intensity group (6,816/103,208) vs 6.9% of the low/moderate group (7,104/103,208) (HR 0.954, 95% CI 0.923-0.986; P=0.005). High-intensity therapy was associated with lower risk of AD (HR 0.882, 95% CI 0.826-0.943; P<0.001) and lower all-cause mortality (HR 0.945, 95% CI 0.926-0.965; P<0.001). There was no significant difference for vascular dementia (HR 1.047, 95% CI 0.996-1.100; P=0.072).
CONCLUSION: Initiation of high-intensity statins within 7 days of stroke was associated with modestly lower 5-year dementia and mortality; randomized trials are needed to confirm causality and define agent- and subtype-specific effects.",https://pubmed.ncbi.nlm.nih.gov/42546862/,,,stroke,(Stroke[MeSH] OR stroke[tiab] OR brain ischemia[tiab] OR cerebrovascular[tiab]) AND (treatment[tiab] OR intervention[tiab] OR therapy[tiab]),2026-08-05T18:00:54+00:00,,,,,
PMID_42546807,PubMed,42546807,,10.1016/j.freeradbiomed.2026.07.054,CKLF1 Upregulation Exacerbates Secondary Brain Injury after Intracerebral Hemorrhage by Promoting Neuronal Ferroptosis and Oxidative Stress.,"Yang, Shangwen; Liu, Yupei; Zhang, Xinyi; Jiang, Hongxiang; Hua, Qiuwei; Zhang, Jianwen; Tian, Yihao; Cai, Qiang; Chen, Qianxue",Free radical biology & medicine,2026,"BACKGROUND: Secondary brain injury (SBI) following spontaneous intracerebral hemorrhage (ICH) is a critical determinant of neurological outcome. It is closely associated with neuronal death, and inflammatory responses. However, current research on SBI after ICH remains limited, and effective therapeutic targets are still lacking.
METHODS: In this study, a collagenase-induced intracerebral hemorrhage (ICH) model was employed, and experiments were conducted 24 h after hemorrhage induction. For in vitro experiments, differentiated PC12 cells were stimulated with hemin and the CKLF1 agonist peptide C27 to evaluate the potential of CKLF1 to induce neuronal ferroptosis. Mechanistically, the CKLF1 antagonist peptide C19, the CCR5 inhibitor Maraviroc (MVC), and a p38 MAPK inhibitor were applied, in combination with immunoprecipitation (Co-IP) assays and overexpression of p53 site mutation, to elucidate the molecular mechanisms underlying CKLF1-induced ferroptosis in PC12 cells. In vivo, the effects of CKLF1 knockdown on secondary brain injury after ICH were assessed using quantitative real-time PCR (qPCR), Western blotting (WB), immunohistochemistry (IHC), and immunofluorescence (IF) analyses.
RESULTS: Mechanistic studies revealed that CKLF1 binds to its receptor CCR5 to activate p38 MAPK, which promotes ferroptosis by regulating p53 phosphorylation and nuclear translocation, while the mutation of p53 partially reversed the effect. This signaling cascade leads to the downregulation of ferroptosis-suppressing proteins (SLC7A11 and GPX4) and the upregulation of pro-ferroptotic proteins (COX2 and ACSL4), thereby exacerbating lipid peroxidation and oxidative stress. Conversely, AAV-mediated knockdown of CKLF1 significantly suppressed this ferroptotic signaling pathway in vivo/vitro, reduced iron deposition and neuronal ferroptosis in perihematomal tissue, improved blood-brain barrier (BBB) integrity, inhibited microglial activation, and enhanced both neurological function scores and 7-day survival rates in ICH rats.
CONCLUSION: The present study identifies CKLF1 as a previously unrecognized regulator of neuronal ferroptosis following ICH through the CCR5/p38/p53 signaling pathway. These findings provide new mechanistic insights into ICH pathogenesis and highlight CKLF1 as a promising therapeutic target for precision treatment of hemorrhagic stroke.",https://pubmed.ncbi.nlm.nih.gov/42546807/,,,stroke,(Stroke[MeSH] OR stroke[tiab] OR brain ischemia[tiab] OR cerebrovascular[tiab]) AND (treatment[tiab] OR intervention[tiab] OR therapy[tiab]),2026-08-05T18:00:54+00:00,,,,,
PMID_42546603,PubMed,42546603,,10.1016/j.nicl.2026.104036,Neuroimaging biomarkers of non-invasive brain stimulation in post-stroke recovery: EEG and fMRI perspectives.,"Kim, Seoyeon; Lee, Sang Wook; Lee, Minji",NeuroImage. Clinical,2026,"BACKGROUND: Non-invasive brain stimulation (NIBS) has emerged as a promising approach to enhance neuroplasticity and functional recovery after stroke. However, substantial inter-individual variability in treatment response limits its clinical translation. The lack of objective neuroimaging biomarkers that capture stimulation-induced brain reorganization remains a critical barrier to personalized neuromodulation.
OBJECTIVE: To synthesize current evidence on electroencephalography (EEG)- and functional magnetic resonance imaging (fMRI)-based biomarkers of NIBS-induced neuroplasticity in post-stroke populations and to present a unified neuroimaging framework for predicting treatment response and guiding individualized stimulation strategies.
METHODS: This review provides a comprehensive and integrative synthesis of studies investigating neuroimaging correlates of NIBS, focusing on EEG and fMRI modalities. Evidence is organized within a unified neuroimaging framework spanning multiple levels of neural organization, including cortical excitability, oscillatory dynamics, and large-scale functional connectivity. Multimodal and computational approaches, such as EEG-fMRI integration and electric field modeling, are also considered to highlight emerging analytical frameworks.
RESULTS: Converging evidence indicates that NIBS induces measurable changes across multiple neural scales. EEG-based metrics, including oscillatory activity, TMS-evoked potentials, and interhemispheric balance indices, reflect modulation of cortical excitability and network dynamics. fMRI findings demonstrate alterations in regional activation and functional connectivity, particularly within motor and association networks. Multimodal approaches further improve the characterization of stimulation-induced reorganization and enhance the prediction of functional recovery.
CONCLUSIONS: Neuroimaging biomarkers derived from EEG and fMRI provide critical insight into the mechanisms and variability of NIBS-induced neuroplasticity. Integrating these biomarkers into a unified framework enables stratification of patients and supports the development of precision neuromodulation strategies in stroke rehabilitation. Future research should prioritize large-scale validation and the implementation of biomarker-driven, adaptive stimulation paradigms.",https://pubmed.ncbi.nlm.nih.gov/42546603/,,,stroke,(Stroke[MeSH] OR stroke[tiab] OR brain ischemia[tiab] OR cerebrovascular[tiab]) AND (treatment[tiab] OR intervention[tiab] OR therapy[tiab]),2026-08-05T18:00:54+00:00,,,,,
PMID_42546582,PubMed,42546582,,10.1016/j.biomaterials.2026.124496,Engineering chirality-dependent nanomedicines for neuroprotection by synergistic PANoptosis attenuation in ischemic stroke.,"Xia, Chundongqiu; Cui, Zhimeng; Jiang, Wenhui; Nan, Jin; Zhang, Jingyi; Huang, Qinwen; Feng, Wei; Chen, Yu; Zhang, Jun",Biomaterials,2026,"Despite substantial breakthroughs in acute care, ischemic stroke remains a pressing, unresolved crisis in clinical practice and public health. Current therapies, which primarily depend on early revascularization, provide limited protection against the complex secondary injury mechanisms following ischemia, underscoring an urgent need for transformative solutions. In this study, we propose a chirality-dependent manganese carbon nanodot species (chiral MnCs) platform with paramagnetic MnCs cores functionalized with chiral penicillamine. These nanostructures perform dual roles, serving as T1-weighted magnetic resonance imaging (MRI) contrast agents and reactive oxygen species scavengers. Especially, the chiral surface of MnCs enables stereoselective biological interactions, facilitating targeted accumulation in inflamed post-stroke brain regions. Notably, D-MnCs exhibit enhanced cellular uptake and superior therapeutic efficacy after crossing the blood-brain barrier. In vitro and in vivo experiments demonstrate that chiral MnCs significantly mitigate oxidative stress and aberrant microglial activation. More importantly, they effectively attenuate apoptosis, pyroptosis and necroptosis, the key components of PANoptosis, thereby reducing neuroinflammation and improving sensorimotor and cognitive recovery in mice with transient middle cerebral artery occlusion. This work develops a stereoselective, MRI-trackable nanoplatform that enables multi-mechanistic intervention in ischemic stroke, presenting an efficient strategy for precise neuroprotection and functional restoration.",https://pubmed.ncbi.nlm.nih.gov/42546582/,,,stroke,(Stroke[MeSH] OR stroke[tiab] OR brain ischemia[tiab] OR cerebrovascular[tiab]) AND (treatment[tiab] OR intervention[tiab] OR therapy[tiab]),2026-08-05T18:00:54+00:00,,,,,
PMID_42546495,PubMed,42546495,,10.1016/j.cmpb.2026.109572,Interpretable Machine Learning Model Using Oxygenation and Respiratory Variability to Predict Hemorrhagic Stroke Mortality: A Multicenter Validation Study.,"Feng, Jing; Zhang, Hongyu; Gu, Jianheng; He, Chang; Zhan, Mengsi; San, Hongbo; Wei, Baojian",Computer methods and programs in biomedicine,2026,"BACKGROUND: Hemorrhagic stroke has high in-hospital mortality, but early risk prediction remains suboptimal. While prior studies have focused on ventilation strategies and mechanical support, limited research has explored the prognostic significance of oxygenation status or hyperoxia. This may be because single-point measurements often fail to capture the dynamic instability of oxygenation and respiratory status during early ICU care. To address this gap, we aimed to evaluate the prognostic value of oxygenation and respiratory variability and incorporate it into an interpretable machine learning framework for mortality prediction in hemorrhagic stroke.
METHODS: We performed a retrospective cohort study using two publicly available ICU databases. Patients from MIMIC-IV were used for model development and internal validation (n = 2,262), and patients from the eICU Collaborative Research Database were used for external validation (n = 2,076). Candidate predictors were constructed from demographic characteristics, vital signs, laboratory tests, treatments, and oxygenation and respiratory measurements recorded during the first 72 hours after ICU admission. Variability features were derived from SpO₂, PaO₂, and respiratory rate. After feature selection using LASSO and recursive feature elimination, multiple machine learning models were trained and compared. The final gradient boosting machine (GBM) model was interpreted using SHapley Additive Explanations (SHAP).
RESULTS: The GBM model showed strong discrimination in the internal test set and acceptable discrimination in the external validation cohort, with AUROCs of 0.911 and 0.792, respectively. In the external cohort, the model maintained a high negative predictive value but had a low positive predictive value, indicating limited precision for identifying high-risk patients at the applied threshold. SHAP analysis identified HR-min, Glucose-mean, Sodium-mean, and several oxygenation and respiratory variability features, including TPE-RR, Slope-PaO₂, Mean-SpO₂, and SD-SpO₂, as important contributors to mortality prediction.
CONCLUSIONS: We developed and externally validated a machine learning model incorporating oxygenation and respiratory variability for mortality risk estimation in patients with hemorrhagic stroke. The model showed strong internal performance and acceptable external discrimination after a 72-hour ICU observation window. However, the low external positive predictive value and cross-cohort differences in event prevalence and treatment patterns limit immediate clinical application. The model should therefore be considered a risk-estimation framework that requires recalibration and prospective validation before integration into clinical decision-support systems.",https://pubmed.ncbi.nlm.nih.gov/42546495/,,,stroke,(Stroke[MeSH] OR stroke[tiab] OR brain ischemia[tiab] OR cerebrovascular[tiab]) AND (treatment[tiab] OR intervention[tiab] OR therapy[tiab]),2026-08-05T18:00:54+00:00,,,,,
PMID_42546440,PubMed,42546440,,10.1016/j.ijcard.2026.134673,Cost-effectiveness of transcatheter aortic valve replacement in patients with severe aortic stenosis and low surgical risk: perspective of a middle-income country's public health system.,"Pereira, Guilherme Augusto Reissig; Polanczyk, Carisi Anne; da Silva Etges, Ana Paula Beck; Saadi, Rodrigo Petersen; Bertoldi, Eduardo Gehling",International journal of cardiology,2026,"BACKGROUND: Randomized controlled trials comparing transcatheter aortic valve replacement (TAVR) with surgical aortic valve replacement (SAVR) in patients with severe aortic stenosis and low surgical risk have demonstrated noninferiority of TAVR regarding all-cause mortality and stroke outcomes in 5- and 10-year follow-up. Nevertheless, TAVR remains a costly intervention, and its widescale adoption may affect healthcare expenditure in low- and middle-income countries. This study aimed to conduct a cost-utility analysis comparing TAVR and SAVR in patients with severe aortic stenosis at low surgical risk, from the perspective of the Brazilian Unified Health System (Sistema Único de Saúde - SUS).
METHODS: A Markov model was developed to simulate a hypothetical cohort of patients with severe aortic stenosis over a lifetime horizon. A systematic review was performed to inform efficacy and effectiveness inputs. Cost data were derived from Brazilian patient cohorts who underwent TAVR or SAVR and were expressed in international dollars (Int$). Incremental cost-effectiveness ratios (ICERs) were calculated and sensitivity analyses were performed.
RESULTS: The estimated lifetime cost was Int$ 32,341 for TAVR and Int$ 19,778 for SAVR. Lifetime quality-adjusted life-years (QALYs) were 9.90 and 9.71, respectively. The ICER for TAVR was Int$ 64,617 per QALY gained, exceeding the Brazilian willingness-to-pay threshold of Int$ 47,619 per QALY. In probabilistic sensitivity analysis, TAVR was cost-effective in 32.8% of simulations.
CONCLUSION: In patients with severe aortic stenosis at low surgical risk, TAVR was unlikely to be cost-effective compared with SAVR from the perspective of the Brazilian Unified Health System, primarily driven by cost differences between strategies.",https://pubmed.ncbi.nlm.nih.gov/42546440/,,,stroke,(Stroke[MeSH] OR stroke[tiab] OR brain ischemia[tiab] OR cerebrovascular[tiab]) AND (treatment[tiab] OR intervention[tiab] OR therapy[tiab]),2026-08-05T18:00:54+00:00,,,,,
PMID_42546413,PubMed,42546413,,10.1016/j.pediatrneurol.2026.07.013,Mineralizing Angiopathy as a Rare Etiology of Pediatric Stroke: Report of Three Cases.,"Cappellari, Alberto M; Teutonico, Federica; Tovaglieri, Nicola; Lo Russo, Francesco M; Gladin, Caroline Regna; Chiapasco, Federica; Vignoli, Aglaia; Piano, Mariangela; De Giacomo, Costantino",Pediatric neurology,2026,"BACKGROUND: Mineralizing angiopathy is a rare cause of arterial ischemic stroke in early childhood, typically characterized by basal ganglia infarction following minor head trauma and lenticulostriate calcifications. The underlying pathophysiology and risk factors remain poorly understood, although perinatal and postnatal brain injuries have been proposed as potential contributors.
METHODS: We report three infants (aged 14 to 38 months) who developed basal ganglia infarction after minor head trauma. Clinical presentation, neuroimaging findings, treatment, and follow-up data were retrospectively reviewed.
RESULTS: Brain computed tomography demonstrated lenticulostriate calcifications in all three patients, supporting the diagnosis of mineralizing angiopathy. All children received acetylsalicylic acid (3 to 4 mg/kg/day). During follow-up, no patient experienced recurrent stroke. Neurological outcome was generally favorable, although one child had persistent language delay.
CONCLUSIONS: Mineralizing angiopathy should be considered in young children presenting with basal ganglia infarction after minor head trauma. Recognition of its characteristic neuroimaging features may facilitate diagnosis and help avoid unnecessary investigations. Although the prognosis is generally favorable, the pathophysiology and causal role of mineralizing angiopathy remain uncertain, warranting further studies.",https://pubmed.ncbi.nlm.nih.gov/42546413/,,,stroke,(Stroke[MeSH] OR stroke[tiab] OR brain ischemia[tiab] OR cerebrovascular[tiab]) AND (treatment[tiab] OR intervention[tiab] OR therapy[tiab]),2026-08-05T18:00:54+00:00,,,,,
PMID_42546365,PubMed,42546365,,10.1016/j.jns.2026.126125,Early antihypertensive therapy in acute ischemic stroke: A Meta-analysis of randomized controlled trials.,"Fernandes, Gabriela Argollo; Rodrigues, Lorrany Larisse Costa; Lima, Maria Eduarda Sulzbacher E; Alareed, Ahmad",Journal of the neurological sciences,2026,"OBJECTIVE: To evaluate whether early initiation of antihypertensive therapy (AHT) improves clinical outcomes in acute ischemic stroke (AIS) compared with placebo or usual care.
METHODS: We systematically searched PubMed, Embase, and Cochrane CENTRAL for randomized controlled trials (RCTs) evaluating early AHT, defined as blood pressure-lowering treatment initiated within 48 h of symptom onset. Primary outcomes were all-cause mortality and death or functional dependency (modified Rankin Scale score ≥ 3). Secondary outcomes included major vascular events, recurrent stroke, and blood pressure (BP) changes. Pooled risk ratios (RRs) and mean differences (MDs) were estimated using random-effects models.
RESULTS: Seven RCTs including 15,521 patients were analyzed. Early AHT was not associated with significant differences in all-cause mortality (RR, 0.97; 95% CI, 0.71-1.31), death or functional dependency (RR, 1.01; 95% CI, 0.92-1.12), major vascular events (RR, 0.89; 95% CI, 0.63-1.26), or recurrent stroke (RR, 0.90; 95% CI, 0.49-1.64). Therapy lowered BP at 24 h (systolic BP: MD, -8.58 mmHg; 95% CI, -9.87--7.30; diastolic BP: MD, -4.00 mmHg; 95% CI, -4.45--3.54).
CONCLUSION: In AIS, early AHT produces short-term BP reduction but was not associated with improvement in functional outcomes, mortality, or recurrent stroke. These findings do not support routine early BP lowering in the general AIS population not undergoing reperfusion therapy and reinforce the need for individualized hemodynamic management strategies.",https://pubmed.ncbi.nlm.nih.gov/42546365/,,,stroke,(Stroke[MeSH] OR stroke[tiab] OR brain ischemia[tiab] OR cerebrovascular[tiab]) AND (treatment[tiab] OR intervention[tiab] OR therapy[tiab]),2026-08-05T18:00:54+00:00,,,,,
PMID_42546311,PubMed,42546311,,10.7326/annals-26-02780-jc,"In large-core ischemic stroke with onset in the past 24 h, EVT vs. medical therapy improves functional outcomes and reduces mortality at 90 d.","Srivastava, Abhilekh; Sharma, Mukul; ACP Journal Club Editorial Team at McMaster University",Annals of internal medicine,2026,Emergency Med: [Formula: see text] Neurology: [Formula: see text].,https://pubmed.ncbi.nlm.nih.gov/42546311/,,,stroke,(Stroke[MeSH] OR stroke[tiab] OR brain ischemia[tiab] OR cerebrovascular[tiab]) AND (treatment[tiab] OR intervention[tiab] OR therapy[tiab]),2026-08-05T18:00:54+00:00,,,,,
PMID_42546124,PubMed,42546124,,10.1097/crd.0000000000001420,"SGLT2 Inhibitors in the Modern Cardiology Era: Mechanisms, Outcomes, and Clinical Applications.","Neshat, Negarsadat; Daneii, Padideh; Neshat, Sina; Mojahedi, Azad; Frishman, William H; Aronow, Wilbert S",Cardiology in review,2026,"Sodium-glucose cotransporter-2 (SGLT2) inhibitors were initially developed as antihyperglycemic agents for type 2 diabetes mellitus but have become foundational therapies in cardiovascular and cardiorenal medicine. Randomized trials and meta-analyses show their most consistent benefits are reducing heart failure hospitalization and slowing chronic kidney disease progression, including in patients without diabetes. In contrast, their effects on major adverse cardiovascular events, myocardial infarction, stroke, arrhythmias, and postmyocardial infarction outcomes remain more variable and incompletely defined. Mechanistically, SGLT2 inhibitors act through natriuresis, osmotic diuresis, plasma-volume redistribution, improved renal hemodynamics, reduced ventricular loading, attenuation of inflammation and fibrosis, and possible improvements in myocardial energetics and vascular biology. In heart failure, they are now central to guideline-directed medical therapy across reduced, mildly reduced, and preserved ejection fraction phenotypes, with increasing support for early in-hospital initiation in selected patients. In chronic kidney disease, they link renal protection with meaningful cardiovascular benefit, particularly for heart failure outcomes. This review summarizes their pharmacology, mechanisms, cardiovascular evidence, safety, implementation challenges, and future directions in precision cardiorenal therapy.",https://pubmed.ncbi.nlm.nih.gov/42546124/,,,stroke,(Stroke[MeSH] OR stroke[tiab] OR brain ischemia[tiab] OR cerebrovascular[tiab]) AND (treatment[tiab] OR intervention[tiab] OR therapy[tiab]),2026-08-05T18:00:54+00:00,,,,,
PMID_42546025,PubMed,42546025,,10.1093/ageing/afag224,Antithrombotic strategy according to age in patients with atrial fibrillation and drug-eluting stents: a post hoc analysis of the ADAPT AF-DES randomised trial.,"Lee, Sang-Hyup; Kim, Soo-Jin; Her, Ae-Young; Cho, Byung-Ryul; Kim, Gwang-Sil; Kwon, Taek-Geun; Lim, Sang-Wook; Shim, Jaemin; Jang, Ji-Yong; Lee, Yong-Joon; Lee, Seung-Jun; Yu, Hee Tae; Hong, Sung-Jin; Ahn, Chul-Min; Kim, Byeong-Keuk; Ko, Young-Guk; Choi, Donghoon; Hong, Myeong-Ki; Jang, Yangsoo; Pak, Hui-Nam; Kim, Jung-Sun; Heo, Jung Ho",Age and ageing,2026,"BACKGROUND: Evidence for non-vitamin K antagonist oral anticoagulant (NOAC) monotherapy for older patients with atrial fibrillation (AF) and drug-eluting stents is lacking.
OBJECTIVES: We aimed to evaluate the safety and efficacy of NOAC monotherapy in older AF patients with drug-eluting stents.
METHODS: This is a secondary analysis of the ADAPT AF-DES randomised trial comparing NOAC monotherapy with combination therapy with NOAC plus clopidogrel in patients with AF and drug-eluting stents. Patients were stratified by age (≥75 years and <75 years). Apixaban or rivaroxaban was used as the NOAC. The primary endpoint was a net adverse clinical event at 1 year after randomisation, defined as a composite of all-cause death, myocardial infarction, stent thrombosis, stroke, systemic embolism or major or clinically relevant non-major bleeding defined by the International Society on Thrombosis and Haemostasis criteria.
RESULTS: Among 960 patients included in the ADAPT AF-DES trial, 376 (39.2%) patients were aged ≥75 years. In patients aged ≥75 years, the incidence of the primary endpoint was lower in the NOAC monotherapy group (9.8% vs. 22.3%; adjusted hazard ratio, 0.37; 95% confidence interval, 0.21-0.66; P < .001) than in the combination therapy group. In contrast, the incidences did not differ between treatment strategies in patients aged <75 years. The interaction between age groups and strategy groups did not reach statistical significance (P for interaction = .095). The reduction in major or clinically relevant non-major bleeding with NOAC monotherapy was consistent across age groups. In contrast, the benefit of NOAC monotherapy in major adverse cardiac and cerebrovascular events was more pronounced in patients aged ≥75 years, with a statistically significant interaction.
CONCLUSIONS: In this post hoc analysis, NOAC monotherapy was associated with a lower risk of net adverse clinical events, specifically within the older age subgroup. Tailored approach regarding age and individual ischaemic risk may be needed.",https://pubmed.ncbi.nlm.nih.gov/42546025/,,,stroke,(Stroke[MeSH] OR stroke[tiab] OR brain ischemia[tiab] OR cerebrovascular[tiab]) AND (treatment[tiab] OR intervention[tiab] OR therapy[tiab]),2026-08-05T18:00:54+00:00,,,,,
PMID_42545976,PubMed,42545976,,10.3791/71433,Scalp Acupuncture Combined with Exercise Induces PI3K/Akt Activation and Improves Synaptic Plasticity in Post-Stroke Spastic Rats.,"Zhao, Sainan; Li, Lingxu; Li, Wenna; Wang, Chunmeng; Jin, Yanlong; Ji, Guangcheng",Journal of visualized experiments : JoVE,2026,"Effective treatments for post-stroke spasticity (PSS) remain limited, and the mechanism by which scalp acupuncture combined with exercise (SAE) alleviates PSS is not fully understood. This study investigated the effects of SAE in rats with PSS and explored whether SAE regulates synaptic plasticity through the PI3K/Akt pathway. A middle cerebral artery occlusion (MCAO) rat model was established, and rats were randomly assigned to five groups: Blank, Sham, MCAO, SAE, and Baclofen. All interventions were administered for 7 consecutive days. Neurological function, cerebral infarct volume, histopathology, synaptic ultrastructure, and related protein expression were then evaluated. Compared with the MCAO group, SAE improved neurological deficits, reduced muscle hypertonia, decreased infarct volume, alleviated neuronal injury, increased synapse number, and improved synaptic morphology. SAE also upregulated glial cell line-derived neurotrophic factor (GDNF), phosphorylated PI3K (p-PI3K), phosphorylated Akt (p-AKT), and synaptic proteins, including synaptophysin (SYN), postsynaptic density protein 95 (PSD-95), and growth-associated protein 43 (GAP-43). Immunofluorescence staining further suggested enhanced expression of SYN and p-Akt in the motor cortex after SAE treatment. These findings suggest that SAE may be correlated with the activation of PI3K/Akt signaling via upregulation of GDNF, thereby improving synaptic plasticity and alleviating PSS symptoms. This study investigated the effects of SAE in rats with PSS and explored the potential association between SAE intervention, PI3K/Akt pathway activity, and synaptic plasticity.",https://pubmed.ncbi.nlm.nih.gov/42545976/,,,stroke,(Stroke[MeSH] OR stroke[tiab] OR brain ischemia[tiab] OR cerebrovascular[tiab]) AND (treatment[tiab] OR intervention[tiab] OR therapy[tiab]),2026-08-05T18:00:54+00:00,,,,,
PMID_42545953,PubMed,42545953,PMC12574071,10.1016/j.ijnurstu.2023.104504,"Perspectives of stroke survivors, caregivers and healthcare providers on improving access to stroke care services in Tanzania: A qualitative study.","Michael, Nyagwaswa Athanas; Mselle, Lilian Teddy; Bureta, Costansia Anselim; Cao, Yingjuan",PloS one,2026,"BACKGROUND: Stroke is a leading cause of death and disability worldwide, with the greatest burden occurring in in low- and middle-income countries. In Tanzania, delayed hospital presentation, weak referral systems, high out-of-pocket costs, shortages of stroke-ready facilities, and limited rehabilitation services contribute to preventable deaths and long-term disability. Although previous qualitative studies have described barriers to accessing stroke care services, there remains limited evidence on strategies for improving access across the continuum of stroke care. Therefore, this study explored strategies to ensure equitable access to stroke care services in Tanzania, focusing on the perspectives of healthcare providers, stroke survivors, and family caregivers.
MATERIALS AND METHODS: A descriptive qualitative study was conducted at Muhimbili National Hospital- Mloganzila, a national tertiary referral hospital and designated stroke center in Tanzania. A purposive sample of 45 participants was recruited, including 15 healthcare providers, 15 stroke survivors, and 15 caregivers. In-depth semi-structured interviews were conducted between June and September 2024. Interviews were transcribed verbatim and analyzed using thematic analysis guided by the WHO health system building blocks framework.
RESULTS: Thematic analysis identified six themes aligned with the WHO health system building blocks. These include: (1) raise public awareness on stroke risks, prevention and treatment; (2) strengthen stroke care resources and infrastructures at primary care facilities; (3) increase healthcare financing and stroke services insurance coverage; (4) integrate health information systems in stroke care; (5) train multidisciplinary teams in stroke care and effective communication; and (6) improve stroke care services delivery across care continuum.
CONCLUSION: Improving access to stroke care requires both patient-centered and health system-level interventions across the continuum of care. Strengthening public awareness, healthcare infrastructures, referral pathways, service delivery, rehabilitation access, workforce capacity, and health insurance coverage may reduce inequities in accessing stroke care services in Tanzania.",https://pubmed.ncbi.nlm.nih.gov/42545953/,,,stroke,(Stroke[MeSH] OR stroke[tiab] OR brain ischemia[tiab] OR cerebrovascular[tiab]) AND (treatment[tiab] OR intervention[tiab] OR therapy[tiab]),2026-08-05T18:00:54+00:00,,,,,
PMID_42545950,PubMed,42545950,,10.3791/71069,Enhancing Recovery in Stroke Survivors through Sleep Interventions: A Comprehensive Review.,"Zhang, Hanwen; Ye, Qing",Journal of visualized experiments : JoVE,2026,"Sleep disorders are common complications following stroke, with a global meta-analysis indicating a prevalence as high as 53%. These disorders primarily include insomnia, obstructive sleep apnea (OSA), and circadian rhythm disruptions. By impairing neuroplasticity, exacerbating inflammatory responses, and interfering with the effectiveness of rehabilitation training, such disorders significantly delay neurological recovery, increase the risk of secondary stroke, and elevate the incidence of depression and anxiety. Consequently, they have become a critical factor limiting stroke rehabilitation. This article systematically reviews the application and progress of sleep interventions in stroke rehabilitation. A comprehensive literature search was conducted in PubMed, Web of Science, and CNKI databases from inception to December 2025, using keywords including ""stroke,"" ""sleep disorders,"" ""sleep interventions,"" and ""neurorehabilitation."" Studies were included if they reported original data on sleep interventions in stroke patients, with no restrictions on study design. Data extraction and quality assessment were performed independently by two reviewers. Core strategies reviewed include cognitive behavioral therapy for insomnia (CBT-I), continuous positive airway pressure (CPAP), pharmacotherapy, and Traditional Chinese Medicine interventions such as acupuncture. Among these, CBT-I, as a first-line approach, has been shown to significantly improve sleep quality and emotional state when administered for over 8 weeks. CPAP can reduce the risk of recurrent vascular events by 55% in patients with OSA while also promoting neurocognitive recovery. Studies confirm that standardized sleep interventions, by optimizing sleep architecture and enhancing neural repair capacity, synergistically improve limb motor function and activities of daily living. Current research still faces challenges such as variable intervention adherence and insufficient mechanistic studies on non-OSA subtypes. Future efforts should rely on multidisciplinary collaboration to develop personalized intervention plans, incorporate novel technologies to optimize treatment strategies, further explore the clinical value of sleep interventions in stroke rehabilitation, and provide an evidence-based foundation for improving long-term patient prognosis.",https://pubmed.ncbi.nlm.nih.gov/42545950/,,,stroke,(Stroke[MeSH] OR stroke[tiab] OR brain ischemia[tiab] OR cerebrovascular[tiab]) AND (treatment[tiab] OR intervention[tiab] OR therapy[tiab]),2026-08-05T18:00:54+00:00,,,,,
PMID_42545629,PubMed,42545629,PMC9364124,10.1001/jama.2022.12584,Efficacy and Safety of an Early Aggressive Lipid-Lowering Strategy Using Triple Therapy After Mechanical Thrombectomy.,"Woo, Ho Geol; Park, Jaeyu; Song, Tae-Jin; Eun, Mi-Yeon; Mo, Heejung; Mo; Park, Hee-Kwon",CNS drugs,2026,"BACKGROUND: Current guidelines recommend initial high-intensity statin monotherapy and ""the wait and watch paradigm,"" even in patients with acute ischemic stroke (AIS). However, newer lipid-lowering therapies allow aggressive low-density lipoprotein cholesterol (LDL-C) reduction without drug class restriction. The effectiveness of triple therapy (early aggressive strategy) comprising a proprotein convertase subtilisin/kexin type 9 (PCSK9) inhibitor, ezetimibe, and a high-intensity statin after endovascular thrombectomy (EVT) for emergent large vessel occlusion (ELVO) remains uncertain.
METHODS: We retrospectively analyzed patients with AIS due to ELVO who underwent successful EVT at four comprehensive stroke centers between January 2021 and December 2024. Patients were classified into triple therapy or high-intensity statin monotherapy (standard therapy) and followed up for 90 days. Multivariable regression and propensity score matching were used.
RESULTS: Among 197 patients (mean age, 70.8 ± 12.1; 36.0% male), 55 received triple therapy. Baseline total cholesterol (TC) and LDL-C levels were comparable between groups. At both 4 and 12 weeks, the triple therapy group demonstrated significantly lower mean TC and LDL-C levels compared with the standard therapy group. Triple therapy was independently associated with a reduced risk of early neurological deterioration (adjusted odds ratio [aOR], 0.14; 95% confidence interval [CI], 0.03-0.81). In the subgroup of patients with ELVO due to large-artery atherosclerosis (LAA), triple therapy was further associated with a higher likelihood of functional independence at 90 days (aOR 9.30; 95% CI 1.86-46.56).
CONCLUSIONS: Triple therapy achieved faster and greater LDL-C reduction and improved clinical outcomes following EVT, particularly among patients with AIS due to ELVO from LAA.",https://pubmed.ncbi.nlm.nih.gov/42545629/,,,stroke,(Stroke[MeSH] OR stroke[tiab] OR brain ischemia[tiab] OR cerebrovascular[tiab]) AND (treatment[tiab] OR intervention[tiab] OR therapy[tiab]),2026-08-05T18:00:54+00:00,,,,,
PMID_42545601,PubMed,42545601,PMC12337774,10.1016/j.jacc.2008.03.067,Unsuccessful percutaneous left atrial appendage occlusion: A single center perspective.,"Ahmed, Adnan; Ghazal, Rachad; Katapadi, Aashish; Bawa, Danish; Singh, Vasvi; Pham, Nicholas; Pothineni, Naga Venkata; Darden, Douglas; Gopinathannair, Rakesh; Lakkireddy, Dhanunjaya; Kabra, Rajesh",Journal of interventional cardiac electrophysiology : an international journal of arrhythmias and pacing,2026,"BACKGROUND: Epicardial and endocardial left atrial appendage occlusion (LAAO) is commonly performed for stroke prevention for atrial fibrillation (AF) patients at increased risk for stroke who cannot tolerate long-term oral anticoagulation. However, there is limited data on the outcomes of unsuccessful LAAO procedures. This study aims to assess the incidence and outcomes of unsuccessful LAAO procedures.
METHODS: A retrospective analysis was performed on patients undergoing LAAO at our institution from 2020 to 2023. The primary endpoint was a failure to deploy the LAAO device, which was defined as unsuccessful device implantation (UDI).
RESULTS: A total of 411 patients underwent LAAO (Lariat = 6.8%, Amulet = 56.4%, and Watchman FLX/FLX Pro = 36.7%). UDI was observed in 4.9% (n = 20) of procedures. The cohort's mean age was 77.1 ± 10 years, and 45% were males. The mean CHA2DS2-VASc score was 4 ± 1.7, and the HASBLED score was 3.2 ± 1.4. The highest UDI rate was seen in Lariat (17.9%), followed by Watchman FLX (4.6%) and Amulet (2.2%). The primary reasons for UDI were unsatisfactory device positioning, inadequate depth attainment, anatomical incompatibility, and trabeculations impeding proper device placement. Among those with UDI, 40% underwent subsequent LAA closure using AtriClip, while the remainder continued oral anticoagulant as destination therapy. A small number had post-procedural complications.
CONCLUSION: LAAO demonstrates a low failure rate and is generally safe. LAA morphology significantly influences the procedure's success, with AtriClip surgical exclusion often serving as an option after UDI.",https://pubmed.ncbi.nlm.nih.gov/42545601/,,,stroke,(Stroke[MeSH] OR stroke[tiab] OR brain ischemia[tiab] OR cerebrovascular[tiab]) AND (treatment[tiab] OR intervention[tiab] OR therapy[tiab]),2026-08-05T18:00:54+00:00,,,,,
PMID_42545518,PubMed,42545518,PMC4741409,10.1161/circulationaha.115.017719,Risk prediction of traumatic and non-traumatic subdural hematoma after ischemic stroke: a nationwide competing-risk model with external validation.,"Kim, Junseok; Choi, Suein; Jung, Seungpil; Lee, Jeong-Hyun; Ha, Jeonghoon; Eun, Jin",Neurosurgical review,2026,"Subdural hematoma (SDH) represents a growing hemorrhagic concern among ischemic stroke survivors receiving long-term antithrombotic therapy. Although aging, multimorbidity, and antithrombotic exposure are all contributors to SDH, there is limited evidence on subtype-specific risk factors in stroke populations, and existing studies have often overlook competing mortality. Practical tools to guide individualized antithrombotic stewardship remain absent from contemporary guidelines. A nationwide retrospective cohort study was conducted using Korean National Health Insurance Service data from 2010 to 2023. Adults with incident ischemic stroke were followed for traumatic and non-traumatic SDH using Fine-Gray competing risk regression and cause-specific hazard models. Variables were selected using the Akaike information criterion to develop integer-based prediction scores. Internal validation used cross-validation, and external validation applied the models to an independent ischemic stroke cohort from the UK Biobank. A web-based calculator was employed to facilitate clinical use. Among 506,746 ischemic stroke survivors (median follow-up 57.9 months), 7,425 developed traumatic SDH and 1,705 developed non-traumatic SDH. The 10-year cumulative incidences were 1.94% for traumatic and 0.43% for non-traumatic SDH. Older age, multimorbidity, and antithrombotic exposure were independently associated with increased risk. Traumatic SDH demonstrated stronger associations with antiplatelet therapy and diabetes, whereas non-traumatic SDH was most strongly linked to warfarin use. Warfarin emerged as the only modifiable risk factor. Prediction models showed clear risk-gradient separation for both subtypes and maintained stratification performance in the UK Biobank cohort. A web-enabled platform provided individualized 10-year cumulative incidence estimates using routinely available clinical variables. This nationwide competing-risk analysis identified subtype-specific associations of aging, comorbidities, and antithrombotic exposure with SDH risk among ischemic stroke survivors. Because the models predict SDH specifically rather than overall intracranial hemorrhage, they are intended to support risk-stratified surveillance, monitoring, and patient counseling rather than to guide antithrombotic cessation in isolation, as such decisions require balancing ischemic recurrence against the full spectrum of major bleeding risk.",https://pubmed.ncbi.nlm.nih.gov/42545518/,,,stroke,(Stroke[MeSH] OR stroke[tiab] OR brain ischemia[tiab] OR cerebrovascular[tiab]) AND (treatment[tiab] OR intervention[tiab] OR therapy[tiab]),2026-08-05T18:00:54+00:00,,,,,
PMID_42545430,PubMed,42545430,PMC12101888,10.1182/blood-2014-07-588319,Thrombolytic resistance: an important factor leading to the failure of intravenous thrombolytic therapy.,"Liu, Jiawei; Gao, Xiaoyong; Sun, Yue; Shang, Yaxin; Guo, Junheng; Cheng, Jinzhi; Bi, Xiangnan; Zhang, Xiaomin",Journal of neurology,2026,"Acute ischemic stroke (AIS) is one of the most common nervous system diseases. Its high mortality and disability rates not only seriously threaten patients' health but also impose a significant socioeconomic burden. Intravenous thrombolysis (IVT) is the first-line treatment for AIS, and tissue-type plasminogen activator (t-PA) is the primary agent used in IVT. With the extension of the therapeutic time window, more AIS patients are eligible to receive t-PA treatment. The existence of thrombolytic resistance severely compromises the clinical efficacy of t-PA in AIS treatment. This paper elaborates on the phenomenon of thrombolytic resistance and analyzes the roles of thrombus components such as red blood cells (RBCs), platelets (PLTs), white blood cells (WBCs), and neutrophil extracellular traps (NETs), as well as non-thrombotic factors such as metabolic syndrome (MetS) and fatty acid (FA) in contributing to thrombolytic resistance. By clarifying the underlying mechanisms of thrombolytic resistance, this work aims to provide insights for strategies to overcome thrombolytic resistance and improve the therapeutic efficacy of t-PA.",https://pubmed.ncbi.nlm.nih.gov/42545430/,,,stroke,(Stroke[MeSH] OR stroke[tiab] OR brain ischemia[tiab] OR cerebrovascular[tiab]) AND (treatment[tiab] OR intervention[tiab] OR therapy[tiab]),2026-08-05T18:00:54+00:00,,,,,
PMID_42545303,PubMed,42545303,,10.1016/j.mayocp.2026.04.012,The Impact of Animal-Assisted Treatment on Inpatient Stroke Rehabilitation.,"Shih, Hao-Yu; Martin, François; Ness, Debra; Romine, Whitney M; Peck, Taylor; Turpin, Tricia; Horoschak, Rachael; Steeby, Cynthia C; Phillips, Hannah N; Claypool, Mary; Theuer, Amanda; Herbeck, Grace M; Sexton, Jasmine; Pittman, Erin; Bellamkonda, Erica; Ligutam Mohabbat, Nikita Maria; Lyn, Sandra A; Bauer, Brent A; Mohabbat, Arya B",Mayo Clinic proceedings,2026,"OBJECTIVE: To investigate the effects of animal-assisted treatment (AAT) on patients undergoing inpatient stroke rehabilitation.
PATIENTS AND METHODS: Fifty hospitalized patients with a recent stroke were randomly assigned into either the control or experimental group. Patients in the control group received standard hospital-based stroke rehabilitation, including occupational, physical, and speech therapy. Patients in the experimental group participated in AAT-embedded stroke rehabilitation which involved the standard hospital-based treatment along with treatment sessions augmented with AAT. Patients' emotions, motivation, activity level, and treatment outcomes were assessed using questionnaires, physiological parameters (cardiac activity, salivary cortisol, salivary oxytocin, and tympanic membrane temperature), functional performances, and physical activity level. This study was conducted from February 21, 2023, through February 7, 2024.
RESULTS: Results demonstrated that, compared with patients participating in the standard stroke rehabilitation protocol (control), experimental group patients scored significantly higher on the Pittsburgh Rehabilitation Participation Scale (P=.0038), had a significantly higher physical activity counts per minute (P=.023), and remained mobile for a significantly higher percentage of time (P=.006). These results indicated that experimental group patients were more engaged and physically more active during the AAT-embedded stroke rehabilitation. Also, compared with the control group, the experimental group had significantly increased differences of the root mean square of successive differences between consecutive normal heartbeats (P=.04) and the standard deviation of NN intervals between consecutive normal heartbeats (P=.032), indicating improvements in stress response in patients receiving the AAT-embedded sessions. Mood and other physiological responses were not statistically different between groups.
CONCLUSION: AAT-embedded stroke rehabilitation involving a therapy dog has a positive effect on patients' activity level, motivation, and their engagement during inpatient stroke rehabilitation.",https://pubmed.ncbi.nlm.nih.gov/42545303/,,,stroke,(Stroke[MeSH] OR stroke[tiab] OR brain ischemia[tiab] OR cerebrovascular[tiab]) AND (treatment[tiab] OR intervention[tiab] OR therapy[tiab]),2026-08-05T18:00:54+00:00,,,,,
PMID_42545155,PubMed,42545155,,10.23736/s1973-9087.26.09209-9,Clinical effect of kinesio taping combined with dry needling to myofascial trigger point on shoulder-hand syndrome in hemiplegia patients: a randomized controlled trial.,"Lv, Xuehai; Xiang, Zhengmao; Chang, Cheng; Hao, Pengna; Li, Linxi; Yang, Nuan; Guo, Yinuo; Chai, Jia; Zhou, Xiaofei; Zhu, Xiaoshuai; Gao, Yuemin; Wu, Yiping",European journal of physical and rehabilitation medicine,2026,"BACKGROUND: Shoulder-hand syndrome (SHS) is a common complication after stroke, characterized by pain, edema, and functional impairment of the upper limb. Myofascial trigger points (MTrPs) play a key role in its pathophysiology. Kinesio taping (KT) and dry needling (DN) have been used individually for pain management, but their combined efficacy in post-stroke SHS remains unclear.
AIM: This study aimed to examine the efficacy of Kinesio taping combined with dry needling in the management of MTrPs among patients with post-stroke hemiplegic shoulder-hand syndrome.
DESIGN: A prospective, double-blind randomized controlled trial.
SETTING: Rehabilitation department of a tertiary hospital.
POPULATION: Eighty-four individuals diagnosed with SHS were enrolled and allocated to three intervention groups.
METHODS: Participants were randomly assigned to three groups: DN alone (Group A, N.=28), KT alone (Group B, N.=28), and combined DN+KT (Group C, N.=28). All participants received conventional rehabilitation therapy. Assessments included the Visual Analog Scale, Activities of Daily Living score assessed via the Barthel Index, Fugl-Meyer Assessment for Upper Extremity, passive range of motion (PROM), and an 8-figure volumetric measurement. Evaluations were conducted before and after a 28-day treatment period. Data were analyzed using SPSS version 27.0. Paired t-tests were applied for within-group comparisons, and independent sample t-tests for between-group differences, with a significance threshold of P<0.05.
RESULTS: Each group exhibited significant improvements across all outcome measures (P<0.05). Group C demonstrated superior results compared to both Group A and Group B in every metric (P<0.05). Statistically significant differences between Group A and Group B were observed only in the 8-figure volumetric measurement (P<0.05).
CONCLUSIONS: The combination of DN and KT yields greater benefits than either intervention alone in alleviating pain, reducing edema, and improving functional outcomes in patients with SHS.
CLINICAL REHABILITATION IMPACT: This combined approach offers an effective, non-pharmacological strategy that can be readily integrated into routine rehabilitation practice to enhance upper limb recovery, reduce disability, and improve quality of life in post-stroke patients with SHS.",https://pubmed.ncbi.nlm.nih.gov/42545155/,,,stroke,(Stroke[MeSH] OR stroke[tiab] OR brain ischemia[tiab] OR cerebrovascular[tiab]) AND (treatment[tiab] OR intervention[tiab] OR therapy[tiab]),2026-08-05T18:00:54+00:00,,,,,
PMID_42545076,PubMed,42545076,PMC6880479,10.1186/s13054-019-2663-7,Impact of Severe Postoperative Multi-Organ Dysfunction on Long-Term Outcomes After Modified Morrow Surgery.,"Wang, Tong; Ta, La; Zhang, Kui; Dong, Ran; Xiao, Yu; Wang, Jiayang",Clinical cardiology,2026,"BACKGROUND: The modified Morrow surgery is the gold standard surgical treatment for hypertrophic obstructive cardiomyopathy (HOCM). While effective, it carries a risk of postoperative severe multi-organ dysfunction and its impact on long-term cardiovascular outcomes remains poorly understood and controversial.
METHODS: This observational cohort study included 380 HOCM patients undergoing the modified Morrow surgery between July 2015 and March 2025. Severe multi-organ dysfunction was defined as a maximum Sequential Organ Failure Assessment (SOFA) score ≥ 11. The primary endpoint was the long-term incidence of major adverse cardiac and cerebrovascular events (MACCEs). Secondary endpoints included heart failure hospitalization (HFH), postoperative atrial fibrillation (AF) ablation, and cardiovascular mortality.
RESULTS: Compared to patients without severe multi-organ dysfunction (SOFA Maximum < 11, n = 234), those with SOFA Maximum ≥ 11 (n = 146) had significantly higher rates of MACCEs (53.4% vs. 17.5%, p < 0.001), cardiovascular mortality (11.6% vs. 0.9%, p < 0.001), HFH (21.9% vs. 8.5%, p < 0.001), and postoperative AF ablation (17.8% vs. 3.8%, p < 0.001). Multivariable Cox proportional hazards regression demonstrated that severe multi-organ dysfunction was independently associated with cardiovascular mortality (HR = 4.157, p = 0.047), MACCEs (HR = 2.296, p < 0.001), HFH (HR = 1.834, p = 0.042), and postoperative AF ablation (HR = 3.987, p < 0.001). Other independent predictors included family history of hypertrophic cardiomyopathy, left ventricular end-systolic dimension, postoperative left ventricular outflow tract velocity, and postoperative surgical intensive care unit ventilation time.
CONCLUSIONS: Postoperative severe multi-organ dysfunction is independently associated with an increased risk of adverse long-term outcomes after modified Morrow surgery. Incorporating the SOFA score into postoperative risk stratification may help identify high-risk patients warranting intensified long-term management.",https://pubmed.ncbi.nlm.nih.gov/42545076/,,,stroke,(Stroke[MeSH] OR stroke[tiab] OR brain ischemia[tiab] OR cerebrovascular[tiab]) AND (treatment[tiab] OR intervention[tiab] OR therapy[tiab]),2026-08-05T18:00:54+00:00,,,,,
PMID_42544966,PubMed,42544966,,10.1212/cont.0000000000001726,Inpatient Sleep Medicine.,"Boulos, Mark I","Continuum (Minneapolis, Minn.)",2026,"OBJECTIVE: This article reviews the growing field of inpatient sleep medicine, addressing the importance of inpatient sleep quality and the evaluation and treatment of sleep disorders during and shortly after hospitalization.
LATEST DEVELOPMENTS: Sleep disruption and sleep disorders in the inpatient setting are associated with worse outcomes. Improving sleep quality and duration in the hospital and treating sleep disorders such as obstructive sleep apnea may improve in-hospital and short-term outcomes, such as mortality, stroke recurrence, and recovery. The 2025 American Academy of Sleep Medicine guidelines conditionally recommend the availability of inpatient sleep medicine services. Screening questionnaires can be used to prioritize objective testing for obstructive sleep apnea or empiric treatment in inpatients, but atypical symptoms in patients with stroke and congestive heart failure make them less sensitive. Objective screening tools such as high-resolution pulse oximetry may help prioritize resources but do not qualify patients for therapy such as CPAP; portable or in-laboratory sleep testing may be needed.
ESSENTIAL POINTS: Inpatient sleep medicine may be delivered by a multidisciplinary team based on available resources. Even if diagnosis or treatment cannot occur in the inpatient setting, recognizing sleep disorders during inpatient admissions increases the chances for successful outpatient treatment and can facilitate timely outpatient workup.",https://pubmed.ncbi.nlm.nih.gov/42544966/,,,stroke,(Stroke[MeSH] OR stroke[tiab] OR brain ischemia[tiab] OR cerebrovascular[tiab]) AND (treatment[tiab] OR intervention[tiab] OR therapy[tiab]),2026-08-05T18:00:54+00:00,,,,,
PMID_42544892,PubMed,42544892,,10.1002/1545-5017.70554,Admixture Mapping Reveals Candidate Regions for Methotrexate Neurotoxicity Susceptibility: A Reducing Disparities in Acute Leukemia Consortium Report.,"Harris, Rachel D; Shetty, Priya B; Taylor, Olga A; Atkinson, Elizabeth G; Richard, Melissa A; Gramatges, M Monica; Zobeck, Mark; Pruitt, Sandi; Hughes, Amy; Bernhardt, M Brooke; Chavana, Ashley; Huynh, Van; Ludwig, Kathleen; Klesse, Laura; Heym, Kenneth; Griffin, Timothy; Erana, Rodrigo; Bernini, Juan Carlos; Chen, Han; Yu, Bing; Lupo, Philip J; Rabin, Karen R; Scheurer, Michael E; Brown, Austin L; REDIAL Consortium",Pediatric blood & cancer,2026,"BACKGROUND: Neurotoxicity is a rare, often dose-limiting adverse effect of methotrexate (MTX) therapy that disproportionally affects Latino children. Factors contributing to the observed disparity are not well understood. This study leveraged admixture mapping to identify genetic regions associated with MTX-related neurotoxicity susceptibility among Latino children undergoing therapy for pediatric acute lymphoblastic leukemia (ALL).
PROCEDURE: The study cohort was composed of 429 self-identifying Latino children diagnosed with ALL (2005-2019) between the ages of 2 and 20 years treated at one of six US pediatric cancer treatment centers. MTX-related neurotoxicity was defined as neurologic episodes (e.g., seizures, stroke-like symptoms, altered mental status, and tremors) occurring within 21 days of intravenous (IV) and/or intrathecal (IT) MTX that were documented by magnetic resonance imaging (MRI) abnormalities and/or clinical symptoms. Among the 429 patients, we identified 46 (10.7%) Latino children with neurotoxicity. Admixture mapping was used to identify local genomic regions that are associated with the risk of MTX-related neurotoxicity among Latino children with ALL.
CONCLUSIONS: Ultimately, this study identified 11 genomic regions carrying suggestive associations with MTX-neurotoxicity risk among Latino children with ALL. Review of biological plausibility of the loci within these regions revealed associations with areas of the brain or downstream regulatory functions. Results from this study may guide future work to further interrogate these regions through fine-mapping to identify genetic variants associated with increased risk of MTX-related neurotoxicity among Latino children with ALL.",https://pubmed.ncbi.nlm.nih.gov/42544892/,,,stroke,(Stroke[MeSH] OR stroke[tiab] OR brain ischemia[tiab] OR cerebrovascular[tiab]) AND (treatment[tiab] OR intervention[tiab] OR therapy[tiab]),2026-08-05T18:00:54+00:00,,,,,
PMID_42544860,PubMed,42544860,,10.1002/ccd.70797,Transcatheter Tricuspid Valve Replacement for Residual Tricuspid Regurgitation After TEER.,"Voß, Fabian; Mourikis, Philipp; Nienhaus, Fabian; Haschemi, Jafer; Hoss, Alexander; Zeus, Tobias; Kowalski, Hanna; Spieker, Maximilian; Jung, Christian; Horn, Patrick; Aubin, Hug; Lichtenberg, Artur; Truse, Richard; Kelm, Malte; Polzin, Amin",Catheterization and cardiovascular interventions : official journal of the Society for Cardiac Angiography & Interventions,2026,"BACKGROUND: Residual or recurrent tricuspid regurgitation (TR) after prior transcatheter tricuspid edge-to-edge (T-TEER) repair occurs in about 12% of patients within 1 year. Since surgical tricuspid valve repair or replacement is of high risk, treatment options remain scarce. Data regarding the feasibility, safety, and treatment strategies using transcatheter valve replacement (TTVR) after T-TEER are sparse.
AIMS: Here, we aimed to summarize our early experience in TTVR after failed T-TEER, analyze its feasibility and summarize the results in a distinct algorithm.
METHODS: Patients undergoing TTVR (n = 21) at the University Hospital of Duesseldorf were prospectively analyzed and stratified according prior T-TEER procedures with implanted devices. Groups were compared in terms of procedural success, periprocedural complications, and patient outcomes. Individual treatment decisions for patients after T-TEER were analyzed.
RESULTS: Five patients had residual/recurrent severe to torrential TR and underwent TTVR after T-TEER, whereas 16 patients were primarily referred for TTVR. Preprocedural wire-based intentional clip excision (WICE) was performed in 60% of these patients. Patients did not differ regarding procedural success (100% in both groups, p = 0.99) and periprocedural complications (0 [TTVR after TEER] vs. 5.6% [primary TTVR], p = 0.99 for the combined endpoint of in-hospital death, stroke, myocardial infarction, re-intervention or surgery, and major bleeding). A pacemaker was required in one patient of each group, p = 0.4). Procedural times were higher among patients with prior T-TEER. Treatment decisions for patients after T-TEER were integrated into a treatment algorithm.
CONCLUSION: The valve after clip concept is feasible and the proposed algorithm may support procedural planning.",https://pubmed.ncbi.nlm.nih.gov/42544860/,,,stroke,(Stroke[MeSH] OR stroke[tiab] OR brain ischemia[tiab] OR cerebrovascular[tiab]) AND (treatment[tiab] OR intervention[tiab] OR therapy[tiab]),2026-08-05T18:00:54+00:00,,,,,
PMID_42544810,PubMed,42544810,,10.12200/j.issn.1003-0034.20241071,[Risk factors of postoperative complications in elderly patients with fragile hip fractures and their influence on postoperative mobility].,"Xu, Yunming; Wu, Gang; Diao, Renyue; Zou, Peng; Wang, Fulong; Zhou, Chao",Zhongguo gu shang = China journal of orthopaedics and traumatology,2026,"OBJECTIVE: To analyze the risk factors for postoperative complications in elderly patients with fragile hip fractures and their impact on postoperative mobility, and to construct a risk prediction model.
METHODS: A retrospective analysis was performed on the postoperative clinical data of 278 elderly patients diagnosed with fragility hip fractures, who received treatment between January 2019 and December 2024. Of these patients, 120 were male and 158 were female, aged from 63 to 82 with a mean age of (74.91±4.87) years old and an average bone mineral density (BMD) T uale was raging from -3.63 to -2.15 with an aberage of (-2.89±0.74) g·cm-2. The patients were categorized into two groups based on the presence or absence of postoperative complications:the complication group(78 patients) and the non-complication group (200 patients). Furthermore, according to the postoperative functional mobility status of elderly patients with fragile hip fractures, those in the complication group were further classified into a good activity ability group(37 patients) and a limited activity ability group (41patients). Clinical data were collected from patients, including gender, Charlson comorbidity index (CCI), mini-mental state examination(MMSE) scores, age, type of surgical procedure, and time to ambulation. The study further analyzed potential risk factors for postoperative complications and their impact on patients' postoperative functional mobility.
RESULTS: There were statistically significant differences between the complication group and the non-complication group with respect to age, MMSE score, CCI score, type of surgery, operation time, intraoperative blood loss, anesthesia method, and preoperative nutritional status(P<0.05). Logistic regression analysis demonstrated that age[OR=1.167, 95% CI(1.103, 1.234), P=0.001], MMSE score [OR=0.847, 95% CI(0.775, 0.927), P=0.001], CCI score[OR=1.374, 95% CI(1.099, 1.718), P=0.005], type of surgery [OR=2.976, 95% CI(1.700, 5.208), P=0.001], operation time [OR=2.065, 95% CI(1.209, 3.528), P=0.008], intraoperative blood loss[OR=1.024, 95% CI(1.004, 1.044), P=0.020], anesthesia method [OR=2.165, 95% CI(1.267, 3.698), P=0.005], and preoperative nutritional status[OR=0.500, 95% CI(0.348, 0.719), P=0.001], were significant independent risk factors associated with the development of postoperative complications in elderly patients with brittle hip fractures. There were statistically significant differences in activity levels among patients with different types of complications (P<0.05). Additionally, statistically significant differences were observed in the incidence of complications including pulmonary infection, deep vein thrombosis, pressure ulcers, surgical site infection, and cardiovascular and cerebrovascular diseases between the group with good activity ability and the group with limited activity ability (P<0.05). The receiver operating characteristic(ROC) curve of the nomogram prediction model, constructed based on independent risk factors, demonstrates that the mean area under the curve (AUC)>0.800 for each influencing factor.
CONCLUSION: The risk prediction model developed through multifactorial analysis facilitates the early identification of postoperative complications and functional limitations in elderly patients with fragility hip fractures, thereby supporting the clinical formulation of individualized intervention strategies and improving patient outcomes.",https://pubmed.ncbi.nlm.nih.gov/42544810/,,,stroke,(Stroke[MeSH] OR stroke[tiab] OR brain ischemia[tiab] OR cerebrovascular[tiab]) AND (treatment[tiab] OR intervention[tiab] OR therapy[tiab]),2026-08-05T18:00:54+00:00,,,,,
PMID_42544504,PubMed,42544504,,10.1161/strokeaha.126.056523,Standard Antiplatelet Therapy Versus Thrombolysis in Acute Spontaneous Spinal Cord Infarction: A Propensity Score-Matched Analysis.,"AbuAlrob, Majd A; Al-Salahat, Ali; Zammar, Khaled; Al-Jerdi, Salman",Stroke,2026,"BACKGROUND: Spinal cord infarction (SCI) is a rare stroke subtype with no established acute treatment guidelines. Thrombolytic therapy has been used empirically based on extrapolation from cerebral stroke protocols, but comparative effectiveness data are lacking. We compared outcomes between standard care and thrombolysis in acute spontaneous SCI.
METHODS: This retrospective cohort study used data from the TriNetX Global Collaborative Network. Adult patients with acute SCI (International Classification of Diseases, Tenth Revision, Clinical Modification code G95.11) were divided into the standard care group (antiplatelet therapy within 48 hours) or the thrombolysis group (alteplase or tenecteplase). Patients who underwent aortic repair procedures were excluded. Propensity score matching (1:1) balanced 68 covariates. The prespecified primary outcome was all-cause mortality; readmission and rehabilitation utilization at 180 days were secondary exploratory outcomes. E values were calculated for the significant association.
RESULTS: Of the 965 patients in the standard care cohort and 103 in the thrombolysis cohort, 96 patients in each cohort remained after matching. Standard care was associated with significantly lower mortality (13.5% versus 29.2%; hazard ratio, 0.423 [95% CI, 0.219-0.817]; P=0.008); 180-day survival was 84.27% versus 68.69% (log-rank P=0.008), with an E value of 4.16. Readmission (14.6% versus 16.7%; P=0.669) and rehabilitation utilization (43.8% versus 49.0%; P=0.507) did not differ. The mortality association was consistent in direction across 3 sensitivity analyses.
CONCLUSIONS: In spontaneous SCI, standard care was associated with significantly lower mortality than thrombolysis, without significant differences in readmission rates or rehabilitation utilization. These hypothesis-generating findings raise concerns about off-label thrombolytic use in SCI and support consideration of conservative management until higher-quality evidence emerges.",https://pubmed.ncbi.nlm.nih.gov/42544504/,,,stroke,(Stroke[MeSH] OR stroke[tiab] OR brain ischemia[tiab] OR cerebrovascular[tiab]) AND (treatment[tiab] OR intervention[tiab] OR therapy[tiab]),2026-08-05T18:00:54+00:00,,,,,
PMID_42544439,PubMed,42544439,PMC12277199,10.37349/ent.2026.1004148,"Real-world evidence on off-label underdosing of direct oral anticoagulants in Asian patients with atrial fibrillation: prescribing patterns, determinants, and outcomes.","Mongkhon, Pajaree; Koonlachad, Tanaphorn; Bvornphattanasakul, Purachai; Phatthanasobhon, Sirayut; Pholprasittito, Supisara; Wattanasombat, Supharat; Bureekam, Natrawee",Future science OA,2026,"BACKGROUND: Off-label underdosing of direct oral anticoagulants (DOACs) is common among Asian patients with atrial fibrillation (AF), partly reflecting concerns about bleeding, yet Southeast Asian data remain limited. This study aimed to characterize DOAC dosing patterns, identify predictors of off-label underdosing, and evaluate associated effectiveness and safety outcomes.
METHODS: We conducted a retrospective cohort using electronic health records (EHRs) from two tertiary hospitals in Thailand (2015-2023). Incident AF patients initiating dabigatran, rivaroxaban, apixaban, or edoxaban were included. Doses were classified as on-label, underdosed, or overdosed based on guideline criteria. Propensity score-based inverse probability of treatment weighting (PS-IPTW) Cox proportional hazards regression models was used to evaluate ischemic stroke or systemic embolism (ISSE) and bleeding outcomes.
RESULTS: Among 553 patients, 20.4% were underdosed, 6.3% overdosed, and 73.2% received on-label dosing. Rivaroxaban was most frequently underdosed. Older age and diabetes mellitus independently predicted underdosing. Compared to on-label dosing, underdosing was not associated with ISSE (adjusted hazard ratio [aHR] 0.48, 95% CI 0.11-2.16; p = 0.336) or bleeding (aHR 1.06, 95% CI 0.30-3.73; p = 0.924).
CONCLUSIONS: Off-label underdosing occurred in one-fifth of patients but was not associated with significant differences in ISSE or bleeding. Larger, prospective studies in broader Asian and non-Asian populations are warranted.",https://pubmed.ncbi.nlm.nih.gov/42544439/,,,stroke,(Stroke[MeSH] OR stroke[tiab] OR brain ischemia[tiab] OR cerebrovascular[tiab]) AND (treatment[tiab] OR intervention[tiab] OR therapy[tiab]),2026-08-05T18:00:54+00:00,,,,,
PMID_42544349,PubMed,42544349,PMC9285852,10.1589/jpts.38.358,Comparison of KAFO and AFO for extension thrust pattern after stroke: a randomized N-of-1 trial.,"Ogawa, Hideyuki; Shirogane, Satoshi; Haruna, Hirokazu",Journal of physical therapy science,2026,"[Purpose] Extension thrust pattern (ETP) during the stance phase is a common gait deviation after stroke; however, there is no consensus regarding the optimal orthosis, such as knee-ankle-foot orthosis (KAFO) or ankle-foot orthosis (AFO). This study aimed to compare the effects of KAFO and AFO on ETP using an N-of-1 trial design. [Participant and Methods] A 54-year-old male with right thalamic hemorrhage and post-stroke hemiplegia participated in this study. A prospective multiple-crossover N-of-1 trial was conducted. Five intervention periods (3 consecutive days each) of KAFO and AFO use were randomly assigned, with a 1-day washout period between interventions. Hip, knee, and ankle joint angles during mid-stance, 10-m walking time, and step count were measured. [Results] KAFO use significantly reduced ankle plantar flexion compared with AFO. A particularly large effect size was observed for the ankle dorsiflexion angle. Improvements in walking time and step count were also noted with KAFO. [Conclusion] KAFO was more effective than AFO in improving ETP in this patient. Objective evaluation using an N-of-1 trial may support more appropriate orthotic selection in clinical practice.",https://pubmed.ncbi.nlm.nih.gov/42544349/,,,stroke,(Stroke[MeSH] OR stroke[tiab] OR brain ischemia[tiab] OR cerebrovascular[tiab]) AND (treatment[tiab] OR intervention[tiab] OR therapy[tiab]),2026-08-05T18:00:54+00:00,,,,,
PMID_42544320,PubMed,42544320,PMC6907751,10.1371/journal.pgen.1008489,An NRIP1-Centric Monocyte Immunogenetic Bridge Between Heart Failure and Ischemic Stroke.,"Chen, Hongyao; Xiao, Yao; Yang, Xiaoyan; Zhou, Ying; Ding, Changsong",Journal of inflammation research,2026,"BACKGROUND: Heart failure (HF) and ischemic stroke (IS) frequently co-occur and worsen each other. Circulating immune cells may act as a cross-organ inflammatory bridge, but the key immune lineage, genetically supported mediators, and druggable targets remain unclear.
OBJECTIVE: To identify the immune-cell lineage, candidate gene, and tractable intervention target linking HF and IS.
METHODS: Bidirectional Mendelian randomization (MR) of genome-wide association study summary statistics was used to assess causal links between HF and IS. Mouse single-cell transcriptomic datasets from HF and IS models were integrated to define a shared immune/stromal atlas and characterize Ly6C⁺ monocyte expansion. Ly6C⁺ monocyte marker genes were mapped to human orthologs and evaluated using peripheral-blood expression quantitative trait locus data for gene-level MR, followed by expression validation, colocalization, summary-data-based MR, and spatial transcriptomics. In HF single-cell data, Ly6C⁺ monocytes were stratified by Nrip1 expression for cell-cell communication, pathway enrichment, and pseudotime analyses. Candidate-drug prediction, druggability evaluation, molecular docking, molecular dynamics simulation, and in vitro validation were then performed.
RESULTS: MR supported a bidirectional positive association between HF and IS. Both diseases showed expansion of inflammatory Ly6C⁺ monocytes at single-cell resolution. Among MR-implicated genes, NRIP1 was prioritized as a key gene associated with reduced IS risk, and genetic and spatial evidence supported its monocyte-mediated role in HF-IS coupling. Nrip1-stratified and pseudotime analyses suggested a homeostatic role through modulation of inflammatory thresholds and communication patterns. Drug prediction and in silico analyses indicated that retinoic acid-related small molecules may bind NRIP1 and exhibit preliminary druggability. In vitro, tretinoin alleviated ischemia-like HMC3 cell injury and inflammation by modulating monocyte NRIP1.
CONCLUSION: An NRIP1-centered monocyte network may represent a tractable immune bridge in HF-IS comorbidity, and tretinoin provides an entry point for NRIP1-targeted intervention.",https://pubmed.ncbi.nlm.nih.gov/42544320/,,,stroke,(Stroke[MeSH] OR stroke[tiab] OR brain ischemia[tiab] OR cerebrovascular[tiab]) AND (treatment[tiab] OR intervention[tiab] OR therapy[tiab]),2026-08-05T18:00:54+00:00,,,,,
PMID_42544119,PubMed,42544119,PMC5683042,10.1177/23743735261474414,A Quality Improvement Study on Patient-Perceived Participation in Care Decisions at a Comprehensive Stroke Center Using a Standardized Patient Information Tool.,"Inamullah, Ovais; Hendrix, London; Jones, Zachary",Journal of patient experience,2026,"Acute stroke care involves complex decisions that may limit patient understanding in care decisions. Review of National Research Corporation (NRC) patient experience survey data at a Comprehensive Stroke Center identified that patient-perceived participation in care decisions was the least scoring domain, prompting a targeted quality improvement intervention. The primary objective was to evaluate whether by introducing a standardized patient information tool, combined with physician reinforcement, improves patient-perceived participation in care decisions for hospitalized stroke patients. A single-center, pre-post quality improvement study was conducted within the inpatient stroke service using a standardized patient information tool and physician education as a combined intervention. Stroke coordinators reviewed the form with the patient and, when necessary, family members. Interrupted time series analysis was used to evaluate changes in patient-perceived participation, based on monthly NRC response scores from September 2024 through December 2025. Interrupted time series analysis showed no statistically significant change in NRC scores associated with the intervention (p = 0.063). The observed differences in pre-intervention versus post-intervention mean NRC scores (62.1% vs, 91.7%) were largely explained by pre-existing fluctuations and a rising pre-intervention trend. Standardized patient education combined with physician engagement did not produce a statistically significant result when analyzed using interrupted time series analysis. While post-intervention slope suggested improved trend, this finding was not statistically significant after controlling for pre-existing trends and monthly variability. However, the wide confidence intervals and limited post-intervention period imply that a modest effect cannot be ruled out. Larger, long-term studies are needed to confirm these findings.",https://pubmed.ncbi.nlm.nih.gov/42544119/,,,stroke,(Stroke[MeSH] OR stroke[tiab] OR brain ischemia[tiab] OR cerebrovascular[tiab]) AND (treatment[tiab] OR intervention[tiab] OR therapy[tiab]),2026-08-05T18:00:54+00:00,,,,,
PMID_42543982,PubMed,42543982,,10.59556/japi.74.1595,Triple Central Nervous System Pathogen Infections and Vascular Events in Advanced Human Immunodeficiency Virus-Implications for Early Diagnosis and Multidisciplinary Management: A Case Series from Two Tertiary Centers.,"Puri, Sakshi; Chatterjee, Rupak; Aleena, Insha; Das, Sarbajit",The Journal of the Association of Physicians of India,2026,"BACKGROUND: Central nervous system (CNS) infections remain a major cause of morbidity and mortality in people living with HIV (PLHIV), particularly in the setting of advanced immunosuppression and recent initiation of antiretroviral therapy (ART). While individual opportunistic CNS infections are well-documented, simultaneous infections with multiple pathogens are rare and diagnostically challenging.
METHODS: We report a case series of 11 HIV-positive individuals aged 25-50 years, presenting within 3 months of ART initiation to two tertiary centers over a 2-year period. All patients exhibited clinical features of meningitis and underwent cerebrospinal fluid (CSF) analysis, PCR testing, neuroimaging, and comprehensive microbiological workup.
RESULTS: All 11 patients were diagnosed with triple-pathogen CNS infections. The most common combination was Mycobacterium tuberculosis, Cryptococcus neoformans, and herpes simplex virus type 1 (HSV-1). Additional pathogens included Toxoplasma gondii, Treponema pallidum, and CMV. Median CD4 count was <70 cells/µL. Coinfections were frequently unmasked shortly after ART initiation, suggestive of immune reconstitution inflammatory syndrome (IRIS). Despite aggressive treatment, mortality was 45%. One complex case included CNS vasculitis, ischemic stroke, pulmonary embolism, and multiple systemic infections.
CONCLUSION: This series underscores the diagnostic and therapeutic complexities of managing CNS coinfections in PLHIV, especially in the context of IRIS. A high index of suspicion, early multiplex diagnostic testing, and multidisciplinary management are crucial. Furthermore, the presence of noninfectious complications such as stroke and thromboembolism highlights the broader spectrum of HIV-related neurological disease. Early recognition and targeted treatment can improve outcomes in this high-risk population.",https://pubmed.ncbi.nlm.nih.gov/42543982/,,,stroke,(Stroke[MeSH] OR stroke[tiab] OR brain ischemia[tiab] OR cerebrovascular[tiab]) AND (treatment[tiab] OR intervention[tiab] OR therapy[tiab]),2026-08-05T18:00:54+00:00,,,,,
PMID_42543969,PubMed,42543969,,10.59556/japi.74.1532,Atypical Presentations of Central Nervous System Tuberculosis at a Tertiary Care Center: Case Series.,"Shrivastava, Anubha; Dhaneshry, Deepanshu; Sahoo, Mrityunjay",The Journal of the Association of Physicians of India,2026,"This case series highlights three patients with unusual central nervous system (CNS) tuberculosis (TB) manifestations, diagnosed at the Department of Medicine and Neurology, Moti Lal Nehru Medical College, Prayagraj, India, between January and November 2024. The cases underscore the diagnostic challenges of atypical CNS TB and the importance of an integrated diagnostic approach combining clinical, radiological, and laboratory findings. A 35-year-old male presented with sudden-onset right-sided weakness. Imaging revealed intracranial hemorrhage (ICH) in the left parietal region without vascular anomalies. Cerebrospinal fluid (CSF) analysis showed lymphocytic pleocytosis, elevated protein, and adenosine deaminase (ADA), while the interferon-gamma release assay was positive. He was diagnosed with CNS TB presenting as ICH secondary to vasculitis. A 49-year-old male developed left-hand weakness. Imaging showed a left parietal infarct. CSF analysis revealed lymphocytic pleocytosis with elevated protein and ADA. Pulmonary TB was suspected based on a chest X-ray. He was diagnosed with stroke secondary to tubercular CNS vasculitis presenting as pseudomedian nerve palsy. A 32-year-old male presented with sudden-onset bilateral lower limb weakness and sensory loss. Magnetic resonance imaging (MRI) spine findings were suggestive of a normal spine but with paraspinal muscle hyperintensity. CSF analysis was normal, and the interferon-gamma release assay was positive. Antitubercular therapy and steroids improved motor function, leading to a diagnosis of MRI-negative paraplegia secondary to tubercular myeloradiculitis. These cases demonstrate the varied and atypical manifestations of CNS TB, including ICH, stroke mimicking nerve palsy, and MRI-negative paraplegia. Prompt recognition and treatment are crucial to improve outcomes in such rare presentations.",https://pubmed.ncbi.nlm.nih.gov/42543969/,,,stroke,(Stroke[MeSH] OR stroke[tiab] OR brain ischemia[tiab] OR cerebrovascular[tiab]) AND (treatment[tiab] OR intervention[tiab] OR therapy[tiab]),2026-08-05T18:00:54+00:00,,,,,
PMID_42543967,PubMed,42543967,,10.59556/japi.74.1392,Index Presentation of Diabetes Mellitus as a Hyperkinetic Movement Disorder: A Thin-veiled Entity Colloquially called Diabetic Striatopathy.,"Agrawal, Bimal Kumar; Singhal, Keshav; Sharma, Nirmal Kumar; Sharma, Ani Abhishek",The Journal of the Association of Physicians of India,2026,"Often referred to as the diabetes capital of the world, new-wave urbanization and westernization of lifestyle have rendered India vulnerable to the so-called lifestyle diseases, especially diabetes mellitus. Arguably the most characterized of diseases, diabetes somehow still has a few tricks up its sleeve. Diabetic striatopathy (DS), also known as hyperglycemic nonketotic hemichorea/hemiballism, chorea/hemichorea associated with nonketotic hyperglycemia, diabetic hemiballism/hemichorea, or chorea-hyperglycemia-basal ganglia syndrome, is a long-known disease of many names but sparse characterization. With an estimated prevalence of 1 in 100,000 (Ondo, 2011), DS is, in our opinion, greatly underestimated and is often misdiagnosed as intracerebral hemorrhage (ICH), which is a travesty given the excellent prognosis DS carries, even with just the control of blood sugar levels. Here, we describe the case of a 73-year-old male, previously undiagnosed diabetic, who presented with an acute-onset movement disorder, initially thought to have had a stroke, but was later diagnosed as DS. We also discuss in brief the pathophysiology and treatment options.",https://pubmed.ncbi.nlm.nih.gov/42543967/,,,stroke,(Stroke[MeSH] OR stroke[tiab] OR brain ischemia[tiab] OR cerebrovascular[tiab]) AND (treatment[tiab] OR intervention[tiab] OR therapy[tiab]),2026-08-05T18:00:54+00:00,,,,,
PMID_42543814,PubMed,42543814,,10.14791/btrt.2026.0015,Glioblastoma in a Patient With MELAS Syndrome: A Case Report.,"Chang, Seung Min; Park, Hun Ho; Park, Ji Hyun; Na, Ji-Hoon; Lee, Hyunjoo; Lee, Young-Mok; Yoo, Jihwan",Brain tumor research and treatment,2026,"MELAS (Mitochondrial Encephalomyopathy, Lactic Acidosis, and Stroke-like episodes) syndrome is a multi-systemic genetic disorder characterized by mitochondrial dysfunction, often presenting with diverse clinical phenotypes. We report a rare case of glioblastoma (GBM) in a 60-year-old female whose MELAS manifestations were primarily metabolic and neuro-sensory. Her clinical course began at age 40 with diabetes mellitus, bilateral sensorineural hearing loss, and left ophthalmoplegia. She was diagnosed with MELAS syndrome by molecular genetic testing at age 56 following her son's diagnosis. Despite the absence of previous stroke-like episodes, she presented with an acute 2-day history of headache, vomiting and altered mental status. Brain MRI revealed a mass lesion, and subsequent gross total resection was performed. Histopathological and molecular analysis confirmed a GBM, IDH-wildtype (CNS WHO grade 4). Despite surgical resection, the patient failed to recover neurologically, remaining in a stuporous state with eye opening but inability to follow commands. She subsequently received the Stupp protocol; however, massive local recurrence with increased relative cerebral blood volume was observed within one month of treatment initiation, indicating rapid and aggressive tumor progression. This case underscores that in MELAS patients, primary brain malignancies can arise independently of typical stroke-like episodes. In addition, the unusually aggressive clinical course and rapid recurrence despite standard Stupp protocol therapy raise the possibility that altered mitochondrial metabolism may influence tumor behavior or treatment response in certain patients.",https://pubmed.ncbi.nlm.nih.gov/42543814/,,,stroke,(Stroke[MeSH] OR stroke[tiab] OR brain ischemia[tiab] OR cerebrovascular[tiab]) AND (treatment[tiab] OR intervention[tiab] OR therapy[tiab]),2026-08-05T18:00:54+00:00,,,,,
PMID_42543700,PubMed,42543700,,10.2169/internalmedicine.7583-26,Recurrent Multi-level Spinal Subdural Hematoma in Granulomatosis with Polyangiitis: A Therapeutic Dilemma Between Ischemia and Hemorrhage.,"Koga, Tamon; Irie, Ken-Ichi; Mori, Shinichiro; Tanaka, Yoshiko; Isogai, Masanari; Imai, Tatsuya; Morimitsu, Makoto; Kaieda, Shinjiro; Hoshino, Tomoaki; Tateishi, Takahisa","Internal medicine (Tokyo, Japan)",2026,"Spinal subdural hematoma (SSDH) associated with granulomatosis with polyangiitis (GPA) is extremely rare. A 63-year-old man with GPA and recurrent cerebral infarctions developed multi-level SSDHs while receiving immunotherapy and antithrombotic therapy. The hematomas were resolved conservatively, but they recurred in the posterior fossa and thoracic spine one year later. High cerebrospinal fluid interleukin-6 levels during ischemic events suggest active central nervous system vasculitis. This case illustrates a critical therapeutic dilemma: managing the competing risks of vasculitic ischemic stroke and hemorrhagic complications, such as SSDH. This case highlights the importance of balancing aggressive immunotherapy to suppress the vasculitis activity with cautious antithrombotic management.",https://pubmed.ncbi.nlm.nih.gov/42543700/,,,stroke,(Stroke[MeSH] OR stroke[tiab] OR brain ischemia[tiab] OR cerebrovascular[tiab]) AND (treatment[tiab] OR intervention[tiab] OR therapy[tiab]),2026-08-05T18:00:54+00:00,,,,,
PMID_42543662,PubMed,42543662,,10.1536/ihj.25-600,Prognostic Value of Lipoprotein (a) in Japanese Patients with Acute Coronary Syndrome Surviving Primary Percutaneous Coronary Intervention to Discharge.,"Okubo, Ryo; Komatsu, Yousuke; Kishigami, Daiki; Sakurai, Kojiro; Tsubono, Masakazu; Hirano, Shojiro; Kojima, Yoshimasa; Aikawa, Hiroto; Yabe, Takayuki; Amano, Hideo; Ikeda, Takanori",International heart journal,2026,"Previous studies investigating lipoprotein(a) [Lp(a)] as a prognostic factor in acute coronary syndrome (ACS) have yielded conflicting results, with limited data in Japanese populations. Inconsistent inclusion of early in-hospital deaths further limits clinical applicability for secondary prevention strategies.To evaluate the prognostic value of Lp(a) levels in ACS patients who underwent successful primary percutaneous coronary intervention (PCI) and survived to hospital discharge.This single-center retrospective study enrolled 347 consecutive Japanese ACS patients who underwent primary PCI between December 2016 and March 2021 and were discharged alive. Patients were stratified by Lp(a) levels: < 30 mg/dL (n = 275) and ≥ 30 mg/dL (n = 72). The primary endpoint was major adverse cardiac events (MACE), defined as all-cause death, nonfatal myocardial infarction, nonfatal stroke, and heart failure requiring hospitalization. Kaplan-Meier survival analysis and multivariable Cox regression models were performed.During a median follow-up of 37 months, 59 MACE events (17.0%) occurred. The median Lp(a) level was 14 mg/dL. Kaplan-Meier analysis showed no significant difference in MACE-free survival between groups (log-rank P = 0.46). In all multivariable analyses, Lp(a) ≥ 30 mg/dL was not associated with mid-term MACE. Significant predictors were age ≥ 70 years, male sex, and chronic kidney disease.Elevated Lp(a) levels did not significantly predict mid-term MACE in Japanese ACS patients surviving primary PCI. Traditional risk factors, including age, male sex, and chronic kidney disease, were the primary determinants of mid-term prognosis in this population.",https://pubmed.ncbi.nlm.nih.gov/42543662/,,,stroke,(Stroke[MeSH] OR stroke[tiab] OR brain ischemia[tiab] OR cerebrovascular[tiab]) AND (treatment[tiab] OR intervention[tiab] OR therapy[tiab]),2026-08-05T18:00:54+00:00,,,,,
PMID_42543355,PubMed,42543355,,10.19540/j.cnki.cjcmm.20260305.702,[Roles of vascular smooth muscle cells phenotype transformation in mediating progression of diabetic macroangiopathy and current status of traditional Chinese medicine treatment].,"Liu, Han-Yu; Zhang, Ze-Hua; Zhu, Yong-Jiang; Li, Xiang-Long; Wang, Xue-Ru; Yang, Chan; Xie, Chun-Guang",Zhongguo Zhong yao za zhi = Zhongguo zhongyao zazhi = China journal of Chinese materia medica,2026,"Diabetic macroangiopathy, a major chronic complication of diabetes, is characterized by atherosclerosis. Its pathological core involves the phenotype transformation of vascular smooth muscle cells(VSMCs) towards synthesis, aging, calcification, macrophage-like and fibroblast-like phenotypes. These phenotypic transformations jointly drive atherosclerotic plaque formation, vascular remodeling and calcification, leading to high-risk events such as myocardial infarction and stroke, which are important causes of disability and mortality in diabetic patients. Current conventional treatment provides insufficient long-term protection against macroangiopathy. In contrast, traditional Chinese medicine(TCM), through its holistic regulation via multi-component and multi-target mechanisms, has shown unique advantages in regulating VSMCs phenotype transformation. The progression of diabetic macroangiopathy mediated by VSMCs phenotypic transformation is characterized by deficiency in origin and excess in superficiality in TCM theory. Conceptualizing this phenotypic switching as &quot;phlegm turbidity and blood stasis obstructing the collaterals&quot;, therapeutic strategies should focus on resolving phlegm and turbidity, transforming stasis and unblocking collaterals, while simultaneously reinforcing healthy Qi and tonifying deficiencies. A growing body of research indicates that monomers such as matrine, baicalein, and tanshinone Ⅱ_A, as well as sour Chinese herbal medicines and compound formulas such as Huoluo Xiaoling Dan, can inhibit pathological VSMCs phenotype transformations, including abnormal proliferation, migration, aging, and calcification. These interventions align with the pathogenesis and therapeutic principles, thereby delaying the progression of vascular lesions. This review briefly outlined the pathological progression of diabetic macroangiopathy, elaborated on how VSMCs phenotype transformation mediated diabetic macroangiopathy, and summarized key studies on the intervention of TCM active compounds, monomers and formulas in diabetic macroangiopathy by regulating VSMCs phenotype transformation. It aims to provide new strategies for the prevention and treatment of diabetic macroangiopathy and ultimately enhance clinical diagnosis and treatment.",https://pubmed.ncbi.nlm.nih.gov/42543355/,,,stroke,(Stroke[MeSH] OR stroke[tiab] OR brain ischemia[tiab] OR cerebrovascular[tiab]) AND (treatment[tiab] OR intervention[tiab] OR therapy[tiab]),2026-08-05T18:00:54+00:00,,,,,
PMID_42543354,PubMed,42543354,,10.19540/j.cnki.cjcmm.20260405.201,[Research progress of puerarin antidepressant].,"You, Pei-Jin; Min, Zhong-Yun; Liu, Wen-Jie; Lyu, Zhi-Yuan; Hao, Juan; Sun, Tao",Zhongguo Zhong yao za zhi = Zhongguo zhongyao zazhi = China journal of Chinese materia medica,2026,"Puerarin, an isoflavonoid compound derived from TCM Puerariae Lobatae Radix, has garnered increasing attention for its potential in treating depression. By systematically reviewing relevant domestic and international research, this paper elaborated on the multi-target molecular mechanisms underlying the antidepressant effects of puerarin, including the regulation of the gut microbiota-gut-brain axis, inhibition of neuroinflammation, promotion of neurotrophy and neurogenesis, amelioration of oxidative stress and mitochondrial function, modulation of neurotransmitters and the hypothalamic-pituitary-adrenal(HPA) axis, and epigenetic modifications. The paper further highlighted its synergistically therapeutic potential in comorbidity models such as diabetes with depression and post-stroke depression, as well as its application in compound compatibility and the current status of clinical translation research. Despite breakthroughs in emerging fields like the regulation of neural circuit plasticity, intervention in neuronal apoptosis, and modulation of non-coding RNA networks, the clinical application of puerarin is primarily limited by its pharmacokinetic drawbacks, such as poor water solubility and low bioavailability, coupled with a lack of high-quality clinical evidence. This paper aims to provide a theoretical basis for developing puerarin into a novel antidepressant by deeply analyzing the complex network of its mechanisms and evaluating its prospects for clinical translation.",https://pubmed.ncbi.nlm.nih.gov/42543354/,,,stroke,(Stroke[MeSH] OR stroke[tiab] OR brain ischemia[tiab] OR cerebrovascular[tiab]) AND (treatment[tiab] OR intervention[tiab] OR therapy[tiab]),2026-08-05T18:00:54+00:00,,,,,
PMID_42543324,PubMed,42543324,,10.19540/j.cnki.cjcmm.20260403.501,[Research advance on regulation of SREBP pathway by TCM in prevention and treatment of hyperlipidemia].,"Ma, Run-Han; Wang, Xin-Lu; Wu, Rui-Peng; Liu, Yan-Ze; Shen, Ao; Ping, Jing-Tao; Zhu, Ming-Jun; Wang, Yong-Xia",Zhongguo Zhong yao za zhi = Zhongguo zhongyao zazhi = China journal of Chinese materia medica,2026,"Hyperlipidemia(HLP) is a significant independent risk factor for the occurrence and development of cardiovascular and cerebrovascular diseases. Currently, the common clinical lipid-lowering agents include statins(inhibiting HMG-CoA reductase), fibrates(activating PPARα), cholesterol absorption inhibitors(blocking NPC1L1), and PCSK9 inhibitors(preventing LDLR degradation). However, clinical concerns remain about the combination use of multiple drugs, hepatorenal toxicity, and poor adherence to long-term application. The sterol regulatory element-binding protein(SREBP) pathway serves as a master regulator of lipid synthesis, concurrently controlling multiple steps in this process. Targeted intervention of the overactivated SREBP pathway has emerged as a novel research direction for regulating lipid metabolism disturbances, though it remains largely in the preclinical stage of drug research and development. TCM demonstrates multi-target and holistic regulatory advantages in regulating the SREBP pathway. Studies reveal that TCM compounds(Zexie Decoction, Xiangsha Liujunzi Decoction, and so on) and active constituents(berberine, curcumin, and so on) can systematically ameliorate lipid metabolic disturbances by inhibiting SREBP-1c/2 activation and the expression of downstream genes such as FAS, ACC, and HMGCR. This review summarized clinical trials and experimental research in recent years on the mechanisms by which TCM prevents and treats HLP by regulating the SREBP pathway, aiming to provide theoretical basis and new insights for the prevention and treatment of HLP as well as further research.",https://pubmed.ncbi.nlm.nih.gov/42543324/,,,stroke,(Stroke[MeSH] OR stroke[tiab] OR brain ischemia[tiab] OR cerebrovascular[tiab]) AND (treatment[tiab] OR intervention[tiab] OR therapy[tiab]),2026-08-05T18:00:54+00:00,,,,,
PMID_42543323,PubMed,42543323,,10.19540/j.cnki.cjcmm.20260408.302,[Analysis and reflection on pharmacological effects and novel formulation technologies of lumbrokinase from Pheretima].,"Luo, Wen-Yu; Zhao, Fei-Yan; Huang, Jun-Feng; Zhang, Xiao-Wen; Huang, Xin-Ya; Fu, Yi; Jiang, Wan; Li, Wen-Shuai; Yue, Peng-Fei",Zhongguo Zhong yao za zhi = Zhongguo zhongyao zazhi = China journal of Chinese materia medica,2026,"Lumbrokinase, a serine protease complex extracted from Pheretima, possesses specific fibrinolytic activity and is clinically used for thrombolytic therapy in cardiovascular and cerebrovascular diseases. Due to its low bleeding risk profile, novel formulation technologies have significantly enhanced its therapeutic efficacy in acute thrombotic diseases. This study discussed the physicochemical properties, absorption properties, pharmacological effects, formulation strategies, and existing challenges of lumbrokinase, providing a comprehensive analysis for its future application and development.",https://pubmed.ncbi.nlm.nih.gov/42543323/,,,stroke,(Stroke[MeSH] OR stroke[tiab] OR brain ischemia[tiab] OR cerebrovascular[tiab]) AND (treatment[tiab] OR intervention[tiab] OR therapy[tiab]),2026-08-05T18:00:54+00:00,,,,,
PMID_42542769,PubMed,42542769,PMC7674282,10.1177/11772719261456551,Assessment of Brain-Specific and Neuroendocrine Biomarkers for Intracerebral Hemorrhage Diagnosis: A Prospective Cohort Study.,"Apiliogullari, Seza; Elbayoumi, Eman; Collier, Nina; Cai, Guangzheng; Ocloo, Otis Kofi; Golpich, Mojtaba; Kobeissy, Firas; Zhu, Jiepei; Yadikar, Hamad; Ng, Stephania; Poon, Wai S; Wang, Kevin K",Biomarker insights,2026,"BACKGROUND AND PURPOSE: The timing of diagnosis is a critical factor that significantly impacts medical treatment and patient outcomes in individuals with intracerebral hemorrhage (ICH). The study primarily aimed to evaluate the diagnostic potential of four brain-specific biomarkers, glial fibrillary acidic protein (GFAP), neurofilament light chain (NfL), tau, and ubiquitin C-terminal hydrolase-L1 (UCH-L1) to differentiate CT-confirmed ICH patients from healthy controls. Secondary aims included comparing results between younger (18-59 years) and older (≥60 years) ICH patients and exploring neuroendocrine hormone levels (adrenocorticotropic hormone [ACTH], agouti-related peptide [AgRP], ciliary neurotrophic factor [CNTF], and growth hormone [GH]) as potential diagnostic tools.
METHODS: Serum samples were collected from consecutive adult patients with CT-confirmed ICH diagnoses on days 1 (first 24 hours), 2, 3, 7, and 14 for biomarker analyses in a pilot study. A total of 71 patients and 30 healthy controls were included in the analysis.
RESULTS: Serum concentrations of four brain-specific biomarkers demonstrated significant differentiation between ICH patients and controls at all assessed time points (Days 1, 2, 3, 7, and 14; all p<0.05), with similar significant elevations observed for NfL, tau, and UCH-L1. Day 1 GFAP levels were markedly higher in ICH patients (median 9598 pg/mL compared with healthy controls (39.2 pg/mL; p<0.05). No significant differences were found between young and aged adult ICH subgroups. Neuroendocrine ACTH and AgRP levels were significantly higher in ICH patients compared to controls on both measured time points (Days 1 and 7).
CONCLUSIONS: The study's findings suggest that GFAP, NfL, tau, UCH-L1, ACTH, and AgRP exhibit potential as biomarkers for differentiating spontaneous ICH patients from healthy controls. However, given the limitations of the current study design, these findings should be interpreted with caution and cannot be expected to translate directly into clinical practice. Further research is needed to assess these biomarkers' roles in distinguishing stroke types and predicting ICH outcomes.",https://pubmed.ncbi.nlm.nih.gov/42542769/,,,stroke,(Stroke[MeSH] OR stroke[tiab] OR brain ischemia[tiab] OR cerebrovascular[tiab]) AND (treatment[tiab] OR intervention[tiab] OR therapy[tiab]),2026-08-05T18:00:54+00:00,,,,,
PMID_42542723,PubMed,42542723,PMC3615462,10.1016/s1474-4422(11)70269-1,Sex-specific effects of methylprednisolone on outcomes after endovascular treatment for acute ischemic stroke due to large vessel occlusion: A secondary analysis of the MARVEL trial.,"Zhang, Lijiao; Pan, Jie; Wang, Lilan; Chen, Chunye; Zhou, Mingrui; Zhou, Sheng; Zhu, Haoxuan; Shi, Xiaolei; Yang, Shihai; Chen, Mingyang; Yang, Yihui; Fan, Yuhan; Wang, Binghan; Liu, Guojian; Li, Linyu; Ding, Chawen; Song, Jiaxing; Zhang, Lingyu; Li, Gaoming",Therapeutic advances in neurological disorders,2026,"BACKGROUND: Sex-based differences in treatment response to neuroprotective strategies during endovascular treatment (EVT) for acute ischemic stroke remain poorly understood.
OBJECTIVES: This study aimed to evaluate sex-specific effects of methylprednisolone on outcomes after EVT for acute ischemic stroke due to large vessel occlusion.
DESIGN: Secondary analysis of the MARVEL (Methylprednisolone as Adjunct to Endovascular Thrombectomy for Large-Vessel Occlusion Stroke) randomized controlled trial.
METHODS: We compared outcomes following methylprednisolone versus placebo, stratified by sex. We also compared outcomes between women and men receiving methylprednisolone. The primary outcome was defined as the 90-day modified Rankin Scale score (mRS) ordinal shift. Secondary outcomes included mRS score of 0-4, 0-3, 0-2, 0-1 at 90 days. Safety outcomes included mortality within 90 days and symptomatic intracranial hemorrhage (sICH) within 48 hours.
RESULTS: This study included 1680 patients (49.9% methylprednisolone, 56.7% men). Stratified by sex, among men, the methylprednisolone group was more likely to have a primary outcome compared with placebo [adjusted OR (aOR) 1.26 (1.00-1.59), P = 0.047] and reduce mortality (P < 0.01) and sICH (P = 0.031); among women, the primary outcome was similar between two treatment arms (P = 0.66), with similar findings for the safety outcomes. Additionally, stratified by different treatment arms, no significant difference was found in the primary outcome between men and women treated with methylprednisolone (P = 0.31) and placebo (P = 0.68).
CONCLUSIONS: In this exploratory analysis, methylprednisolone appeared to be associated with better clinical outcomes in men compared with placebo. Nevertheless, the interaction between treatment and sex was not statistically significant. Furthermore, among patients receiving methylprednisolone, clinical outcomes did not differ significantly between men and women.
REGISTRATION: ChiCTR.org.cn Identifier: ChiCTR2100051729.",https://pubmed.ncbi.nlm.nih.gov/42542723/,,,stroke,(Stroke[MeSH] OR stroke[tiab] OR brain ischemia[tiab] OR cerebrovascular[tiab]) AND (treatment[tiab] OR intervention[tiab] OR therapy[tiab]),2026-08-05T18:00:54+00:00,,,,,
PMID_42542707,PubMed,42542707,PMC5683906,10.1016/j.jstrokecerebrovasdis.2018.01.028,Artificial intelligence shows comparable or improved performance to traditional risk models in predicting atrial fibrillation after cryptogenic stroke.,"Wouters, Femke; Barthels, Myrte; Vranken, Julie; Smeets, Christophe; Gruwez, Henri; Pison, Laurent; Van Herendael, Hugo; Rivero-Ayerza, Maximo; Nuyens, Dieter; Ernon, Ludovic; Bekelaar, Kim; Mesotten, Dieter; Verhaert, David; Vandervoort, Pieter",Digital health,2026,"BACKGROUND AND AIMS: Detecting subclinical atrial fibrillation (AF) and initiating anticoagulation therapy are critical for secondary stroke prevention after cryptogenic stroke. This study aimed to evaluate the effectiveness of traditional AF risk scores commonly used in clinical practice and compare with an artificial intelligence (AI)-driven ECG-derived AF prediction score.
METHODS: A retrospective tertiary care center study identified all cryptogenic stroke/TIA patients admitted between 2017-2023 who received an implantable cardiac monitor (ICM). The European Society of Cardiology (ESC)-recommended risk factors and risk score components (i.e.,CHA2DS2-VA, Brown ESUS-AF, and HAVOC) from the 2024 guidelines for AF management, were analyzed using multivariate logistic regression to predict AF within one-year post-ICM insertion. The predictive performance of these risk scores and an AI-driven ECG algorithm for AF detection was assessed and compared.
RESULTS: 230 cryptogenic stroke/TIA patients underwent ICM insertion. Only age (OR: 1.033, 95%CI 1.002-1.066) was associated with an increased likelihood of AF detection within one-year post-ICM insertion. The ECG-AI score demonstrated higher predictive power over CHA2DS2-VA and HAVOC (p=.002), and was the only score exceeding an AUROC value of 0.7, but did not outperform Brown ESUS-AF (p=.210). Patients with high scores had a more than two-fold increased likelihood of AF detection (HR: 2.7, 95%CI 1.2-5.8, p=.01).
CONCLUSIONS: In patients with cryptogenic stroke receiving an ICM, the ECG-AI score showed modest discrimination for AF detection, outperforming CHA2DS2-VA and HAVOC, but not Brown ESUS-AF. Age was the only significant clinical predictor. These findings indicate a possible role for AI-driven ECG analysis in risk stratification.",https://pubmed.ncbi.nlm.nih.gov/42542707/,,,stroke,(Stroke[MeSH] OR stroke[tiab] OR brain ischemia[tiab] OR cerebrovascular[tiab]) AND (treatment[tiab] OR intervention[tiab] OR therapy[tiab]),2026-08-05T18:00:54+00:00,,,,,
PMID_42542614,PubMed,42542614,PMC12006867,10.7759/cureus.111925,Delayed M1 Dissection After Thrombectomy Treated With Rescue Stenting and Tirofiban: A Case Report.,"Vargas, Oscar F; Salcedo-Mesa, Juliana; Valera, Paula; Ortiz Layton, Laura Camila",Cureus,2026,"Delayed re-occlusion after successful mechanical thrombectomy (MT) is uncommon and often underrecognized. Iatrogenic intracranial arterial dissection represents a rare but potentially devastating mechanism requiring rapid salvage intervention with or without a stent. A 63-year-old woman with a wake-up stroke underwent thrombolysis and MT with complete reperfusion (Thrombolysis in Cerebral Infarction (TICI) grade 3) and full neurological recovery. Three days later, she developed acute neurological deterioration. Angiography demonstrated a right M1 re-occlusion caused by a flow-limiting dissection. Following failed aspiration, emergent rescue stenting with a self-expanding Low-profile Visualized Intraluminal Support (LVIS) EVO stent achieved immediate reperfusion. A tirofiban-based bridging strategy with dual antiplatelet therapy was initiated without hemorrhagic complications. Follow-up imaging showed a small infarct. At 12 months, the patient remained functionally independent, with a modified Rankin Scale (mRS) score of 1 and a National Institutes of Health Stroke Scale (NIHSS) score of 0. Delayed iatrogenic dissection should be suspected in post-thrombectomy deterioration. Rescue intracranial stenting is a definitive and effective salvage strategy, provided that antithrombotic therapy is carefully individualized.",https://pubmed.ncbi.nlm.nih.gov/42542614/,,,stroke,(Stroke[MeSH] OR stroke[tiab] OR brain ischemia[tiab] OR cerebrovascular[tiab]) AND (treatment[tiab] OR intervention[tiab] OR therapy[tiab]),2026-08-05T18:00:54+00:00,,,,,
PMID_42542287,PubMed,42542287,,10.1016/j.pnpbp.2026.111873,"How high ventilation breathwork alters consciousness: Hypoperfusion, network dynamics, and subjective experience.","Schmitz, Christian N; Bernardic, Marijan; Vlădoiu, Anamaria-Domnica; Harris, Rida; Carmana, Daniele; Kärtner, Laura; Oberthür, Gunilla; Gründer, Gerhard; Adolphi, Hana",Progress in neuro-psychopharmacology & biological psychiatry,2026,"High ventilation breathwork (HVB) is increasingly used in psychotherapeutic and contemplative contexts to induce altered states of consciousness (ASC), yet its neurobiological mechanisms remain poorly understood. Thirty experienced HVB practitioners (mean age 44.97 ± 11.80 years) underwent perfusion and resting-state fMRI to assess acute cerebrovascular and post-acute network changes. Cerebral blood flow (CBF) was measured using arterial spin labelling during baseline and the interval of maximal subjective effects. Acute psychotropic effects were rated using an online Likert scale, ASC intensity was assessed immediately after breathwork with the 5-Dimensional Altered States of Consciousness (5D-ASC) scale. HVB induced a 45.5% reduction in global grey matter cerebral blood flow (CBF; 29.81 ± 7.58 vs. 16.24 ± 4.35 ml/100 g/min; t(29) = -10.69, p < 0.001), accompanied by increased heart and respiratory rate. Default mode network (DMN) functional connectivity (FC) did not change significantly at the group level. In further exploratory analyses, greater decreases in DMN FC (pre - post breathwork) predicted higher 5D-ASC rating (β = -4.88, p < 0.05) in analyses using global signal regression, though this association was not significant without global signal regression (p = 0.75). CBF reductions were not associated with ΔDMN-FC or 5D-ASC ratings. HVB produces marked global cerebral hypoperfusion without systematic DMN FC changes, suggesting that hypoperfusion and network dynamics may represent partially dissociable mechanisms underlying breathwork-induced ASC. As a controllable, non-pharmacological means of inducing ASC, HVB may hold promise as a psychotherapeutic and psychedelic-adjacent intervention.",https://pubmed.ncbi.nlm.nih.gov/42542287/,,,stroke,(Stroke[MeSH] OR stroke[tiab] OR brain ischemia[tiab] OR cerebrovascular[tiab]) AND (treatment[tiab] OR intervention[tiab] OR therapy[tiab]),2026-08-05T18:00:54+00:00,,,,,
PMID_42542249,PubMed,42542249,,10.1016/j.neuint.2026.106233,CSF-1 promotes microglial proliferation and ameliorates ischemic brain injury.,"Deng, Shiji; Li, Qi; Liu, Pinyi; Cao, Xiang; Zhang, Siyuan; Xia, Shengnan; Bao, Xinyu; Wang, Tingting; Li, Huiya; Xu, Yun",Neurochemistry international,2026,"Microglia play a pivotal role in the pathophysiology of ischemic stroke, with substantial microglial demise occurring following cerebral ischemia. This study examined whether colony-stimulating factor 1 (CSF-1) and interleukin-34 (IL-34), ligands of the colony-stimulating factor 1 receptor (CSF1R) critical for microglial survival, promote microglial proliferation and ameliorate outcomes after ischemic stroke. In a mouse model of middle cerebral artery occlusion (MCAO), endogenous CSF-1 levels showed dynamic changes within the first 24 hours post-ischemia. Administration of CSF-1, but not IL-34, significantly improved neurological outcomes and reduced infarct volume. CSF-1 treatment was associated with a less reactive microglial morphology and an anti-inflammatory, homeostatic microglial phenotype. In vitro, CSF-1 enhanced Ki67 expression in oxygen-glucose deprivation (OGD)-exposed microglia, while decreasing pro-inflammatory cytokine production and excessive phagocytosis of neuronal debris. Conditioned medium from CSF-1-treated microglia and co-culture experiments further indicated that increased microglial numbers contribute to reduced OGD-induced neuronal apoptosis. Collectively, these findings suggest that CSF-1 fosters a neuroprotective microglial phenotype during acute ischemia, highlighting its potential as a therapeutic agent to mitigate ischemic brain injury through modulation of microglial proliferation and inflammatory responses.",https://pubmed.ncbi.nlm.nih.gov/42542249/,,,stroke,(Stroke[MeSH] OR stroke[tiab] OR brain ischemia[tiab] OR cerebrovascular[tiab]) AND (treatment[tiab] OR intervention[tiab] OR therapy[tiab]),2026-08-05T18:00:54+00:00,,,,,
PMID_42542201,PubMed,42542201,,10.1016/j.apmr.2026.07.022,Evaluating the impact of high dose inpatient rehabilitation gait training on post stroke physical activity: A secondary analysis of a randomized controlled trial.,"Mackie, Paul; Hung, Stanley H; Klassen, Tara D; Eng, Janice J; DOSE research group",Archives of physical medicine and rehabilitation,2026,"OBJECTIVE: This secondary analysis aimed to determine if higher doses of inpatient step training affects physical activity levels 12 months post-stroke. A secondary aim sought to identify whether walking improvements during the subacute rehabilitation stage was predictive of 12-month physical activity.
DESIGN: Multi-site, assessor blinded, randomized controlled trial.
SETTING: Inpatient rehabilitation.
PARTICIPANTS: Stroke patients (<10 weeks post-stroke) admitted to inpatient rehabilitation with lower limb hemiparesis and able to walk 5 meters with or without assistance.
INTERVENTIONS: Participants admitted for subacute stroke rehabilitation were randomized to either: Control (usual therapy); DOSE 1, 4 weeks structured and progressive walking and aerobic exercise within usual therapy time (5 hours/week); or DOSE 2, 4 weeks of walking and aerobic exercises within usual therapy time, plus an additional session (2 sessions/day, 10 hours/week).
MAIN OUTCOME MEASURES: The treatment effect was examined on physical activity measured by daily steps at 12 months post-stroke. Longitudinal analysis determined predictors of 12-month physical activity based on subacute period change in six-minute walk test from rehabilitation admission (∼1 month post-stroke) to 4-weeks later.
RESULTS: Valid step data were available for 57 participants at 12-months. Participants were on average 54.91 ± 11.45 years, predominantly male (63%), and had impaired mobility (gait speed; 0.41 ± 0.24). There were no group effects on physical activity at 12 months after stroke. Twelve-month physical activity was relatively high (7020 steps/day) across the 3 groups. Longitudinal analysis showed a significant association between change in six-minute walk test during inpatient rehabilitation and combined 12-month physical activity post-stroke (estimated effect: 15.80, 95% Confidence Intervals: 7.06 - 24.54).
CONCLUSION: Higher walking doses at inpatient rehabilitation did not impact 12-month physical activity. Longitudinal analysis found a positive association with change in distance walked and 12-month physical activity levels, with a gain of 15.8 steps 12 months post-stroke per meter walked.",https://pubmed.ncbi.nlm.nih.gov/42542201/,,,stroke,(Stroke[MeSH] OR stroke[tiab] OR brain ischemia[tiab] OR cerebrovascular[tiab]) AND (treatment[tiab] OR intervention[tiab] OR therapy[tiab]),2026-08-05T18:00:54+00:00,,,,,
PMID_42542110,PubMed,42542110,,10.1016/j.bj.2026.101020,More than just numbers: the expanding burden of non-communicable diseases.,"Kattner, Aila Akosua",Biomedical journal,2026,"Non-communicable diseases (NCDs) account for a major share of global mortality and disability, while their development and outcomes reflect interactions among behavioral, metabolic, socioeconomic, environmental, infectious, and non-modifiable factors. This issue of the Biomedical Journal highlights the breadth of contemporary research across NCD epidemiology, mechanisms, diagnosis, prevention, and treatment. A study from northern Peninsular Malaysia examines age- and sex-specific patterns in the burden of cardiovascular disease, respiratory disease, and diabetes, while a review considers the complex association between diabetes, vascular complications, and dementia. Further reviews address strategies to improve glioblastoma vaccines through enhanced antigen presentation and combination immunotherapy, as well as ultrasound-guided interventions for adhesive capsulitis, including stage-specific and structure-oriented approaches to pain relief and functional recovery. The original articles explore a single-dose, non-waiting neoadjuvant immunotherapy strategy for resectable hepatocellular carcinoma; emerging evidence on problematic ChatGPT use; genomic surveillance following an outbreak of carbapenem-resistant Serratia marcescens; the stage-specific role of miR-7974 in colorectal cancer; and the potential diagnostic relevance of DEC-1 in ischemic stroke. Other contributions investigate extracorporeal shockwave therapy as a means of reducing inflammation in experimental psoriasis and Fu's subcutaneous needling as a potential modulator of mitochondrial quality control and inflammatory signaling in a rat model of sciatica. A correspondence exchange on molecular diagnostic platforms for primary mitochondrial diseases discusses the validation, sensitivity, terminology, clinical practicality, and particular advantages of long-read nanopore sequencing.",https://pubmed.ncbi.nlm.nih.gov/42542110/,,,stroke,(Stroke[MeSH] OR stroke[tiab] OR brain ischemia[tiab] OR cerebrovascular[tiab]) AND (treatment[tiab] OR intervention[tiab] OR therapy[tiab]),2026-08-05T18:00:54+00:00,,,,,
PMID_42541586,PubMed,42541586,PMC10326294,10.1016/j.apsb.2023.03.011,Research progress of traditional Chinese medicine interventions for aging-related nervous system diseases.,"Du, Xingyuan; Shen, Ziheng; Xu, Yuanhao; Song, Weichu; Guo, Yanan; Kou, Junping; Gong, Shuaishuai; Ren, Qianqian",Biogerontology,2026,"Aging-related neurological disorders, including stroke, Alzheimer's disease (AD), Parkinson's disease (PD), epilepsy, and various neuroinflammatory conditions, affect over three billion individuals worldwide and constitute leading causes of morbidity, disability, and socioeconomic burdens. Aging contributes not only to the increased incidence of these disorders but also to their progression through interconnected mechanisms, including endothelial dysfunction, oxidative stress, chronic inflammation, mitochondrial dysfunction, cellular senescence, metabolic imbalance, and gut microbiota dysbiosis. These processes collectively impair neuronal survival, synaptic plasticity, and cognitive and motor functions. Traditional Chinese medicine (TCM), with its characteristic multi-component and multi-target therapeutic strategies, has emerged as a promising approach to counteract age-associated neurological decline. Accumulating preclinical studies suggest that TCM interventions may exert neuroprotective, anti-inflammatory, and antioxidant effects, modulate autophagy, restore metabolic homeostasis, and potentially delay cellular senescence. However, high-quality clinical evidence on safety and efficacy remains limited. This review summarizes current insights into the molecular interplay between aging and neurological disorders and highlights the therapeutic potential of TCM in targeting hallmarks of aging, providing perspectives for integrative prevention and treatment strategies for neurodegenerative and neurovascular diseases.",https://pubmed.ncbi.nlm.nih.gov/42541586/,,,stroke,(Stroke[MeSH] OR stroke[tiab] OR brain ischemia[tiab] OR cerebrovascular[tiab]) AND (treatment[tiab] OR intervention[tiab] OR therapy[tiab]),2026-08-05T18:00:54+00:00,,,,,
PMID_42541501,PubMed,42541501,,10.1016/j.jacasi.2026.06.010,Prognosis by Renal Function With or Without Percutaneous Coronary Intervention in Non-ST-Segment Elevation Myocardial Infarction.,"Kim, Yong Hoon; Her, Ae-Young; Rha, Seung-Woon; Choi, Cheol Ung; Choi, Byoung Geol; Cho, Jung Rae; Kim, Min-Woong; Park, Ji Young; Shin, Eun-Seok; Kim, Ju Han; Ahn, Youngkeun; Kim, Hyo-Soo; Jeong, Myung Ho",JACC. Asia,2026,"BACKGROUND: Renal dysfunction increases adverse outcomes in non-ST-segment elevation myocardial infarction (NSTEMI), but evidence comparing percutaneous coronary intervention (PCI) with non-PCI by renal function is limited.
OBJECTIVES: The authors aimed to compare 3-year outcomes of PCI versus non-PCI by baseline renal function in NSTEMI.
METHODS: We stratified 15,255 NSTEMI patients by estimated glomerular filtration rate (eGFR; ≥90, 60-89, 30-59, and <30 mL/min/1.73 m2). Primary outcome was 3-year major adverse cardiac and cerebrovascular events (MACCE; defined as all-cause death, recurrent myocardial infarction, or stroke). Multivariable-adjusted Cox regression was performed. Median follow-up was 36.0 months (IQR: 36.0-36.0 months; 40,097 person-years).
RESULTS: Worsening renal function was associated with higher MACCE and mortality (all P < 0.001), except between eGFR ≥90 and 60-89. Compared with non-PCI, PCI was associated with lower adjusted risks in the eGFR 60-89, 30-59, and <30 strata, respectively, regarding MACCE (HR [95% CI]: 0.58 [0.47-0.71]; 0.66 [0.53-0.82]; 0.60 [0.48-0.75]), all-cause mortality (HR [95% CI]: 0.47 [0.37-0.60]; 0.57 [0.45-0.72]; 0.59 [0.47-0.76]), and cardiovascular mortality (HR [95% CI]: 0.48 [0.34-0.66]; 0.53 [0.39-0.70]; 0.56 [0.41-0.75]) (all P < 0.001), but not in eGFR ≥90 MACCE (HR: 0.83 [95% CI: 0.64-1.07]; P = 0.158). Significant interaction was observed only for all-cause mortality (P = 0.044).
CONCLUSIONS: In NSTEMI, worsening renal function was associated with higher long-term adverse outcomes. PCI was associated with lower risks across most renal function strata, but not in eGFR ≥90.",https://pubmed.ncbi.nlm.nih.gov/42541501/,,,stroke,(Stroke[MeSH] OR stroke[tiab] OR brain ischemia[tiab] OR cerebrovascular[tiab]) AND (treatment[tiab] OR intervention[tiab] OR therapy[tiab]),2026-08-05T18:00:54+00:00,,,,,
PMID_42541271,PubMed,42541271,PMC4723057,10.1007/s002340050589,"Cryptococcus gattii CNS infection presenting as a periaqueductal ""soap-bubble"" lesion causing obstructive hydrocephalus with refractory CSF diversion.","Mittal, Anisha; Gone, Jayanthraj; Dos Santos, Alex A; Kumar, Gaurav",Radiology case reports,2026,"Cryptococcosis is a potentially systemic fungal infection that may present in both immunocompetent and immunocompromised individuals, of which Cryptococcus gattii is the rarer cause. The most severe form of cryptococcosis involves the CNS. We present a case of C. gattii infection of the CNS in a 63-year-old male presenting to the emergency department mainly for a ground level fall, declining physical and mental activity, and constitutional symptoms. Initial workup revealed sinus bradycardia, hypertension, moderate hyponatremia, and malnutritional immunocompromise. The initial brain MRI with and without contrast showed a 2.1 × 1.6 × 1.4 cm complex, multicystic, necrotic, heterogeneously enhancing lesion (""soap-bubble"" appearance) occupying the left posteromedial thalamus, tectum, and periaqueductal region slightly crossing the midline with dilation of the lateral and third ventricles. Management for stroke concern was conducted, VP shunt was placed, and C. gattii was found in samples from bronchoscopy and lumbar puncture. Antifungal therapy was started, but worsening findings on repeat neuroimaging required intensive care and external ventricular drain placement with unchanged subsequent imaging findings. Despite intravenous steroids for intracranial edema and prophylaxis for seizures, the patient progressively declined overall. Ultimately, prognosis was guarded, leading to discharge with hospice care. On a whole, this case captures notable imaging characteristics of C. gattii CNS infection involving invasive interventions, which very few cases have accomplished thus far. Particularly, it highlights the phenomenon of a ""soap-bubble"" lesion causing obstructive hydrocephalus, which is uncommon.",https://pubmed.ncbi.nlm.nih.gov/42541271/,,,stroke,(Stroke[MeSH] OR stroke[tiab] OR brain ischemia[tiab] OR cerebrovascular[tiab]) AND (treatment[tiab] OR intervention[tiab] OR therapy[tiab]),2026-08-05T18:00:54+00:00,,,,,
PMID_42540680,PubMed,42540680,PMC11380192,10.1016/j.copbio.2021.02.008,Research Progress on the Multitarget Mechanisms of Terpenoids in the Treatment of Ischemic Stroke.,"Yang, Jiao; Wang, Zhifeng; Shi, Ting; Wu, Shiyuan; He, Pengfen; Han, Yuxin; Tian, Daman; Xu, Shuangfeng; Lan, Junfeng; Xi, Yujiang; Pan, Pan; Wang, Jian",Stroke research and treatment,2026,"Cerebral ischemic stroke (CIS) is an acute cerebrovascular disease associated with high morbidity and disability rates. It is characterized by neurological damage caused by the interruption of cerebral blood flow, often accompanied by sequelae such as motor dysfunction and cognitive decline, which seriously affect the quality of life of patients. Despite continuous advancements in treatment methods, challenges persist, such as time window constraints, limited efficacy, and potential adverse reactions. Therefore, finding more proactive and effective treatment approaches has become an urgent problem to be solved. The mechanism of action of terpenoids is not a simple single-target inhibition. Essentially, it lies in the systematic remodeling of the postischemic neural microenvironment. The pathophysiological process of CIS involves complex cascades, including energy failure, excitotoxicity, oxidative stress, neuroinflammation, disruption of the blood-brain barrier, multiple cell death pathways, mitochondrial dysfunction, and impairment of nerve repair. Terpenoids can intervene in ischemic stroke through a dual-mechanism approach of direct neuroprotection and indirect microenvironment regulation by targeting key nodes within the abovementioned pathological network, ultimately achieving the protection and restoration of neural function. The aim of this review was to deepen the understanding of the therapeutic value of terpenoids in stroke; from an integrated perspective, it revealed the scientific essence of the multitarget synergistic effects of natural products, thereby providing a theoretical cornerstone and an innovative direction for the development of next-generation drugs for treating stroke.",https://pubmed.ncbi.nlm.nih.gov/42540680/,,,stroke,(Stroke[MeSH] OR stroke[tiab] OR brain ischemia[tiab] OR cerebrovascular[tiab]) AND (treatment[tiab] OR intervention[tiab] OR therapy[tiab]),2026-08-05T18:00:54+00:00,,,,,
PMID_42540601,PubMed,42540601,PMC5670503,10.5114/aoms/218491,Effects of tai chi on balance function among stroke patients: a meta-analysis.,"Qin, Xiaohui; Jiang, Meilin; Lin, Haiqun; Hu, Caixia; Huang, Jinke",Archives of medical science : AMS,2026,"INTRODUCTION: Impaired balance is a common and debilitating sequela among stroke survivors. Tai chi (TC), a traditional mind-body exercise, has emerged as a promising rehabilitative intervention. This meta-analysis aimed to quantitatively evaluate the effects of TC on balance function in post-stroke patients.
METHODS: A systematic literature search was conducted across eight electronic databases (PubMed, Embase, Web of Science, Cochrane Library, CNKI, SinoMed, VIP, and Wanfang Data) from their inception until May 13, 2025, to identify relevant randomized controlled trials (RCTs). Eligible studies compared TC (as an adjunct or standalone therapy) with conventional rehabilitation therapy (CRT) in stroke patients, using balance-related outcomes as endpoints. Methodological quality was assessed using the Cochrane Risk of Bias tool. Statistical synthesis was performed using RevMan software (version 5.4).
RESULTS: Twenty RCTs involving 1296 participants were included. The pooled results demonstrated that, compared to CRT alone, the integration of TC with CRT led to significantly greater improvements across multiple balance measures: the Berg Balance Scale (mean difference [MD] = 6.17, 95% confidence interval [CI]: 5.19 to 7.15), the Fugl-Meyer Assessment scale (MD = 7.18, 95% CI: 4.14 to 10.23), the Timed Up-and-Go test (MD = -2.03, 95% CI: -3.65 to -0.41), the Functional Reach Test (MD = 2.81, 95% CI: 0.29 to 5.33), the Modified Fall Efficacy Scale (MD = 8.70, 95% CI: 4.36 to 13.04), and the Fall Risk Index (MD = -0.78, 95% CI: -1.22 to -0.34).
CONCLUSIONS: Current evidence suggests a beneficial effect of integrating TC with CRT for improving balance after stroke. However, due to methodological limitations and the overall quality of the included trials, these findings should be interpreted with caution. More rigorous and well-designed studies are needed before definitive clinical recommendations can be established.",https://pubmed.ncbi.nlm.nih.gov/42540601/,,,stroke,(Stroke[MeSH] OR stroke[tiab] OR brain ischemia[tiab] OR cerebrovascular[tiab]) AND (treatment[tiab] OR intervention[tiab] OR therapy[tiab]),2026-08-05T18:00:54+00:00,,,,,
PMID_42540578,PubMed,42540578,PMC5874361,10.4293/crsls.2026.00033,Rare Pyloric Stenosis in Mitochondrial Disease Treated with Hand-Assisted Laparoscopic Pyloromyotomy.,"Lee, Francis S; Lee, Christina W; Lee, Clare H; Hunley, Vincent",CRSLS : MIS case reports from SLS,2026,"Mitochondrial diseases are rare genetic disorders that affect the body's ability to produce energy at the cellular level. Because many organs rely heavily on mitochondrial function, these diseases can cause a wide range of symptoms involving the nervous system, muscles, heart, and gastrointestinal tract. Gastrointestinal complications are common and may include difficulty swallowing, gastroparesis, and intestinal motility disorders. Although pyloric stenosis has rarely been reported, mitochondrial dysfunction affecting gastrointestinal smooth muscle and enteric neuronal function provides a plausible mechanism for the development of gastric outlet obstruction and pyloric dysfunction, leading to severely limited nutritional intake, weight loss, and malnutrition. We present the case of a young woman with a mitochondrial encephalomyopathy, lactic acidosis, and stroke-like episodes (MELAS) variant who developed severe pyloric stenosis resulting in chronic gastric outlet obstruction and profound malnutrition. Her condition progressed to complete dependence on total parenteral nutrition (TPN) and was complicated by recurrent septicemia related to central line-associated bloodstream infections (CLABSI). After failing conservative treatment, she underwent laparoscopic hand-assisted pyloromyotomy with intraoperative esophagogastroduodenoscopy. Following surgery, her gastric emptying improved significantly, allowing her to regain weight and discontinue TPN. With her nutritional status and strength restored, she was able to resume normal activities and successfully complete her college education. This case demonstrates the significant gastrointestinal complications that can occur in mitochondrial disease and highlights the potential benefit of surgical intervention in selected patients with severe pyloric dysfunction.",https://pubmed.ncbi.nlm.nih.gov/42540578/,,,stroke,(Stroke[MeSH] OR stroke[tiab] OR brain ischemia[tiab] OR cerebrovascular[tiab]) AND (treatment[tiab] OR intervention[tiab] OR therapy[tiab]),2026-08-05T18:00:54+00:00,,,,,
PMID_42540577,PubMed,42540577,PMC12753428,10.1136/bjsports-2021-105195,Cross-sectional associations of metabolic risk indices and cardiometabolic multimorbidity among adults with depressive symptoms: evidence from China and the United Kingdom.,"Zhao, Jinghao; Li, Bojia; Shan, Qi; Yu, Junjie",Archives of medical science : AMS,2026,"INTRODUCTION: Depression is associated with cardiovascular disease, but the impact of metabolic markers on cardiometabolic multimorbidity (CMM) remains unclear. We examined the atherogenic index of plasma (AIP) and triglyceride-glucose index (TyG) in relation to CMM risk in depressed adults from the China Health and Retirement Longitudinal Study (CHARLS) and the English Longitudinal Study of Ageing (ELSA).
MATERIAL AND METHODS: We analyzed 3,225 depressed Chinese (CHARLS) and 353 UK (ELSA) individuals aged ≥ 50 years. CMM comprised diabetes, coronary heart disease, and stroke. Metabolic dysregulation was assessed using AIP and TyG indices. Multivariable logistic regression was used to examine the associations.
RESULTS: In CHARLS, the CMM group had significantly higher AIP (0.47 ±0.29 vs. 0.36 ±0.28) and TyG (8.96 ±0.72 vs. 8.65 ±0.62) than the non-CMM group (p < 0.001). In Model 3, each unit increase in AIP was associated with CMM risk (OR = 3.93, 95% CI: 2.91-5.33, p < 0.001), similarly for TyG (OR = 2.07, 95% CI: 1.82-2.36, p < 0.001). In the ELSA validation cohort, the CMM group also had higher TyG (p < 0.001) and AIP (p = 0.004). In Model 3, each unit increase in TyG was associated with CMM (OR = 2.46, 95% CI: 1.42-4.25, p = 0.001), similarly for AIP. Restricted cubic spline analysis showed a dose-response relationship.
CONCLUSIONS: AIP and TyG are independent predictors of CMM in depressed adults across different cultural contexts. These indices are promising, accessible tools for early risk stratification and targeted intervention to manage cardiometabolic multimorbidity in depression.",https://pubmed.ncbi.nlm.nih.gov/42540577/,,,stroke,(Stroke[MeSH] OR stroke[tiab] OR brain ischemia[tiab] OR cerebrovascular[tiab]) AND (treatment[tiab] OR intervention[tiab] OR therapy[tiab]),2026-08-05T18:00:54+00:00,,,,,
PMID_42540485,PubMed,42540485,PMC11067722,10.7759/cureus.111879,Gender-Specific Disparities in Outcomes of Transcatheter Aortic Valve Implantation/Repair in Patients With Aortic Stenosis: A Systematic Review.,"Cedeno, Henry; Akram, Ammara; Ansari, Anam Fatima; Eze, Belinda; Meghji, Mohammed Askari; Sithole, Ayibongwe; Thomas, Angelica; Mitra, Siddharth; Chauhan, Nadeem; Saleh, Zainab; Luthra, Tavsimran S; Razi, Sara; Patel, Nipa; Khan, Alina S",Cureus,2026,"Aortic stenosis caused by calcification and sclerosis of the left ventricular outflow tract is a life-threatening condition associated with a high risk of heart failure. Transcatheter aortic valve replacement (TAVR) is the definitive treatment for this condition. Gender-specific disparities influence post-procedural recovery, as women, despite generally having better long-term survival, have higher risks of short-term mortality, vascular complications, and major bleeding. Understanding these differences is essential for better post-operative care. We performed a comprehensive literature search of PubMed, Google Scholar, and the Cochrane Library using the keywords ""Gender Disparities,"" ""TAVR,"" ""Aortic Stenosis,"" and ""TAVI."" Studies published between 2015 and 2025 were screened, yielding 25 eligible studies. Quality assessment was conducted using the Newcastle-Ottawa Scale for cohorts and the Cochrane risk-of-bias tool for randomized controlled trials. Overall, the included studies demonstrated moderate to high methodological quality, ensuring reliability of the findings. Female patients undergoing TAVR showed better long-term survival, with seven studies reporting higher all-cause mortality in females (p <0.05) and six reporting a significantly higher mortality in males (p<0.05). Stroke and MACE outcomes were mixed; some studies reported a higher incidence in females (p<0.05), whereas others found no significant difference (p > 0.05). Females had significantly higher rates of vascular complications, major or life-threatening bleeding (p<0.05), and a smaller aortic valve annulus. Secondary outcomes, including new pacemakers and non-home discharge, showed variable significance between genders. Women undergoing TAVR demonstrate better long-term survival despite higher rates of vascular complications and bleeding. Further research is needed to confirm these gender-related differences and guide post-procedural management.",https://pubmed.ncbi.nlm.nih.gov/42540485/,,,stroke,(Stroke[MeSH] OR stroke[tiab] OR brain ischemia[tiab] OR cerebrovascular[tiab]) AND (treatment[tiab] OR intervention[tiab] OR therapy[tiab]),2026-08-05T18:00:54+00:00,,,,,
PMID_42540388,PubMed,42540388,PMC8999953,10.1016/j.jacc.2010.01.040,Clinical Burden of Post-ablation Atrial Fibrillation Recurrence in East Asia: A Systematic Literature Review.,"Liu, Jie; Liu, Hao; Yu, Dan; Chen, Tingyin; Qian, Zhaoxin; Chen, Yuting; Chen, Wendong; Shi, Ruizheng",Arrhythmia & electrophysiology review,2026,"AIM: This study aimed to systematically review and synthesise existing real-world evidence on the clinical characteristics and outcomes of patients with post-ablation AF recurrence in east Asia.
METHODS: Following the PRISMA guidelines, main Chinese- and English-language databases were searched for observational studies published from 2019 to 2024. Inclusion criteria targeted East Asian patients aged ≥18 years with post-ablation AF recurrence. Two independent reviewers conducted study selection, data extraction and quality assessment using the Newcastle-Ottawa Scale. Meta-analyses were performed using a random effects model to synthesise the extracted data.
RESULTS: A total of 68 studies involving 28,750 patients were included. Paroxysmal AF accounted for about half of the population (53.4%; 95% CI [47.8-58.9]). Common comorbidities included hypertension (52.6%; 95% CI [50.2-55.0]), coronary artery disease (17.2%; 95% CI [12.9-22.5]) and diabetes (16.8%; 95% CI [14.9-18.8]). The AF recurrence rates after repeat ablation (21.4%; 95% CI [16.6-27.1]) and antiarrhythmic drug therapy (19.6%; 95% CI [18.0-21.2]) were similar. Recurrence was higher in patients with late recurrence (32.6%; 95% CI [26.9-38.8]) than those with early recurrence (21.5%; 95% CI [17.9-25.6]). The pooled 3-year incidence of major events included heart failure hospitalisation (3.2%; 95% CI [2.8-3.6]), ischaemic stroke (1.2%; 95% CI [0.9-1.7]) and cardiovascular-related death (0.3%; 95% CI [0.1-0.5]).
CONCLUSION: Post-ablation AF recurrence in East Asia imposes a considerable disease burden with high recurrence rates even after repeated ablation or antiarrhythmic drug therapy. The presence of prevalent comorbidities and measurable risks of morbidity and mortality further contribute to the long-term clinical and economic burdens of AF.",https://pubmed.ncbi.nlm.nih.gov/42540388/,,,stroke,(Stroke[MeSH] OR stroke[tiab] OR brain ischemia[tiab] OR cerebrovascular[tiab]) AND (treatment[tiab] OR intervention[tiab] OR therapy[tiab]),2026-08-05T18:00:54+00:00,,,,,
PMID_42540341,PubMed,42540341,PMC10968032,10.1016/j.pacs.2026.100862,Water-sensitive photoacoustic temperature characterization at 960 nm in cerebral vascular phantoms with CT co-registration.,"Chai, Chengpeng; Wang, Kaiyu; Chen, Linke; Zhang, Jinling; Mao, Yufei; Ren, Xiaodi; Li, Zhengyang; Jin, Feiyan; Chen, Yun-Hsuan; Lei, Liang; Sawan, Mohamad",Photoacoustics,2026,"Precise temperature monitoring is important for thermal therapy, vascular physiology, and brain function research. Photoacoustic thermometry often relies on hemoglobin-related wavelengths and is easily affected by hemoglobin concentration, oxygenation, and optical fluence. Here, we propose and validate a water-sensitive photoacoustic thermometry strategy at 960 nm in cerebrovascular phantom configurations containing a straight human whole-blood channel, with and without a bone-like shell. CT-guided registration enabled structurally constrained ROI analysis. Although frame-by-frame PAI signals fluctuated, clear temperature-dependent trends were preserved and strengthened by statistical aggregation. In the phantom without the bone-like shell, 0.1°C temperature-binned median aggregation yielded an apparent calibration R2 of 0.996 and a temperature inversion RMSE of 0.08°C; after 100-frame averaging, the noise-equivalent temperature difference decreased to 0.124°C. For the phantom with a bone-like shell, an R2 > 0.976 and an RMSE of 0.13°C were still achieved, supporting robust 960 nm photoacoustic thermometry in hemoglobin-containing cerebrovascular phantom environments.",https://pubmed.ncbi.nlm.nih.gov/42540341/,,,stroke,(Stroke[MeSH] OR stroke[tiab] OR brain ischemia[tiab] OR cerebrovascular[tiab]) AND (treatment[tiab] OR intervention[tiab] OR therapy[tiab]),2026-08-05T18:00:54+00:00,,,,,
PMID_42539642,PubMed,42539642,PMC12065266,10.1186/s13643-025-02819-x,Assessing efficacy and safety of dynamic scalp acupuncture for post-stroke rehabilitation: systematic review and meta-analysis protocol.,"An, Sang-Joon; Shin, Woo-Chul; Song, Jungbin; Cho, Jae-Heung; Chung, Won-Seok; Song, Mi-Yeon; Kim, Hyungsuk",Frontiers in neurology,2026,"UNLABELLED: Stroke is a leading cause of long-term disability worldwide highlighting the need for effective rehabilitation strategies to improve functional recovery. Dynamic Scalp Acupuncture (DSA), which combines scalp acupuncture with concurrent task-oriented training, has emerged as a potentially beneficial intervention for stroke rehabilitation. However, evidence regarding DSA has not been systematically synthesized as a distinct task-integrated rehabilitation approach. This protocol outlines a systematic review and meta-analysis of randomized controlled trials (RCTs) to evaluate the efficacy and safety of DSA in stroke rehabilitation. This study will be conducted in accordance with the Preferred Reporting Items for Systematic Review and Meta-Analysis Protocols (PRISMA-P) guidelines. A comprehensive literature search will be performed in international databases, including PubMed, Embase, the Cochrane Central Register of Controlled Trials, and the Cumulative Index to Nursing and Allied Health Literature; Chinese databases, including the China National Knowledge Infrastructure and Wanfang; and Korean databases, including the Research Information Sharing Service, Korean Studies Information Service System, and Korea Medical database. Eligible studies will be RCTs evaluating DSA either as a standalone intervention or as an adjunct to conventional rehabilitation in adults with stroke. The primary outcome will be motor function. Secondary outcomes will include activities of daily living and adverse events, while exploratory outcomes will include neurological impairment, balance, spasticity, health-related quality of life, and depression. Two reviewers will independently conduct study selection, data extraction, and risk-of-bias assessment using the Cochrane Risk of Bias 2 tool. Where appropriate, meta-analyses will be performed using a random-effects model, and the certainty of evidence will be assessed using the Grading of Recommendations. Assessment, Development, and Evaluation approach. This systematic review is expected to provide up-to-date evidence on the efficacy and safety of DSA for stroke rehabilitation. The findings may inform clinical practice and policy, and help guide future research.
SYSTEMATIC REVIEW REGISTRATION: https://www.crd.york.ac.uk/PROSPERO/view/CRD420251117520, Identifier CRD420251117520.",https://pubmed.ncbi.nlm.nih.gov/42539642/,,,stroke,(Stroke[MeSH] OR stroke[tiab] OR brain ischemia[tiab] OR cerebrovascular[tiab]) AND (treatment[tiab] OR intervention[tiab] OR therapy[tiab]),2026-08-05T18:00:54+00:00,,,,,
PMID_42539626,PubMed,42539626,PMC11356848,10.3390/nu16162660,Sodium oligomannate reduces cerebral infarction and improves neurological function through microbiota remodeling in MCAO/R rats.,"Han, Jin; Zhao, Wei; Deng, Rui; Wang, Yu; Gong, Wenping; Wang, Zitong; Sun, Guangqiang; Liu, Hongchun; Geng, Meiyu; Zhang, Yu",Frontiers in pharmacology,2026,"BACKGROUND: Ischemic stroke is the second leading cause of death worldwide, characterized by high mortality and a narrow therapeutic window for thrombolysis. Gut microbiota dysbiosis and gliosis following ischemic stroke are key drivers of post-stroke neurological impairment. Sodium oligomannate (GV-971) is a low-molecular-weight acidic oligosaccharide that targets the gut-brain axis. It alleviates gliosis and improves cognitive dysfunction by remodeling gut microbiota in Alzheimer's disease. However, it is still unknown whether GV-971 has pharmacological activity against ischemic stroke.
METHODS: Here, we explore the efficacy of GV-971 on infarct volume, gliosis, blood-brain barrier integrity, gut microbiota composition, and post-stroke cognitive impairment (PSCI) using a middle cerebral artery occlusion/reperfusion (MCAO/R) model in male Sprague-Dawley rats.
RESULTS: Administer medication before surgery for 4 consecutive days and once after surgery, after stroke 24-hour triphenyltetrazolium chloride (TTC) staining revealed that 0.3 mg/kg GV-971 significantly reduced infarct volume in ischemic brain tissue from 37.81±2.391% to 13.30±4.801% and neurological impairment score of GV-971 treatment significantly decreased from 11.50±0.54 to 7.29±1.47. After stroke 24-hour immunofluorescence analysis of glial activation confirmed that GV-971 significantly reduced central inflammatory responses. Western blot combined with Evans blue staining collectively demonstrated that after stroke 24-hour, GV-971 exerts a significant protective effect on the blood-brain barrier. In the gut, GV-971 reversed microbial dysbiosis, as revealed by shotgun metagenomics, enhanced intestinal barrier integrity, and suppressed colonic inflammation. Antibiotic depletion abolished GV-971's neuroprotective effect, while fecal microbiota transplantation from GV-971-treated donors restored protection, supporting a microbiota-dependent contribution. Furthermore, GV-971-treated rats subjected to MCAO/R exhibited significant improvements in motor and cognitive function. For example, on day 35, Y-maze test results indicated that GV-971 administered either before MCAO/R (pre-treatment) or during the perioperative period (co-treatment) increased spontaneous alternation rate from 60.95±4.91% to 85.60±6.32% and 85.64±5.027%. On day 32, novel object recognition assay results indicated that GV-971 treatment increased new-object exploration from 0.2039±0.03752 to 0.3991±0.1122 (pre-treatment) and 0.5066±0.06982 (co-treatment). On day 42, Barnes maze test results indicated that GV-971 treatment reduced the time required to locate the target hole from 76.45±17.41s to 31.03±20.75 s and 33.37±19.30 s for pre- and co-treatment, respectively.
CONCLUSION: Taken together, GV-971 demonstrated neuroprotective potential in experimental ischemic stroke.",https://pubmed.ncbi.nlm.nih.gov/42539626/,,,stroke,(Stroke[MeSH] OR stroke[tiab] OR brain ischemia[tiab] OR cerebrovascular[tiab]) AND (treatment[tiab] OR intervention[tiab] OR therapy[tiab]),2026-08-05T18:00:54+00:00,,,,,
PMID_42539479,PubMed,42539479,PMC11175634,10.1212/wnl.0000000000209323,Imaging patterns of hemorrhagic transformation after tenecteplase versus alteplase in real-world practice.,"Guo, Shijie; Zhang, Dong; Zong, Ying; Huang, Dongrui; Liu, Lingyun; Yue, Yunhua",Frontiers in neurology,2026,"BACKGROUND: While randomized trials have demonstrated noninferiority of tenecteplase compared with alteplase in terms of functional outcomes and symptomatic intracranial hemorrhage (sICH), differences in hemorrhagic imaging phenotypes remain insufficiently explored in real-world practice.
METHODS: We conducted a retrospective real-world cohort study of consecutive patients with acute ischemic stroke treated with intravenous thrombolysis between January and December 2025. The primary endpoint was ordinal shift in hemorrhagic transformation severity according to the Heidelberg Bleeding Classification (HBC). Secondary endpoints included sICH. Multivariable logistic regression was performed to identify independent predictors of hemorrhage.
RESULTS: A total of 95 patients were included (alteplase n = 41; tenecteplase n = 54). Baseline characteristics were largely comparable between groups. No significant difference in sICH incidence was observed. Although remote hemorrhagic phenotypes were numerically more frequent in the tenecteplase group, no significant ordinal shift was detected between treatment groups. In multivariable analysis, higher baseline NIHSS score (OR 1.10, 95% CI 1.02-1.18, p = 0.013) and longer ONT (OR 1.12 per 10 min, 95% CI 1.02-1.23, p = 0.016) were independently associated with intracranial hemorrhage, whereas thrombolytic agent type was not.
CONCLUSION: In this small exploratory real-world cohort, tenecteplase was not associated with an obvious increase in hemorrhagic events compared with alteplase. However, because of the limited sample size and small number of severe hemorrhagic events, these findings should be interpreted as preliminary and hypothesis-generating. Imaging-based classification using the Heidelberg framework did not reveal a significant shift toward more severe hemorrhagic phenotypes.",https://pubmed.ncbi.nlm.nih.gov/42539479/,,,stroke,(Stroke[MeSH] OR stroke[tiab] OR brain ischemia[tiab] OR cerebrovascular[tiab]) AND (treatment[tiab] OR intervention[tiab] OR therapy[tiab]),2026-08-05T18:00:54+00:00,,,,,
PMID_42539446,PubMed,42539446,PMC4522392,10.1037/hea0000657,Adapting a Poststroke Sedentary Behavior Intervention for Remote Delivery: Lessons from a Formative Descriptive Case Series.,"Kringle, Emily; Jahnke, Karli; Badu, Amos; Walsh, Jessica; Skidmore, Elizabeth R; Lakshminarayan, Kamakshi; Gibbs, Bethany Barone; Lewis, Beth",Telemedicine reports,2026,"INTRODUCTION: Activating Behavior for Lasting Engagement (ABLE) is a conversation-based intervention designed to reduce poststroke sedentary time. Remote delivery may overcome access barriers but requires adaptations to promote participant engagement and safety. We explored the feasibility of delivering ABLE remotely (teleABLE) using synchronous videoconferencing.
METHODS: Community-dwelling ambulatory stroke survivors (N = 11) were enrolled in this descriptive case series. Pre- and post-test measures of sedentary time (accelerometry), activity engagement (Activity Card Sort 3), and health-related quality of life (EuroQOL-5D-5L) were completed at weeks 0 and 8. Participants completed 12 sessions teleABLE sessions and two semi-structured interviews (mid- and postintervention). Feasibility metrics were documented and assessed against a priori benchmarks. Changes in clinical outcomes were reported descriptively. Framework analysis was applied to interview data to contextualize quantitative findings.
RESULTS: Most stroke survivors (median age = 56.5 years, median chronicity = 6.2 months poststroke) were retained through postintervention (90.9%). Feasibility benchmarks for safety (0 severe adverse events), participant satisfaction (Client Satisfaction Questionnaire-8 score = 3.7 vs. 3.0), and session frequency (1.7 sessions per week vs. 1.5) were met. Some participants experienced within-person change in sedentary time, activity engagement, and health-related quality of life. Participants characterized teleABLE as a useful planning process that contributed to re-engagement in activities and improved mental health.
CONCLUSION: Intervention adaptations focused on structures to support participant engagement and safety during remotely delivered intervention. Clinical outcomes and qualitative data suggest that teleABLE may contribute to psychosocial outcomes such as disability adjustment and mental well-being. Future research is required to determine the efficacy of teleABLE.",https://pubmed.ncbi.nlm.nih.gov/42539446/,,,stroke,(Stroke[MeSH] OR stroke[tiab] OR brain ischemia[tiab] OR cerebrovascular[tiab]) AND (treatment[tiab] OR intervention[tiab] OR therapy[tiab]),2026-08-05T18:00:54+00:00,,,,,
PMID_42539438,PubMed,42539438,PMC4976950,10.1016/j.hrthm.2025.03.1958,"Colchicine in atrial fibrillation: mechanisms, highlights, and current evidence.","Guo, Xiao-Xue; Zhang, Chu; Wang, Hai-Juan; Wang, Zhao-Fen; Chang, Peng",Frontiers in pharmacology,2026,"Currently, the global incidence of atrial fibrillation (AF) is rising, and its associated complications, such as stroke, heart failure, and thromboembolism, severely impair patients' quality of life and increase mortality and healthcare burdens. With the in-depth investigation into the mechanisms underlying the initiation and maintenance of AF, apart from classic mechanisms such as electrical remodeling, structural remodeling and autonomic nervous system dysfunction, the role of inflammatory response in the pathogenesis of AF has attracted increasing attention. Colchicine has been used as an anti-inflammatory agent for the treatment of gout and familial Mediterranean fever for many years, and it has shown favorable safety and tolerability. With continuous research, it has also demonstrated great potential in cardiovascular diseases and has been applied to the treatment and prevention of pericarditis and coronary heart disease. This article aims to summarize the mechanisms underlying colchicine's prevention of AF, discuss dosage applications for AF, outline the accumulated evidence for colchicine in preventing AF across different surgical types and disease categories, and provide an outlook on future research directions.",https://pubmed.ncbi.nlm.nih.gov/42539438/,,,stroke,(Stroke[MeSH] OR stroke[tiab] OR brain ischemia[tiab] OR cerebrovascular[tiab]) AND (treatment[tiab] OR intervention[tiab] OR therapy[tiab]),2026-08-05T18:00:54+00:00,,,,,
PMID_42539380,PubMed,42539380,PMC12993347,10.1136/bmjgh-2025-019592,Screening for atrial fibrillation in older adults in primary care: a cross-sectional pilot study in Qatar.,"Alnuaimi, Ahmed Sameer; Ahmad, Shahid; Syed, Abdullah; Khan, Babur; Ahmed, Zaheer; Hameed, Tahir; Syed, Muslim Abbas; Syed, Mohamed Ahmed",Frontiers in public health,2026,"BACKGROUND: Atrial fibrillation (AF) is the most common arrhythmia in clinical practice, and its prevalence is increasing in aging populations. It is a leading cause of acute stroke, heart failure, and other cardiovascular morbidities. AF is often asymptomatic and is frequently diagnosed late, typically after a patient presents with acute stroke. Early detection and treatment can prevent such life-threatening events, making AF screening a public health priority. However, diagnosing asymptomatic AF remains challenging. While international guidelines recommend AF screening, Qatar lacks documented prevalence data and formal screening programs. This study aimed to assess the feasibility of an AF screening program for older adults in Qatar.
METHODS: A cross-sectional study was conducted among individuals aged ≥65 years registered with the Primary Health Care Corporation (PHCC)-Qatar, which serves approximately 70% of Qatar's population. A simple random sample of 139 to 385 individuals was determined to ensure a sampling error of 5% to 3%, assuming a 10% AF prevalence. The participants underwent screening via standard ECG tracing that were reviewed independently by both the family physicians and a cardiologist.
RESULTS: The prevalence of AF among the study population was 5.4%. Newly diagnosed cases accounted for 2% of the 249 participants screened. All newly detected patients had CHA2DS2-VA scores indicating the need for anticoagulant therapy to reduce stroke risk. Furthermore, compared with cardiologists, the family physicians in primary care successfully identified 75% of AF cases through ECG.
CONCLUSIONS: If implemented nationally among individuals aged ≥65 years, the screening program could identify 747 undiagnosed AF cases among the 37,371. AF screening for individuals aged ≥75 years appears to provide an effective strategy for reducing the cost and supporting the implementation of a targeted screening strategy in Qatar.",https://pubmed.ncbi.nlm.nih.gov/42539380/,,,stroke,(Stroke[MeSH] OR stroke[tiab] OR brain ischemia[tiab] OR cerebrovascular[tiab]) AND (treatment[tiab] OR intervention[tiab] OR therapy[tiab]),2026-08-05T18:00:54+00:00,,,,,
PMID_42539295,PubMed,42539295,PMC2881642,10.1161/circoutcomes.116.003242,EMS Prenotification to Teleneurologists and Continuous Evaluation: The Impact on Telestroke Metrics.,"Sambursky, Jacob A; McDonald, Mark; Mayer, Laurie; Vidgop, Yelena; Figurelle, Morgan; McCoy, Megan; Collins, Oleg; Gao, Lan; Sevilis, Theresa",Telemedicine reports,2026,"BACKGROUND: Early initiation of intravenous thrombolytics for treatment of acute stroke leads to improved functional outcomes. Published guidelines aim to reduce door-to-needle (DTN) times in both prehospital and hospital settings without specific consideration of telestroke. Over the last decade, telestroke has become increasingly more common to provide emergency stroke care worldwide but published guidelines on specific practices have yet to be established. The implementation of EMS prearrival notifications, neurologic evaluation and thrombolytic administration in the CT imaging suite (CIS) are utilized as best practices by some programs.
METHODS: We utilized the Telecare by TeleSpecialistsTM database to investigate the impact of these practices on DTN times and thrombolytic treatment rates. Hospitals participating in all recommended Best Practices were considered the investigative group and those hospitals participating in all Best Practices except the variable of interest were considered the control group. Shapiro-Wilk, Mann-Whitney U, and Pearson's chi-squared tests were used when appropriate.
RESULTS: Pre-notification was associated with an 8-min reduction in DTN times (p = 0.0026) and 3.7% increase in thrombolytic treatment rates (p = 0.0016). Evaluation by the neurologist in the CIS was associated with a reduction in DTN times (6-min reduction, p = 0.0192) and increase in thrombolytic administration rates (1.46% increase, p = 0.0361). Implementing administration of IV thrombolytic in the CIS was associated with similar benefits (3-min reduced DTN times, p = 0.0176; 2.87% increase in thrombolytic treatment rate, p < 0.0001).
CONCLUSION: Overall, these best practices reduced DTN times and improved treatment rates supporting their integration into telestroke practices globally.",https://pubmed.ncbi.nlm.nih.gov/42539295/,,,stroke,(Stroke[MeSH] OR stroke[tiab] OR brain ischemia[tiab] OR cerebrovascular[tiab]) AND (treatment[tiab] OR intervention[tiab] OR therapy[tiab]),2026-08-05T18:00:54+00:00,,,,,
PMID_42539096,PubMed,42539096,PMC3824598,10.1038/s41380-026-03607-2,Fibrinogen as a Driver of Oxidative Stress and Apoptosis in the Fetal Brain After Maternal Influenza.,"Gonzalez-Ricon, Rafael J; Rigal, Fernando J; Chalen, Izan; Antonson, Adrienne M",Research square,2026,"Maternal infection during pregnancy has been associated with increased risk for adverse neurodevelopmental outcomes, yet the mechanisms linking maternal inflammation to fetal brain vulnerability remain under active investigation. Here, we used a mouse-adapted gestational influenza A virus (IAV; X31) model of maternal immune activation to assess cerebrovascular leakage of fibrinogen, fibrinogen-microglia colocalization, oxidative stress-related responses, and cell death in fetal brains. Maternal IAV infection induced classic sickness symptoms and fetoplacental growth restriction, reflected by reduced fetal weight, crown-to-rump length, and placental weight. In the fetal brain, maternal flu increased fibrinogen accumulation in the subventricular zone (SVZ), while fibrinogen-microglia colocalization increased in the SVZ, thalamus-third ventricle interface, and whole hemisphere, suggesting broad fibrinogen-microglia proximity. These changes were accompanied by increased Iba1⁺/p47 phox⁺ cell density in the same regions, consistent with greater microglial oxidative state. Because these regions contain neurogenic SOX2⁺ progenitors, we assessed whether fibrinogen accumulation and increased oxidation coincided with altered progenitor maintenance or survival. Although fetal SOX2⁺ neural progenitor density was not broadly altered by maternal flu, apoptosis analyses revealed a treatment- and sex-biased vulnerability, with males from IAV-infected dams demonstrating increased cell death, particularly within SOX2⁺ progenitors. Consistent with these in vivo findings, conditioned medium from fibrin-stimulated BV-2 microglia-like cells increased neural progenitor cell death in vitro , including amongst SOX2⁺ populations. Together, these findings support a framework in which maternal IAV-induced inflammation contributes to fibrinogen accumulation, microglial oxidative stress, and male-biased neural progenitor vulnerability in fetal brain regions critical for neurodevelopment.",https://pubmed.ncbi.nlm.nih.gov/42539096/,,,stroke,(Stroke[MeSH] OR stroke[tiab] OR brain ischemia[tiab] OR cerebrovascular[tiab]) AND (treatment[tiab] OR intervention[tiab] OR therapy[tiab]),2026-08-05T18:00:54+00:00,,,,,
PMID_42538997,PubMed,42538997,PMC13419511,10.64898/2026.07.20.738977,MicroRNA-223 Enhances Microglia-Dependent Clearance of Amyloid Beta Plaques and Ameliorates Behavioral Deficits in a Mouse Model of Alzheimer's Disease.,"Krunic, Andre; Umesh Ganesh, Nikkitha; Coskun, Ugur; Brennan, William; Patel, Chandani; Joshi, Ojasi; Lee, Jane; Gu, Tori Shiyang; Caruso, Jaclyn; O'Connell, Aoife; Lisboa, Charles; Crossland, Nicholas; Kurkela, Margareta; Julia, Tcw; Fowler, Abigail; Tay, Tuan Leng; Fischer, Andre; Delalle, Ivana; Blusztajn, Jan K; Mellott, Tiffany J",bioRxiv : the preprint server for biology,2026,"The Alzheimer's disease (AD) brain is characterized by dysregulated expression of multiple microRNAs (miRNA), positioning them as promising diagnostic and therapeutic targets. The levels of glia-enriched miR-223 are abnormal in the brains and plasma of AD patients and miR-223 is neuroprotective in models of stroke. However, whether miR-223 can be beneficial in AD is not known. Here, we report that intracerebroventricular (ICV) injection of miR-223 oligonucleotide mimic alleviated cognitive impairment, reduced amyloid beta (Aβ) pathology, and ameliorated the defects in synaptic marker expression in App NL-G-F AD model mice. Mechanistically, miR-223 induced microglial clustering around Aβ plaques with a concomitant upregulation of microglial phagocytic receptors AXL, TREM2 and CD11c, while pharmacological microglial depletion abolished the plaque-clearance phenotype. Moreover, in human iPSC-derived microglia miR-223 directly targeted multiple genes in the endo-lysosomal pathway, including AD risk gene SPPL2A , indicating that it acts as a major regulator of microglial phenotype. Lastly, long-term AAV-mediated overexpression of miR-223 recapitulates its beneficial effects on cognition, pathology, and synaptic marker expression. Our study demonstrates a novel approach for the treatment of AD using miR-223 and highlights the potential of RNAi-based therapeutics in neurodegenerative disease.",https://pubmed.ncbi.nlm.nih.gov/42538997/,,,stroke,(Stroke[MeSH] OR stroke[tiab] OR brain ischemia[tiab] OR cerebrovascular[tiab]) AND (treatment[tiab] OR intervention[tiab] OR therapy[tiab]),2026-08-05T18:00:54+00:00,,,,,
PMID_42538741,PubMed,42538741,,10.1097/npt.0000000000000236,Safety of cardiac rehabilitation following cerebrovascular accident: a systematic review.,"Yacubovich, Dan; Eltman, Nicholas R; Raskin-Wish, Rebecca J; Patel, Rayna A; Swanson Ii, Randel L",Journal of osteopathic medicine,2026,"CONTEXT: The brain is highly vulnerable to circulatory disruptions, including cerebrovascular accident (CVA or stroke). Stroke survivors can benefit from cardiac rehabilitation (CR).
OBJECTIVES: This systematic review evaluated the safety and efficacy of CR in stroke survivors.
METHODS: PubMed and Embase databases were screened from 1993 to May 2025 for articles utilizing the Preferred Reporting Items for Systematic Reviews and Meta-Analyses (PRISMA) criteria. We included randomized controlled trials (RCTs), nonrandomized clinical trials/studies, cohort studies (prospective or retrospective), case-control studies, and large case series (≥10 participants). Two independent researchers screened articles utilizing the Participant, Interventions, Comparisons, Outcomes, and Study design (PICOS) criteria for inclusion in the review, and a third person was utilized to resolve any conflicts. Data were abstracted from selected studies to a structured spreadsheet, which included information on study characteristics, adverse events, withdrawals, and functional outcomes.
RESULTS: A total of 2,239 records were identified through database searching, including PubMed (n=2039) and Embase (n=200). After removal of duplicates (n=180), 2059 records underwent title and abstract screening. Of these, 1986 records were excluded, and 73 studies were sought for retrieval. Of the 73 studies, 9 were not retrieved. The remaining 64 full-text articles were assessed for eligibility, of which 52 were excluded due to incorrect study design (n=28), failure to report adverse events (n=15), incorrect intervention (n=6), or incorrect patient population (n=3). A total of 12 studies were included in the review. Out of the studies included, five studies reported adverse events in ranging severity. All events were considered unrelated to the use of CR, due to lower-graded events being expected occurrences of physical exertion, whereas severe and fatal events were attributed to pre-existing comorbidities, unrelated illnesses, or external factors. Withdrawal rates and events were reported in all 12 studies, which showed that withdrawal was unrelated to CR and based more on logistical and medical events present within the patient population. All studies reported improvement in functional outcomes; however, a mix of statistically significant and nonsignificant results were observed, contingent upon the specific outcome measure evaluated.
CONCLUSIONS: Collectively, the data suggest that CR is a safe intervention for poststroke rehabilitation and has the potential to improve functional outcomes in patients. However, variability in functional outcomes highlights the need for individualized CR protocols.",https://pubmed.ncbi.nlm.nih.gov/42538741/,,,stroke,(Stroke[MeSH] OR stroke[tiab] OR brain ischemia[tiab] OR cerebrovascular[tiab]) AND (treatment[tiab] OR intervention[tiab] OR therapy[tiab]),2026-08-05T18:00:54+00:00,,,,,
PMID_42538734,PubMed,42538734,PMC11718563,10.1097/cce.0000000000001453,A Case Report on Cerebral Autoregulation in Posterior Reversible Encephalopathy Syndrome After Aneurysmal Subarachnoid Hemorrhage.,"Weiss, Miriam; Kastenholz, Nick; Conzen-Dilger, Catharina; Clusmann, Hans; Park, Soojin; Schubert, Gerrit Alexander",Critical care explorations,2026,"BACKGROUND: Disturbed cerebral autoregulation remains a theoretical contributor to posterior reversible encephalopathy syndrome (PRES), but it has not been captured before. We report invasively measured autoregulation indices in a 50-year-old female with aneurysmal subarachnoid hemorrhage.
CASE SUMMARY: PRES developed after induced hypertension and intra-arterial nimodipine infusion as treatment for delayed cerebral ischemia. The poorest autoregulation values were observed a week before PRES, at the time of delayed cerebral ischemia and sepsis. A second, less pronounced deterioration of autoregulation occurred before PRES diagnosis. Relevant comorbidities potentially related to PRES were fetal-type arterial supply to the posterior circulation, pneumonia, and steroid application.
CONCLUSIONS: This is the first reported case with cerebral autoregulation measurements during PRES. Hypothetically, autoregulation could have contributed to PRES in a setting of persistent hypertension, immunological factors, and a more susceptible posterior circulation. Further data are required to reliably investigate the relationship between autoregulation and PRES.",https://pubmed.ncbi.nlm.nih.gov/42538734/,,,stroke,(Stroke[MeSH] OR stroke[tiab] OR brain ischemia[tiab] OR cerebrovascular[tiab]) AND (treatment[tiab] OR intervention[tiab] OR therapy[tiab]),2026-08-05T18:00:54+00:00,,,,,
PMID_42538343,PubMed,42538343,PMC13427832,10.1161/01.cir.0000043806.51912.9b,Asymmetric plantar temperature downshifts are associated with atrial fibrillation and thromboembolic events: an observational post hoc analysis of the SmartPreventDiabeticFeet study.,"Ming, Antao; Asadzade, Fidan; Zhang, Yunxin; Hötzsch, Jaqueline; Sudha, Gorre; Mertens, Peter R",Communications medicine,2026,"BACKGROUND: Cardiovascular and thromboembolic complications remain a major burden in diabetes. We aimed to determine whether peripheral thermometry is suited to detect plantar temperature downshifts (PTDs). Plantar infrared images (PIRIs) and sensor recordings were correlated with atrial fibrillation (AF) and thromboembolic events in patients with diabetes.
METHODS: A secondary analysis of the SmartPreventDiabeticFeet study including 239 patients monitored by PIRIs and sensor-equipped insoles (median follow-up 67.1 months) was conducted. In a structured telephone survey, histories of AF and thromboembolic events (stroke, pulmonary embolism [PE], peripheral arterial disease [PAD]) were captured from enrollment to post-intervention period. Patients with >30 days of temperature recordings (n = 118) were classified according to pre-specified PTD definitions, unsupervised clustering of bilateral plantar temperature variability, and plantar infrared image symmetry. Associations were tested using χ² or Fisher's exact tests and multivariable logistic/Cox models.
RESULTS: Our findings show that PTDs in sensor recordings as well as PIRI asymmetry are associated with a higher incidence of a composite of AF and thromboembolic events. Overall, 45 patients experience AF (n = 26), stroke (n = 6), PE (n = 4) or PAD (n = 11). Event rates are higher in patients with PTDs (25.8% vs 11.5%; p = 0.09; exploratory trend). For the elevated temperature variability cluster, the adjusted OR reaches 13.5 [95% CI 3.8-58.6] (34.0% vs 9.9%; p = 0.003; adjusted HR 13.3 [95% CI 1.5-120.4]). In individuals with plantar infrared image asymmetry, the likelihood is 48.6% compared to 6.2% in the symmetry group (p < 0.0001).
CONCLUSIONS: In patients with diabetes, plantar temperature downshifts are associated with thromboembolic risk constellation.",https://pubmed.ncbi.nlm.nih.gov/42538343/,,,stroke,(Stroke[MeSH] OR stroke[tiab] OR brain ischemia[tiab] OR cerebrovascular[tiab]) AND (treatment[tiab] OR intervention[tiab] OR therapy[tiab]),2026-08-05T18:00:54+00:00,,,,,
PMID_42538189,PubMed,42538189,,10.1016/j.jacl.2026.07.021,JCL Roundtable: Rewriting the rules for primary prevention: New outcomes from intensive LDL-C reduction in high-risk patients.,"Giugliano, Robert P; Marston, Nicholas A; Maki, Kevin C",Journal of clinical lipidology,2026,"This Journal of Clinical Lipidology Roundtable presents a conversation between Drs Robert P. Giugliano, Nicholas A. Marston, and Kevin C. Maki, who discussed clinical trials investigating intensive low-density lipoprotein cholesterol (LDL-C) reduction in high-risk patients. Their focus was on cardiovascular outcomes data from the recent Effect of Evolocumab in Patients at High Cardiovascular Risk Without Prior Myocardial Infarction or Stroke (VESALIUS-CV) trial, as well as earlier secondary prevention outcomes trials for proprotein convertase subtilisin/kexin type 9 (PCSK9) inhibitor monoclonal antibody agents: Further Cardiovascular Outcomes Research With PCSK9 Inhibition in Subjects With Elevated Risk (FOURIER) and Evaluation of Cardiovascular Outcomes After an Acute Coronary Syndrome During Treatment with Alirocumab (ODYSSEY Outcomes). In addition to comparing and contrasting the study designs, populations enrolled, and primary endpoint results between these primary and secondary prevention trials, the group also discussed high-risk subgroups and the important role of imaging in primary prevention, as well as the potential implications of recent trial findings on guideline recommendations for LDL-C treatment goals. Their conversation emphasized 2 themes demonstrated in recent data: (1) the importance of aggressively treating LDL-C earlier, and (2) the benefits in high-risk primary prevention of reducing LDL-C to lower levels than those recommended in current guidelines.",https://pubmed.ncbi.nlm.nih.gov/42538189/,,,stroke,(Stroke[MeSH] OR stroke[tiab] OR brain ischemia[tiab] OR cerebrovascular[tiab]) AND (treatment[tiab] OR intervention[tiab] OR therapy[tiab]),2026-08-05T18:00:54+00:00,,,,,
PMID_42538036,PubMed,42538036,,10.4037/ccn2026129,Use of pH Testing to Confirm Feeding Tube Placement: A Quality Improvement Project.,"Castro, Emily; Aguila, Lovelyn Joy; Langan, Ann; Shuriah-Graham, Melissa; Grassi, Diane; Brown, Lavern; Hernandez, Shalesha; Yun, Soon Yong; Jacob, Ani",Critical care nurse,2026,"BACKGROUND: Chest radiography confirms initial nasogastric tube placement but is impractical for repeated verification during feeding and medication administration.
LOCAL PROBLEM: Nasogastric tube placement verification practices on the neuroscience unit delayed feedings and medication administration due to radiograph interpretation and physician order wait times. The aim of this quality improvement project was to assess feasibility, usability, and adoption of gastric aspirate pH testing and tube length measurement for ongoing nasogastric tube placement verification after initial chest radiography confirmation.
METHODS: The Stevens Star Model of Knowledge Transformation guided this project and involved assessing relevance and feasibility of the practice change, developing an action plan, implementing the intervention, and evaluating the results. The quality improvement intervention was to use gastric aspirate pH testing along with distal tube length measurement at the nostril exit site, rather than gastric auscultation, for ongoing nasogastric tube placement verification.
RESULTS: With 100% staff compliance with workflow and process measures, the project was feasible and usable. A total of 141 gastric aspirate samples were tested over 6 months. Gastric placement was confirmed (pH ≤5.5) in 131 samples. Ten of the 141 samples had a pH of greater than 5.5, indicating placement not confirmed. Postimplementation surveys indicated that staff nurses accepted the practice change.
CONCLUSION: Gastric aspirate pH testing along with tube length measurement is feasible and effective for ongoing nasogastric tube placement verification in patients with stroke and other neurological conditions. The next step is to incorporate suggested process improvements into the next practice change cycle.",https://pubmed.ncbi.nlm.nih.gov/42538036/,,,stroke,(Stroke[MeSH] OR stroke[tiab] OR brain ischemia[tiab] OR cerebrovascular[tiab]) AND (treatment[tiab] OR intervention[tiab] OR therapy[tiab]),2026-08-05T18:00:54+00:00,,,,,
PMID_42537913,PubMed,42537913,,10.1016/j.diabres.2026.113476,Serum ketone body levels and risk of incident kidney and cardiovascular events among patients with type 2 diabetes: a prospective cohort study.,"Shin, Soo Myoung; Lee, Jiyoon; Kim, Young-Eun; Kim, Jung A; Kim, Kyoung Jin; Kim, Kyeong Jin; Kim, Hee Young; Kim, Sin Gon; Kim, Nam Hoon",Diabetes research and clinical practice,2026,"AIM: To evaluate the associations between serum ketone body levels and kidney and cardiovascular outcomes in patients with type 2 diabetes.
METHODS: This prospective cohort analysis included 1392 clinically stable patients with type 2 diabetes who were not receiving insulin or thiazolidinedione therapy. Serum total ketone body concentrations were measured under stable outpatient conditions and categorized into tertiles: 0.08-92.3, 92.7-170.8, and 171.0-1629.6 µmol/L. Kidney outcomes included new-onset macroalbuminuria, ≥40% decline in eGFR and end-stage kidney disease. Cardiovascular outcomes included myocardial infarction, revascularization, ischemic stroke, hospitalization for heart failure, and cardiovascular death.
RESULTS: During a median 23.2-month follow-up, 158 kidney and 64 cardiovascular events occurred. Compared with the lowest ketone body tertile, the highest ketone body tertile was associated with lower risk of ≥40% eGFR decline (adjusted HR [aHR], 0.46; 95%CI 0.26-0.84) and composite kidney outcomes (aHR 0.63; 95%CI, 0.41-0.98). Among participants with baseline eGFR ≥ 60 mL/min/1.73 m2, incident chronic kidney disease was also reduced (aHR 0.50; 95%CI 0.31-0.79). Cardiovascular outcomes showed favorable but non-significant trends.
CONCLUSION: Mildly elevated serum ketone body levels were independently associated with lower adverse kidney outcomes in patients with type 2 diabetes, supporting their potential role as mediators of kidney risk.",https://pubmed.ncbi.nlm.nih.gov/42537913/,,,stroke,(Stroke[MeSH] OR stroke[tiab] OR brain ischemia[tiab] OR cerebrovascular[tiab]) AND (treatment[tiab] OR intervention[tiab] OR therapy[tiab]),2026-08-05T18:00:54+00:00,,,,,
PMID_42537767,PubMed,42537767,,10.1016/j.amjcard.2026.07.031,Chronic Kidney Disease Stage-Specific Risk and Clinical Presentation in Left Main Coronary Intervention: Insights from the LM-JANHO Registry.,"Murasato, Yoshinobu; Higashi, Kensaku; Sugino, Hiroshi; Arikawa, Masaya; Mori, Fumiaki; Ueda, Yasunori; Matsumura, Keisuke; Abe, Mitsuru; Koizumi, Tomomi; Shimomura, Mitsuhiro; Tayama, Shinji; Saeki, Takahiro; Imagawa, Shogo; Takenaka, Takashi; Morita, Yukiko; Kashima, Katsuro; Takami, Akira; Ono, Yujiro; Fukae, Atsuki; Takahashi, Kanae; Yoshida, Hisako; LM-JANHO investigators",The American journal of cardiology,2026,"The impact of chronic kidney disease (CKD) stage on outcomes after percutaneous coronary intervention (PCI) for left main (LM) coronary artery disease remains unclear. We investigated the impact of CKD stage on long-term outcomes after contemporary LM-PCI. We analyzed 756 consecutive patients who underwent LM-PCI for de novo lesion under intracoronary imaging-guidance across 19 hospitals. Patients were categorized by CKD stage: I/II (n=360), IIIa (n=212), IIIb (n=105), IV (n=40), and V (n=39). Three-year major adverse cardiovascular and cerebrovascular events (MACCE), including all-cause death, clinically driven revascularization, myocardial infarction, and cerebrovascular events, were evaluated. Patients with CKD stage IIIb or worse had higher comorbidity burdens than those with CKD I/II, including high age, hypertension, peripheral artery disease, and reduced left ventricular ejection fraction. Patients with CKD-IIIb and -IV presented more acute coronary syndrome and required mechanical circulatory support, whereas these frequencies in CKD-V were similar as in CKD-I/II. In contrast, CKD V patients exhibited greater lesion complexity, with more true bifurcation lesion and calcified lesions needing atherectomy. MACCE rates were significantly higher in CKD IV and V (CKD-I/II: 28.9%, IIIa: 31.3%, IIIb: 35.7%, IV: 45.8%, V: 48.7%). All-cause mortality rose stepwise with worsening CKD (CKD-I/II: 8.4%, IIIa: 14.9%, IIIb: 24.2%, IV: 34.9%, V: 34.6%). Clinically driven revascularization rates did not increase with advancing CKD stage. In conclusion, advanced CKD was associated with progressively worse clinical outcomes after contemporary LM-PCI, primarily driven by increased mortality, whereas clinically driven revascularization did not increase with CKD severity despite greater lesion complexity.",https://pubmed.ncbi.nlm.nih.gov/42537767/,,,stroke,(Stroke[MeSH] OR stroke[tiab] OR brain ischemia[tiab] OR cerebrovascular[tiab]) AND (treatment[tiab] OR intervention[tiab] OR therapy[tiab]),2026-08-05T18:00:54+00:00,,,,,
PMID_42537729,PubMed,42537729,,10.1016/j.jstrokecerebrovasdis.2026.108717,Intravenous thrombolysis for ischemic stroke in extended time window selected with CT perfusion: a systematic review and meta-analysis.,"Naccarato, Marcello; Ricci, Edoardo; Vincis, Emanuele; Quagliotto, Magda; Malesani, Michele; Farina, Gianpiero; Maurig, Sofia Elettra; Caruso, Paola; Furlanis, Giovanni; Manganotti, Paolo",Journal of stroke and cerebrovascular diseases : the official journal of National Stroke Association,2026,"PURPOSE: Recent randomized controlled trials (RCTs) have provided new evidence regarding the efficacy and safety of intravenous thrombolysis (IVT) in patients with acute ischemic stroke (AIS) presenting within the extended time window (ETW). We performed a systematic review and meta-analysis to evaluate the efficacy and safety of IVT, in patients treated within the ETW and selected with perfusion imaging criteria, predominantly computed tomography perfusion (CTP).
METHODS: A systematic review and meta-analysis, registered in PROSPERO, was conducted including all available RCTs comparing IVT with best medical treatment (BMT) in patients with AIS within the ETW, selected using advanced perfusion imaging criteria. The predefined efficacy outcomes were excellent functional outcome and good functional outcome at 3 months. The safety endpoints included symptomatic intracranial hemorrhage (sICH) and all-cause mortality at 90 days.
RESULTS: Six RCTs, including 1182 patients treated with IVT and 1176 patients receiving BMT, were included. IVT was associated with a higher likelihood of achieving excellent and good functional outcomes at 3 months. Exploratory subgroup analyses by treatment timing suggested consistent findings up to 24 hours. No significant difference in 90-day mortality was observed between groups, whereas IVT was associated with an increased risk of sICH.
CONCLUSION: Treatment with IVT in the ETW (4.5-24 h) in patients selected using advanced perfusion imaging, predominantly CTP, may be associated with improved functional outcomes in patients with AIS. Although IVT was associated with an increased risk of sICH, no significant increase in 90-day mortality was observed.
PROSPERO REGISTRATION: CRD420261304314.",https://pubmed.ncbi.nlm.nih.gov/42537729/,,,stroke,(Stroke[MeSH] OR stroke[tiab] OR brain ischemia[tiab] OR cerebrovascular[tiab]) AND (treatment[tiab] OR intervention[tiab] OR therapy[tiab]),2026-08-05T18:00:54+00:00,,,,,
PMID_42537728,PubMed,42537728,,10.1016/j.jstrokecerebrovasdis.2026.108716,Role of auricular vagus nerve stimulation in alleviating neuronal apoptosis and cognitive dysfunction in male rats with vascular dementia.,"Zhang, Yan; Ge, Pingping; Mao, Jing; Wang, Ting; Yuan, Hai",Journal of stroke and cerebrovascular diseases : the official journal of National Stroke Association,2026,"BACKGROUND AND PURPOSE: Vascular dementia (VD) is characterized by cognitive impairment resulting from cerebrovascular damage. Prior studies have shown that vagus nerve stimulation improves learning and memory in patients with Alzheimer's disease. This study, therefore, investigated whether auricular vagus nerve stimulation (aVNS) ameliorates cognitive dysfunction in a rat model of VD through activation of the adenosine A2A receptor (A2AR) and nuclear factor erythroid 2-related factor 2 (Nrf2)/heme oxygenase-1 (HO-1) signaling pathways.
METHODS: Fifty male rats were randomly assigned to five groups by a computer-generated sequence: control (A), sham-operated (B), VD model (C), aVNS-treated (D), and aVNS combined with the A2AR antagonist SCH 58261 (E). Rats in the aVNS group received stimulation (0.6 mA, 40 Hz, 0.5 ms square pulses) for 4 weeks. Spatial learning and memory were evaluated using the Morris water maze test. Rat brain microvascular endothelial cells were cultured and treated with an A2AR agonist and/or a protein kinase A (PKA) inhibitor to verify the involvement of the A2AR-Nrf2/HO-1 pathway. Expression levels of inflammatory cytokines (IL-1β and IL-6), key signaling proteins (A2AR, p-PKA, p-Nrf2, and HO-1), and phosphorylated tau (p-tau) were measured using western blot or enzyme-linked immunosorbent assays.
RESULTS: Compared with Groups C and E, Group D exhibited improved spatial learning and memory. aVNS markedly increased the p-PKA and p-Nrf2/HO-1 levels while reducing p-tau and proinflammatory cytokine levels. In vitro experiments showed that A2AR agonist treatment upregulated p-PKA and p-Nrf2/HO-1 expression; however, this effect was abolished by PKA inhibition.
CONCLUSION: aVNS ameliorates cognitive impairments in VD rats and attenuates neuronal apoptosis, p-tau accumulation, and neuroinflammation, and these effects are associated with activation of the A₂AR/PKA/Nrf2/HO-1 signaling pathway. These findings suggest that aVNS may represent a promising therapeutic strategy for cognitive impairment associated with VD.",https://pubmed.ncbi.nlm.nih.gov/42537728/,,,stroke,(Stroke[MeSH] OR stroke[tiab] OR brain ischemia[tiab] OR cerebrovascular[tiab]) AND (treatment[tiab] OR intervention[tiab] OR therapy[tiab]),2026-08-05T18:00:54+00:00,,,,,
PMID_42537727,PubMed,42537727,,10.1016/j.jstrokecerebrovasdis.2026.108710,Comparative Efficacy and Safety of Dual Antiplatelet Therapy Strategies Defined by Drug Composition and Treatment Duration for Acute Minor Ischemic Stroke or High-Risk Transient Ischemic Attack: A Systematic Review and Bayesian Network Meta-Analysis.,"Zou, Sixuan; Liu, Ruoxuan; Zhang, Shuman; Gao, Miao; Shang, Na",Journal of stroke and cerebrovascular diseases : the official journal of National Stroke Association,2026,"BACKGROUND: Dual antiplatelet therapy (DAPT) comprising aspirin and a P2Y₁₂ inhibitor is the cornerstone of early-phase secondary prevention after acute minor ischemic stroke or high-risk transient ischemic attack (TIA). Multiple regimens varying in drug combination and treatment duration are available, yet their comparative efficacy and safety profiles have not been fully elucidated. We performed a systematic review and Bayesian network meta-analysis to simultaneously compare all available DAPT strategies-defined jointly by drug and duration-in terms of ischemic stroke prevention, major bleeding risk, and net clinical benefit.
METHODS: We systematically searched PubMed, EMBASE, the Cochrane Central Register of Controlled Trials, and Web of Science from inception to April 2026 for randomized controlled trials enrolling adults with acute non-cardioembolic minor ischemic stroke (National Institutes of Health Stroke Scale score ≤5) or high-risk TIA. Eligible interventions comprised aspirin monotherapy, clopidogrel plus aspirin for 21 or 90 days, ticagrelor plus aspirin for 21 or 30 days, and ticagrelor monotherapy, all initiated within 72 hours of symptom onset. The primary efficacy outcome was recurrent ischemic stroke at 90 days; the primary safety outcome was major bleeding. Bayesian random-effects network meta-analyses were conducted using Markov chain Monte Carlo methods. Treatment rankings were assessed with surface under the cumulative ranking curve (SUCRA) values, and benefit-risk balance was evaluated through cluster rank analysis. PROSPERO registration: [number would be inserted].
RESULTS: Eight trials encompassing 50,349 patients were included. Ticagrelor plus aspirin for 21 days achieved the greatest reduction in recurrent ischemic stroke compared with aspirin monotherapy (odds ratio [OR] 0.55, 95% credible interval [CrI] 0.46-0.66; SUCRA 0.92), followed by clopidogrel plus aspirin for 21 days (OR 0.68, 95% CrI 0.57-0.81; SUCRA 0.68). Clopidogrel plus aspirin for 21 days was the only DAPT strategy not associated with a significantly increased risk of major bleeding (OR 1.05, 95% CrI 0.70-1.58) and demonstrated the most favorable overall benefit-risk profile in cluster analysis. Ticagrelor plus aspirin for 21 days conferred the highest efficacy but at the expense of increased major bleeding (OR 1.80, 95% CrI 1.20-2.70). Ticagrelor plus aspirin for 30 days carried the greatest bleeding hazard (OR 2.10, 95% CrI 1.50-2.94). No significant inconsistency between direct and indirect evidence was detected, and findings were robust across sensitivity analyses and subgroups.
CONCLUSIONS: Among patients with acute minor ischemic stroke or high-risk TIA, clopidogrel plus aspirin for 21 days provides the most favorable net clinical benefit for the majority of patients, whereas ticagrelor plus aspirin for 21 days offers maximal ischemic protection at a cost of increased bleeding and may be preferred in selected high-risk individuals. These findings support individualized antiplatelet therapy and reinforce the importance of jointly considering drug composition and treatment duration in clinical decision-making.",https://pubmed.ncbi.nlm.nih.gov/42537727/,,,stroke,(Stroke[MeSH] OR stroke[tiab] OR brain ischemia[tiab] OR cerebrovascular[tiab]) AND (treatment[tiab] OR intervention[tiab] OR therapy[tiab]),2026-08-05T18:00:54+00:00,,,,,
PMID_42537726,PubMed,42537726,,10.1016/j.jstrokecerebrovasdis.2026.108719,Mental simulation practices in stroke rehabilitation reorganize brain connectivity: a systematic review.,"Demeco, A; Marotta, N; Lentini, M P; Fratto, C; Loiarro, G; Frizziero, A; Salerno, A; Cerasa, A; de Sire, A; Ammendolia, A",Journal of stroke and cerebrovascular diseases : the official journal of National Stroke Association,2026,"BACKGROUND AND PURPOSE: Stroke is a leading cause of disability, associated with impaired motor function and brain connectivity. Mental Simulation Practices (MSP), including Motor Imagery, Mirror Therapy and Action Observation Therapy, have been proposed as neurorehabilitation strategies capable of modulating neural networks. This review aimed to clarify the effects of MSP on brain connectivity using fMRI.
METHODS: A PRISMA-based review was conducted and registered in PROSPERO (CRD420251086743). PubMed, Scopus and Web of Science were searched for randomized controlled trials published between 2015 and 2025 evaluating MSP-based rehabilitation versus conventional rehabilitation in stroke patients. Studies were included if they assessed fMRI-based connectivity changes before and after treatment. Meta-analysis was not performed because of heterogeneity in connectivity metrics and neuroimaging methodologies. Risk of bias was assessed using the Cochrane RoB 2 tool, showing low risk or some concerns.
RESULTS: Of 467 identified records, 8 randomized controlled trials involving 249 stroke patients met inclusion criteria. Most studies investigated Motor Imagery-based interventions, while two evaluated Mirror Therapy. Across studies, MSPs were consistently associated with upper limb motor improvement compared with conventional rehabilitation alone, accompanied by significant reorganization of brain networks. Neuroimaging findings demonstrated enhanced connectivity within sensorimotor regions, including the primary motor cortex, postcentral gyrus and inferior parietal lobule, together with modulation of corticospinal and interhemispheric pathways. Several studies also reported normalization of maladaptive activation patterns, reduced excessive sensorimotor connectivity and stronger interactions between motor and cognitive networks, changes correlated with clinical motor recovery. Additional reorganization involved attentional, visual and cognitive systems, suggesting network-level neuroplastic adaptations.
CONCLUSIONS: Mental simulation practices may represent promising adjunctive interventions in standard stroke rehabilitation programs, given their potential role in modulating brain connectivity.",https://pubmed.ncbi.nlm.nih.gov/42537726/,,,stroke,(Stroke[MeSH] OR stroke[tiab] OR brain ischemia[tiab] OR cerebrovascular[tiab]) AND (treatment[tiab] OR intervention[tiab] OR therapy[tiab]),2026-08-05T18:00:54+00:00,,,,,
PMID_42537680,PubMed,42537680,,10.1016/s0140-6736(26)01288-2,"Multivessel coronary artery bypass grafting via small thoracotomy versus sternotomy (MIST): an investigator-initiated, international, open-label, randomised controlled trial.","Ruel, Marc; Nambala, Sathyaki; Guo, Ming Hao; Verevkin, Alexander; Rabindranauth, Prem; Kikuchi, Keita; Davierwala, Piroze M; Lemma, Massimo; Ponnambalam, Menaka; Sheikh, Azmat; Black, Alice; Borger, Michael A; Whitlock, Richard P; Zhang, Yan; Wells, George A","Lancet (London, England)",2026,"BACKGROUND: Coronary artery bypass grafting (CABG) is a common but invasive operation traditionally performed through a median sternotomy. Minimally invasive cardiac surgery (MICS) CABG via small thoracotomy might improve postoperative recovery, but randomised evidence has been scarce. We aimed to compare patient-reported recovery after MICS CABG versus sternotomy CABG in patients with multivessel coronary artery disease and to describe clinical and safety outcomes.
METHODS: MIST was an investigator-initiated, international, open-label, randomised controlled trial done at seven centres (four academic hospitals and three community hospitals) in Canada, India, China, Germany, the USA, and Japan. Patients referred to participating surgeons for CABG were eligible if they were aged 18 years or older; had angiographically confirmed multivessel coronary artery disease, defined as lesions of at least 70% stenosis in at least two major epicardial vessels and at least two separate coronary artery territories (left anterior descending artery, left circumflex artery, or right coronary artery) or left main coronary stenosis of 50% or more; and were suitable for coronary surgery both with sternotomy CABG and MICS CABG. Patients who were haemodynamically compromised, had contraindications to either approach, had had previous cardiac surgery, or required concomitant procedures were excluded. Eligible patients were randomly assigned (1:1) to MICS CABG or sternotomy CABG by a central, web-based system, stratified by centre, with block sizes of four and six. The primary endpoint was patient-reported physical recovery at 1 month, assessed by the 36-item Short Form Health Survey Physical Component Summary (SF-36 PCS) score. The primary analysis was by intention to treat; safety analyses were done according to treatment received. Missing 1-month questionnaire data were handled by multiple imputation. The trial was registered with ClinicalTrials.gov (NCT03447938), and is closed to recruitment.
FINDINGS: Between Aug 24, 2018, and Nov 26, 2024, 176 patients were enrolled, 170 of whom were randomly assigned to MICS CABG (n=86) or sternotomy CABG (n=84). The median age of patients was 67·0 years (IQR 61·0-72·0), 154 (91%) patients were male, and 16 (9%) were female. At 1 month after surgery, SF-36 PCS scores were significantly higher in the MICS CABG group than in the sternotomy CABG group (mean 45·1 [SD 8·0] vs 42·2 [9·1]; mean difference 2·9 [95% CI 0·3-5·5]; p=0·031). Clinical and safety follow-up at 1 month was complete in all patients; 12-month clinical and safety follow-up was complete in all except three patients in the sternotomy CABG group. Up to 12 months after surgery, there were no deaths or strokes in either group; one major adverse cardiac or cerebrovascular event occurred in the MICS CABG group before 1 month and none in the sternotomy CABG group.
INTERPRETATION: For selected patients with multivessel coronary artery disease, MICS CABG performed by experienced teams improved patient-reported physical recovery at 1 month compared with sternotomy CABG, with no apparent safety penalty through to 12 months. These findings support consideration of MICS CABG in appropriately selected patients treated by experienced teams, and further studies of implementation, recovery pathways, and long-term outcomes.
FUNDING: Medtronic.",https://pubmed.ncbi.nlm.nih.gov/42537680/,,,stroke,(Stroke[MeSH] OR stroke[tiab] OR brain ischemia[tiab] OR cerebrovascular[tiab]) AND (treatment[tiab] OR intervention[tiab] OR therapy[tiab]),2026-08-05T18:00:54+00:00,,,,,
PMID_42537479,PubMed,42537479,,10.1016/j.msard.2026.107412,High early mortality and contributing factors in seropositive neuromyelitis optica spectrum disorder at a tertiary hospital in Zambia.,"Sahu, Malya; Saylor, Deanna",Multiple sclerosis and related disorders,2026,"BACKGROUND/OBJECTIVES: Mortality of aquaporin-4 positive neuromyelitis optica spectrum disorder (NMOSD) in Africa is understudied. This study sought to report preliminary findings of one-year mortality among a cohort of seropositive NMOSD patients in Zambia and characterize key contributing factors.
METHODS: This cross-sectional study included seropositive patients with NMOSD (via ELISA) at a tertiary care hospital in Zambia between 2019 and 2025. Demographic, clinical, treatment characteristics and mortality at one year are reported using descriptive statistics.
RESULTS: Among 13 seropositive NMOSD patients, the mean age at symptom onset was 33.7 years, and most were female (n = 11, 85%) and black African (n = 12, 92%). Of ten patients with at least one year of follow-up, four died within one year of symptom onset. All deceased patients were female, had at least two relapses within the first year of disease onset, and all developed longitudinally extensive transverse myelitis (LETM). Half of the deceased patients had been initiated on immunosuppression, both with rituximab. One-year mortality was higher in seropositive NMOSD as compared with multiple sclerosis and stroke in Zambia.
CONCLUSIONS: Higher mortality among those with LETM, more relapses, immobility-related complications, and limited access to immunosuppression all likely contributed to the observed high early mortality among seropositive NMOSD in Zambia. Urgent action to address contributing factors is needed.",https://pubmed.ncbi.nlm.nih.gov/42537479/,,,stroke,(Stroke[MeSH] OR stroke[tiab] OR brain ischemia[tiab] OR cerebrovascular[tiab]) AND (treatment[tiab] OR intervention[tiab] OR therapy[tiab]),2026-08-05T18:00:54+00:00,,,,,
PMID_42537457,PubMed,42537457,,10.1016/j.biomaterials.2026.124497,A thiol-alkyne click chemistry-driven lipoic acid precise delivery platform for targeted therapy of cerebral ischemic stroke via redox homeostasis restoration and neuroinflammatory cascade suppression.,"Ma, Xutao; Wang, Qiuyue; Meng, Xinlei; Hu, Zhitao; Zhang, Xue; Li, Zerui; Zhang, Baomei; Ren, Xia; Duan, Xingguang; Li, Wenchu; He, Zhiyu",Biomaterials,2026,"Redox homeostasis imbalance, an early triggering event in cerebral ischemic stroke (CIS), precipitates neuronal death and neuroinflammatory response. The endogenous redox pair α-lipoic acid (LA) and dihydrolipoic acid (DHLA) serve as potent antioxidants and possess enormous potential for treating ischemia/reperfusion-induced organ injury. However, their application is constrained by a short half-life and DHLA's susceptibility to metal ion complexes in the bloodstream. Herein, a borneol (Bo)-mediated brain-targeted, ROS-responsive release of DHLA hyperbranched polymer nanomedicine (Bo-HBP(LA) NPs) was prepared via an efficient one-pot 'thiol-alkyne' click chemistry strategy employing diethynyl lipoic acid and dihydrolipoic acid. Following intravenous administration in MCAO mice, the nanoformulation (LA: 20 mg kg-1) efficiently traversed the blood-brain barrier (BBB), resulting in enhanced brain accumulation levels of 13.7%, 14.8%, 11.2% ID/g of the total administered dose at 1, 3, and 6 h post-administration, respectively. Under elevated-ROS pathological conditions, the release of DHLA and its conversion into LA can effectively restore redox homeostasis by scavenging ROS (a 92.2% reduction) and upregulating the Nrf2-NQO1/HO-1 pathway. Additionally, it positively modulated the intracellular TCA cycle, corrected energy metabolism imbalance, and inhibited the Cleaved Caspase-3/9/12 apoptosis pathway, resulting in a 93.9% reduction in neuronal apoptosis. It also remodelled the neuroinflammatory microenvironment by suppressing the activation of astrocytes and microglia and downregulating TNF-α and IL-6. Consequently, this nano-formulation intervention repaired the damaged neurons, reduced the cerebral infarction area from 44% to 1.4%, preserved BBB integrity, prevented brain edema, and restored neurological function, presenting a feasible approach to tackle the existing clinical challenges in CIS treatment.",https://pubmed.ncbi.nlm.nih.gov/42537457/,,,stroke,(Stroke[MeSH] OR stroke[tiab] OR brain ischemia[tiab] OR cerebrovascular[tiab]) AND (treatment[tiab] OR intervention[tiab] OR therapy[tiab]),2026-08-05T18:00:54+00:00,,,,,
PMID_42537311,PubMed,42537311,,10.1016/j.neuchi.2026.101859,Minimal invasive surgery for primary brainstem intracerebral hemorrhage: a critical mini review.,"Beucler, Nathan",Neuro-Chirurgie,2026,"CONTEXT: Intracerebral hemorrhage (ICH) accounts for half of stroke attributable deaths and two thirds of DALYs loss. Past well designed trials (2005 STICH, 2013 STICH 2, 2019 MISTIE 3, 2024 ENRICH, 2024 SWITCH) did not demonstrate benefits of surgery, aside from ENRICH which suggested improved functional outcome thanks to minimal invasive surgery for lobar ICH, but not for deep seated thalamic ICH. Since 2020, retrospective studies suggest great functional benefit of minimal invasive surgery for brainstem ICH.
MATERIALS AND METHODS: Review of weel designed trials and guidelines regarding surgery for supratentorial ICH. Then, medline based scoping review for minimal invasive surgery for brainstem ICH with data regarding functional outcome.
RESULTS: 12 studies, accounting for 457 patients operated on for brainstem ICH (mean age 47.7), reported mortality of 23.3%, and 28.4% of good functional outcome (mRS≤3). Four studies compared minimal invasive surgery (n = 162) to best medical care (n = 185), with mean admission GCS 4.3 ± 0.1 (surgery) versus 4.3 ± 0.4 (conservative, p = 1), mean age 52.8 ± 9.6 (surgery) versus 51.1 ± 5.5 (conservative, p = 0.045), and mean hematoma volume 9.8 ± 1.4 (surgery) versus 10.2 ± 2.1 (conservative, p < 0.039). They reported reduced mortality (16.6 ± 8.5% versus 47.7 ± 20.7%, p < 0.0001) and improved functional outcome (mRS≤3, 32.7% versus 8.1%, p < 0.0001) in surgery group compared to conservative group.
CONCLUSION: There is marked discrepancy between results of previous well designed trials for surgical treatment of lobar or deep supratentorial ICH, and the enthusiastic results of these recent retrospective studies regarding minimal invasive surgery for brainstem ICH.",https://pubmed.ncbi.nlm.nih.gov/42537311/,,,stroke,(Stroke[MeSH] OR stroke[tiab] OR brain ischemia[tiab] OR cerebrovascular[tiab]) AND (treatment[tiab] OR intervention[tiab] OR therapy[tiab]),2026-08-05T18:00:54+00:00,,,,,
PMID_42536760,PubMed,42536760,PMC8460995,10.1126/sciadv.aeb3579,Elevating cerebellar theta oscillations boosts noninvasively induced motor plasticity.,"Spampinato, Danny Adrian; Pezzopane, Valentina; Martino Cinnera, Alex; Antonioni, Annibale; Dolfini, Elisa; Mencarelli, Lucia; Ferraresi, Matteo; Botta, Katia; Casarotto, Andrea; Straudi, Sofia; Fadiga, Luciano; Koch, Giacomo",Science advances,2026,"Matching brain stimulation to the brain's natural rhythms can drive plasticity, yet this principle has rarely been tested in humans. We targeted the cerebellum, a key hub for motor coordination and learning, using a rhythm-tuned protocol that pairs theta-frequency transcranial alternating current stimulation with intermittent theta-burst stimulation to engage plasticity of cerebello-cortical circuits. In young healthy adults, this pairing enhanced fine motor control and hand dexterity, with gains closely tracking physiological markers of cerebellar-driven plasticity. Applying the same approach in chronic stroke survivors yielded parallel behavioral and neural gains, demonstrating preserved rhythm-plasticity coupling despite injury. Control experiments confirmed both frequency specificity and site specificity, underscoring the mechanistic precision of the intervention. By linking theta-frequency cerebellar stimulation to circuit-level and functional outcomes, these findings establish a biologically grounded framework for targeted neurorehabilitation. Rhythm-specific cerebellar stimulation provides a scalable strategy for enhancing plasticity and improving motor function across movement disorders and motor impairments.",https://pubmed.ncbi.nlm.nih.gov/42536760/,,,stroke,(Stroke[MeSH] OR stroke[tiab] OR brain ischemia[tiab] OR cerebrovascular[tiab]) AND (treatment[tiab] OR intervention[tiab] OR therapy[tiab]),2026-08-05T18:00:54+00:00,,,,,
PMID_42536585,PubMed,42536585,PMC7315203,10.1097/md.0000000000050067,Graves' disease-related reversible intracranial arteriopathy presenting with ischemic stroke: A case report and literature review.,"Wu, Wenjiang; Xiong, Jiangyun; Yin, Shimei; Cai, Zhiyin; Wang, Weili; Guo, Xiaojing",Medicine,2026,"RATIONALE: Graves' disease (GD) may be associated with ischemic stroke through nonatherosclerotic intracranial arteriopathy during thyrotoxicosis. However, the optimal antithrombotic regimen and treatment duration for this condition remain uncertain.
PATIENT CONCERNS: A 38-year-old man presented approximately 6.5 hours after the last known well with sudden dysarthria, aphasia, and right-sided weakness. His National Institutes of Health Stroke Scale (NIHSS) score was 9 on admission.
DIAGNOSES: Brain magnetic resonance imaging demonstrated acute ischemic infarcts, and magnetic resonance angiography revealed left middle cerebral artery M2 stenosis. In the setting of overt Graves' thyrotoxicosis and no identified alternative stroke source, the findings supported a diagnosis of Graves' disease-related reversible intracranial arteriopathy presenting with ischemic stroke.
INTERVENTIONS: The patient received dual antiplatelet therapy with aspirin 100 mg and clopidogrel 75 mg daily for 21 days, together with atorvastatin and antithyroid treatment with thiamazole. The thiamazole dosage was subsequently adjusted according to serial thyroid function tests.
OUTCOMES: The patient's neurological deficits improved rapidly, and his NIHSS score decreased to 1 at discharge. Biochemical euthyroidism was achieved approximately 5 months after treatment initiation. At 12 months, magnetic resonance angiography demonstrated marked reversal of the left M2 stenosis. At the latest follow-up at 24 months, the patient was neurologically intact and remained free of recurrent ischemic or hemorrhagic events.
LESSONS: Graves' disease-related reversible intracranial arteriopathy should be considered in young patients presenting with ischemic stroke, intracranial arterial stenosis, and thyrotoxicosis. This case suggests that short-term dual antiplatelet therapy may be considered as early bridging treatment in selected patients, whereas long-term management should prioritize sustained thyroid control and clinical and vascular imaging follow-up. Further evidence is required to establish the optimal antithrombotic regimen, treatment duration, and criteria for discontinuation.",https://pubmed.ncbi.nlm.nih.gov/42536585/,,,stroke,(Stroke[MeSH] OR stroke[tiab] OR brain ischemia[tiab] OR cerebrovascular[tiab]) AND (treatment[tiab] OR intervention[tiab] OR therapy[tiab]),2026-08-05T18:00:54+00:00,,,,,
PMID_42536577,PubMed,42536577,PMC11874753,10.1097/md.0000000000050057,Effect of mirror therapy combined with transcranial direct current stimulation on upper limb motor function in stroke patients: A meta-analysis.,"Zong, Beibei; Zhang, Chun; Zhang, Qingsha",Medicine,2026,"BACKGROUND: Upper limb motor impairment is a major contributor to long-term disability after stroke. Mirror therapy (MT) promotes motor relearning through visuomotor feedback, whereas transcranial direct current stimulation (tDCS) may facilitate neuroplasticity by modulating cortical excitability. We conducted a systematic review and meta-analysis to evaluate whether MT combined with tDCS provides additional benefits for poststroke upper limb rehabilitation.
METHODS: We searched PubMed, Embase, Web of Science, the Cochrane Library, CNKI, and Wanfang for randomized controlled trials (RCTs) published from 2015 to November 2025. Eligible studies enrolled adults with stroke-related upper limb motor deficits and compared MT + tDCS with MT alone or tDCS alone.
RESULTS: Twelve RCTs involving 1024 participants were included. For Fugl-Meyer Assessment for Upper Extremity, MT + tDCS showed superior improvement versus MT alone (3 studies; I-squared statistic (I2) = 21.9%; MD = 12.65, 95% confidence interval [CI] 10.07-15.23) and versus tDCS alone (7 studies; I2 = 93.3%; MD = 7.03, 95% CI 3.76-10.31). For activities of daily living, the effect on Modified Barthel Index versus MT alone was highly heterogeneous and imprecise (2 studies; I2 = 94.7%; MD = 24.19, 95% CI - 144.99 to 193.38), whereas MT + tDCS significantly improved Modified Barthel Index versus tDCS alone (5 studies; I2 = 42.7%; MD = 9.29, 95% CI 6.36-12.22). For hand function, MT + tDCS improved Wolf Motor Function Test versus tDCS alone (3 studies; I2 = 80.3%; MD = 4.90, 95% CI 0.59-9.22). Reported adverse events were generally mild and transient.
CONCLUSION: MT combined with tDCS appears to provide additional benefits for poststroke upper limb motor recovery, with consistent improvements in Fugl-Meyer Assessment for Upper Extremity and favorable effects on daily functioning and hand performance in key comparisons. However, heterogeneity across protocols and imprecision in some outcomes limit certainty. Larger, rigorously designed RCTs with standardized MT dosing and tDCS parameters and longer follow-up are warranted.",https://pubmed.ncbi.nlm.nih.gov/42536577/,,,stroke,(Stroke[MeSH] OR stroke[tiab] OR brain ischemia[tiab] OR cerebrovascular[tiab]) AND (treatment[tiab] OR intervention[tiab] OR therapy[tiab]),2026-08-05T18:00:54+00:00,,,,,
PMID_42536526,PubMed,42536526,PMC9282943,10.1097/md.0000000000049681,Retrospective analysis of bleeding risk with tirofiban in patients with acute ischemic stroke and diabetes mellitus.,"Rao, Dongmei; Li, Zhi; Guo, Biao",Medicine,2026,"This study aimed to explore the risk of overall extracranial bleeding events with tirofiban in patients with acute ischemic stroke (AIS) and diabetes mellitus and analyze the impact of blood glucose control on this risk. A single-center retrospective cohort study design was used, including 100 patients with AIS and diabetes mellitus admitted between April 2023 and November 2025. Propensity score matching was used to divide patients into the tirofiban group (50 cases) and the control group (50 cases). The primary outcome was the incidence of overall extracranial bleeding events within 7 days after medication administration. Secondary outcomes included types of extracranial bleeding (e.g., gingival bleeding), thrombocytopenia, and neurological function outcomes. Multivariable logistic regression and subgroup analysis were conducted to assess independent risk factors. The incidence of overall extracranial bleeding events in the tirofiban group was 32.0%, significantly higher than the 16.0% in the control group (risk ratio = 2.00, 95% confidence interval = 1.11-3.60, P = .021). Gingival bleeding (10.0% vs 2.0%, P = .047) and thrombocytopenia (10.0% vs 2.0%, P = .047) occurred more frequently in the tirofiban group. Multivariable analysis showed that tirofiban treatment (adjusted odds ratio = 2.45, P = .018) and admission random blood glucose (adjusted odds ratio = 1.22, P = .032) were independent risk factors for overall extracranial bleeding events. Subgroup analysis revealed that in patients with hemoglobin A1c ≥7.5%, the bleeding risk associated with tirofiban was higher (odds ratio = 3.33, 95% confidence interval = 1.05-10.56, P-interaction = .04). In patients with AIS and diabetes mellitus, tirofiban treatment did not significantly increase the risk of intracranial hemorrhage, but it significantly raised the risk of extracranial bleeding events (especially gingival bleeding) and thrombocytopenia. This risk was more pronounced in patients with poor blood glucose control. Comprehensive monitoring of bleeding signs and enhanced glucose management are required in clinical practice.",https://pubmed.ncbi.nlm.nih.gov/42536526/,,,stroke,(Stroke[MeSH] OR stroke[tiab] OR brain ischemia[tiab] OR cerebrovascular[tiab]) AND (treatment[tiab] OR intervention[tiab] OR therapy[tiab]),2026-08-05T18:00:54+00:00,,,,,
PMID_42536265,PubMed,42536265,PMC3173673,10.1124/dmd.112.049684,Effects of Antioxidant DI-3-N-Butylphthalide on Hemorrhagic Transformation Assessed by Propensity Score Matching in a Real-World Thrombolyzed Ischemic Stroke Patient Setting.,"Han, Ziqi; Liang, He; Fan, Tieping; Murakami Junior, Mario Minor; Li, Shumin; Sun, Ruikang; Peng, Daoyong; Du, Shiwei; Hasegawa, Yu; Gao, Haojie; Chen, Dong; Hermann, Dirk M; Liu, Yi",Translational stroke research,2026,"BACKGROUND: Hemorrhagic transformation (HT) remains a major complication limiting the clinical utility of intravenous thrombolysis with alteplase in acute ischemic stroke (AIS) patients. Dl-3-N-butylphthalide (dl-NBP), a neuroprotective agent, which has beneficial effects on post-ischemic microcirculation, oxidative stress, and blood-brain barrier integrity, may potentially mitigate this risk.
METHODS: Using propensity score matching (1:1), this study analyzed 1,541 AIS patients of the prospective Dalian Single-center Study on Intravenous Thrombolysis for Ischaemic Stroke (DATIS) cohort treated at Central Hospital of Dalian University of Technology. Patients were stratified into combination therapy (alteplase + dl-NBP, n = 674) and monotherapy (alteplase alone, n = 674) groups. Dl-NBP (25 mg in 100 ml, 0.9% saline) was administered within 12 h after admission and followed by twice-daily doses of the same fomulation during hospitalization in the combination therapy group. Primary outcomes included the incidence of HT assessed post-thrombolysis and symptomatic intracranial hemorrhage (sICH) defined as radiographic hemorrhage occurring within 7 days post-thrombolysis and accompanied by clinical deterioration or an increase in NIHSS score ≥ 4 points. Neurological deficits at admission and at discharge were assessed using the National Institutes of Health Stroke Scale (NIHSS).
RESULTS: After propensity score matching (674 patients combination therapy vs. 674 patients monotherapy), baseline characteristics were balanced (p > 0.05 for all influence variables). The alteplase + dl-NBP combination therapy group demonstrated significantly lower HT rates (2.2% vs. 6.7%, p < 0.001) and sICH incidence (0.9% vs. 3.4%, p < 0.001) than the alteplase monotherapy group. Multivariate analysis identified dl-NBP adjuvant as protective against HT (OR = 0.32, 95%CI: 0.18-0.58), while fasting glucose (OR = 1.10) and high-density lipoprotein levels (OR = 2.25) were independent risk factors. The percentage of patients exhibiting NIHSS improvements during hospitalization was significantly increased in combination therapy group compared with monotherapy group (60.8 vs. 55.3%, p = 0.041). Hospitalization costs were slightly higher in the combination therapy group (¥20,781 vs. ¥19,771, p < 0.001).
CONCLUSIONS: Early adjunctive dl-NBP administration in addition to alteplase-induced thrombolysis significantly reduces hemorrhagic complications. To our knowledge, this is the first large-scale real-world study to demonstrate that dl-NBP reduces the risk of post-thrombolytic brain hemorrhage, supporting its antioxidant benefits in a clinical setting.",https://pubmed.ncbi.nlm.nih.gov/42536265/,,,stroke,(Stroke[MeSH] OR stroke[tiab] OR brain ischemia[tiab] OR cerebrovascular[tiab]) AND (treatment[tiab] OR intervention[tiab] OR therapy[tiab]),2026-08-05T18:00:54+00:00,,,,,
PMID_42536264,PubMed,42536264,PMC8458830,10.3389/fphar.2021.736826,"Effects of Age, BMI and Creatinine Clearance on Edoxaban Plasma Concentrations in Non-Valvular Atrial Fibrillation Patients.","Li, Mengxue; He, Jie; Dong, Gaoqiu; Shao, Hua; Hu, Linlin",Cardiovascular drugs and therapy,2026,"PURPOSE: Non-valvular atrial fibrillation (NVAF) is a major stroke risk factor, and edoxaban is commonly used for thromboprophylaxis. However, marked interindividual variability in plasma edoxaban exposure may raise bleeding or thromboembolism risk. This study aimed to determine plasma edoxaban concentrations and identify clinical and demographic factors associated with its variable exposure in NVAF patients.
METHODS: This observational study enrolled 103 adult patients with NVAF receiving standard edoxaban therapy at Zhongda Hospital, Southeast University, from December 2024 to December 2025. Trough edoxaban concentrations were measured by validated high-performance liquid chromatography-tandem mass spectrometry (HPLC-MS/MS). Dose-normalized concentration (C/dose) was calculated to adjust for dosage differences. Pearson correlation analysis was performed to assess the associations between C/dose and age, body mass index (BMI), and creatinine clearance (CrCl).
RESULTS: Of 103 patients, 70 (68.0%) received edoxaban 30 mg daily and 24 (23.3%) received 60 mg daily. Among those on 30 mg, trough concentrations were significantly higher in patients with moderate renal dysfunction than in those with mild dysfunction or normal renal function; among those on 60 mg, trough concentrations were significantly higher in patients with mild dysfunction than in those with normal renal function. Pearson correlation analysis showed that lower CrCl, older age, and lower BMI were significantly associated with higher edoxaban exposure.
CONCLUSIONS: Age, BMI, and renal function significantly influence edoxaban exposure in NVAF patients. Thus, for elderly patients with extreme body weight or renal dysfunction, measuring plasma edoxaban levels may help optimize efficacy and reduce the risk of bleeding.",https://pubmed.ncbi.nlm.nih.gov/42536264/,,,stroke,(Stroke[MeSH] OR stroke[tiab] OR brain ischemia[tiab] OR cerebrovascular[tiab]) AND (treatment[tiab] OR intervention[tiab] OR therapy[tiab]),2026-08-05T18:00:54+00:00,,,,,
PMID_42535884,PubMed,42535884,PMC10631525,10.3174/ajnr.a8024,Primary versus elective percutaneous transluminal angioplasty with stenting for symptomatic intracranial atherosclerotic stenosis: a 18-centre retrospective cohort study using the pEGASUS-HPC stent.,"Khanafer, Ali; Ayad, Ahmed; Almohammad, Mohammad; Albiña-Palmarola, Pablo; Lylyk, Ivan; Eff, Florian; Mussabekov, Islambek; Sirakov, Alexander; Schüngel, Marie-Sophie; Tonguc, Tolga; Lobsien, Donald; Rückel, Johannes; Anastasiou, Aikaterini; AlMatter, Muhammad; Ali, Zakarya; Dadak, Mete; Hajiyev, Kamran; Allouche, Mehdi; von Gottberg, Philipp; Müller, Sebastian Johannes; Schüssler, Jonas; Hagiwara, Shinya; Aburub, Abdallah; Sarshayev, Marat; Bäzner, Hansjörg; Psychogios, Marios; Liebig, Thomas; Cohen, José E; Felber, Stephan; Klisch, Joachim; Dorn, Franziska; Sirakov, Stanimir; Holtmannspötter, Markus; Schob, Stefan; Berdikhojayev, Mynzhylky; Kemmling, André; Forsting, Michael; Lylyk, Pedro; Chapot, Rene; Henkes, Hans",European stroke journal,2026,"INTRODUCTION: To describe the safety and effectiveness of percutaneous transluminal angioplasty with pEGASUS-HPC stenting (PTAS) for symptomatic intracranial atherosclerotic stenosis (sICAS) and compare primary versus elective use.
PATIENTS AND METHODS: We retrospectively included consecutive adults with sICAS ≥50% treated with pEGASUS-HPC PTAS at 18 neurovascular centres (May 2021-February 2025). Primary PTAS was defined as treatment during non-large-vessel-occlusion acute ischaemic stroke (AIS); Elective PTAS was performed at least 7 days after the qualifying ischaemic presentation for recurrent symptoms or haemodynamic compromise despite intensive medical therapy. Outcomes included technical success (post-treatment stenosis ≤50% without intraprocedural complications), in-hospital major complications (intracerebral haemorrhage, AIS or death), restenosis and functional status, measured by the modified Rankin Scale (mRS) at last follow-up.
RESULTS: Among 141 patients (Primary 71; Elective 70), median post-treatment stenosis was 23.0%; technical success was 94.3% (90.1% vs 98.6%; P = .063). In-hospital major complications occurred in 7.1% (12.7% Primary vs 1.4% Elective; P = .017), driven by intraprocedural in-stent thrombosis (9.9% vs 0%; P = .013). At last follow-up (median 9 months), restenosis ≥50% was observed in 14.3% (7.8% vs 19.7%; P = .10) and mRS <3 in 84.7% (82.1% vs 87.1%; P = .61). New diffusion-weighted imaging lesions were seen in 39.2% of 79 patients with early MRI, without group differences.
DISCUSSION: In this multicentre cohort, pEGASUS-HPC PTAS provided substantial luminal gain, moderate restenosis and good mid-term functional outcomes overall. Elective use in medically refractory sICAS was associated with very low major complication rates, whereas primary use during AIS carried significantly higher thrombotic and haemorrhagic risk.",https://pubmed.ncbi.nlm.nih.gov/42535884/,,,stroke,(Stroke[MeSH] OR stroke[tiab] OR brain ischemia[tiab] OR cerebrovascular[tiab]) AND (treatment[tiab] OR intervention[tiab] OR therapy[tiab]),2026-08-05T18:00:54+00:00,,,,,
PMID_42535732,PubMed,42535732,,10.20452/pamw.17355,Anticoagulation in cancer patients with atrial fibrillation: recent advances.,"Menichelli, Danilo; Biccirè, Flavio G; Cesaro, Arturo; Pastori, Daniele",Polish archives of internal medicine,2026,"Atrial fibrillation (AF) and cancer frequently coexist, particularly in elderly patients, creating a complex clinical scenario with both increased thromboembolic and hemorrhagic risk. In these patients, in addition to established risk factors, cancer-related factors, such as thrombocytopenia, organ dysfunction, and drug-drug interactions, should be considered when managing anticoagulant treatment. Despite the growing prevalence of this clinical overlap, cancer patients have been under-represented in randomized controlled trials of direct oral anticoagulants for AF. Consequently, evidence guiding anticoagulation decisions in this population derives largely from post-hoc analyses and observational studies. The CHA₂DS₂-VA(Sc) and HAS-BLED scores, widely used for thromboembolic and bleeding risk stratification in the general AF population, have demonstrated suboptimal predictive performance in cancer patients, underscoring the need for a risk factor based approach specific for cancer patients. Emerging data consistently suggest that direct oral anticoagulants (DOACs) are at least as effective and safe as vitamin K antagonists (VKAs) in cancer patients with AF, with potential advantages in reducing stroke, major and intracranial bleeding, and mortality. However, DOACs use is still debated in some settings such as gastrointestinal and genitourinary cancer, brain metastasis and in case of strong drug-drug interactions. This review summarizes current evidence on ischemic and bleeding risk assessment in cancer patients with AF, evaluates the performance of existing risk stratification tools, identifies cancer-specific bleeding risk factors, and proposes a practical management algorithm for anticoagulation in this challenging population.",https://pubmed.ncbi.nlm.nih.gov/42535732/,,,stroke,(Stroke[MeSH] OR stroke[tiab] OR brain ischemia[tiab] OR cerebrovascular[tiab]) AND (treatment[tiab] OR intervention[tiab] OR therapy[tiab]),2026-08-05T18:00:54+00:00,,,,,
PMID_42535555,PubMed,42535555,,10.1161/jaha.126.050952,Stopping Oral Anticoagulation After Catheter Ablation for Atrial Fibrillation in Patients With High Risk of Stroke: STOP-OAC Study.,"Kawaji, Tetsuma; An, Yoshimori; Nishiwaki, Shushi; Sasaki, Yasuhiro; Ooka, Junichi; Kujira, Kazuto; Morinaga, Akifumi; Naka, Misaki; Suenaga, Akihira; Tanaka, Hiroto; Yamagami, Shintaro; Yoshizawa, Takashi; Morimoto, Takeshi; Kimura, Takeshi; Ono, Koh; Shizuta, Satoshi; Kaitani, Kazuaki; Kobori, Atsushi",Journal of the American Heart Association,2026,"BACKGROUND: The benefit of continuing oral anticoagulation (OAC) after catheter ablation (CA) for atrial fibrillation (AF) in patients with a high risk of stroke remains unclear. The Safeness or Threat Of Pausing-Oral anticoagulant therapy After Catheter ablation for atrial fibrillation study (STOP-OAC study) aimed to investigate the safety and efficacy of OAC discontinuation after CA for AF in patients with CHADS2 score ≥2.
METHODS: We enrolled 1655 consecutive patients with AF with CHADS2 score ≥2 (mean CHADS2 of 2.4 and CHA2DS2-VASc of 3.8) who underwent first-time CA at 8 institutions in Japan from April 2021 to March 2024. The main analysis was the landmark analysis at 240 days after CA compared between the 2 groups either on or off OAC at 240 days.
RESULTS: There were 327 patients who had stopped OAC at 240 days (off-OAC group), and 1241 patients who continued OAC at 240 days (on-OAC group). Patients in the off-OAC group compared with those in the on-OAC group less often had nonparoxysmal AF (43.1% and 54.3%), and history of ischemic stroke (7.7% and 23.4%) with lower CHADS2 score (2.2±0.5 and 2.4±0.6). The incidence of ischemic stroke beyond 240 days was not different between the 2 groups (0.4% and 0.5% per patient-year, P=0.21), whereas the incidence of major or clinically relevant nonmajor bleeding beyond 240 days was significantly lower in the off-OAC group than in the on-OAC group (0.4% and 1.7% per patient-year, P<0.001).
CONCLUSIONS: The STOP-OAC study provides real-world evidence supporting the safety and efficacy of early OAC discontinuation after CA of AF in selected patients with CHADS2 score ≥2.",https://pubmed.ncbi.nlm.nih.gov/42535555/,,,stroke,(Stroke[MeSH] OR stroke[tiab] OR brain ischemia[tiab] OR cerebrovascular[tiab]) AND (treatment[tiab] OR intervention[tiab] OR therapy[tiab]),2026-08-05T18:00:54+00:00,,,,,
PMID_42535538,PubMed,42535538,,10.1161/jaha.125.046235,Isosorbide Mononitrate/Cilostazol for Lacunar Cerebral Small Vessel Disease-Outcomes at 6 Months in the LACI-2 Randomized Controlled Trial.,"Bath, Philip M; Woodhouse, Lisa J; Mhlanga, Iris; Bamford, John; Cvoro, Vera; Doubal, Fergus N; England, Timothy J; Hassan, Ahamad; Montgomery, Alan A; O'Brien, John T; Roffe, Christine; Sprigg, Nikola; Werring, David J; Wardlaw, Joanna M; LACI‐2 Trial Investigators",Journal of the American Heart Association,2026,"BACKGROUND: Lacunar stroke can cause cognitive decline and dependency. The LACI-2 (Lacunar Intervention Trial-2) trial showed that 12 months of treatment with isosorbide-mononitrate (ISMN) or cilostazol improved these outcomes. We tested whether this effect was present at 6 months.
METHODS: LACI-2 was a prospective randomized open-label blinded-end point 2×2-factorial phase-2b trial assessing feasibility, safety, and proof-of-concept of 1 year of ISMN (40-60 mg) or cilostazol (200 mg). Participants aged >30 years had clinical lacunar stroke, compatible neuroimaging, and capacity to consent. The primary clinical outcome was the composite of stroke, myocardial infarction, dependency (modified Rankin Scale score >2), cognitive impairment (Diagnostic and Statistical Manual version 5, 7-level >0) and death; key secondary outcomes included the composite components, mood and stroke impact scale. Global analysis of the stroke impact scale was analyzed using the Wei-Lachin test with result given as Mann-Whitney difference.
RESULTS: Baseline characteristics were balanced across 363 participants: median age 64 (56-72) years, 31% female, and median onset to randomization 79 (27-244) days. At 6 months, participants allocated to ISMN versus control had fewer composite events (adjusted odds ratio [OR], 0.74 [95% CI, 0.55-0.99]) and improved stroke impact (Mann-Whitney difference, -0.15 [95% CI -0.25 to -0.05]). Cilostazol versus control improved cognition (Diagnostic and Statistical Manual version 5, 7-level scale, adjusted common OR, 0.64 [95% CI, 0.41-0.99]). ISMN/cilostazol versus control improved cognition (Diagnostic and Statistical Manual version 5, 7-level adjusted common OR, 0.40 [95% CI, 0.21-0.78]), mood (Zung adjusted mean difference, -6.94 [95% CI, -12.25 to -1.64]) and global stroke impact (Mann-Whitney difference, -0.23 [95% CI, -0.37 to -0.09]).
CONCLUSIONS: A reduction in the composite outcome, cognitive impairment, dependency, and stroke impact was seen within 6 months of starting ISMN or cilostazol.
REGISTRATION: URL: www.isrctn.com; Unique Identifier: ISRCTN14911850.",https://pubmed.ncbi.nlm.nih.gov/42535538/,,,stroke,(Stroke[MeSH] OR stroke[tiab] OR brain ischemia[tiab] OR cerebrovascular[tiab]) AND (treatment[tiab] OR intervention[tiab] OR therapy[tiab]),2026-08-05T18:00:54+00:00,,,,,
PMID_42535315,PubMed,42535315,,10.1002/smll.74733,AIEgen-Based Biomimetic Nanoplatform for Targeted Synergistic Sonodynamic Therapy and Macrophage Reprogramming of Hyperhomocysteinemic Atherosclerosis.,"Jia, Yue; Li, Bin; Gu, Qin; Zhang, Yunlong; Sang, Shuo; Ma, Fei; He, Changting; Wang, Yongli; Wu, Yanqiu; Jiang, Duo; Liu, Xueting; Duan, Han; Fu, Xinting; Wei, Zihui; Liao, Weihao; Liu, Zihuan; Wang, Weihan; Wang, Jiamei; Hao, Yinju; Wang, Dong; Ma, Shengchao; Liao, Yuhui; Jiang, Yideng","Small (Weinheim an der Bergstrasse, Germany)",2026,"The instability and subsequent rupture of atherosclerotic plaques are driven primarily by the progressive enlargement of the lipid-rich necrotic cores coupled with local macrophage dysfunction, which readily trigger life-threatening acute cardiovascular and cerebrovascular events. Homocysteine serves as an independent risk factor for atherosclerosis. Here, we developed a synergistic nanotherapeutic strategy for hyperhomocysteinemic atherosclerosis (HHcy-AS) by simultaneously targeting foam cells and diseased macrophages. Specifically, an aggregation-induced emission (AIE) sonosensitizer TTPY-COOH was encapsulated into OPN antibody-modified polymer nanoparticles to form TP-Ab cores, which were then co-loaded with dexamethasone into ROS-responsive platelet membrane-liposome hybrid vesicles, yielding the final nanodrug TP-Ab/Dex@PL. Following intravenous injection, this nanoplatform utilizes platelet membranes to precisely target atherosclerotic plaques, where it rapidly disassembles within the high ROS environments. The released TP-Ab cores selectively deliver TTPY-COOH to foam cells via specific antibody recognition, where subsequent ultrasound-triggered sonodynamic therapy induces cellular apoptosis. Meanwhile, locally released dexamethasone exhibits a robust anti-inflammatory effect and reprograms M1 macrophages into the M2 phenotype, enhancing their efferocytosis for apoptotic foam cells. In an HHcy-AS mouse model, TP-Ab/Dex@PL treatment significantly reduced plaque burden and improved plaque stability. This multifunctional nanoplatform integrates sonodynamic therapy, anti-inflammatory effects, and macrophage reprogramming, offering potential for the precise clinical treatment of atherosclerosis.",https://pubmed.ncbi.nlm.nih.gov/42535315/,,,stroke,(Stroke[MeSH] OR stroke[tiab] OR brain ischemia[tiab] OR cerebrovascular[tiab]) AND (treatment[tiab] OR intervention[tiab] OR therapy[tiab]),2026-08-05T18:00:54+00:00,,,,,
PMID_42535224,PubMed,42535224,PMC6168060,10.1055/s-0046-1816059,Effectiveness and Safety of Minimally Invasive Surgery for Infratentorial Hemorrhages: A Meta-Analysis of Clinical and Technical Outcomes.,"Frusteri, Marco; Sepúlveda, Juan Esteban Suárez; Zapata, Miguel Gaviria; Stockman, Isabelle G; Ocampo, Francisco Javier Londoño; González, Ignacio; Quiceno, Esteban",Asian journal of neurosurgery,2026,"Spontaneous infratentorial hemorrhages (SIHs) are a type of hemorrhagic stroke that compromise the cerebellum and/or brainstem. While minimally invasive surgical (MIS) approaches are effective in treating spontaneous supratentorial hemorrhage, their efficacy in managing SIH remains unclear. This uncertainty prompted the undertaking of this systematic review and meta-analysis. Following the Preferred Reporting Items for Systematic Reviews and Meta-Analyses guidelines, we conducted a comprehensive search of the PubMed, Scopus, and Cochrane Library databases. Studies were included if they had a minimum of five patients and reported at least one outcome of interest. The outcomes evaluated were technical success, mean hematoma reduction, good functional outcomes at 3- and 6-month follow-up, complication rates, rebleeding rates, and postoperative mortality. A subgroup analysis was performed based on hemorrhage location and surgical approach. Depending on the data, either a random-effects or common-effects model was applied, and heterogeneity was assessed using I 2 statistics. Seventeen studies met inclusion criteria. Postoperative mortality was 14.34% (95% confidence interval [CI]: 8.94-19.74%). Rate of good functional outcomes were 46.82% (95% CI: 18.88-74.77%) and 50.95% (95% CI: 32.72-69.17%) at 3 and 6 months, respectively. The overall complication rate was 6.86% (95% CI: 3.03-10.69%). Mortality by surgical technique ranged from 6.72% (miniature craniotomy only) to 26.27% (miniature craniotomy and catheter/puncture drainage), with no significant differences between approaches ( p  = 0.08). Patients with cerebellar hemorrhage experienced significantly greater rates of good functional outcome at 6 months compared with those with brainstem hemorrhage ( p  = 0.0004). Our study suggests that MIS for the treatment of SIH is an effective and feasible approach, as evidenced by low mortality rates and a limited number of associated complications. Larger randomized studies are warranted to compare different strategies and further optimize patient care.",https://pubmed.ncbi.nlm.nih.gov/42535224/,,,stroke,(Stroke[MeSH] OR stroke[tiab] OR brain ischemia[tiab] OR cerebrovascular[tiab]) AND (treatment[tiab] OR intervention[tiab] OR therapy[tiab]),2026-08-05T18:00:54+00:00,,,,,
PMID_42535208,PubMed,42535208,PMC8288574,10.5797/jnet.cr.2026-0059,Ischemic Stroke Caused by Vertebral Artery Compression at C1 with a Floating Thrombus in an Incomplete Arcuate Foramen.,"Miyata, Kei; Fujita, Shogo; Yamaguchi, Yoshitaka; Takada, Tatsuro; Shimbo, Daisuke; Oki, Sogo; Asaoka, Katsuyuki",Journal of neuroendovascular therapy,2026,"OBJECTIVE: Vertebral artery (VA) compression associated with an arcuate foramen (AF) is a rare cause of ischemic stroke. We report a case of ischemic stroke caused by VA compression at the C1 level with a floating thrombus, highlighting the pathophysiology and treatment strategy.
CASE PRESENTATION: An older woman presented with vertigo and gait disturbance. MRI demonstrated acute infarcts in the bilateral posterior inferior cerebellar artery (PICA) territories. Angiographic studies revealed focal stenosis with a floating thrombus in the left VA at the C1 level (V3 segment), associated with compression by adjacent bony structures, as well as a stenotic lesion in the right VA at the V2 segment. CTA demonstrated external compression of the left VA associated with a left incomplete AF. Serial MRA demonstrated fluctuating visualization of the right vertebrobasilar system before treatment. Given that posterior circulation perfusion depended on the dominant right VA and hemodynamic compromise was suspected, revascularization of the right VA with stent placement was performed first to improve antegrade flow. This was followed by elimination of the embolic source by parent artery occlusion of the left VA in the same session.
CONCLUSION: VA compression associated with an AF may result in ischemic stroke primarily through artery-to-artery embolism, with possible contribution from hemodynamic compromise. Treatment strategies should be tailored based on both the embolic mechanism and the hemodynamic status of the vertebrobasilar circulation.",https://pubmed.ncbi.nlm.nih.gov/42535208/,,,stroke,(Stroke[MeSH] OR stroke[tiab] OR brain ischemia[tiab] OR cerebrovascular[tiab]) AND (treatment[tiab] OR intervention[tiab] OR therapy[tiab]),2026-08-05T18:00:54+00:00,,,,,
PMID_42535207,PubMed,42535207,PMC7051514,10.1055/s-0046-1815945,A Case of Successful Stent Placement for Vertebral Artery Ostium Stenosis with Favorable Outcome.,"Shimoi, Akihiro; Yoshida, Keisuke; Aoki, Jun; Takahashi, Hironori; Yamada, Hiroki; Kowata, Kazuma; Akaji, Kazunori",Asian journal of neurosurgery,2026,"Vertebral artery ostium stenosis is a recognized risk factor for posterior circulation stroke, yet no standardized treatment guidelines exist. Endovascular stenting, particularly with balloon-expandable stents (BES), has emerged as a promising option. However, clinical data remain limited. An 85-year-old man presented with transient visual disturbances and was found to have multiple microinfarcts in the right occipital lobe and cerebellar hemisphere. Vascular imaging revealed severe right VA ostium stenosis with a contralateral PICA-ending VA. In the chronic phase, the patient underwent successful stenting of the right VA ostium using a Palmaz Genesis balloon-expandable stent via radial artery access. The procedure was uneventful, and follow-up MRI showed no new infarcts. The patient was discharged with no neurological deterioration (modified Rankin scale 1). Balloon-expandable stent placement at the vertebral artery ostium can be a safe and effective treatment option in selected patients with symptomatic vertebral artery ostium stenosis. Further studies are warranted to evaluate long-term outcomes and restenosis risk.",https://pubmed.ncbi.nlm.nih.gov/42535207/,,,stroke,(Stroke[MeSH] OR stroke[tiab] OR brain ischemia[tiab] OR cerebrovascular[tiab]) AND (treatment[tiab] OR intervention[tiab] OR therapy[tiab]),2026-08-05T18:00:54+00:00,,,,,
PMID_42535185,PubMed,42535185,PMC8370063,10.7759/cureus.111782,"Acute Stroke Care in a Thrombolysis-Capable Emergency Department in Iraq: Patient Characteristics, Risk Factors, and Reperfusion Metrics From a One-Year Registry.","Al-Shahni, Mustafa; Alrubaee, Israa; Yahya, Ali S; Kazim, Saad; El-Rekaby, Aktham; Chellab, Ahemd K; Mohammed Ali, Ibraheem",Cureus,2026,"Background Stroke remains an important cause of death and long-term disability. Contemporary data on acute stroke care in Iraq remain limited. Objective This study aimed to describe patient characteristics, vascular risk factors, stroke subtypes, and reperfusion metrics among patients presenting with acute stroke to a thrombolysis-capable tertiary center in Iraq. Methods This retrospective observational study analyzed prospectively maintained registry data from consecutive adult patients presenting with acute stroke to the emergency department of Al-Diwaniyah Teaching Hospital in Diwaniyah, Iraq, between October 2023 and September 2024. Demographic characteristics, stroke subtype, vascular risk factors, treatment patterns, and workflow metrics were evaluated. Results A total of 339 patients were included. The mean age was 64.1 ± 12.9 years, and 58.1% were male. Acute ischemic stroke accounted for 72% of cases, while intracerebral hemorrhage accounted for 28%. Hypertension was the most common vascular risk factor (70.5%), followed by diabetes mellitus (38.3%) and prior stroke/transient ischemic attack (22.7%). Multiple vascular risk factors were present in 57.5% of patients. Among patients with acute ischemic stroke, 50.8% arrived within 4.5 hours of symptom onset. Twenty-one patients received intravenous thrombolysis, representing 8.6% of all ischemic stroke cases and 16.9% of those arriving within 4.5 hours. The median door-to-needle time was 110 minutes (interquartile range (IQR): 90-140). Two patients underwent mechanical thrombectomy following transfer to another facility. Conclusions Patients presenting with acute stroke in this registry exhibited a high burden of modifiable vascular risk factors, and a substantial proportion presented at a relatively young age. Although half of ischemic stroke patients arrived within the therapeutic time window, reperfusion therapy utilization remained limited, and treatment delays were common. These findings identify important opportunities to strengthen stroke systems of care, improve workflow efficiency, and expand access to evidence-based acute stroke therapies in Iraq.",https://pubmed.ncbi.nlm.nih.gov/42535185/,,,stroke,(Stroke[MeSH] OR stroke[tiab] OR brain ischemia[tiab] OR cerebrovascular[tiab]) AND (treatment[tiab] OR intervention[tiab] OR therapy[tiab]),2026-08-05T18:00:54+00:00,,,,,
PMID_42535164,PubMed,42535164,PMC4663024,10.1055/s-0046-1817819,Endovascular Bailout: Life-saving Covered Stent in a Case of Intraoperative Vertebral Artery Injury.,"Karki, Prasanna; Parajuli, Baibhav; Sharma, Gopal R; Joshi, Sumit; Shah, Damber Bikram; Paudel, Prakash",Asian journal of neurosurgery,2026,"Iatrogenic vertebral artery pseudoaneurysm is rare, yet a critical condition that must be identified and treated promptly. A vertebral artery pseudoaneurysm may cause complications like thromboembolism and even arterial rupture, leading to posterior circulation stroke. We present a case of a 72-year-old male patient with a right vertebral artery pseudoaneurysm following surgery for cervical myelopathy. A pseudoaneurysm in the V2 segment of the right vertebral artery was confirmed by diagnostic angiogram. The patient was transferred to the catheterization laboratory immediately, and the decision to proceed with an endovascular approach using a covered stent to preserve the right vertebral artery was made. The patient did not develop any postsurgical complications and has now fully recovered. This case highlights that emergency endovascular intervention using a covered stent can be a promising therapeutic option in cases of pseudoaneurysms following open surgery.",https://pubmed.ncbi.nlm.nih.gov/42535164/,,,stroke,(Stroke[MeSH] OR stroke[tiab] OR brain ischemia[tiab] OR cerebrovascular[tiab]) AND (treatment[tiab] OR intervention[tiab] OR therapy[tiab]),2026-08-05T18:00:54+00:00,,,,,
PMID_42534727,PubMed,42534727,PMC3134568,10.1111/j.1541-0420.2011.01564.x,"Effects of intravenous human albumin, enteral cilostazol, and combination therapy on the reduction of delayed cerebral ischemia in patients with aneurysmal subarachnoid hemorrhage.","Qureshi, Adnan I; Raza, Hassan; Beall, Jonathan; Gajewski, Byron; Martin, Renee H; Suarez, Jose I",Frontiers in neurology,2026,"BACKGROUND: Delayed cerebral ischemia (DCI) and cerebral infarction remain major causes of disability and death after aneurysmal subarachnoid hemorrhage (aSAH). Enteral cilostazol and intravenous (IV) 25% human albumin have each been investigated as candidate therapies targeting potentially overlapping DCI mechanisms.
OBJECTIVE: This article aims to estimate the plausible effects of albumin, cilostazol, and combination therapy on reducing DCI after aSAH using Bayesian prior-predictive simulation and factorial component-effect decomposition.
METHODS: We defined four treatment classes: control, albumin-only, cilostazol-only, and combination therapy. The primary endpoint was the National Institute of Neurological Disorders and Stroke Common Data Elements-defined DCI (CDE-d-DCI) on computed tomography on days 10 to 14. A prior-predictive Monte Carlo model used a control DCI-risk prior centered on the Cilostazol Albumin Treatment in Subarachnoid Hemorrhage (CATS) protocol-planning value of 31%, a cilostazol prior anchored to randomized-trial meta-analysis estimates, and an albumin prior informed by the Albumin in Subarachnoid Hemorrhage (ALISAH) dose-escalation data with wider uncertainty because ALISAH was uncontrolled. No observed CATS outcomes were analyzed. External consistency, control-prior sensitivity, weaker albumin priors, correlated-prior structures, and factorial component effects were evaluated.
RESULTS: Under base-case priors, median absolute risk reductions (ARRs) versus control were 9.1 percentage points for albumin (90% simulation interval, -3.3 to 18.1; prior-predictive probability of ARR > 0, 89.8%), 18.1 percentage points for cilostazol (11.0 to 25.4; 99.9%), and 21.7 percentage points for combination therapy (12.4 to 29.9; 99.8%). Although combination therapy had the largest projected reduction versus control, the incremental benefit of adding albumin to cilostazol was small and uncertain (3.5 percentage points; -3.0 to 8.9), and the additive interaction was also uncertain (-5.5 percentage points; -11.9 to 2.8). Illustrative two-group sample sizes were 343, 76, and 49 participants per group for albumin, cilostazol, and combination therapy, respectively, versus control.
CONCLUSION: These simulations provide planning-level projections and do not establish efficacy. The findings support continued randomized evaluation of cilostazol and albumin, with concurrent single-agent, combination, and control arms to estimate component effects and interaction effects.",https://pubmed.ncbi.nlm.nih.gov/42534727/,,,stroke,(Stroke[MeSH] OR stroke[tiab] OR brain ischemia[tiab] OR cerebrovascular[tiab]) AND (treatment[tiab] OR intervention[tiab] OR therapy[tiab]),2026-08-05T18:00:54+00:00,,,,,
PMID_42534726,PubMed,42534726,PMC12931141,10.2147/jmdh.s576275,The association between social support and quality of life in patients with severe stroke: a chain mediation analysis of resilience and self-efficacy.,"Li, Yun; Liu, Yuru; Liu, Dan; Pang, Hongmei; Hao, Rongrong; Du, Juan; Liu, Xiaonan; Shi, Yining",Frontiers in psychiatry,2026,"OBJECTIVE: To explore the chain mediating effects of resilience and self-efficacy on the association between social support and quality of life (QoL) among patients with severe stroke.
METHODS: This cross-sectional study enrolled 272 inpatients between June 2023 and June 2025. Validated instruments were used to assess social support (SSRS), resilience (CD-RISC), self-efficacy (GSES), and quality of life (QoL) (SS-QOL). PROCESS Model 6 with 5,000 bias-corrected bootstrap samples was used to test sequential mediation while adjusting for key covariates.
RESULTS: Mean scores indicated moderate levels of social support, resilience, self-efficacy, and QoL. Quality of life scores were significantly higher among patients aged <60 years compared to those aged ≥60 years (54.62 ± 14.07 vs. 49.34 ± 13.12), among patients with higher education levels (college or above: 54.73 ± 14.27 vs. primary school or below: 47.26 ± 11.38), among patients covered by Employee Health Insurance compared to self-funded patients (53.26 ± 13.42 vs. 42.36 ± 11.25), and among patients with lower NIHSS scores (10-14 points: 56.38 ± 13.45 vs. 15-24 points: 46.44 ± 12.41). All comparisons were statistically significant at P < 0.05. All main variables were positively correlated. The direct association between social support and QoL was significant (adjusted unstandardized β = 0.88, 95% CI [0.790, 0.975]), accounting for 53.5% of the total association. The three indirect associations were: (1) SSRS - CD-RISC - SS-QOL: β = 0.255, 95% CI [0.192, 0.329]; (2) SSRS - GSES - SS-QOL: β = 0.126, 95% CI [0.020, 0.208]; and (3) SSRS - CD-RISC - GSES - SS-QOL: β = 0.385, 95% CI [0.289, 0.510],supporting the hypothesized chain mediation model.
CONCLUSION: Social support was strongly associated with QoL, both directly and indirectly through resilience and self-efficacy and their sequential pathways. These findings highlight potential intervention targets, although causal inferences are limited by the study's cross-sectional design. Strengthening social support and related psychological resources may improve rehabilitation outcomes in patients with severe strokes.",https://pubmed.ncbi.nlm.nih.gov/42534726/,,,stroke,(Stroke[MeSH] OR stroke[tiab] OR brain ischemia[tiab] OR cerebrovascular[tiab]) AND (treatment[tiab] OR intervention[tiab] OR therapy[tiab]),2026-08-05T18:00:54+00:00,,,,,
PMID_42534704,PubMed,42534704,PMC8201450,10.3892/mmr.2021.12213,A systematic review on the dual roles of microRNAs in ischemic stroke: mechanisms and effects.,"Ishak, Nur Iffah; Siran, Rosfaiizah; Wan Mohamad Zain, Wan Nor I'zzah; Azme, Nasibah",PeerJ,2026,"BACKGROUND: MicroRNAs (miRNAs) regulate key pathways in ischemic stroke with both protective and detrimental effects. Understanding these dual roles is important to developing novel therapeutic strategies for cerebral ischemia. This systematic review highlights key miRNAs under investigation, the dysregulation of miRNA expression, and the overall mechanism of miRNA function after ischemic stroke.
METHODS: A total of 20 preclinical in vivo studies from multiple databases (PubMed, Scopus, and Web of Science (WoS)) that modulate miRNA expression post-stroke, published within the last 5 years, were analyzed. To confirm its effectiveness, studies must include miRNA expression level, neurological function test, and infarction volume. Due to the heterogeneity of these studies, as evaluated by the SYRCLE risk of bias tool, a descriptive synthesis was employed to summarize the findings. This review was registered with PROSPERO (CRD42024552558).
RESULTS: During the onset of ischemia, there is a sudden upregulation of detrimental miRNAs, accompanied by downregulation of beneficial neuroprotective miRNAs. Beneficial miRNAs inhibited apoptosis, suppressed inflammation, reduced oxidative damage, protected the blood-brain barrier (BBB), promoted angiogenesis, and stimulated neurogenesis. Detrimental miRNAs inhibited critical neuroprotective signaling pathways, suppressed cellular defense mechanisms, promoted Reactive oxygen species (ROS) production, and accelerated ischemic injury. Some miRNAs play dual roles, promoting both apoptosis and neurogenesis.
DISCUSSION: MiRNA modulation demonstrated greater therapeutic potential when used in rationally designed combination therapies, such as two beneficial miRNAs (e.g., miR-210 + miR-126) or a combination of miRNA with other agents (e.g., miR-199a-5p inhibitor + AKT activator IGF-1). Despite the enormous potential of miRNA modulation therapy and numerous preclinical data, translating it from bench to bedside remains a challenge.
CONCLUSION: MiRNAs play dual roles in ischemic stroke, mediating both injury and repair. Their pleiotropic actions position them as promising multi-targeted candidates for stroke therapy, provided translational barriers can be overcome.",https://pubmed.ncbi.nlm.nih.gov/42534704/,,,stroke,(Stroke[MeSH] OR stroke[tiab] OR brain ischemia[tiab] OR cerebrovascular[tiab]) AND (treatment[tiab] OR intervention[tiab] OR therapy[tiab]),2026-08-05T18:00:54+00:00,,,,,
PMID_42534689,PubMed,42534689,PMC11843556,10.3389/fneur.2025.1505270,Mechanistic and clinical investigation of Jiajiang Xuming decoction in multi-modal programmed cell death in stroke-associated pneumonia.,"Li, Zezhao; Wang, Jie; Hong, Zhen; Li, Mengyao; Liu, Tian; Wang, Yue; Men, Lianchao",Frontiers in cell and developmental biology,2026,"BACKGROUND: Stroke-Associated Pneumonia (SAP) is one of the leading causes of sepsis and ICU mortality among stroke patients, attributed to dysregulated immune responses as well as multiple MODES of cell death. Jiajiang Xuming Decoction (JXD) is a traditional Chinese medicine (TCM) formula to treat the symptoms of Wind-Phlegm-Stasis Obstruction Syndrome, blamed for all SAP-related sepsis.
METHODS: A single-centre retrospective cohort study was conducted in 100 ICU patients with microbiologically confirmed sepsis (Sepsis-3 criteria): 58 Stroke-Associated Pneumonia (SAP) and 42 non-SAP sepsis, compared to thirty healthy controls. On admission, Day 3 and Day 7, serial inflammatory markers (IL-6, IL-1β, TNF-α PCT CRP) and organ-function indicators were measured (hepatic: ALT AST; renal: creatinine (BUN); cardiac: cTnI† NT-proBNP). Therapeutic efficacy of JXD was evaluated in a propensity-score-matched (JXD n = 29; conventional treatment n = 29) sub-cohort. Mechanistic evidence were derived from scRNA-seq and an in vitro LPS + OGD cell model as well as ferroptosis characterisation (GEO: GSM5319987).
RESULTS: Compared to non-SAP sepsis, SAP patients had significantly higher levels of inflammatory cytokines, markers of hepatic injury (ALT, AST), renal impairment (creatinine, BUN), and cardiac injury (cTnI, NT-proBNP) all P < 0.001; FDR q < 0.001). An AUC = 0.872 for SAP diagnosis with a combination of four markers (PCT + IL-6 + ALT + creatinine) was established. Supplemental JXD therapy provided a significant advantage over conventional treatment in Day-7 clinical improvement rate (72.4% vs. 48.3%, P = 0.048) and shortened ICU stay (12.1 vs. 16.3 days, P = 0.002), along with markers of mode microbiome-related inflammation and injury reduction in this population of patients with acute disturbances post-septic organs (Galluzzi et al., Cell Death Differ, 2018, 25(3), 486-541). JXD basically inhibited apoptosis (CASP3), pyroptosis (NLRP3), necroptosis (RIPK3) in vitro, and reversed ferroptotic death by restoring GPX4, downregulating MDA, as well as inhibiting ACSL4.
CONCLUSION: Multi-organ dysfunction biomarkers independently predicts sepsis sequelae post-SAP (AUC = 0.872)) and track treatments response Conclusions: JXD modulates a number of cellular death pathways in vitro, and markedly improves clinical outcomes in SAP-associated sepsis.",https://pubmed.ncbi.nlm.nih.gov/42534689/,,,stroke,(Stroke[MeSH] OR stroke[tiab] OR brain ischemia[tiab] OR cerebrovascular[tiab]) AND (treatment[tiab] OR intervention[tiab] OR therapy[tiab]),2026-08-05T18:00:54+00:00,,,,,
PMID_42534297,PubMed,42534297,PMC12402381,10.1016/j.amjcard.2008.08.036,Correlation Between Interatrial Septal In Situ Thrombus and Stroke Evaluated by Transesophageal Echocardiography.,"Wang, Bin; Wang, Shuang; Zhang, Minxin; Ding, Kehan; Zhang, Shuixing",Reviews in cardiovascular medicine,2026,"BACKGROUND: Patent foramen ovale (PFO) is a crucial etiology of cryptogenic stroke, with paradoxical embolism recognized as its classic pathogenic mechanism. However, the origin of most emboli remains unclear. This study aimed to detect the presence and location of in situ thrombus on the interatrial septum in patients with PFO using contrast-enhanced transesophageal echocardiography (c-TEE) and analyze its correlation with stroke and migraine, thereby providing novel insights into the pathogenesis of PFO-related diseases.
METHODS: A retrospective analysis was performed on 3343 patients who underwent TEE examination between March 2021 and December 2024. Patients were divided into the in situ thrombus group (n = 62) and the non-in situ thrombus group (n = 1211) based on TEE findings. According to clinical symptoms, patients were categorized into the stroke group (n = 210), the migraine group (n = 633), and the asymptomatic group (n = 430). TEE was used to comprehensively assess the location, size, and quantity of the in situ thrombus. The anatomical parameters and hemodynamic parameters of PFO were compared among different groups.
RESULTS: Among 1273 PFO patients, the overall detection rate of in situ thrombus on the interatrial septum by TEE was 4.56% (62/1273). The detection rate of in situ thrombus in the stroke group (11.90%, 25/210) was significantly higher than that in the migraine group (2.53%, 16/633) and the asymptomatic group (3.95%, 17/430) (p < 0.001). In situ thrombus was most commonly located on the right atrial surface of the interatrial septum (69.0%, 40/62). The PFO diameter in the thrombus group was significantly larger than that in the non-thrombus group (p = 0.0033), and the shunt velocity was also significantly higher (p < 0.001). At the same time, no significant difference in PFO length was observed between the two groups. All patients with a detected in situ thrombus had negative findings on lower-extremity venous ultrasonography. After PFO closure, the rate of symptom improvement in the stroke group was significantly higher than in the migraine group (95.68% vs 52.80%, p < 0.005).
CONCLUSIONS: c-TEE is an effective method for detecting in-situ thrombus in the atrial septum in patients with PFO, and such thrombus may play an important role in PFO-related stroke. PFO closure may be effective in stroke patients with concomitant in-situ thrombus. In clinical practice, routine risk stratification should be performed in patients with PFO, with an emphasis on identifying high-risk features and in situ thrombus lesions, to provide a basis for individualized treatment decisions.",https://pubmed.ncbi.nlm.nih.gov/42534297/,,,stroke,(Stroke[MeSH] OR stroke[tiab] OR brain ischemia[tiab] OR cerebrovascular[tiab]) AND (treatment[tiab] OR intervention[tiab] OR therapy[tiab]),2026-08-05T18:00:54+00:00,,,,,
PMID_42534290,PubMed,42534290,PMC6859604,10.1186/s12014-019-9258-9,Self-Rated Health as an Independent Predictor of All-Cause Mortality in Patients With Non-ST-Segment Elevation Myocardial Infarction.,"Cao, Shan; Gu, Tianshu; Hu, Sutao; Liu, Junyu; Liu, Tong; Chen, Kangyin",Reviews in cardiovascular medicine,2026,"BACKGROUND: This investigation aimed to examine the association between subjective health perception and mortality risk in individuals diagnosed with non-ST-segment elevation myocardial infarction (NSTEMI).
METHODS: This study conducted a multicenter retrospective analysis of 29,465 patients with NSTEMI from 82 tertiary and secondary hospitals in Tianjin, China (2010-2023). Patients were stratified into self-rated health (SRH)-satisfied (n = 28,835) and SRH-dissatisfied (n = 630) cohorts based on self-reported health assessments. Propensity score matching (1:3 ratio) was used to balance baseline characteristics, yielding a final sample of 2514 patients. The primary outcome was all-cause mortality over a median follow-up of 1477 days. Multivariable Cox regression was used to identify predictors of mortality, and Kaplan-Meier analysis was performed to compare survival between groups.
RESULTS: The SRH-dissatisfied cohort exhibited advanced age, reduced percutaneous coronary intervention (PCI) utilization, and greater comorbidity burden (diabetes, hypertension, chronic kidney disease, cerebrovascular/peripheral vascular disease, chronic lung disease; p < 0.05). This group demonstrated significantly elevated mortality (adjusted Hazard Ratio [aHR] = 1.29, 95% confidence interval [CI]: 1.16-1.44; p < 0.001). No between-group differences were observed for secondary endpoints: nonfatal myocardial infarction (MI), cardiac death, ischemic stroke, or revascularization. Subgroup analyses stratified by age, sex, and comorbidity status confirmed the consistency of the results.
CONCLUSIONS: Self-rated health independently predicts mortality risk in patients with NSTEMI.",https://pubmed.ncbi.nlm.nih.gov/42534290/,,,stroke,(Stroke[MeSH] OR stroke[tiab] OR brain ischemia[tiab] OR cerebrovascular[tiab]) AND (treatment[tiab] OR intervention[tiab] OR therapy[tiab]),2026-08-05T18:00:54+00:00,,,,,
PMID_42534225,PubMed,42534225,PMC11531216,10.1164/rccm.202306-1101oc,"Cardiovascular Disease, Sleep-Disordered Breathing, and Artificial Intelligence: From Neutral Trials to Precision Sleep Cardiology.","Huang, Zhihua; Xiang, Jingjing; Zhao, Zhihui; Zhao, Qing; Duan, Anqi; Sun, Zhaohong; Xu, Lisheng; Yao, Wenzhen; Zhang, Wenyu; Wang, Qi; Gao, Luyang; Li, Xin; Wang, Yijia; Li, Sicong; Liu, Huiyi; An, Chenhong; Luo, Qin; Liu, Zhihong",Reviews in cardiovascular medicine,2026,"Sleep-disordered breathing (SDB), which includes both obstructive and central sleep apnea, is highly prevalent among patients with cardiovascular disease (CVD). Moreover, SDB contributes significantly to the development and progression of hypertension, coronary artery disease, arrhythmias, heart failure, and various cardiovascular and cerebrovascular events. However, despite strong mechanistic links involving intermittent hypoxemia, sympathetic activation, intrathoracic pressure fluctuations, and systemic inflammation, clinical trials of SDB treatment have yielded in neutral or even adverse cardiovascular outcomes. These results underscore the need for refined phenotyping, risk stratification, and personalized management. Artificial intelligence (AI) has emerged as a promising tool to address these challenges. In this review, we evaluate the mechanistic pathways through which SDB affects cardiovascular health and critically examine AI-based methods to enhance screening, outcome prediction, and treatment optimization. Applications include automated detection using clinical and biosignal data, cardiovascular risk prediction through machine-learning models based on sleep parameters, and AI-guided therapy personalization. Furthermore, we emphasize translational relevance by comparing model performance, identifying high-risk phenotypes, and exploring the potential for integration into clinical workflows. AI-enabled tools may help bridge the gap between pathophysiological understanding and improved outcomes by facilitating earlier diagnosis, tailored interventions, and proactive monitoring. Future studies should focus on prospective validation, regulatory pathways, and equitable deployment across populations.",https://pubmed.ncbi.nlm.nih.gov/42534225/,,,stroke,(Stroke[MeSH] OR stroke[tiab] OR brain ischemia[tiab] OR cerebrovascular[tiab]) AND (treatment[tiab] OR intervention[tiab] OR therapy[tiab]),2026-08-05T18:00:54+00:00,,,,,
PMID_42534201,PubMed,42534201,PMC12617328,10.1002/ccd.70208,When Time Matters in Aortic Stenosis: Can Transcatheter Aortic Valve Replacement Make a Difference in Non-Elective Cases?,"Villa Etchegoyen, Cecilia; Chollet, Laurève; Ahmed, Mina; Bilauca, Christine; Farina, Juan M; Pereyra, Milagros; Scalia, Isabel G; Razaghi, Mahshad; Abdelfattah, Fatmaelzahraa E; Awad, Kamal; Hafez, Abdelrahman; Ahmed, Sherif; Ayoub, Chadi; Alsidawi, Said; Sweeney, John P; Lester, Steven J; Lee, Kwan S; Fortuin, David; Sell-Dottin, Kristen A; Arsanjani, Reza",Reviews in cardiovascular medicine,2026,"BACKGROUND: The development of symptoms or left ventricular dysfunction in severe aortic stenosis (AS) is associated with high morbidity and mortality. While elective transcatheter aortic valve replacement (TAVR) is supported by robust randomized evidence, data on TAVR performed in non-elective settings (urgent, emergent, or salvage) remain limited and heterogeneous. In these settings, outcomes may be influenced more by baseline clinical severity than by procedural factors. This study aimed to systematically evaluate the safety and effectiveness of non-elective TAVR and to compare the associated outcomes with those of elective TAVR.
METHODS: This systematic review and meta-analysis were conducted in accordance with the Preferred Reporting Items for Systematic reviews and Meta-Analyses (PRISMA) guidelines and registered with PROSPERO. The PubMed, Embase, and Scopus databases were searched for studies published after 2002 evaluating urgent, emergent, or salvage TAVR in adult patients with severe AS. Eligible studies were required to include elective TAVR as a comparator. Outcomes included mortality and major procedural complications. Prespecified era-based analyses and sensitivity analyses excluding studies at critical risk of bias were performed. Risk of bias was assessed using the ROBINS-I tool.
RESULTS: A total of 17 observational studies published between 2015 and 2025 were included, comprising 215,141 patients. Compared with elective patients, those undergoing non-elective TAVR had more advanced heart failure, higher NYHA class, greater comorbidity burden, and higher surgical risk scores, whereas baseline echocardiographic severity of AS was similar. Pooled outcomes for non-elective TAVR showed in-hospital, 30-day, and 1-year mortality rates of 5.1%, 12.4%, and 26.7%, respectively. Non-elective TAVR was associated with higher mortality at all time points compared with elective procedures; meanwhile, rates of stroke, vascular complications, and permanent pacemaker implantation were similar, while major bleeding and acute kidney injury were more frequent. Era-based analyses showed a stable relative mortality risk over time.
CONCLUSIONS: Although non-elective TAVR is associated with worse outcomes than elective procedures, these differences appear to be largely driven by baseline clinical severity rather than by the transcatheter intervention. In unstable patients with severe AS, non-elective TAVR remains the most effective definitive treatment option compared with balloon aortic valvuloplasty or conservative management.
THE PROSPERO REGISTRATION: CRD420251239620, https://www.crd.york.ac.uk/PROSPERO/view/CRD420251239620.",https://pubmed.ncbi.nlm.nih.gov/42534201/,,,stroke,(Stroke[MeSH] OR stroke[tiab] OR brain ischemia[tiab] OR cerebrovascular[tiab]) AND (treatment[tiab] OR intervention[tiab] OR therapy[tiab]),2026-08-05T18:00:54+00:00,,,,,
PMID_42534112,PubMed,42534112,PMC2752757,10.7759/cureus.111767,Comparison of In-Hospital Outcomes of Acute ST Segment Elevation Myocardial Infarction in Young Versus Older Patients.,"Gnanakaran, Yasotha; Qayyum, Muhammad Hassaan; Raza, Samar; Iqbal, Hafiz Zunair; Ali, Saba Arshad; Jawad, Umaima; Noor, Ammar; Memon, Muhammad Ayoob; Qurat-Ul-Ain, Fnu; Jamil, Muhammad Irfan",Cureus,2026,"Background Acute ST-segment elevation myocardial infarction remains a major cause of early hospital complications and death. Although it is more common in older patients, young adults are increasingly presenting with ST-segment elevation myocardial infarction (STEMI). Age may influence risk factors, clinical presentation, coronary anatomy, treatment response, and short-term outcomes, making comparison between young and older patients clinically important. This study aimed to compare in-hospital outcomes of acute ST-segment elevation myocardial infarction between young and older patients and identify independent predictors of in-hospital mortality. Methods This prospective analytical observational study was conducted in the Department of Cardiology at a tertiary care hospital in Lahore, over 12 months. A total of 300 patients with acute STEMI presenting within 12 hours of symptom onset were enrolled by non-probability consecutive sampling and divided into young patients aged ≤40 years and older patients aged >40 years, with 150 patients in each group. Demographic characteristics, cardiovascular risk factors, clinical presentation, laboratory profile, electrocardiogram (ECG), echocardiographic and angiographic findings, reperfusion details, procedural variables, and in-hospital outcomes were recorded. Data were analyzed using SPSS version 26.0 (IBM Corporation, Armonk, USA); Chi-square, Fisher's exact, independent samples t-test, Mann-Whitney U test, and multivariable logistic regression were applied. Results Of 300 patients with STEMI, 150 were included in each age group. Young patients were more frequently male than older patients, 131 (87.3%) versus 116 (77.3%) (p=0.023), and had higher smoking frequency, 86 (57.3%) versus 53 (35.3%) (p<0.001), and a family history of cardiovascular disease, 36 (24.0%) versus 16 (10.7%) (p=0.002). Older patients had a greater comorbidity burden, including higher diabetes, hypertension, dyslipidemia, cerebrovascular events, and chronic kidney disease (all p<0.001), and more dyspnea, 73 (48.7%) versus 34 (22.7%) (p<0.001). Anterior STEMI, 85 (56.7%) versus 57 (38.0%) (p=0.001), left anterior descending artery (LAD) involvement, 81 (54.0%) versus 58 (38.7%) (p=0.008), and single-vessel disease, 107 (71.3%) versus 79 (52.7%) (p=0.001), were more frequent in young patients, whereas triple-vessel disease was higher in older patients, 26 (17.3%) versus 9 (6.0%) (p=0.002). Older patients had higher heart failure, 40 (26.7%) versus 16 (10.7%) (p<0.001), cardiogenic shock, 21 (14.0%) versus 7 (4.7%) (p=0.006), acute kidney injury (AKI), 24 (16.0%) versus 7 (4.7%) (p=0.001), mechanical complications, 19 (12.7%) versus 5 (3.3%) (p=0.003), and in-hospital death, 17 (11.3%) versus 6 (4.0%) (p=0.017). On multivariable analysis, mechanical complications [adjusted odds ratio (AOR) 13.13; p<0.001], ventricular arrhythmias (AOR 10.57; p<0.001), cardiogenic shock (AOR 6.25; p=0.010), and AKI (AOR 4.84; p=0.028) independently predicted in-hospital mortality, while the older age group was not independently associated with mortality (p=0.801). Conclusion Older STEMI patients had more adverse in-hospital outcomes, mainly due to acute complications and comorbidity burden. Mortality was independently related to mechanical complications, ventricular arrhythmias, cardiogenic shock, and AKI rather than age group alone.",https://pubmed.ncbi.nlm.nih.gov/42534112/,,,stroke,(Stroke[MeSH] OR stroke[tiab] OR brain ischemia[tiab] OR cerebrovascular[tiab]) AND (treatment[tiab] OR intervention[tiab] OR therapy[tiab]),2026-08-05T18:00:54+00:00,,,,,
PMID_42533475,PubMed,42533475,PMC6699814,10.1161/str.0000000000000513,CYP2C19 Genotyping to Guide Clopidogrel Prescribing for Neurovascular Indications: A Survey of Institutional Approaches.,"Stone, Rachael M; Hoffecker, Glenda; Schultz, April; Davis, Brittney H; Bargal, Salma A; Beitelshees, Amber L; El Rouby, Nihal; Norris, Madeline; Rodriguez, Kevin J; Limdi, Nita; Cavallari, Larisa H; Lee, Craig R",Clinical pharmacology and therapeutics,2026,"Dual antiplatelet therapy (DAPT) with aspirin and clopidogrel is commonly used for secondary prevention following acute ischemic stroke (AIS) and neurointerventional procedures. However, the efficacy of clopidogrel is reduced in carriers of CYP2C19 no-function alleles. While CYP2C19-guided DAPT is well-established for some cardiovascular indications, its use in neurovascular settings has remained limited until recently. This study characterized current implementation strategies for CYP2C19-guided DAPT for neurovascular indications across institutions in the Pharmacogenomics Global Research Network Implementation Working Group. A REDCap survey was distributed to 54 institutions targeting those currently utilizing or planning to implement CYP2C19 testing to guide clopidogrel use for neurovascular indications. The survey collected data on implementation status, workflows, testing logistics, clinical decision support (CDS), and guideline concordance. Fifteen institutions met inclusion criteria; 80% were in the United States and 87% were academic centers. CYP2C19 testing was used for neurovascular indications at 12 sites, most commonly for AIS, intracranial aneurysm repair, and intracranial stenting. Implementation was often built on infrastructure previously established for cardiovascular indications. Most sites used multigene panels, offered testing in both inpatient and outpatient settings, and returned results within 7 days. Eighty percent of sites provided CDS to support application of results. All sites recommended an alternative P2Y12 inhibitor (e.g., ticagrelor) for poor metabolizers, and most did for intermediate metabolizers. CYP2C19-guided antiplatelet therapy for neurovascular indications is expanding, with many implementations leveraging preexisting infrastructure from cardiovascular settings. Broader adoption and outcome-focused research are needed to optimize the clinical utility of genotype-guided DAPT in neurovascular care.",https://pubmed.ncbi.nlm.nih.gov/42533475/,,,stroke,(Stroke[MeSH] OR stroke[tiab] OR brain ischemia[tiab] OR cerebrovascular[tiab]) AND (treatment[tiab] OR intervention[tiab] OR therapy[tiab]),2026-08-05T18:00:54+00:00,,,,,
PMID_42533365,PubMed,42533365,PMC11409922,10.1016/j.apmr.2024.01.008,Impact of brain frailty on language recovery in patients with acute post-stroke aphasia: a post-hoc analysis of the LEXI randomized controlled trial.,"Wischmann, Johannes; Forbrig, Robert; Franzen, Julia; Brasch, Leanna; Häfner, Friederike; Feil, Katharina; Kellert, Lars; LEXI Investigators",Neurological research and practice,2026,"BACKGROUND: The influence of brain frailty on post-stroke aphasia recovery in the acute phase and its interaction with Speech and Language Therapy (SLT) intensity is unclear. We investigated the association between brain frailty components and language outcome and assessed whether brain frailty modifies the dose-dependent treatment effect of SLT.
METHODS: This is a post-hoc analysis of the LEXI multicenter randomized controlled trial, that enrolled patients with acute post-stroke aphasia from 07/2021 to 09/2024. Patients with pre-stroke cognitive impairment or dementia were not eligible for the trial. Participants were randomized to tablet-assisted SLT (Neolexon application) or standard SLT. Brain frailty was retrospectively assessed by outcome-blinded raters on interrater-adjusted baseline non-contrast CT, using cortical and subcortical atrophy, white matter changes (Fazekas score), lacunes, and chronic infarctions to derive a composite brain frailty score (BFS; range 0-3; higher scores indicate higher brain frailty burden). Primary outcome was the 90-days Bielefelder Aphasia Screening Test percentile rank.
RESULTS: 56 patients (median age 75 years; 48.2% female) were included. 43 patients (76.8%) had a BFS of 0-1 and 13 (23.2%) of 2-3. Higher BFS were independently associated with worse 90-day language outcome (β -5.3; 95%CI -10.35 to -0.21; p = 0.042), with higher Fazekas scores contributing most (β -4.0; 95%CI -7.6 to -0.5; p = 0.028). Higher SLT dose was associated with improved outcome (β 0.34; 95%CI 0.07 to 0.61; p = 0.016). There was no statistical evidence that brain frailty modified the association between SLT duration and language outcome (pinteraction = 0.507), although the interaction analysis was limited by sample size.
CONCLUSIONS: Higher white matter disease burden, as a component of brain frailty, was associated with poorer post-stroke language recovery in patients without pre-stroke cognitive impairment or dementia. We found no evidence that brain frailty modified the association between SLT intensity and language outcome, although larger studies are needed to assess effect modification. Routine imaging-based assessment of white matter disease burden may improve prognostic stratification and neurorehabilitation trial design.
CLINICAL TRIAL REGISTRATION: ClinicalTrials.gov Identifier: NCT04080817; Study Details. Neolexon® Aphasia-App in Acute Aphasia After Stroke.
CLINICALTRIALS: gov. Date of Registration: September 4, 2019).",https://pubmed.ncbi.nlm.nih.gov/42533365/,,,stroke,(Stroke[MeSH] OR stroke[tiab] OR brain ischemia[tiab] OR cerebrovascular[tiab]) AND (treatment[tiab] OR intervention[tiab] OR therapy[tiab]),2026-08-05T18:00:54+00:00,,,,,
PMID_42532820,PubMed,42532820,,10.6224/jn.26409,[Improving the Nasogastric Tube Removal Rate in Stroke Patients Using a Quality Control Circle Method].,"Li, Yi-Hong; Kuo, Chia-Ming; Huang, Yu-Fen; Lo, I-Chieh; Tsai, Chiu-Man; Chiang, Tzu-Hui; Wu, Yu-Ju; Huang, Tsung-Rung; Lai, Li-Chin L; Ho, Bo-Lin; Huang, Meng-Chuan",Hu li za zhi The journal of nursing,2026,"BACKGROUND & PROBLEMS: Post-stroke dysphagia, which affects 40% to 70% of stroke survivors, frequently leads to aspiration pneumonia and diminished quality of life. Despite achieving a 98.8% initial swallowing screening rate, the nasogastric tube removal rate in our unit of 52.7% was below the national benchmark of 57.4%. A quality control circle root cause analysis was conducted, with five critical issues identified. These included a lack of routine in-service education, insufficient interdisciplinary collaboration, inconsistent screening tool versions being used, a deficit in integrated educational resources, and ambiguous re-screening protocols during patient transfers that resulted in a low re-screening rate (60.3%).
PURPOSE: This project was implemented to increase the nasogastric tube removal rate in stroke patients from the baseline of 52.7% to a minimum target of 67.8%.
RESOLUTION: Four key interventions were implemented using quality control circle methodologies. These included: (1) Organizing interdisciplinary workshops to clarify intervention timing and professional roles across disciplines; (2) Integrating a ""Three-Stage Swallowing Screening Tool"" incorporating pre-procedural oral hygiene protocols and clinical decision-making algorithms; (3) Developing interdisciplinary patient education materials encompassing nursing, traditional Chinese medicine, and speech-language pathology; and (4) Revising standard operating procedures to mandate re-screening during all inter-unit transfers.
RESULTS: Post-intervention, the nasogastric tube removal rate increased from 52.7% to 69.9%, which exceeded the targeted goal. Notably, no re-intubations occurred within the six-month post-discharge follow-up period. In addition, the re-screening rate during inter-unit transfers improved markedly from 60.3% to 97.4%. Ancillary benefits included redirecting approximately 15 minutes of tube maintenance time per nurse daily into high-value individualized patient care,and an estimated savings in annual healthcare costs of NT$24,708 per family.
CONCLUSIONS: The process standardization and enhanced interdisciplinary synergy achieved under this project effectively eliminated gaps in care, resulting in substantially improved patient safety and care quality.",https://pubmed.ncbi.nlm.nih.gov/42532820/,,,stroke,(Stroke[MeSH] OR stroke[tiab] OR brain ischemia[tiab] OR cerebrovascular[tiab]) AND (treatment[tiab] OR intervention[tiab] OR therapy[tiab]),2026-08-05T18:00:54+00:00,,,,,
PMID_42532706,PubMed,42532706,,10.1016/j.jacl.2026.07.010,Incidental steatotic liver in young patients with ischemic stroke: A marker of high vascular burden and underrecognized prevention opportunity.,"Dharmavaram, Gourisree; Chadha, Sarina; McLaren, Gavin; Martinez, Brielle; Mahmud, Ayaan; Adler, Dahlia; Cuomo, Raphael; Bhatia, Harpreet S; Ramsis, Mattheus; Wilkinson, Michael J; Meyer, Brett C; Taub, Pam R",Journal of clinical lipidology,2026,"BACKGROUND: Ischemic stroke in adults younger than 60 years often occurs in the setting of underrecognized cardiometabolic risk.
OBJECTIVE AND METHODS: We conducted a retrospective cohort study of 323 patients of <60 years admitted with ischemic stroke (2021-2025) to evaluate whether incidentally detected fatty liver is associated with subclinical vascular disease and lipid-lowering therapy use.
RESULTS: Fatty liver was identified in 26% of patients and was associated with higher triglycerides, diabetes, and antihypertensive use. Vascular calcification in any bed was more prevalent among those with fatty liver (84.5% vs. 66.9%, P = 0.002) with significant associations across coronary, carotid, thoracic aortic and valvular sites. In multivariable analysis, fatty liver remained independently associated with vascular calcification (OR 2.94, P = 0.009). Despite this, lipid-lowering therapy use was low overall (32.8%) not independently associated with fatty liver or calcification.
CONCLUSION: These findings suggest fatty liver is an underrecognized marker of vascular risk and highlight a gap between imaging-detected disease burden and preventive treatment in younger stroke patients.",https://pubmed.ncbi.nlm.nih.gov/42532706/,,,stroke,(Stroke[MeSH] OR stroke[tiab] OR brain ischemia[tiab] OR cerebrovascular[tiab]) AND (treatment[tiab] OR intervention[tiab] OR therapy[tiab]),2026-08-05T18:00:54+00:00,,,,,
PMID_42532677,PubMed,42532677,,10.3174/ajnr.a9556,"Longitudinal Neuroimaging in Pediatric Coccidioidomycosis: Full Spectrum of Brain, Spine and Head and Neck Findings.","Chambers, Stefanie; Esmeraldo, Mateus A; Moeremans, Marine; Halverson, Mark; Soares, Bruno P; Dahmoush, Hisham; Geraldo, Ana Filipa",AJNR. American journal of neuroradiology,2026,"Coccidioidomycosis is an endemic mycosis in some regions of the Americas including the southwestern United States with recognized potential for extra-pulmonary dissemination. Nevertheless, its neuroradiologic spectrum in children, particularly with respect to longitudinal evolution and head and neck involvement, remains incompletely characterized. We retrospectively reviewed n=16 pediatric patients with definitive or probable infection evaluated at a single quaternary care center in an endemic region, analyzing clinical/laboratory data and serial neuroimaging findings. Most children were previously healthy. Neuroimaging abnormalities represented the initial manifestation in more than one-third of cases and were frequently multifocal and temporally dynamic, including both clinically silent and delayed lesions. Craniospinal meningitis and related complications such as hydrocephalus, stroke, intracranial vasculopathy and chronic arachnoiditis were the most common and severe findings of central nervous system involvement. Parenchymal granulomas were more common than previously described, while cerebrovenous thrombosis and diffuse white matter signal abnormalities could also occur. Head and neck involvement was identified in 56% of patients, most commonly craniofacial osteomyelitis, but also temporomandibular joint septic arthritis, necrotic cervical lymphadenopathy/lymphadenitis, cutaneous lesions, and chorioretinitis, suggesting these features may be more prevalent in children than previously recognized. These findings expand the known imaging spectrum of pediatric coccidioidomycosis and underscore the importance of neuroradiologist familiarity with these patterns to facilitate early disease recognition within the appropriate clinical and epidemiologic context followed by timely initiation of antifungal therapy. A low threshold for neuroimaging, coupled with comprehensive, multi-compartment evaluation over time, is essential for accurate delineation of disease extent and for monitoring therapeutic response.",https://pubmed.ncbi.nlm.nih.gov/42532677/,,,stroke,(Stroke[MeSH] OR stroke[tiab] OR brain ischemia[tiab] OR cerebrovascular[tiab]) AND (treatment[tiab] OR intervention[tiab] OR therapy[tiab]),2026-08-05T18:00:54+00:00,,,,,
PMID_42532676,PubMed,42532676,,10.3174/ajnr.a9561,Neuro Optical Coherence Tomography Imaging for Intracranial Aneurysm Treatment: A Technical Video Case.,"Forestier, Géraud; Cancelliere, Nicole M; Lylyk, Pedro; Ughi, Giovanni J; Pereira, Vitor M",AJNR. American journal of neuroradiology,2026,"Endovascular therapies are increasingly becoming the primary approach for treating cerebrovascular disorders.1,2 However, these procedures rely on DSA, which provides limited visualization due to inherently limited spatial resolution.3 Intravascular optical coherence tomography (OCT) enables 3D, high-resolution visualization of coronary arteries, allowing detailed assessment of the vascular wall, atherosclerotic plaque characteristics, and stent deployment.4 This has lead cardiology societies to recommend intravascular OCT for the management of complex coronary interventions (level 1A evidence).5,6 OCT is now being adapted for neurointerventional applications.7 A dedicated neuro-OCT (nOCT™, Spryte Medical) technology, designed to enable OCT imaging in tortuous intracranial arteries, has been recently introduced.8 Initial studies showed nOCT safety and feasibility for neurovascular use and explored its potential value for improved intracranial vascular imaging in stroke settings.9 The successful integration of nOCT technology into clinical workflows requires standardized principles for image acquisition and interpretation.10,11 This video describes how to use nOCT in clinical practice. VIDEO.",https://pubmed.ncbi.nlm.nih.gov/42532676/,,,stroke,(Stroke[MeSH] OR stroke[tiab] OR brain ischemia[tiab] OR cerebrovascular[tiab]) AND (treatment[tiab] OR intervention[tiab] OR therapy[tiab]),2026-08-05T18:00:54+00:00,,,,,
PMID_42532675,PubMed,42532675,,10.3174/ajnr.a9558,Intravenous Cangrelor Versus Glycoprotein IIb/IIIa Inhibitors in Patients Undergoing Endovascular Thrombectomy for Middle Cerebral Artery Stroke: A Multi-Institutional Propensity Score-Matched Analysis.,"Essibayi, Muhammed Amir; Azzam, Ahmed Y; DeMessie, Bluyé; Kakadiya, Jay; Salim, Hamza A; Jamil, Hasan; Terraciano, Anthony P; Mandel, Daniel; Chen, Huanwen; Rai, Pranjal; McIntyre, Matthew K; Connolly, Brian; Buzzeli, Marc; Yedavalli, Vivek S; Khan, Majid; Dmytriw, Adam A; Colasurdo, Marco; Malhotra, Ajay; Gandhi, Dheeraj; Al Kasab, Sami; Ezzeldin, Mohamad; Haranhalli, Neil; Altschul, David J; Lakhani, Dhairya A",AJNR. American journal of neuroradiology,2026,"BACKGROUND: Antiplatelet therapy is frequently used during endovascular thrombectomy (EVT) for middle cerebral artery (MCA) stroke, particularly when intracranial stenting is required. This study compared clinical outcomes between intravenous cangrelor and glycoprotein IIb/IIIa inhibitors (GPIs) in patients undergoing EVT for MCA stroke.
METHODS: Using the TriNetX research network (113 healthcare organizations), we identified adult patients with MCA stroke who underwent EVT between January 2016 and January 2026 and received concomitant cangrelor or GPIs. Propensity score matching (1:1) was performed to balance baseline characteristics. Primary outcomes included major bleeding, intracranial hemorrhage (ICH), and decompressive hemicraniectomy. Prespecified subgroup analysis stratified patients by adjunctive angioplasty/stenting.
RESULTS: After matching, 302 patients remained in each group. In the overall cohort, no significant differences were observed in major bleeding (18.9% vs 24.5%; HR 0.74, P=0.084), ICH (17.9% vs 22.5%; HR 0.77, P=0.14), or mortality (17.2% vs 14.9%; HR 1.13, P=0.55). However, in the angioplasty/stenting subgroup (n=98 per group), cangrelor appeared to be associated with lower rates of major bleeding (15.3% vs 26.5%; HR 0.53, 95% CI 0.28-1.01, P=0.047), ICH (14.3% vs 25.5%; HR 0.52, P=0.04), decompressive hemicraniectomy (17.3% vs 31.6%; HR 0.52, P=0.02), and functional dependency (18.4% vs 31.6%; HR 0.50, P=0.02), but higher recurrent stroke at 1-24 months (32.7% vs 11.2%; HR 2.57, P<0.01). No difference in outcomes was found in the no angioplasty group.
CONCLUSIONS: Both drugs demonstrated comparable outcomes overall. In an exploratory angioplasty/stenting subgroup, cangrelor was associated with reduced hemorrhagic complications but increased recurrent stroke, suggesting a complex risk-benefit tradeoff requiring individualized antiplatelet selection.",https://pubmed.ncbi.nlm.nih.gov/42532675/,,,stroke,(Stroke[MeSH] OR stroke[tiab] OR brain ischemia[tiab] OR cerebrovascular[tiab]) AND (treatment[tiab] OR intervention[tiab] OR therapy[tiab]),2026-08-05T18:00:54+00:00,,,,,
PMID_42532674,PubMed,42532674,,10.3174/ajnr.a9560,ARISE II Consensus on Venous Sinus Stenting.,"Amans, Matthew R; Ding, Kevin; Hui, Ferdinand K; Fargen, Kyle M; Pereira, Vitor Mendes; Altschul, David J; Altschul, Dorothea; Burkhardt, Jan-Karl; Anderies, Barrett J; Colby, Geoffrey P; Choudhri, Omar A; Kan, Peter; Morales, José M; Al-Mufti, Fawaz; Siddiqui, Adnan H; Arthur, Adam S; Wakhloo, Ajay K; Patsalides, Athos",AJNR. American journal of neuroradiology,2026,"In recent years, venous sinus stenosis has been shown to be a key underlying contributor to idiopathic intracranial hypertensions (IIH) and the most common cause of pulsatile tinnitus (PT). Recent advancements in noninvasive venous imaging have improved the detection of venous sinus stenosis in IIH patients, and growing evidence supports a pathophysiological relationship between venous sinus stenosis, reduced cerebrospinal fluid (CSF) absorption, and elevated intracranial pressure (ICP) in a substantial subset of this population. The growing use of venous sinus stenting (VSS) as an effective treatment for sequelae of venous sinus stenosis highlights the importance of developing standardized, evidence-based diagnostic and management guidelines. A multidisciplinary roundtable of academic, government, and industry cerebrovascular experts convened at the ARISE II meeting to discuss existing evidence and develop areas of expert consensus. These discussions focused on developing standardized patient selection, diagnostic evaluation, procedural considerations, and post-treatment follow-up for VSS. Expert consensus supports VSS as a safe and effective therapy for appropriately selected patients with venous sinus stenosis. The recommendations discussed in this paper aim to standardize patient care, optimize outcomes, and identify opportunities for further investigation.",https://pubmed.ncbi.nlm.nih.gov/42532674/,,,stroke,(Stroke[MeSH] OR stroke[tiab] OR brain ischemia[tiab] OR cerebrovascular[tiab]) AND (treatment[tiab] OR intervention[tiab] OR therapy[tiab]),2026-08-05T18:00:54+00:00,,,,,
PMID_42532565,PubMed,42532565,PMC10047522,10.1111/ijs.12357,Preventing the next stroke: nurse-led decision and adherence coaching to empower people with stroke (StrokeCompass) versus usual care - study protocol for a stepped-wedge pilot trial.,"Helbach, Jasmin; Hickstein, Julia; Jarchow, Anne-Marei; Bourry, Rafael; Hofner, Laura; Frielitz, Fabian Simon; Zapf, Antonia; Suling, Anna; Thomalla, Götz; Hoffmann, Falk; Heesen, Christoph; Rahn, Anne Christin; StrokeCompass study group",BMJ open,2026,"INTRODUCTION: Recurrent stroke prevention is important for people who have suffered a stroke or transient ischaemic attack (TIA), as they are at increased risk of having another stroke. Nevertheless, treatment adherence is often low. Therefore, the StrokeCompass project was initiated to enhance medication adherence by empowering individuals who have had a stroke to take an active role in recurrent stroke prevention and medication management. In accordance with the UK Medical Research Council (MRC) guidelines, a complex intervention was developed that integrated evidence-based decision aids and a personalised, nurse-led coaching programme. The present stepped-wedge cluster-randomised controlled study addresses the second phase of the MRC framework by pilot testing the feasibility and acceptability of the intervention in a clinical setting.
METHODS AND ANALYSIS: A total of 452 patients with a recent ischaemic stroke or TIA will be recruited over a period of 16 months from seven stroke units across Germany. The study centres will be randomised and sequentially crossed over from the control phase to the intervention phase in three time periods (4, 8 and 12 months after initiation) until all clusters have been exposed to both conditions. The intervention comprises four core elements: first, a decision coaching programme, second, a physician consultation to discuss treatment targets, third, an adherence coaching programme, and fourth, a web-based patient decision aid. Furthermore, we developed a preparatory training programme for nurses and physicians. Feasibility outcomes (eg, recruitment strategies, participation, implementation and utilisation of intervention) will be analysed descriptively, while preliminary estimates of effectiveness, measured by changes in risk factor targets (eg, blood pressure and low-density lipoprotein cholesterol levels), will be analysed according to the intention-to-treat principle. Furthermore, an economic evaluation will be conducted focusing on the implementation costs. These findings could prove pivotal in the subsequent planning and rationale for a full-powered effectiveness study.
ETHICS AND DISSEMINATION: The study has received ethical approval from the Ethical Committee of the University of Lübeck (reference 2024-522). We will disseminate the findings in peer-reviewed journals, at conferences, and on relevant patient websites.
TRIAL REGISTRATION NUMBER: DRKS00036091.",https://pubmed.ncbi.nlm.nih.gov/42532565/,,,stroke,(Stroke[MeSH] OR stroke[tiab] OR brain ischemia[tiab] OR cerebrovascular[tiab]) AND (treatment[tiab] OR intervention[tiab] OR therapy[tiab]),2026-08-05T18:00:54+00:00,,,,,
PMID_42532482,PubMed,42532482,,10.1016/j.amjcard.2026.07.028,Sex Differences in Clinical Outcomes after Bifurcation Percutaneous Coronary Intervention: Findings from the PROGRESS-BIFURCATION Registry.,"Vichos, Theodoros; Strepkos, Dimitrios; Alexandrou, Michaella; Carvalho, Pedro E P; Ahmad, Syed F; Kaur, Harmanpeet; Prasad, Ishan; Willford, Nick; Krestyaninov, Oleg; Khelimskii, Dimitri; Kultursay, Barkin; Karagoz, Ali; Yildirim, Ufuk; Soylu, Korhan; Uluganyan, Mahmut; Kilickesmez, Kadriye O; Cetinkal, Gokhan; Sural, Sefa; Mastrodemos, Olga; Rangan, Bavana V; Sandoval, Yader; Brilakis, Emmanouil S",The American journal of cardiology,2026,"Sex differences in the outcomes of bifurcation percutaneous coronary intervention (PCI) have received limited study. We compared procedural characteristics and outcomes between women and men in bifurcation PCI. 2,431 patients who underwent bifurcation PCI at 7 centers between 2013 and 2025 from the Prospective Global Registry for the Study of Bifurcation Lesion Interventions (PROGRESS-BIFURCATION) were studied. Of the study population, 25.3% (n=615) were women. Women were older (68.2 ± 11.9 vs 65.6 ± 16.3 years; p<0.001), had higher prevalence of diabetes mellitus (48.8% vs 33.5%; p<0.001), hypertension (84.2% vs 76.9%; p<0.001), and higher rates of moderate or severe proximal main vessel calcification (40.2% vs 32.4%; p<0.001) compared with men. Use of provisional stenting (63.2% vs 64.0%, p=0.694) and two-stent techniques (31.3% vs 30.3%, p=0.653) was similar between groups. Technical success was comparable (93.7% vs 95.4%; p=0.075), but women had lower procedural success (88.5% vs 93.2%; p<0.001) due to higher in-hospital major adverse cardiovascular events (MACE) (6.0% vs 2.7%; p<0.001), including in-hospital mortality (2.8% vs 1.0%; p=0.001), stroke (1.3% vs 0.2%; p=0.003), and procedural bleeding (1.0% vs 0.2%; p=0.010). On multivariable analysis, female sex was independently associated with higher in-hospital MACE (odds ratio 2.99; 95% confidence intervals [CI] 1.69-5.29; p<0.001). During a median follow-up of 2.6 years, female sex was independently associated with long-term MACE (adjusted hazard ratio 1.32; 95% CI 1.04-1.67; p=0.011). In conclusion, compared with men, bifurcation PCI in women is associated with similar technical success but higher in-hospital and follow-up MACE.",https://pubmed.ncbi.nlm.nih.gov/42532482/,,,stroke,(Stroke[MeSH] OR stroke[tiab] OR brain ischemia[tiab] OR cerebrovascular[tiab]) AND (treatment[tiab] OR intervention[tiab] OR therapy[tiab]),2026-08-05T18:00:54+00:00,,,,,
PMID_42532140,PubMed,42532140,,10.1016/j.expneurol.2026.115949,"Pre- and post-stroke memantine administration attenuates neurological deficits, infarct size, and astrogliosis, with a concomitant increase in MAP2 protein in a rat stroke model.","Martínez-Torres, Nestor I; Cárdenas-Bedoya, Jhonathan; Torres-Mendoza, Blanca Miriam",Experimental neurology,2026,"Over the past 30 years, the global incidence of stroke and related disability-adjusted life years has risen significantly, underscoring the urgent need for effective therapeutic strategies. Memantine (Mem), a non-competitive antagonist of N-methyl-d-aspartate (NMDA) glutamate receptors, has been investigated as a potential treatment in stroke models. By blocking NMDA receptor activity, Mem can prevent excessive calcium influx and excitotoxic neuronal death, thereby promoting neuroprotection with good tolerability. Because early intervention is crucial, we evaluated a sequential memantine regimen in 32 male Sprague-Dawley rats (300-350 g). A low dose of Mem (0.2 mg/kg) was administered before permanent middle cerebral artery occlusion (pMCAO), followed by a higher dose (10 mg/kg) two hours after occlusion. Neurological function was evaluated 24 h later using the modified Neurological Severity Score (mNSS). Brain tissue was collected for immunohistochemical analysis of glial fibrillary acidic protein (GFAP) and microtubule-associated protein 2 (MAP2) near the infarct area. Enzyme-linked immunosorbent assays (ELISA) measured brain-derived neurotrophic factor (BDNF) and postsynaptic density protein 95 (PSD95). Memantine treatment preserved neurological function, reduced infarct size, and decreased GFAP levels, indicating diminished astrocyte reactivity. Additionally, MAP2 presence increased compared to the untreated pMCAO group, suggesting neuronal preservation. No significant changes were observed in BDNF or PSD95 levels. Memantine administered before and after stroke minimized tissue loss and prevented early astrogliosis, while preserving neuronal structural integrity as indicated by MAP2. In contrast, no immediate changes were detected in BDNF or PSD95, implying that memantine-induced neuroprotection occurs before the appearance of plasticity-related molecular adaptations in the early post-stroke period.",https://pubmed.ncbi.nlm.nih.gov/42532140/,,,stroke,(Stroke[MeSH] OR stroke[tiab] OR brain ischemia[tiab] OR cerebrovascular[tiab]) AND (treatment[tiab] OR intervention[tiab] OR therapy[tiab]),2026-08-05T18:00:54+00:00,,,,,
PMID_42531938,PubMed,42531938,,10.1016/j.molimm.2026.07.012,Dihydroartemisinin promotes neurological rehabilitation after ischemic stroke by targeting TAK1-CREB1 signaling pathway to inhibit ferroptosis.,"Ye, Suhong; Bao, Ling; Xu, Qiaolu; Ding, Zihan; Wu, Fei; Yuan, Xia; Zhou, Yang; Amin, Nashwa; Sundus, Javaria; Fang, Marong",Molecular immunology,2026,"BACKGROUND: Ischemic stroke accounts for 87% of all stroke cases, and remains a leading cause of mortality and disability worldwide. Current reperfusion therapies are limited by narrow therapeutic windows, and cerebral ischemia-reperfusion injury (CIRI) remains a major clinical challenge. Ferroptosis, an iron-dependent form of regulated cell death characterized by lethal lipid peroxidation, has been identified as a key pathological driver of CIRI. Dihydroartemisinin (DHA), a semi-synthetic derivative of artemisinin, has shown neuroprotective effects in ischemic stroke, but its underlying mechanism, especially the regulatory effect on ferroptosis via the TAK1-CREB1 signaling axis, remains unclear.
OBJECTIVE: To investigate the neuroprotective effect of DHA in ischemic stroke and its molecular mechanism related to the TAK1-CREB1 signaling pathway and ferroptosis regulation.
METHODS: Wild-type (WT) C57BL/6 J mice and astrocyte-specific CREB1 conditional knockout (CREB1 CKO) mice were used to establish a photothrombotic stroke (PTs) model. Neurological function was evaluated by modified neurological severity score (mNSS), Bederson score, Garcia scale and hanging test. Cerebral infarct volume was measured by TTC staining. Cerebral blood flow (CBF) was detected by laser speckle contrast imaging. Histopathological changes were observed by HE and Nissl staining. Mitochondrial ultrastructure was examined by transmission electron microscopy (TEM). The levels of malondialdehyde (MDA), glutathione (GSH), NADPH/NADP+ ratio, ferrous iron (Fe2+) and total iron in brain tissue were detected by biochemical kits. The expression of ferroptosis-related proteins and CREB1 was detected by Western blot and immunofluorescence staining.
RESULTS: DHA treatment dose-dependently improved neurological function, reduced infarct volume, restored CBF, and ameliorated histopathological damage in PTs mice. TEM revealed that DHA reversed ferroptosis-typical mitochondrial changes in ischemic brain tissue. Biochemically, DHA decreased MDA, Fe²⁺, and total iron, while increasing GSH and NADPH/NADP⁺ ratio. Mechanistically, DHA dose-dependently upregulated GPX4, xCT, and FTH1, and downregulated ACSL4. Notably, astrocyte-specific CREB1 knockout nearly completely abolished DHA's neuroprotective and anti-ferroptosis effects.
CONCLUSION: DHA promotes neurological rehabilitation after ischemic stroke by targeting the astrocytic TAK1-CREB1 signaling pathway to inhibit ferroptosis. This study provides a novel theoretical basis and promising candidate drug for the clinical treatment of ischemic stroke.",https://pubmed.ncbi.nlm.nih.gov/42531938/,,,stroke,(Stroke[MeSH] OR stroke[tiab] OR brain ischemia[tiab] OR cerebrovascular[tiab]) AND (treatment[tiab] OR intervention[tiab] OR therapy[tiab]),2026-08-05T18:00:54+00:00,,,,,
PMID_42531855,PubMed,42531855,,10.1016/j.jacadv.2026.103085,County-Level Geographic Access and Cardiovascular Disease Outcomes in Washington State.,"Baglaev, Vladislav; Dermendjian, Hovan; Dermendjian, Serj; Mammar, Alexander; Balezi, Ernest; Hochschild, Annabella M; Pal, Jay D",JACC. Advances,2026,"BACKGROUND: Geographic access to specialized cardiac care varies widely, yet how these disparities relate to population-level cardiovascular disease (CVD) outcomes remains poorly understood.
OBJECTIVES: The objective of the study was to evaluate county-level disparities in geographic access to specialized cardiac care and their associations with CVD prevalence, hospitalization, and mortality across Washington state.
METHODS: We assessed county-level variation in average travel time and distance to facilities offering catheterization laboratory, coronary intervention, cardiac surgery, and emergency services across all 39 Washington state counties using publicly available data and the Google Maps API. Reliance on critical access hospitals (CAHs) was also evaluated. Age-adjusted CVD prevalence, mortality, and hospitalization rates were obtained from the CDC Atlas of Heart Disease and Stroke (2019-2021) and multivariable linear regression were used to assess associations between county-level accessibility metrics and CVD outcomes.
RESULTS: In adjusted univariable analyses, shorter travel time and distance to catheterization laboratories, coronary intervention, and cardiac surgery facilities were associated with higher cardiovascular and heart disease hospitalization rates (R2 = 0.34-0.50, all adjusted P < 0.05). Conversely, greater rurality and longer travel burden to these specialized cardiac services were associated with higher prevalence of coronary heart disease, hypertension, and stroke (R2 = 0.35-0.56; all adjusted P < 0.05). No county-level predictor was associated with overall heart disease prevalence. For mortality, higher area deprivation index and lower median household income were the only significant predictors, each associated with higher ischemic stroke mortality (R2 = 0.41-0.43; both adjusted P < 0.01). In multivariable analyses, travel burden remained independently associated with hospitalization but not with prevalence or mortality after adjustment for area deprivation, rurality, and age structure. CAH-reliant counties had lower hospitalization rates but higher CVD prevalence compared with non-CAH-reliant counties (all P < 0.05).
CONCLUSIONS: Greater travel burden to specialized cardiac care was associated with higher CVD prevalence and lower hospitalization but not mortality. Socioeconomic factors most strongly predicted CVD mortality, suggesting that reducing geographic disparities requires addressing both care access and socioeconomic determinants.",https://pubmed.ncbi.nlm.nih.gov/42531855/,,,stroke,(Stroke[MeSH] OR stroke[tiab] OR brain ischemia[tiab] OR cerebrovascular[tiab]) AND (treatment[tiab] OR intervention[tiab] OR therapy[tiab]),2026-08-05T18:00:54+00:00,,,,,
PMID_42531597,PubMed,42531597,PMC12721698,10.1161/atvbaha.125.323397,Modulation of miR-23b Wnt/β-catenin Axis Strengthens Endothelial Barrier Properties.,"Martinez, Victor Anthony; Presby, Rose E; Nakanishi, Sara; Gaur, Pallavi; Akcan, Ugur; Daugaard Krog, Johannes; Daugaard Krog, Iben; Das, Lipi; Johnson, David S; Jamoul, Danny; Jury, Douglas; Lawson, Brian; Körbelin, Jacob; Brown, Lewis M; Menon, Vilas; Agalliu, Dritan; Munk Pedersen, Irene","Advanced science (Weinheim, Baden-Wurttemberg, Germany)",2026,"Blood-brain barrier (BBB) disruption drives stroke and other CNS disorders pathology, yet restoring its integrity remains challenging. Using an unbiased anti-miR lentiviral screen, miR-23b was identified as a critical negative regulator of BBB integrity in brain endothelial cells (BECs). Targeted inhibition of miR-23b using anti-miR-23b, validated by Wnt-reporter, Wnt-rescue, and eCLIP analysis, demonstrates that BEC miR-23b silencing, enhances junctional protein expression and strengthens barrier function while suppressing transcellular transport. Global multi-omics analysis reveals that miR-23b acts as a robust driver of angiogenesis-specific genes and proteins. Conversely, anti-miR-23b induces the expression of factors essential for BBB stabilization and repair. Notably, anti-miR-23b enhances these protective barrier properties through a multi-faceted regulation of Wnt/β-catenin, TGF-β, Notch, and VEGF signaling mechanisms. Using a 3D microfluidic platform, anti-miR-23b was shown to foster BBB repair by accelerating vessel maturation and enhancing resilience against ischemic injury. Proof-of-concept studies show that BEC-specific AAVBR1-anti-miR-23b gene therapy reinforces BBB tight junctions, reduces BBB leakage, and improves outcome measures in a transient middle cerebral artery occlusion (t-MCAO) stroke model. Thus, miR-23b is a critical regulator of cerebrovascular integrity, positioning anti-miR-23b as a promising RNA-based therapy to enhance BBB stability and repair in stroke and other CNS disorders.",https://pubmed.ncbi.nlm.nih.gov/42531597/,,,stroke,(Stroke[MeSH] OR stroke[tiab] OR brain ischemia[tiab] OR cerebrovascular[tiab]) AND (treatment[tiab] OR intervention[tiab] OR therapy[tiab]),2026-08-05T18:00:54+00:00,,,,,
PMID_42531532,PubMed,42531532,,10.1212/wnl.0000000000218357,Clinical Reasoning: A Toddler With Heat Stroke.,"Ali, Samer; Sawahreh, Mohammad; Al Qassem, Alla; Al-Khori, Fatima; Altaraqji, Sondos; Al Saleh, Rehab; Alwalid, Osamah; Benini, Ruba",Neurology,2026,"Evaluating children with acute encephalopathy can be challenging, particularly when the presentation overlaps with severe heat-related illnesses like heat stroke. This case describes a 17-month-old boy who initially presented with febrile seizures and encephalopathy after exposure to hot weather in a poorly ventilated car. Despite initial treatment for heat stroke, the child's clinical condition worsened with recurrent seizures, agitation, and dystonia. Infectious, autoimmune, and metabolic work up were unrevealing yet a detailed clinical examination and history taking as the child began to awaken hinted towards an underlying disorder confirmed by detailed genetic testing. This case highlights the diagnostic approach to pediatric encephalopathy and emphasizes a stepwise strategy in narrowing the differential diagnosis through careful clinical observation including the child behavior that can be missed during the acute encephalopathy stage.",https://pubmed.ncbi.nlm.nih.gov/42531532/,,,stroke,(Stroke[MeSH] OR stroke[tiab] OR brain ischemia[tiab] OR cerebrovascular[tiab]) AND (treatment[tiab] OR intervention[tiab] OR therapy[tiab]),2026-08-05T18:00:54+00:00,,,,,
PMID_42531490,PubMed,42531490,,10.1097/mop.0000000000001606,A new era of integration of genetics and neurology.,"Sen, Kuntal; Gropman, Andrea; Ensert Cihan, Cansu; Rajan, Deepa; Dang, Louis T",Current opinion in pediatrics,2026,"PURPOSE OF REVIEW: Pediatric neurology has undergone a profound transformation over the past two decades. Alongside traditional diagnostic tools such as neuroimaging, electroencephalography, and cerebrospinal fluid analysis, next-generation sequencing has emerged as a central component of clinical evaluation. Simultaneously, the field has shifted from predominantly symptomatic management toward disease-specific and precision-based therapies. This review synthesizes recent advances in neurogenomics and discusses their implications for the future of pediatric neurology and pediatric medicine more broadly.
RECENT FINDINGS: Broad genetic testing, including exome and genome sequencing, is increasingly considered standard of care for many neurodevelopmental and neurological phenotypes, including developmental delay, autism, epilepsy, neuromuscular disorders, and stroke. For selected exome-negative cases, emerging approaches such as long-read sequencing, transcriptomics, metabolomics, and functional studies may further improve diagnostic yield. Therapeutic advances now include enzyme replacement therapies, antisense oligonucleotides, and gene therapies, with several interventions already FDA-approved and many others in clinical development. As these therapies expand, posttherapy surveillance and development of institutional expertise become increasingly important.
SUMMARY: Genomics is rapidly becoming an essential component of day-to-day pediatric neurology practice rather than a niche research discipline. Preparing the workforce through initiatives such as the Child Neurology Society Genetics Curriculum and partnering with patient advocacy organizations will be critical to ensuring equitable implementation of genomic medicine and precision therapeutics.",https://pubmed.ncbi.nlm.nih.gov/42531490/,,,stroke,(Stroke[MeSH] OR stroke[tiab] OR brain ischemia[tiab] OR cerebrovascular[tiab]) AND (treatment[tiab] OR intervention[tiab] OR therapy[tiab]),2026-08-05T18:00:54+00:00,,,,,
PMID_42531336,PubMed,42531336,PMC7548519,10.1093/eurjcn/zvaf133,Models Containing the Braden Scale Predict Activities of Daily Living Improvement in Post-Stroke Hemiplegia: A Single Center Retrospective Cohort Study.,"Zhu, Yuanyuan; Xia, Lu; Cai, Liyan; Chen, Xin; Yu, Linjun; Yang, Shinian; Zhu, Xiao",Physiotherapy research international : the journal for researchers and clinicians in physical therapy,2026,"BACKGROUND AND PURPOSE: This study sought to develop and validate a predictive model integrating the Braden scale to forecast the recovery of activities of daily living (ADL) in patients with post-stroke hemiplegia. Additionally, it aimed to evaluate the effectiveness of a comprehensive rehabilitation program.
METHODS: A retrospective analysis was conducted on 324 patients with hemiplegic stroke admitted to our hospital between August 2023 and August 2025. Candidate variables were selected from demographics, comorbidities, neuroimaging features, laboratory findings, early treatment, complications, Braden scale scores and ADL assessments. Patients were categorized into low and high ADL recovery groups based on the median post-treatment ADL score. A logistic regression model was developed and presented as a nomogram. Model performance was assessed using receiver operating characteristic (ROC) analysis, calibration curves, and decision curve (DCA) analysis, followed by internal validation. Additionally, in a subgroup of 82 patients who underwent comprehensive rehabilitation, detailed functional assessments including motor function, balance, walking ability, and activity of daily living (ADL) were conducted before and after intervention.
RESULTS: A total of 324 patients with post-stroke hemiplegia were included in the analysis. Comparative analysis between the high and low ADL recovery groups revealed that the high recovery group was significantly younger (p < 0.001) and had a higher proportion of females. This group also exhibited lower CRP levels (p = 0.003), higher albumin (ALB, p < 0.001) and cholesterol (CHOL) levels (p = 0.039), a lower rate of multi-lesion involvement (p < 0.001), a higher rate of thrombolysis (p = 0.019), a lower incidence of infection (p < 0.001), a lower rate of specific medicine intake (p = 0.021), higher baseline ADL scores at admission (p < 0.001), and higher Braden scale scores both before and after treatment (p < 0.001). Multivariable logistic regression identified sex, thrombolysis, infection incidence, and post-treatment Braden scale as independent predictors of ADL recovery. The nomogram showed excellent discrimination, with an AUC of 0.888 (95% CI: 85.4%-92.2%). At the optimal cut off value of 0.55, the model achieved a sensitivity of 84.3% and a specificity of 76.6%. In the rehabilitation subgroup (N = 82), significant post-treatment improvements were observed in motor function (upper limb p < 0.001, hand p = 0.002, lower limb p < 0.001), balance (Berg Balance Scale and Fugl-Meyer assessment; both p < 0.001), walking capability (p < 0.001), and overall performance (p < 0.001).
DISCUSSION: The findings indicate that sex, incidence of infection, thrombolysis, and the post-treatment Braden scale were independent predictors of ADL recovery. Moreover, the comprehensive rehabilitation program was associated with significant functional improvements in motor skills, balance, ADL, and walking proficiency.",https://pubmed.ncbi.nlm.nih.gov/42531336/,,,stroke,(Stroke[MeSH] OR stroke[tiab] OR brain ischemia[tiab] OR cerebrovascular[tiab]) AND (treatment[tiab] OR intervention[tiab] OR therapy[tiab]),2026-08-05T18:00:54+00:00,,,,,
PMID_42531250,PubMed,42531250,PMC12173386,10.1371/journal.pdig.0000899,A Multiagent Large Language Model Framework for Emergency Treatment Recommendation in Acute Ischemic Stroke: Development and Validation Study.,"Yan, Bicong; Zhang, Ruipeng; Chen, Li; Song, Xinyu; Cao, Zhongzheng; Li, Yuehua",Journal of medical Internet research,2026,"BACKGROUND: Acute ischemic stroke (AIS) treatment selection requires rapid, guideline-concordant integration of clinical, imaging, and laboratory data, including therapeutic windows, contraindications, stroke severity, and imaging eligibility. This process is complex, expertise-dependent, and vulnerable to safety-critical errors.
OBJECTIVE: This study aimed to develop and validate a structured multiagent large language model (LLM) framework for AIS decision support using real-world cases and to assess its accuracy, safety, auditability, and impact on physician decision-making, particularly among junior physicians and nonspecialists.
METHODS: We developed a multiagent LLM framework that used structured outputs and guideline-based reasoning to generate treatment recommendations (intravenous thrombolysis, endovascular thrombectomy, standard medical therapy, or non-AIS, or nonstroke) and Trial of ORG 10172 in Acute Stroke Treatment (TOAST) classification. The framework was evaluated using multicenter retrospective real-world cases from 2 hospitals collected between January 2018 and March 2025, prospective cases from February to May 2025, and literature-derived challenging cases from PubMed between January 2024 and January 2025. Performance was assessed against clinical reference standards. Safety was assessed using omission and hallucination event rates, instruction adherence, and 5-point clinical safety ratings. In a prospective physician study, physicians with different seniority and specialty backgrounds made AIS treatment and TOAST classification decisions with and without LLM support. Physician-case decision-level outcomes were analyzed using a binomial generalized linear mixed-effects model accounting for physician and case effects.
RESULTS: The final analysis included 1055 group A cases, 721 group B cases, 144 literature-derived group C cases, and 161 prospectively collected group D cases. Across representative Baichuan, Qwen, DeepSeek, and GPT models, the multiagent framework consistently improved treatment recommendation accuracy. Model-level accuracy ranges increased from 0.546-0.737 to 0.687-0.851 in group A, from 0.587-0.698 to 0.671-0.813 in group B, and from 0.507-0.646 to 0.667-0.750 in group C. TOAST classification improved overall, with cohort-level variation. Across evaluated models, the multiagent framework increased the mean clinical safety score from 3.70 to 4.01 and reduced mean hallucination and omission rates from 33.6% to 20.6% and from 38.5% to 24.5%, respectively. In the prospective physician study, LLM support increased treatment decision accuracy from 73.1% to 88.6% (odds ratio 2.86, 95% CI, 2.27-3.60; P<.001). Accuracy gains were largest among junior and nonspecialist physicians, including junior specialists (0.667 to 0.833), junior nonspecialists (0.600 to 0.846), and senior nonspecialists (0.667 to 0.850). TOAST classification performance also improved (odds ratio 3.63, 95% CI 2.85-4.64; P<.001).
CONCLUSIONS: A structured multiagent framework improved LLM performance with average improvements of 18.9% in AIS treatment recommendation and TOAST classification, while producing more structured, auditable outputs with higher safety ratings. It was associated with higher physician decision accuracy, with larger gains among less-experienced physicians, suggesting the potential to narrow expertise-related decision accuracy gaps. Prospective multicenter studies are needed to assess effects on workflow and clinical outcomes.",https://pubmed.ncbi.nlm.nih.gov/42531250/,,,stroke,(Stroke[MeSH] OR stroke[tiab] OR brain ischemia[tiab] OR cerebrovascular[tiab]) AND (treatment[tiab] OR intervention[tiab] OR therapy[tiab]),2026-08-05T18:00:54+00:00,,,,,
PMID_42531248,PubMed,42531248,PMC2919549,10.1111/insr.12285,Current immunosuppressive treatment and self-reported lifetime stroke history among United States adults: A cross-sectional study.,"Ansari, Muhammad Saad; Nisar, Fiza; Reyaz, Ufaq; Fatima, Mahnoor; Khan, Umair Ahmad; Hadi, Baseerullah; Khalid, Muhammad Talha",PloS one,2026,"Current immunosuppressive treatment is used for autoimmune, inflammatory, malignant, transplant-related, and other chronic conditions that may carry elevated cerebrovascular burden. Nationally representative evidence on current immunosuppressive treatment status and self-reported lifetime stroke history remains limited. This cross-sectional study used pooled 2023-2024 National Health Interview Survey Adult Sample data. The analytic sample included adults aged 18 years or older with valid survey weights and complete data on exposure, outcome, and selected covariates. The exposure was current self-reported use of medications that weaken the immune system. The outcome was self-reported lifetime stroke history. Survey-weighted logistic regression estimated odds ratios and 95% confidence intervals, accounting for National Health Interview Survey stratification, clustering, and adjusted sampling weights. The final analytic sample included 60,026 adults, representing approximately 250 million United States adults. The weighted prevalence of current immunosuppressive treatment was 4.6%. Stroke history was more common among adults receiving immunosuppressive treatment than among those not receiving treatment (6.0% versus 2.8%). In unadjusted analysis, immunosuppressive treatment was associated with higher odds of stroke history (odds ratio 2.24, 95% confidence interval 1.86-2.70, p < 0.001). After full adjustment for age, sex, race/ethnicity, hypertension, diabetes, smoking status, coronary heart disease, and income-to-poverty category, the association persisted (adjusted odds ratio 1.71, 95% confidence interval 1.40-2.08, p < 0.001). Current immunosuppressive treatment status, likely reflecting both medication exposure and underlying disease burden, was associated with higher odds of self-reported lifetime stroke history among United States adults. Because of the cross-sectional design, broad exposure definition, self-reported outcome, and potential confounding by indication, these findings should be interpreted as an association rather than evidence of causation.",https://pubmed.ncbi.nlm.nih.gov/42531248/,,,stroke,(Stroke[MeSH] OR stroke[tiab] OR brain ischemia[tiab] OR cerebrovascular[tiab]) AND (treatment[tiab] OR intervention[tiab] OR therapy[tiab]),2026-08-05T18:00:54+00:00,,,,,
PMID_42531182,PubMed,42531182,PMC12852599,10.12659/ajcr.951348,"Management of Shamblin Type III Carotid Body Tumor With Preoperative Embolization, Surgical Resection, and Rescue Endovascular Stroke Treatment: A Case Report.","Proczka, Michal S; Kaszczewski, Piotr; Sajdek, Michał M; Maciąg, Amelia; Maciąg, Rafał; Nawrot, Ireneusz; Gałązka, Zbigniew",The American journal of case reports,2026,"BACKGROUND This report describes the case of a 51-year-old woman with a history of transient ischemic attack and a diagnosis of a large Shamblin type III carotid body tumor (CBT) encasing the carotid artery. The CBT was managed by preoperative embolization and surgical resection, which was complicated by postoperative stroke and arterial damage requiring surgical repair. CBTs are usually slow-growing, pulsatile cervical tumors that can cause clinical symptoms secondary to catecholamine secretion in functional lesions or symptoms related to compression of adjacent structures in nonfunctional lesions. CASE REPORT The patient was diagnosed with CBT. Ten months prior, she had a transient ischemic attack with left-sided temporary hemiparesis. The surgical excision of the CBT was preceded by endovascular embolization. Despite this, significant bleeding occurred intraoperatively. The complete excision of the CBT was complicated by damage of the common carotid artery, with repair requiring temporal shunting. Two hours after surgery, the patient showed weakness of the left side of the body. Dissection of the right common and internal carotid arteries, occlusion of the external carotid artery, and a thrombus at the bifurcation of the right middle cerebral artery were identified on computed tomography. A successful endovascular intervention with stent implantation and mechanical thrombectomy was performed. Postoperatively, a slight face asymmetry and mild deterioration of upper limb mobility were observed, which resolved completely following successful rehabilitation. CONCLUSIONS Despite having a low incidence, CBTs remain a serious therapeutic problem. An interdisciplinary approach and availability of different specialties is key to successful treatment of complex CBTs.",https://pubmed.ncbi.nlm.nih.gov/42531182/,,,stroke,(Stroke[MeSH] OR stroke[tiab] OR brain ischemia[tiab] OR cerebrovascular[tiab]) AND (treatment[tiab] OR intervention[tiab] OR therapy[tiab]),2026-08-05T18:00:54+00:00,,,,,
PMID_42530894,PubMed,42530894,,10.1177/10538135261472484,Effect of Visual Modification by Video See-Through Augmented Reality with REHA-Glasses on Postural Verticality in Individuals with Post-Stroke Lateropulsion.,"Yokota, Chiaki; Kamada, Masatoshi; Liu, Hailong; Omae, Katsuhiro; Doda, Daishi; Shioiri, Kanta; Shimano, Katsuaki; Wada, Takahiro; Ito, Koichi",NeuroRehabilitation,2026,"ObjectivesTo examine whether post-stroke lateropulsion can be corrected to the upright position by wearing REHA-glasses, which provide the wearer with front-view images rotated based on body tilt.MethodsA prospective, open-label, single-arm, exploratory, interventional study for individuals with first-ever acute stroke and spontaneous body posture rated ≥ 0.75 on the Scale for Contraversive Pushing (SCP) was conducted in a single center in Japan. The intervention was performed by three physical therapists who understood the study protocol. When the participants wore REHA-glasses, the therapist rotated the visual field of view with the intent of moving the participants' position to an upright stance. Differences in assessment between therapists were resolved by mutual agreement. The primary outcome was the change in the total SCP score between the pre-wearing and wearing periods. Adverse events included falling, cybersickness symptoms, deterioration of neurological symptoms, and mechanical problems.ResultsTwenty-four participants (mean 67.6 years) were enrolled. The total SCP score was lower during wearing than during pre-wearing: mean 0.62 (standard deviation: 0.96) vs. 2.26 (1.13); median 0.1 (interquartile range: 0-0.9) vs. 2.0 (1.3-2.5); mean difference 1.64 (95% confidence interval: 1.29-1.97), respectively, p < 0.001, Cohen's dz = 2.04. Mechanical problems, due to damage to the connection port of the headset, was the only adverse event, which did not endanger the participants' safety.ConclusionsPost-stroke lateropulsion was improved by modulating visual input using REHA-glasses.",https://pubmed.ncbi.nlm.nih.gov/42530894/,,,stroke,(Stroke[MeSH] OR stroke[tiab] OR brain ischemia[tiab] OR cerebrovascular[tiab]) AND (treatment[tiab] OR intervention[tiab] OR therapy[tiab]),2026-08-05T18:00:54+00:00,,,,,
PMID_42530892,PubMed,42530892,,10.1177/08850666261473208,Secondary Atrial Fibrillation in Critically Ill Sepsis Patients: Evaluating the Role of Early Oral Anticoagulants in a Retrospective Multi-Center Study.,"Qadeer, Abdul; Fouad, Michele; Bayomi, Doaa; Gohar, Najam; Khawar, Muneeb; Muhammad, Awon; Ghuman, Shameer Iqbal; Khalid, Marwah Bintay; Jain, Samiksha; Gaalema, Diann; Albayyaa, Mohanad A; Jneid, Hani; Sabayon, Muhie Dean; Staloch, Dustin A",Journal of intensive care medicine,2026,"BackgroundNew-onset atrial fibrillation (AF) is a common complication of sepsis, affecting 5-25% of patients, and is associated with increased mortality and ischemic stroke. With limited high-quality evidence, the net clinical benefit of early oral anticoagulant (OAC) initiation in this high-risk setting remains uncertain.MethodsAdults ≥18 hospitalized with sepsis who developed new-onset AF within 3 days were identified from the TriNetX database. Cohort one included patients who received at least three doses of OAC within 3 days after AF onset and was compared to those who did not receive OAC (cohort two). Propensity score matching (1:1; 90 covariates; caliper 0.1) was employed to balance the groups. The primary outcomes assessed were evaluated at 7, 14, and 30 days. Risk ratios and risk differences with 95% confidence intervals were estimated using intention-to-treat analysis.ResultsAmong 136,172 eligible patients, 10,773 were matched per group. Early OAC use was associated with significantly lower mortality at 7, 14, and 30 days (RR 0.19-0.35; all p < 0.001) and reduced ischemic stroke risk across the same intervals (RR 0.74-0.83; p ≤ 0.004). Major bleeding rates were also lower (RR 0.40-0.49; all p < 0.001). MACEs showed a modest reduction at 7 days (RR 0.92; p = 0.001) but not afterward. Thromboembolic events were similar beyond the first week. The need for thrombolytics (RR 0.55-0.59) and anti-hemorrhagic therapy (RR≈0.69) consistently remained lower with OACs (all p < 0.001). Falsification outcomes were neutral, except for a minimal late increase for osteoarthritis at 30 days (RR 1.16; p = 0.03).ConclusionIn sepsis-associated NOAF, early OAC initiation was associated with reduced short-term mortality and ischemic stroke without excess bleeding or thromboembolic risk. The large magnitude of mortality benefit and paradoxical reduction in bleeding likely reflect residual confounding by clinical stability and patient selection. Findings warrant cautious interpretation given the observational design; prospective trials are needed.",https://pubmed.ncbi.nlm.nih.gov/42530892/,,,stroke,(Stroke[MeSH] OR stroke[tiab] OR brain ischemia[tiab] OR cerebrovascular[tiab]) AND (treatment[tiab] OR intervention[tiab] OR therapy[tiab]),2026-08-05T18:00:54+00:00,,,,,
PMID_42530705,PubMed,42530705,PMC6022180,10.1136/sextrans-2020-054706,Gaps in Testing for HIV in Individuals with Neurological Conditions: Implementation Strategies to Improve HIV Screening and Early Diagnosis.,"Nathania, Nathania; Kim, Carla Y; Ayele, Biniyam; Rodriguez, Luisa A; Ventura, Rabel; Vallejos, Gerome B; Thakur, Kiran T; Holroyd, Kathryn B",Current HIV/AIDS reports,2026,"PURPOSE OF REVIEW: Neurological conditions remain common among people living with HIV (PLWH) and contribute substantially to morbidity and mortality. Neurological presentations represent a critical opportunity to optimize HIV care pathways. However, HIV testing guidance remains limited for common neurological conditions such as ischemic stroke and cognitive impairment. The absence of clear, neurology-specific testing recommendations leads to missed opportunities for early HIV diagnosis and timely treatment.
RECENT FINDINGS: Strengthening diagnostic and laboratory infrastructure, particularly in high-burden and resource-limited settings, is essential to support systematic HIV screening among patients presenting with neurological symptoms. Policy-level interventions are also needed to reduce stigma and improve access to care. These include integrating HIV testing into national and specialty guidelines, developing consent strategies that address the complexities of impaired mental status, training neurologists to recognize HIV-associated neurological presentations, and implementing patient-centered education initiatives. These approaches may support more standardized HIV testing within neurological practice, facilitate earlier diagnosis and treatment initiation, and improve long-term neurological outcomes for PLWH.",https://pubmed.ncbi.nlm.nih.gov/42530705/,,,stroke,(Stroke[MeSH] OR stroke[tiab] OR brain ischemia[tiab] OR cerebrovascular[tiab]) AND (treatment[tiab] OR intervention[tiab] OR therapy[tiab]),2026-08-05T18:00:54+00:00,,,,,
PMID_42530688,PubMed,42530688,PMC6082705,10.1038/s41591-018-0092-9,A review of animal models of vascular dementia.,"Song, Yuanyu; Chen, Yinghua",Molecular biology reports,2026,"Vascular dementia (VD) is characterized by the presence of cerebrovascular lesions, specifically hemorrhagic or ischemic lesions within the brain parenchyma, with ischemic lesions being more prevalent. The resultant progressive decline in cognitive abilities and memory poses a significant challenge to public health and quality of life. Consequently, a growing number of researchers have focused on exploring the pathogenesis, prevention, and treatment strategies for VD. The establishment of suitable animal models for investigating the underlying mechanisms of VD treatment and assessing therapeutic efficacy has emerged as a focal point in this area of research. This review systematically compares the construction methods, pathological features, and behavioral phenotypes of classical and modified VD animal models, while analyzing their respective advantages and limitations. Key obstacles to clinical translation presented by the existing models are highlighted, including species differences, behavioral confounding factors, and issues related to methodological reproducibility. Furthermore, this article offers a reference framework for model selection based on various research objectives, aimed at enhancing the translational value of preclinical VD investigations.",https://pubmed.ncbi.nlm.nih.gov/42530688/,,,stroke,(Stroke[MeSH] OR stroke[tiab] OR brain ischemia[tiab] OR cerebrovascular[tiab]) AND (treatment[tiab] OR intervention[tiab] OR therapy[tiab]),2026-08-05T18:00:54+00:00,,,,,
PMID_42530625,PubMed,42530625,PMC12322401,10.1016/j.wneu.2011.02.031,Antithrombogenic coated self-expanding stent (pEGASUS-HPC) for the treatment of intracranial dissections of the cerebral arteries in acute stroke: a multicenter study.,"Aburub, Abdallah; Henkes, Hans; Kemmling, André; Forsting, Michael; Lozupone, Emilio; Pauciulo, Alfredo; Giuseppe Romano, Daniele; Tortora, Raffaele; Cervo, Amedeo; Pero, Guglielmo; Schob, Stefan; Ali, Zakarya; Allaw, Karim; von Gottberg, Philipp; Hajiyev, Kamran; Almohammad, Mohammad; Albiña-Palermola, Pablo; Akgoel, Ahmed; Kemmling, Susanne; Filioglo, Andrei; Khanafer, Ali",Neuroradiology,2026,"BACKGROUND: Intracranial artery dissection (IADS) is an uncommon cause of acute ischemic stroke (AIS). In hyperacute settings, stenting is constrained by the need for intensive antiplatelet therapy. This study evaluated the antithrombogenic hydrophilic polymer-coated pEGASUS-HPC self-expanding stent for IADS-related AIS.
METHODS: This multicenter retrospective cohort study across seven stroke centers included consecutive patients with AIS and occlusion or severe flow-limiting stenosis caused by symptomatic IADS, who were treated with the pEGASUS-HPC. The outcomes were technical and angiographic success (device opening; mTICI score ≥2b when reperfusion was targeted), peri-procedural complications, mRS score, and follow-up patency.
RESULTS: In 36 treated patients (mean age 62.0 ± 19.6 years; 63.9% men), 91.7% of the dissections were spontaneous, and 80.6% were occlusive. Mechanical thrombectomy preceded stenting in 26/29 occlusive cases. Full stent opening occurred in 94.4%, and 100% reperfusion success was achieved in targeted vessels. Most patients received periprocedural intravenous antiplatelet bridging (75.0%) and were discharged on DAPT (77.8%). Whereas no intraprocedural complications occurred, four postprocedural events occurred during admission (11.1%), of which two were clinically significant and two were minor and asymptomatic. The mean NIHSS score improved from 11.8 at admission to 4.9 at discharge, and the mean discharge mRS score was 2.1. Clinical follow-up (mRS) was available in 33/36 patients (91.7%), with favorable functional outcome (mRS 0-2) in 27/33 (81.8%). Imaging follow-up at the early window (mean 94 days) was available in 27/36 (75.0%). In-stent stenosis ≥ 50% occurred in 14.8% and 4.2% of patients at early and mid-term follow-up, respectively, whereas no device occlusions or recurrent strokes occurred through mid-term follow-up. Long-term imaging follow-up (15/36, 41.7%) showed no new in-stent stenosis.
CONCLUSIONS: pEGASUS-HPC stenting for IADS-related AIS was technically feasible and achieved high reperfusion rates and a low overall complication burden, thus supporting prospective evaluation with standardized antiplatelet protocols.",https://pubmed.ncbi.nlm.nih.gov/42530625/,,,stroke,(Stroke[MeSH] OR stroke[tiab] OR brain ischemia[tiab] OR cerebrovascular[tiab]) AND (treatment[tiab] OR intervention[tiab] OR therapy[tiab]),2026-08-05T18:00:54+00:00,,,,,
PMID_42530243,PubMed,42530243,,10.31083/fbl48293,"Neutrophil Extracellular Traps in Aortic and Cerebrovascular Diseases: Biomarkers, Immunomodulation, and Device-Related Strategies.","Dinc, Rasit; Ardic, Nurittin",Frontiers in bioscience (Landmark edition),2026,"Neutrophil extracellular traps (NETs) have emerged as important mediators at the interface of innate immunity, thrombosis, and vascular remodeling. Aortic aneurysms and cerebrovascular diseases are now recognized as prototypical NET-driven conditions in which dysregulated immunothrombosis accelerates wall degeneration, promotes thrombus formation, and exacerbates tissue damage. This narrative review synthesizes current evidence on NET biology in the context of abdominal and thoracic aortic aneurysms, acute aortic syndromes, ischemic stroke, and intracerebral hemorrhage. First, we summarize the molecular mechanisms of NET formation, regulation, and clearance, outlining how NETs shape the immunothrombotic niche in aneurysm thrombi and the cerebral vasculature. Following this, experimental and clinical data on circulating and tissue NET markers are examined in relation to disease presence, lesion instability, hematoma expansion, and functional outcome, thereby highlighting their potential as diagnostic and prognostic biomarkers. Thereafter, pharmacological strategies that either inhibit NET formation or enhance NET degradation are discussed. We then examine how multilayered flow modulators, biodegradable scaffolds, and bioinspired stent coatings can modulate NET responses at the blood-device interface. Finally, we explore the emerging roles of multi-omics profiling, molecular imaging, artificial intelligence (AI)-based analyses in integrating NET-related signals into personalized risk prediction, device selection, and treatment monitoring. Collectively, these findings position NETs as central targets for biomarker development, immunomodulatory therapy, and immunobioengineered vascular devices. NET-informed precision management of aortic and cerebrovascular diseases is therefore a key area for further research.",https://pubmed.ncbi.nlm.nih.gov/42530243/,,,stroke,(Stroke[MeSH] OR stroke[tiab] OR brain ischemia[tiab] OR cerebrovascular[tiab]) AND (treatment[tiab] OR intervention[tiab] OR therapy[tiab]),2026-08-05T18:00:54+00:00,,,,,
PMID_42530241,PubMed,42530241,,10.31083/fbl48324,Region- and Cell-Specific Vulnerability to ROS After Global Brain Ischemia-Reperfusion Injury: Molecular and Cellular Mechanisms.,"Jung, Bo Hyun; Yoo, Ki-Yeon",Frontiers in bioscience (Landmark edition),2026,"Global brain ischemia-reperfusion (I/R) injury manifests as selective neuronal vulnerability rather than uniform tissue damage. Specific neuroanatomical regions-most notably the hippocampal cornu ammonis 1 (CA1) subfield, striatum, and cerebellum-exhibit a heightened susceptibility to oxidative stress-induced degeneration. This review consolidates current understanding regarding the region- and cell-specific vulnerability to reactive oxygen species (ROS) following global I/R, highlighting the molecular and cellular determinants that drive this selectivity. We examine the spatial distribution of ROS-generating systems, including NADPH oxidases (NOX2/NOX4) and mitochondrial complexes, alongside the divergent expression of antioxidant enzymes such as superoxide dismutase (SOD), glutathione peroxidase (GPx), and catalase. Inherent neuronal properties, such as elevated synaptic activity, calcium permeability, and rigorous metabolic demands, further exacerbate oxidative injury. Additionally, we evaluate how astrocyte-neuron interactions and regional variations in blood-brain barrier (BBB) integrity modulate the severity and progression of ROS-induced damage. The roles of astrocytic endfoot polarization, aquaporin-4 (AQP4) localization, and Kir4.1-mediated potassium buffering in post-ischemic outcomes are also discussed. Furthermore, this review surveys emerging antioxidant-based therapies-ranging from edaravone and melatonin to selenium nanoparticles and miRNA-based interventions-while addressing translational hurdles like narrow therapeutic windows and inter-individual variability. By synthesizing experimental and translational evidence, this work provides a comprehensive framework for understanding oxidative stress-related vulnerability in I/R injury. Ultimately, it underscores the necessity for precision antioxidant strategies tailored to brain-region specificity, pathophysiological timing, and patient-specific factors to improve clinical outcomes.",https://pubmed.ncbi.nlm.nih.gov/42530241/,,,stroke,(Stroke[MeSH] OR stroke[tiab] OR brain ischemia[tiab] OR cerebrovascular[tiab]) AND (treatment[tiab] OR intervention[tiab] OR therapy[tiab]),2026-08-05T18:00:54+00:00,,,,,
PMID_42530144,PubMed,42530144,,10.1080/08998280.2026.2707001,Vertebral artery dissection as the initial manifestation of primary antiphospholipid syndrome in a man.,"Sadath, Aman; John, Jeffrin; Harris, Adam; Pierre, Diane St; Aronson, Stuart; Naina, Harris",Proceedings (Baylor University. Medical Center),2026,"Antiphospholipid syndrome (APS) is a prothrombotic autoimmune disorder that is associated with arterial and venous thrombosis. Cervical artery dissection is an uncommon cause of stroke and has rarely been reported with APS. We report the case of a 46-year-old man who presented with acute dizziness, vertigo, neck pain, and headache after jujitsu training. Neuroimaging showed right vertebral artery dissection from V1 to V4, and magnetic resonance imaging revealed a right cerebellar infarction. Evaluation revealed persistently elevated lupus anticoagulant titers on repeat testing at 12-week intervals, satisfying the 2023 criteria for primary APS. The dissection was likely mechanically triggered, while APS may have amplified thrombotic risk and altered secondary prevention toward long-term warfarin.",https://pubmed.ncbi.nlm.nih.gov/42530144/,,,stroke,(Stroke[MeSH] OR stroke[tiab] OR brain ischemia[tiab] OR cerebrovascular[tiab]) AND (treatment[tiab] OR intervention[tiab] OR therapy[tiab]),2026-08-05T18:00:54+00:00,,,,,
PMID_42530052,PubMed,42530052,,10.31083/jin51543,"Neurotrophic Factors in Stroke, Traumatic Brain Injury, and Neurodegeneration: A Convergent Pathophysiological and Translational Perspective.","Shcheblykina, Olesya V; Kostina, Darya A; Pokrovskii, Mikhail V; Korokin, Mikhail V",Journal of integrative neuroscience,2026,"Neurotrophic factors (NTFs), including nerve growth factor (NGF), brain-derived neurotrophic factor (BDNF), neurotrophin-3 (NT-3), glial cell line-derived neurotrophic factor (GDNF), ciliary neurotrophic factor (CNTF), and vascular endothelial growth factor (VEGF), play a central role in neuronal survival, plasticity, and regeneration. Despite their distinct etiologies and temporal profiles, stroke (both ischemic and hemorrhagic), traumatic brain injury (TBI), and neurodegenerative diseases (NDDs), including Alzheimer's disease (AD) and Parkinson's disease (PD), converge on a common pathophysiological phenotype characterized by excitotoxicity, oxidative stress, mitochondrial dysfunction, neuroinflammation, blood-brain barrier (BBB) disruption, and neuronal apoptosis. Neurotrophic factors modulate these pathological cascades through tropomyosin receptor kinase (Trk) receptors, p75 neurotrophin receptor (p75NTR), and related signaling pathways, thereby supporting neuroprotection, neurogenesis, and synaptogenesis. Experimental evidence from preclinical models demonstrates robust beneficial effects of neurotrophin-based interventions in stroke, TBI, AD, and PD across protein, gene, and cell-based strategies. However, clinical translation remains severely limited. Early-phase clinical trials of adeno-associated virus (AAV)-mediated GDNF and neurturin gene therapy for PD, ex vivo NGF gene therapy for AD, and BDNF gene therapy for AD have confirmed acceptable safety profiles but yielded modest or inconsistent efficacy, largely due to constraints in brain delivery, the need for invasive neurosurgical procedures, restricted target coverage, suboptimal control of expression, and marked patient heterogeneity. Consequently, the principal barrier to clinical success is not biological validity, but the lack of safe, effective and scalable delivery platforms capable of bypassing or functionally modulating the BBB. In this review we synthesize shared pathophysiological mechanisms linking stroke, TBI and NDDs; examine the biology, receptor systems, and signaling pathways of key neurotrophic factors; summarize preclinical evidence for their therapeutic potential; and critically evaluate current delivery strategies, including viral vectors, lipid nanoparticles, exosomes, cell-based therapies, small-molecule mimetics, and intranasal administration. We conclude that overcoming delivery barriers through development of improved viral and non-viral platforms, minimally invasive administration routes, controllable expression systems, and rational patient stratification based on disease stage and biomarkers will be essential to fully realize the neuroprotective and neuroregenerative potential of neurotrophin-based therapies for acute and chronic brain disorders.",https://pubmed.ncbi.nlm.nih.gov/42530052/,,,stroke,(Stroke[MeSH] OR stroke[tiab] OR brain ischemia[tiab] OR cerebrovascular[tiab]) AND (treatment[tiab] OR intervention[tiab] OR therapy[tiab]),2026-08-05T18:00:54+00:00,,,,,
PMID_42530038,PubMed,42530038,,10.31083/jin51502,The Efficacy of Experimental Therapy for Stroke Induced by Cerebral Air Embolism in Awake Rats Is Affected by Heliox Inhalation Temperature.,"Kholina, Arina; Ismailova, Alina; Palikov, Victor; Borozdina, Natalya; Kozlov, Sergey; Patsap, Olga; Ignatyuk, Michael; Rzhevsky, Dmitry; Slashcheva, Gulsara; Shaykhutdinova, Elvira; Dyachenko, Igor; Murashev, Arkady; Pavlov, Nikolay; Baranov, Victor",Journal of integrative neuroscience,2026,"BACKGROUND: Previous studies have shown that Heliox, a mixture of 32% oxygen and 68% helium administered at a warm temperature, is effective in treating ischemic brain injury caused by cerebral arterial air embolism. At the same time, therapeutic hypothermia has been shown to lead to a favorable neurological outcome in patients in the acute phase of ischemic stroke; however, there are no published data on the use of Heliox at room temperature after ischemic stroke. All published data indicate only the efficacy of heated Heliox. The most effective temperature regimen for Heliox inhalation to prevent neurological deficits in stroke remains unknown.
METHODS: Three Heliox inhalation temperature regimens were studied at 20-22 °C, 40-50 °C, and 60-70 °C. The mixture was administered immediately after inducing ischemic stroke in awake rats using a model of cerebral arterial air embolism. Respiratory and cardiovascular function, as well as body temperature, coordination, muscle strength, and serum calcium binding protein B (S100B) concentrations were studied 24 hours after embolization. A brain histopathological study was also performed.
RESULTS: Inhalation of heated Heliox (40-50 °C and 60-70 °C) immediately after cerebral arterial air embolism was shown to be an effective method for maintaining respiratory and cardiovascular function and body temperature, for preventing the development of foci of ischemic brain damage on 2,3,5-triphenyltetrazolium chloride (TTC)-stained sections of the brain, and for partially preserving coordination, muscle strength, locomotor activity, and for a partial reduction in serum S100B concentration during the acute phase of ischemic stroke in rats compared to the untreated group with cerebral arterial air embolism (CAE). Unheated Heliox had a negative effect on experimental animals, and decreased a survival rate to 62.5%.
CONCLUSIONS: Heated Heliox has an equally positive effect at temperatures of 40-50 °C and 60-70 °C, and significantly alleviated the symptoms of ischemic stroke during the acute phase. In contrast, unheated Heliox at room temperature (20-22 °C) had a negative effect on the course of ischemic stroke in rats.",https://pubmed.ncbi.nlm.nih.gov/42530038/,,,stroke,(Stroke[MeSH] OR stroke[tiab] OR brain ischemia[tiab] OR cerebrovascular[tiab]) AND (treatment[tiab] OR intervention[tiab] OR therapy[tiab]),2026-08-05T18:00:54+00:00,,,,,
PMID_42529882,PubMed,42529882,PMC11494163,10.1631/jzus.b2300839,Blood‒brain barrier permeability assessment: from biomimetic models to multimodal imaging.,"Wang, Miaomiao; Gan, Lu; Fan, Yiru; Duan, Chenxi; Zhu, Ying; Luo, Shihua; Sun, Yanhong",Journal of Zhejiang University. Science. B,2026,"The blood‒brain barrier (BBB) is a vital physiological structure that maintains the microenvironmental homeostasis in the central nervous system (CNS). Imbalances in its permeability play a key role in various neurological disorders, including stroke, neurodegenerative diseases, and brain tumors. The development of precise techniques for assessing BBB permeability is therefore paramount for elucidating the mechanisms of neurological diseases, overcoming drug development challenges, and achieving precise diagnosis and treatment of CNS disorders. This review systematically summarizes the latest advances in the assessment of BBB permeability. Regarding in vitro models, platforms have evolved from the traditional transwell system to microfluidic chips incorporating fluid shear forces and subsequently to highly biomimetic brain organoids, with continuous improvements in the ability to simulate the neurovascular unit (NVU) microenvironment. For in vivo assessment, we detail the principles and applications of imaging techniques, including dynamic contrast-enhanced magnetic resonance imaging (DCE-MRI), positron emission tomography (PET), near-infrared II (NIR-II) fluorescence imaging (FI), and two-photon microscopy (TPM), highlighting their complementary strengths in macroscopic quantification, molecular targeting, and microscopic dynamic observation. The integration of multi-modal technologies and precise quantitative assessment is a prominent trend. Future investigations will focus on artificial intelligence (AI)-driven personalized permeability assessment, the development of novel intelligent probes, and the dynamic real-time monitoring of the BBB, thereby providing powerful methodological support for neurological disease research.",https://pubmed.ncbi.nlm.nih.gov/42529882/,,,stroke,(Stroke[MeSH] OR stroke[tiab] OR brain ischemia[tiab] OR cerebrovascular[tiab]) AND (treatment[tiab] OR intervention[tiab] OR therapy[tiab]),2026-08-05T18:00:54+00:00,,,,,
PMID_42529831,PubMed,42529831,,10.1161/strokeaha.126.055940,Myeloid Cell-Specific Retinoid X Receptor Signaling Facilitates White Matter Repair and Stroke Recovery in Aged Mice.,"Lyu, Junxuan; Hassan, Sulaiman; Zhang, Wenting; Wu, Wan-Chen; Chen, Huaijun; Zhang, Feng; Ye, Qing; Li, Sicheng; Wu, Yun; Pu, Hongjian; Stetler, R Anne; Hu, Xiaoming; Leak, Rehana K; Shi, Yejie; Chen, Jun",Stroke,2026,"BACKGROUND: As stroke is the leading cause of long-term disability in the elderly, effective pharmacological therapies for neurorestoration remain an unmet clinical need. RXR (retinoid X receptor) signaling regulates inflammation and tissue repair, but the downstream repair processes linking RXR activation to stroke recovery in the aged central nervous system remain incompletely defined. We used aged mice to test the hypotheses that (1) pharmacological RXR stimulation with the brain-penetrant pan-RXR agonist bexarotene boosts poststroke recovery and (2) myeloid cell-specific RXR signaling facilitates white matter repair and underlies the therapeutic effects of bexarotene.
METHODS: Permanent focal cerebral ischemia was induced in 18- to 22-month-old C57BL/6 male and female mice by distal middle cerebral artery occlusion. Pharmacological RXR activation and genetic ablation were achieved by poststroke bexarotene administration and generation of myeloid cell-specific RXR conditional knockout mice, respectively. Functional (sensorimotor and cognitive performance) and structural measures of central nervous system recovery were assessed up to 35 days after stroke.
RESULTS: Poststroke treatment with bexarotene (5-10 mg/kg) improved sensorimotor performance in the rotarod, foot fault, and adhesive removal tests and alleviated cognitive deficits in the Morris water maze and passive avoidance tests. Bexarotene improved white matter integrity at 35 days after distal middle cerebral artery occlusion, without impacting white matter at 3 days or preventing gray matter atrophy at chronic injury stages. Bexarotene also suppressed immune cell infiltration and proinflammatory cytokine production, enhanced inflammation-resolving efferocytosis, promoted long-term oligodendrogenesis and angiogenesis, and fostered a prorepair central nervous system microenvironment. Accordingly, stroke outcomes were markedly worsened in aged RXR conditional knockout mice compared with age-matched wild-type mice, and the functional and white matter benefits of bexarotene were blocked in RXR conditional knockout mice.
CONCLUSIONS: Myeloid RXR signaling promotes long-term stroke recovery in aged mice of both sexes and engages anti-inflammatory and prorepair mechanisms. Bexarotene warrants further evaluation as a potential neurorestorative therapy for stroke.",https://pubmed.ncbi.nlm.nih.gov/42529831/,,,stroke,(Stroke[MeSH] OR stroke[tiab] OR brain ischemia[tiab] OR cerebrovascular[tiab]) AND (treatment[tiab] OR intervention[tiab] OR therapy[tiab]),2026-08-05T18:00:54+00:00,,,,,
PMID_42529818,PubMed,42529818,,10.1161/strokeaha.126.052584,Optimizing Acute Ischemic Stroke Systems of Care: Current State and Future Directions.,"Royan, Regina; Stamm, Brian; Prabhakaran, Shyam",Stroke,2026,"Despite significant progress in hospital quality initiatives and the organization of regional stroke systems of care, a significant gap persists between the number of patients eligible for acute ischemic stroke reperfusion therapies and those who receive them in a timely manner. This gap reflects persistent delays and variability across the prehospital and interhospital phases of care, from prehospital dispatch and field assessment to destination selection and interhospital transfer workflows. This expert narrative review synthesizes current evidence on acute stroke systems of care, with a particular focus on prehospital identification of stroke, destination decision-making for suspected large-vessel occlusion, and interhospital transfer for patients requiring endovascular thrombectomy. Key processes, including prehospital response and scene times, destination decision-making, and door-in-door-out metrics, are examined to illustrate how system-level bottlenecks affect access to and outcomes of reperfusion therapies. Emerging and novel technologies are also described, including mobile stroke units, blood-based biomarkers for prehospital stroke diagnosis, portable neuroimaging modalities, physiological and device-based detection systems, and cross-cutting tools such as telestroke, all aimed at shifting accurate diagnosis and treatment decisions earlier in the stroke care pathway.",https://pubmed.ncbi.nlm.nih.gov/42529818/,,,stroke,(Stroke[MeSH] OR stroke[tiab] OR brain ischemia[tiab] OR cerebrovascular[tiab]) AND (treatment[tiab] OR intervention[tiab] OR therapy[tiab]),2026-08-05T18:00:54+00:00,,,,,
PMID_42529809,PubMed,42529809,PMC10800268,10.1136/svn-2023-002998,Impact of antithrombotic therapy on outcomes of incidental unruptured intracranial aneurysms in patients with ischemic stroke.,"Chen, Chao; Xu, Yiya; He, Yingchao; Chen, Ting; Chen, Xingyong",Annals of medicine,2026,"BACKGROUND: The coexistence of acute ischemic stroke (AIS) and unruptured intracranial aneurysms (UIAs) is relatively common, but the safety of antithrombotic therapy in this population remains uncertain. This study evaluated whether different secondary prevention regimens influence UIA progression or rupture risk.
METHODS: This single-center retrospective cohort study included patients with AIS and concomitant saccular UIAs between January 2016 and December 2021. Patients were categorized according to long-term antithrombotic exposure: single antiplatelet therapy (SAPT), anticoagulation, or no regular therapy. Dual antiplatelet therapy (DAPT) was analyzed separately. The primary outcome was aneurysm rupture; secondary outcomes included symptomatic events and radiographic progression (≥1 mm growth).
RESULTS: Among 197 patients (mean age 68.4 ± 10.2 years; 53.8% female), 140 received SAPT, 36 received anticoagulation, and 21 received no regular therapy. During a mean follow-up of 28.6 ± 18.4 months, aneurysm rupture occurred in two patients (1.0%). No ruptures occurred in the anticoagulation group. Firth's penalized logistic regression showed no significant association between antithrombotic regimen and aneurysm rupture (anticoagulation vs SAPT: OR 0.41, 95% CI 0.01-5.21; no therapy vs SAPT: OR 3.21, 95% CI 0.21-45.6; both p > 0.05).
CONCLUSIONS: In patients with small incidental saccular UIAs and AIS, standard secondary prevention regimens were not associated with an increased risk of aneurysm rupture. However, the limited number of rupture events and potential residual confounding warrant cautious interpretation. Secondary stroke prevention should remain the priority, with individualized assessment of aneurysm-related risks.",https://pubmed.ncbi.nlm.nih.gov/42529809/,,,stroke,(Stroke[MeSH] OR stroke[tiab] OR brain ischemia[tiab] OR cerebrovascular[tiab]) AND (treatment[tiab] OR intervention[tiab] OR therapy[tiab]),2026-08-05T18:00:54+00:00,,,,,
PMID_42529790,PubMed,42529790,PMC4656907,10.3945/jn.115.219634,Changes in ultra-processed food consumption or MIND diet adherence and cognitive impairment.,"Bhave, Varun M; Oladele, Carol R; Duskin, Jonathan; Demopoulos, Amelia; Ament, Zsuzsanna; Guarniz, Ana-Lucia Garcia; Tiwari, Hemant; Judd, Suzanne E; Irvin, M Ryan; Kimberly, W Taylor","Alzheimer's & dementia (Amsterdam, Netherlands)",2026,"INTRODUCTION: The impact of incremental dietary changes on cognitive health is inadequately understood. We investigated dietary modifications and subsequent cognitive impairment in the Reasons for Geographic and Racial Differences in Stroke study.
METHODS: Black and White adults aged ≥ 45 years in the United States were enrolled from 2003 to 2007. A second visit was performed from 2013 to 2016. Differences between visits in dietary scores from food frequency questionnaires were associated with subsequent impairment, defined using annual Six-Item Screeners.
RESULTS: The dietary change subcohort included 7555 participants. In multivariable Cox models, a 10% increase in ultra-processed food consumption was associated with higher impairment risk (% grams, hazard ratio [HR] = 1.24, 95% confidence interval [CI] = 1.12-1.37, p < 0.001; % calories, HR = 1.15, 95% CI = 1.06-1.25, p < 0.001). Each 1-point increase in the Mediterranean-Dietary Approaches to Stop Hypertension Intervention for Neurodegenerative Delay diet score was associated with lower impairment risk (HR = 0.90, 95% CI = 0.85-0.96, p = 0.002).
DISCUSSION: Our findings support dietary interventions targeted at preventing cognitive decline.",https://pubmed.ncbi.nlm.nih.gov/42529790/,,,stroke,(Stroke[MeSH] OR stroke[tiab] OR brain ischemia[tiab] OR cerebrovascular[tiab]) AND (treatment[tiab] OR intervention[tiab] OR therapy[tiab]),2026-08-05T18:00:54+00:00,,,,,
PMID_42529513,PubMed,42529513,PMC11973529,10.5551/jat.64984,Diagnostic value of cardiovascular biomarkers for cerebral-cardiac syndrome risk in acute ischemic stroke.,"Liu, Zegang; Zhao, Ying; Wang, Mei; Li, Chenwei; Zhu, Xurong; Wang, Peirui; Wang, Ke",Frontiers in medicine,2026,"BACKGROUND: Cerebral-cardiac syndrome (CCS) is a complication commonly observed following an ischemic stroke, which results in increased morbidity and mortality. Timely diagnosis of CCS is of prognostic significance. This study investigates the significance of multiple cardiovascular biomarkers for CCS in patients with acute ischemic stroke (AIS).
METHODS: This study retrospectively analyzed 177 patients with AIS admitted to Yongchuan People's Hospital of Chongqing from March 2022 to March 2023. Plasma levels of BNP (B-type natriuretic peptide), cTnI (cardiac Troponin I), Myo (myoglobin), CK-MB (creatine kinase isoenzyme), D-Dimer (DD), FDP (fibrin degradation product), and CRP (C-reactive protein) were measured. Multivariable Firth's penalized logistic regression was used to identify independent risk factors for CCS, and receiver operating characteristic analysis and bootstrap validation were performed to evaluate the diagnostic performance.
RESULTS: CCS occurred in 97 patients (54.8%). BNP, DD, cTnI, Myo, and CK-MB were significantly elevated in the CCS group compared to the non-CCS group (all p < 0.001). After adjustment for covariates, age (OR = 1.047, p = 0.036), BNP (OR = 1.028, p < 0.001), and Myo (OR = 1.003, p = 0.048) remained as independent risk factors. The combined model incorporating age, BNP, and Myo yielded an area under the curve of 0.945 (95% CI: 0.914-0.977), with bootstrap-adjusted AUC = 0.941, indicating excellent discriminatory ability of the model and strong concordance with the clinical diagnosis.
CONCLUSION: Age, BNP, and Myo constitute a robust diagnostic model for the early identification of CCS in AIS patients. This panel may facilitate timely risk stratification and intervention in the clinical management of CCS.",https://pubmed.ncbi.nlm.nih.gov/42529513/,,,stroke,(Stroke[MeSH] OR stroke[tiab] OR brain ischemia[tiab] OR cerebrovascular[tiab]) AND (treatment[tiab] OR intervention[tiab] OR therapy[tiab]),2026-08-05T18:00:54+00:00,,,,,
PMID_42529503,PubMed,42529503,PMC4872878,10.3389/fcvm.2025.1512356,Towards mechanisms-driven strategy for persistent atrial fibrillation ablation: Leveraging digital twins.,"Sakata, Kensuke; Trayanova, Natalia A","Journal of precision medicine (Amsterdam, Netherlands)",2026,"Atrial fibrillation (AF) is the most common sustained arrhythmia, affecting 1-2% of the global population, and is a major cause of stroke and heart failure. With the population aging, its prevalence is expected to increase further, imposing a growing burden on healthcare systems. However, the gold standard treatment-pulmonary vein isolation with catheter ablation that primarily prevents pulmonary vein triggers from initiating fibrillatory conduction-has limited efficacy in the persistent form of AF (PsAF), which is characterized by atrial fibrotic remodeling. Thus far, numerous intra-atrial electrogram-based mapping approaches have been developed to identify PsAF arrhythmogenic substrate locations capable of attracting reentries (LRs) and guide substrate modification in clinical practice; however, their clinical effectiveness remains controversial and the optimal ablation strategy remains unclear. Furthermore, extensive substrate ablation may adversely affect patients post-ablation due to scar-related atrial tachycardia or impaired atrial function despite successful AF control. Recently, personalized heart digital twins (DTs) have emerged as a promising technology for precision medicine, enabling non-invasive patient-specific reconstruction of cardiac electrical activity using clinical imaging and electrophysiological data. Personalized DTs allow investigation of patient-specific electrophysiological behavior, prediction of arrhythmia inducibility, and identification of arrhythmogenic substrates pre-procedurally. In this review, we summarize the mechanisms underlying PsAF maintenance, current limitations of PsAF ablation therapy, and recent advances in DT technology, highlighting its potential to facilitate mechanism-driven, personalized ablation planning and improve PsAF patient care.",https://pubmed.ncbi.nlm.nih.gov/42529503/,,,stroke,(Stroke[MeSH] OR stroke[tiab] OR brain ischemia[tiab] OR cerebrovascular[tiab]) AND (treatment[tiab] OR intervention[tiab] OR therapy[tiab]),2026-08-05T18:00:54+00:00,,,,,
PMID_42529430,PubMed,42529430,PMC12631887,10.1039/d4tb01835d,Research on the Application of Fluorescent Probes in Revealing the Mechanism of Cerebral Ischemia-Reperfusion Injury.,"Shi, Yan; Lv, Jie; Zhou, Na; Huo, Fangjun; Yin, Caixia",Chemical & biomedical imaging,2026,"Despite being a key treatment for ischemic strokea brain injury with high incidence, mortality, disability, and recurrence ratesreperfusion therapy can cause secondary cerebral ischemia-reperfusion injury (CIRI). During the course of CIRI, a large amount of reactive oxygen species (ROS) and reactive nitrogen species (RNS) burst out, causing cellular redox imbalance, followed by cellular oxidative stress, and ultimately leading to neuronal death. ROS and reactive sulfur species (RSS) are two important oxidizing and reducing substances in the body, playing a significant role in regulating redox homeostasis. Therefore, real-time monitoring of their levels and dynamic changes can provide effective strategies for alleviating CIRI. However, organic small molecule probes have deficiencies in selectivity and blood-brain barrier (BBB) permeability, making real-time monitoring of active species changes during CIRI in the brain more difficult. Therefore, this review summarizes the application and research progress of organic small molecule fluorescent probes in the field of CIRI in the past five years, and classifies them according to design strategies, which is expected to provide guidance for the subsequent development of organic small molecule fluorescent probes for CIRI and expand their application in the biomedical field.",https://pubmed.ncbi.nlm.nih.gov/42529430/,,,stroke,(Stroke[MeSH] OR stroke[tiab] OR brain ischemia[tiab] OR cerebrovascular[tiab]) AND (treatment[tiab] OR intervention[tiab] OR therapy[tiab]),2026-08-05T18:00:54+00:00,,,,,
PMID_42529300,PubMed,42529300,PMC7724607,10.1007/s00392-013-0659-x,Self-expanding open-cell carotid stent for symptomatic moderate-to-severe vertebral artery origin atherosclerotic stenosis: a single-center retrospective study.,"Zhong, Hongliang; Shi, Xiaodong; Jia, Jianwen; Yang, Hongchao; Li, Tong; Wang, Yang; Sun, Yongquan; Liu, He",Frontiers in neurology,2026,"BACKGROUND: Open-cell self-expanding stents have been used for vertebral artery origin (VAO) atherosclerotic stenosis; however, data on their safety and durability remain limited.
METHODS: We retrospectively screened 96 patients who were evaluated for potential open-cell self-expanding stent treatment of angiographically confirmed VAO stenosis between February 2015 and December 2020. After exclusion of 62 patients (47 with vertebral artery diameter <4.0 mm and 15 with vertebral artery diameter > = 4.0 mm who declined self-expanding stent treatment), the final treated cohort comprised 34 consecutive eligible symptomatic patients who underwent open-cell self-expanding stent implantation. Clinical outcomes were assessed perioperatively and during follow-up. The 30-day safety endpoint included stroke, myocardial infarction, and death. ISR was evaluated among patients who completed imaging follow-up; DSA-confirmed ISR and ISR among all patients with imaging surveillance were both reported.
RESULTS: Of 96 screened patients, 34 symptomatic treated patients were included. Three patients entered the symptomatic 50-69% stenosis pathway after insufficient response to medical therapy, and 31 entered the symptomatic > = 70% high-risk anatomic stenosis pathway. Technical success was 100%. VAO stenosis improved from 75.7 +/- 7.9% preprocedure to 8.4 +/- 7.6% immediately after stenting (p < 0.001). Distal embolic protection was used in all procedures. Periprocedural complications occurred in 2/34 patients (5.9%; 95% CI, 1.6-19.1%), including 1 symptomatic acute cerebral infarction. No myocardial infarction or death occurred within 30 days. Clinical follow-up was available in 31/34 patients (91.2%); long-term telephone follow-up had a median duration of 43.0 months (IQR, 35.0-55.0; range, 10-83), with no treatment-requiring recurrent symptoms reported. Imaging follow-up was available in 24/34 patients (70.6%) for a median of 6.0 months (IQR, 3.8-13.5; range, 1-60). DSA-confirmed ISR occurred in 1/16 patients (6.3%; 95% CI, 1.1-28.3%) who underwent DSA follow-up; among all patients with imaging surveillance, ISR was observed in 1/24 (4.2%; 95% CI, 0.7-20.2%).
CONCLUSION: In this single-center retrospective series, open-cell self-expanding stent implantation for atherosclerotic VAO stenosis appeared technically feasible and was associated with infrequent periprocedural adverse events. Longer-term durability and optimal patient selection require confirmation in larger prospective studies with standardized imaging follow-up.",https://pubmed.ncbi.nlm.nih.gov/42529300/,,,stroke,(Stroke[MeSH] OR stroke[tiab] OR brain ischemia[tiab] OR cerebrovascular[tiab]) AND (treatment[tiab] OR intervention[tiab] OR therapy[tiab]),2026-08-05T18:00:54+00:00,,,,,
PMID_42529263,PubMed,42529263,PMC4184365,10.1161/str.0000000000000211,Intensive versus standard statin therapy in acute ischemic stroke: a comparative study on the risk of pneumonia and multidrug-resistant bacterial infections.,"Wen, Zhijun; Yang, Zhenming; Cheng, Jianhua; Huang, Yirui",Frontiers in neurology,2026,"BACKGROUND: The use of intensive statin therapy in acute ischemic stroke (AIS) is common; however, its association with post-stroke pneumonia (PSP) remains uncertain. This study aimed to determine whether intensive-dose atorvastatin (≥40 mg/d) increases the risk, severity, or incidence of multidrug-resistant (MDR) bacterial infections in PSP compared to standard-dose therapy (20 mg/d).
METHODS: We retrospectively analyzed 4,843 AIS patients admitted to the First Affiliated Hospital of Wenzhou Medical University between January 2020 and January 2022. After applying inclusion and exclusion criteria, 3,199 patients were included. Propensity score matching (PSM) was used to balance baseline characteristics between the intensive and standard atorvastatin groups. The incidence of PSP, pneumonia severity (evaluated by CURB-65 scores), and MDR bacterial infection rates were compared. Multivariate logistic regression was applied to identify independent risk factors for PSP.
RESULTS: After PSM, no significant difference was observed in PSP incidence between the intensive and standard atorvastatin groups (8.8% vs. 8.3%, p = 0.691). Multivariate regression confirmed that intensive treatment was not associated with increased PSP risk, either before (OR = 1.074, 95% CI: 0.756-1.525) or after matching (OR = 1.002, 95% CI: 0.672-1.492). Among the 173 PSP patients, there were no significant differences in the proportion of severe pneumonia (21.4% vs. 20.2%, p = 0.863) or MDR bacterial infection incidence (9.5% vs. 10.1%, p = 0.897) between the two groups.
CONCLUSION: High-intensity atorvastatin therapy during the acute phase of ischemic stroke did not increase the risk or severity of pneumonia, nor did it elevate MDR bacterial infections. These findings suggest that intensive atorvastatin therapy is not associated with an increased risk of PSP and offer insights for optimizing clinical treatment strategies.",https://pubmed.ncbi.nlm.nih.gov/42529263/,,,stroke,(Stroke[MeSH] OR stroke[tiab] OR brain ischemia[tiab] OR cerebrovascular[tiab]) AND (treatment[tiab] OR intervention[tiab] OR therapy[tiab]),2026-08-05T18:00:54+00:00,,,,,
PMID_42529019,PubMed,42529019,PMC8387198,10.1155/2021/4899688,Heterogeneous cognitive and neuroimaging profiles in older adults with type 2 diabetes: the modifying effect of coronary artery disease.,"Ren, Qingjuan; Zhi, Lei; Liu, Hongfang",Frontiers in aging neuroscience,2026,"BACKGROUND: Cognitive impairment in older adults with type 2 diabetes mellitus (T2DM) is increasingly recognized, and coronary artery disease (CAD) is also linked to cognitive decline. However, their combined impact remains underexplored. This exploratory study characterized neurocognitive profiles and brain MRI features associated with comorbid CAD in older T2DM patients with cognitive impairment.
METHODS: This cross-sectional study screened 1,217 older adults with T2DM; 523 with cognitive impairment (MoCA < 26) were included. All underwent brain MRI and were stratified by CAD status. Between-group comparisons were performed to examine differences in cognitive and neuroimaging measures, with false discovery rate correction applied for multiple comparisons. Multiple linear regression was used to assess the independent association between CAD and cognitive function. Logistic regression was further performed to evaluate the association between CAD and binary neuroimaging outcomes. Finally, two-step cluster analysis was performed to identify distinct cognitive and brain imaging profiles among these participants.
RESULTS: Patients with T2DM and CAD exhibited higher frequencies of cerebrovascular markers: lacunar infarcts (74.65% vs. 57.10%, p < 0.001), strategic infarcts (32.86% vs. 19.35%, p = 0.001), and white matter hyperintensities (66.67% vs. 36.77%, p < 0.001), but lower medial temporal lobe atrophy (30.52% vs. 44.52%, p = 0.001). After false discovery rate correction, these differences remained significant. The CAD group scored lower on MoCA total, visuospatial/executive function, attention, and orientation. CAD independently predicted lower global cognition (B = -0.74, 95% CI: -1.42 to -0.06, p = 0.03). Logistic regression further confirmed that CAD was independently associated with higher odds of lacunar infarcts, strategic infarcts, and white matter hyperintensities (all p < 0.05), but not with medial temporal lobe atrophy (p = 0.518). Cluster analysis revealed distinct profiles: among non-CAD patients, three subgroups (cerebrovascular-predominant, mixed, atrophy-predominant); among CAD patients, two subgroups (both with significant lacunar infarcts, differentiated by atrophy prominence and delayed recall).
CONCLUSION: In older T2DM patients with cognitive impairment, comorbid CAD was independently associated with a vascular-dominant phenotype. Cluster analysis suggested CAD may modify phenotypic heterogeneity, though these exploratory findings require validation. They provide a hypothesis-generating framework for integrating cardiovascular risk management into cognitive treatment.",https://pubmed.ncbi.nlm.nih.gov/42529019/,,,stroke,(Stroke[MeSH] OR stroke[tiab] OR brain ischemia[tiab] OR cerebrovascular[tiab]) AND (treatment[tiab] OR intervention[tiab] OR therapy[tiab]),2026-08-05T18:00:54+00:00,,,,,
PMID_42528848,PubMed,42528848,PMC7809142,10.1016/j.jbiomech.2014.02.039,Internal carotid artery fenestration with contralateral internal carotid artery dissection: a case report and literature review.,"Yang, Dehong; Cheng, Zengjing; Zhu, Yunjia; Fan, Lingxiang; Chen, Binglin; Dai, Chungang; Chen, Ailin; Zhu, Qing",Frontiers in surgery,2026,"BACKGROUND: Internal carotid artery fenestration (ICAF) is a rare congenital cerebrovascular anomaly. Its coexistence with contralateral internal carotid artery (ICA) dissection is exceptionally uncommon, with only isolated case reports in the literature. The clinical features, hemodynamic characteristics, and optimal management of this rare combined lesion remain poorly understood. Conventional imaging alone cannot objectively evaluate lesion risk, so we report this case combined with hemodynamic analysis to clarify its pathogenesis and guide individualized treatment.
CASE PRESENTATION: We report a 71-year-old female who presented with episodic dizziness and had no history of hypertension or diabetes. Physical and routine laboratory examinations were unremarkable. Computed tomography angiography (CTA) suggested bilateral ICA C1 dissections. Digital subtraction angiography (DSA) confirmed a proximal fusiform dilation with intraluminal flow stratification (dissection) on the left C1 and a fenestration (two separate lumens with smooth intact walls) on the right C1. Computational fluid dynamics (CFD) analysis was performed to evaluate flow pressure (FP), wall shear stress (WSS), and oscillatory shear index (OSI). The left dissection showed significantly elevated FP, moderately elevated WSS at the entry and markedly elevated WSS at the exit, and high OSI. In contrast, the right fenestration demonstrated lower and uniformly distributed FP, relatively uniform WSS, and elevated OSI only in the smaller channel. Based on these findings, the left dissection was considered high-risk for rupture requiring active intervention, while the right fenestration was deemed hemodynamically stable and managed conservatively. The patient received dual antiplatelet therapy (aspirin 100 mg/d + clopidogrel 75 mg/d) for three days, followed by stent-assisted coiling of the left dissection. Her dizziness resolved completely after the procedure.
CONCLUSION: Eight-month follow-up DSA confirmed complete resolution of the left dissection with preserved distal flow and stable morphology of the right fenestration. This case demonstrates that CFD hemodynamic analysis can help identify high-risk lesions and guide individualized treatment in patients with ICAF and contralateral dissection. Conservative management with antiplatelet therapy is appropriate for hemodynamically stable ICAF.",https://pubmed.ncbi.nlm.nih.gov/42528848/,,,stroke,(Stroke[MeSH] OR stroke[tiab] OR brain ischemia[tiab] OR cerebrovascular[tiab]) AND (treatment[tiab] OR intervention[tiab] OR therapy[tiab]),2026-08-05T18:00:54+00:00,,,,,
PMID_42528662,PubMed,42528662,PMC3204725,10.1016/s0735-1097(16)31225-6,Case Report: Trousseau syndrome presenting as multifocal cerebral infarctions in advanced gastric signet-ring cell carcinoma: tumor burden-driven hypercoagulability.,"Zhao, Haocheng; Lin, Shanshan; Huang, Wenye",Frontiers in oncology,2026,"BACKGROUND: Malignancy-associated hypercoagulability is a well-recognized driver of thromboembolic events in patients with advanced cancer. Arterial complications, including ischemic stroke, can develop despite appropriate anticoagulation and are often accompanied by markedly elevated D-dimer levels, reflecting sustained coagulation activation in the setting of advanced malignancy.
CASE PRESENTATION: A 76-year-old man presented with gastrointestinal bleeding and was subsequently diagnosed with advanced gastric signet-ring cell carcinoma with extensive hepatic and retroperitoneal metastases. During hospitalization, he developed acute left-sided hemiplegia. Brain magnetic resonance imaging revealed multiple acute infarctions involving both cerebral hemispheres and the cerebellum across distinct vascular territories, consistent with a systemic embolic pattern. The D-dimer level increased to approximately 23.7 μg/mL at the time of neurological deterioration. After gastrointestinal bleeding had stabilized, anticoagulation with enoxaparin sodium 4,000 anti-Xa IU subcutaneously twice daily was initiated; however, D-dimer remained elevated at approximately 23.1 μg/mL on May 21. Following initiation of systemic chemotherapy with the XELOX regimen, neurological deficits improved, accompanied by a decline in D-dimer from approximately 17.5 μg/mL before chemotherapy to approximately 14.9 μg/mL on June 2.
CONCLUSION: This case underscores the characteristic radiological features of malignancy-associated stroke and highlights the close relationship between tumor burden and systemic hypercoagulability. The observed temporal association between chemotherapy initiation and reduction in D-dimer levels supports the concept that effective tumor-directed therapy, in addition to anticoagulation, may be necessary to mitigate cancer-related thrombotic complications. Early multidisciplinary intervention is essential to optimize both neurological recovery and oncologic management.",https://pubmed.ncbi.nlm.nih.gov/42528662/,,,stroke,(Stroke[MeSH] OR stroke[tiab] OR brain ischemia[tiab] OR cerebrovascular[tiab]) AND (treatment[tiab] OR intervention[tiab] OR therapy[tiab]),2026-08-05T18:00:54+00:00,,,,,
PMID_42528656,PubMed,42528656,PMC11725591,10.1093/nutrit/nuaf179,Nutrigram® as a novel BIA-derived parameter for assessing nutritional status in a cohort of post-stroke patients undergoing rehabilitation treatment.,"Bertoncini, Chiara; Guerrini, Alessandro; Cocco, Carola; Siotto, Mariacristina; Cipollini, Valeria; Cortellini, Laura; Pavan, Arianna; Lattanzi, Stefania; Papadopoulou, Dionysia; Insalaco, Sabina; Ruco, Elisabetta; Antonacci, Erika; Aprile, Irene Giovanna",Frontiers in nutrition,2026,"INTRODUCTION: Early nutritional assessment is essential during post-stroke rehabilitation, which may require hospitalization lasting several months. Nutrigram®, a novel BIA-derived index, provides a rapid, objective, and non-invasive measure of nutritional status, but its role in post-stroke populations remains unexplored. This study aimed to evaluate the association between Nutrigram®, other established nutritional risk assessment tools, and malnutrition in subacute post-stroke patients.
METHODS: A total of 87 subacute post-stroke patients were evaluated at admission (T0). Demographic, clinical, and nutritional data were collected, and malnutrition was diagnosed using the Global Leadership Initiative on Malnutrition (GLIM) criteria. In the first GLIM step, nutritional risk screening was performed using both the Mini Nutritional Assessment Short Form (MNA-SF®) and the Geriatric Nutritional Risk Index (GNRI). Body composition was assessed by bioelectrical impedance analysis (BIA), which allowed for the recording of the Nutrigram®.
RESULTS: Nutrigram® was significantly associated with both the MNA-SF® and GNRI scores. Patients diagnosed as malnourished showed significantly lower Nutrigram® values compared with non-malnourished patients, both after MNA-SF® screening (582.7 ± 156.7 vs. 780.5 ± 208.9, p < 0.001) and GNRI screening (566.9 ± 162.3 vs. 749.0 ± 207.5, p < 0.001). Finally, Nutrigram® was independently associated with malnutrition diagnosis, with higher values indicating lower odds of malnutrition.
CONCLUSION: Nutrigram® appears to be a promising objective index of nutritional status in post-stroke patients, showing consistent associations with established screening tools and malnutrition diagnosis.",https://pubmed.ncbi.nlm.nih.gov/42528656/,,,stroke,(Stroke[MeSH] OR stroke[tiab] OR brain ischemia[tiab] OR cerebrovascular[tiab]) AND (treatment[tiab] OR intervention[tiab] OR therapy[tiab]),2026-08-05T18:00:54+00:00,,,,,
PMID_42528424,PubMed,42528424,,10.31083/bjhm56310,"Association of Serum IL-6, TNF-α, and HIF-1α Levels With Respiratory Tract Infection in Patients With Ischemic Stroke.","Wu, Wenwen; Gao, Qing","British journal of hospital medicine (London, England : 2005)",2026,"AIMS/BACKGROUND: Patients with ischemic stroke are prone to developing respiratory tract infections, which can seriously affect prognosis. The objective of this study was to assess the association of the serum levels of interleukin-6 (IL-6), tumor necrosis factor alpha (TNF-α), and hypoxia-inducible factor-1 alpha (HIF-1α) with the occurrence of respiratory tract infection, and to determine whether these biomarkers are independently associated with infection risk.
METHODS: A total of 140 patients with ischemic stroke admitted to The Fifth People's Hospital of Jinan between January 2024 and September 2025 were enrolled. Based on the presence or absence of respiratory tract infection, patients were divided into an infection group (n = 41) and a non-infection group (n = 99). Blood samples were collected within 24 hours after admission. Serum IL-6, TNF-α, and HIF-1α levels were measured using enzyme-linked immunosorbent assay (ELISA). Baseline characteristics were compared between the two groups. Point-biserial correlation and univariate logistic regression were used to assess the relationships between inflammatory markers (IL-6, TNF-α, HIF-1α) and respiratory tract infection, followed by multivariate logistic regression to identify independent influencing factors.
RESULTS: There were no significant differences between the two groups in terms of age, gender, body mass index, smoking and drinking history, hypertension, diabetes, coronary heart disease, hyperlipidemia, infarction site, National Institutes of Health Stroke Scale (NIHSS) score, Glasgow Coma Scale (GCS) score, mean respiratory rate, or mean oxygen saturation (p > 0.05). Serum levels of IL-6, TNF-α, and HIF-1α were significantly higher in the infection group than in the non-infection group (p < 0.001). Point-biserial correlation analysis revealed that IL-6, TNF-α, and HIF-1α were positively correlated with respiratory tract infection (r = 0.695, 0.738, and 0.655, respectively; p < 0.001). Univariate logistic regression indicated that all three biomarkers were influencing factors of respiratory tract infection (p < 0.001), and multivariate logistic regression confirmed them as independent influencing factors (p < 0.05).
CONCLUSION: Elevated serum levels of IL-6, TNF-α, and HIF-1α are significantly associated with respiratory tract infection in patients with ischemic stroke. However, this association does not imply a causal relationship, and the observed increases in these inflammatory markers may reflect a consequence of infection rather than independent risk factors. Early monitoring of these biomarkers may help identify patients with increased risk of developing infection and facilitate timely clinical assessment and intervention to improve outcomes.",https://pubmed.ncbi.nlm.nih.gov/42528424/,,,stroke,(Stroke[MeSH] OR stroke[tiab] OR brain ischemia[tiab] OR cerebrovascular[tiab]) AND (treatment[tiab] OR intervention[tiab] OR therapy[tiab]),2026-08-05T18:00:54+00:00,,,,,
PMID_42528385,PubMed,42528385,,10.1080/03007995.2026.2706900,"Refractory arterial hypertension: important, but suboptimally characterized.","Koraćević, Goran; Stojanović, Milovan; Zdravković, Marija; Otašević, Suzana; Zdravković, Miloš; Randjelović, Miomir; Lazarević, Gordana; Pavlović, Dimitrije",Current medical research and opinion,2026,"Refractory arterial hypertension (HTN) is a newly described severe phenotype of anti-hypertensive therapy failure. It is defined as uncontrolled blood pressure on (near-)maximal treatment using ≥ 5 antihypertensive drugs, two of which are long-acting thiazide-like diuretics (e.g. chlorthalidone) and mineralocorticoid receptor antagonists, with an additional requirement in one of the first reports: uncontrolled blood pressure after a minimum of three visits to the department. We observed important differences in the definitions of refractory HTN over time and even in the same period in the most important documents in medicine today - guidelines. The AIMs of the study were threefold: to underline the high risk and consequent importance of this phenotype of HTN, to analyze the evolution of the definition of refractory HTN and the consonance in the guidelines on the topic, to study potential insufficiencies of the current definitions, and possibly suggest some improvements. Patients with refractory HTN are at a higher risk of developing cardiovascular complications such as heart failure (HF), left ventricular hypertrophy (LVH), or stroke than those with controlled resistant HTN. Moreover, hypertension-mediated organ damage and comorbidities such as diabetes and obstructive sleep apnea are more prevalent in patients with refractory HTN. Some guidelines list treatment for refractory HTN, but the definition of refractory HTN is actually resistant to HTN. Generally, what is recognized as insufficient for the definition of resistant HTN is also likely true for refractory HTN.",https://pubmed.ncbi.nlm.nih.gov/42528385/,,,stroke,(Stroke[MeSH] OR stroke[tiab] OR brain ischemia[tiab] OR cerebrovascular[tiab]) AND (treatment[tiab] OR intervention[tiab] OR therapy[tiab]),2026-08-05T18:00:54+00:00,,,,,
PMID_42193248,EuropePMC,42193248,PMC13203479,10.3390/antiox15050627,"Mega-Events, Air Pollution and Health Outcomes: A Systematic Review.","El Khattaby H, Panizzolo M, Ghelli F, El Sherbiny S, Bellisario V, Colombi N, Bono R, Squillacioti G.",,2026,"Air pollution represents a public health threat; it is co-responsible for millions of premature deaths annually and economic losses. Mega-events create abrupt changes in air pollution providing quasi-experimental settings to investigate related health impacts. This systematic review synthesizes the evidence on air pollution level changes during mega-events and associated short-term health effects, including mortality, hospitalizations and early biological responses. A literature search was conducted in PubMed, Embase, Scopus and Web of Science up to 7 April 2025. Study quality was evaluated using the EPHPP Quality Assessment Tool for Quantitative Studies. Thirty-one studies met the inclusion criteria. Mega-events without effective air pollution control measures were associated with increased pollutant levels and higher risks of respiratory and cardiovascular morbidity. Biomarker studies demonstrated rapid and reversible changes in oxidative stress and inflammatory biomarkers in response to short-term variations in air pollution. Instead, significant reductions in air pollution during mega-events were observed upon emission control measures. The evidence is predominantly from Asian countries, no Europe/Africa studies and only one from North America, limiting generalizability. Findings indicate that mega-events may influence air quality which affects human health, reinforcing the value of temporary emission control measures strategies for future mega-events. The systematic review was registered with Prospero (CRD420251032553).",https://pubmed.ncbi.nlm.nih.gov/42193248/,,https://europepmc.org/articles/PMC13203479?pdf=render,stroke,(Stroke[MeSH] OR stroke[tiab] OR brain ischemia[tiab] OR cerebrovascular[tiab]) AND (treatment[tiab] OR intervention[tiab] OR therapy[tiab]),2026-08-05T18:00:54+00:00,,,,,
PMID_42222637,EuropePMC,42222637,PMC13221690,10.7759/cureus.109913,Non-ST-Segment Elevation Myocardial Infarction (NSTEMI) in a High-Risk Rheumatoid Arthritis Patient on Long-Term Baricitinib: Drug Signal or Risk Factor Convergence?,"Alghaithi AD, Alnaqbi KA.",,2026,"Rheumatoid arthritis (RA) is associated with increased cardiovascular (CV) morbidity and mortality, partly related to chronic systemic inflammation and accelerated atherosclerosis. Janus kinase (JAK) inhibitors, including baricitinib, are effective targeted therapies for RA, but their use in older patients and those with baseline CV risk factors requires careful risk assessment. We report a clinically detailed case of non-ST-elevation myocardial infarction (NSTEMI) during long-term baricitinib therapy and use it to discuss real-world CV risk stratification, monitoring, and pharmacovigilance in patients with RA receiving JAK inhibitors. A 77-year-old Omani woman with seropositive erosive RA since age 69 (Month 0), poorly controlled type 2 diabetes mellitus, well-controlled hypertension, well-controlled hyperlipidemia, obesity, and family history of myocardial infarction was treated with baricitinib 4 mg daily (Month 47) after inadequate response to previous disease-modifying antirheumatic drugs. Her RA remained in sustained remission for approximately 33 months on baricitinib and methotrexate. A cardiac evaluation performed five years earlier, including echocardiography and dobutamine stress testing, had not shown evidence of inducible ischemia or structural heart disease at that time. She subsequently developed sudden chest pain during physiotherapy, was diagnosed with NSTEMI (Month 79), and underwent percutaneous coronary intervention for severe calcified coronary artery disease with critical left anterior descending and diagonal branch stenoses. Baricitinib was discontinued at Month 80, and she remained in RA remission on methotrexate alone without recurrent CV events through her most recent follow-up (Month 108). A comprehensive literature review using MEDLINE/PubMed, Scopus, EMBASE, and Google Scholar identified only three relevant cases describing NSTEMI during baricitinib therapy in RA, but they lacked sufficient clinical detail for meaningful comparison. Naranjo adverse drug reaction probability scale supports a possible association. This case highlights the need for structured CV risk reassessment, shared decision-making, and pharmacovigilance during long-term JAK inhibitor therapy in high-risk patients with RA.",https://pubmed.ncbi.nlm.nih.gov/42222637/,,https://europepmc.org/articles/PMC13221690?pdf=render,stroke,(Stroke[MeSH] OR stroke[tiab] OR brain ischemia[tiab] OR cerebrovascular[tiab]) AND (treatment[tiab] OR intervention[tiab] OR therapy[tiab]),2026-08-05T18:00:54+00:00,,,,,
PMID_42123962,EuropePMC,42123962,PMC13165435,10.3390/nu18091359,"Magnesium in Neurocritical Care: Clinical Relevance, Status Assessment, and Practical Implications for Outcomes-A Narrative Review.","Marelli S, Querci L, Chieregato A.",,2026,"<h4>Background</h4>Magnesium regulates neuronal excitability, NMDA receptor activity, and cerebrovascular tone. Dysmagnesemia is common in patients with acute brain injury (>65%), yet large randomized trials of magnesium neuroprotection have been neutral despite strong physiological rationale and consistent observational associations with outcomes. A key limitation may be diagnostic misclassification: the total serum magnesium poorly reflects the biologically active ionized fraction and may misclassify magnesium status in 20-85% of ICU patients during critical illness.<h4>Purpose</h4>This narrative review synthesizes current evidence on magnesium physiology, measurement limitations, and clinical implications in neurocritical care.<h4>Overview</h4>We discuss the mechanisms of magnesium depletion, outline the conceptual ""two-hit"" model (chronic deficiency plus acute ICU losses), and highlight the potential value of ionized magnesium for improved patient evaluation. Emerging syndrome-specific data suggest that magnesium disturbances are associated with prognostic signals. Improved phenotyping may help explain prior trial neutrality and support stratified approaches to magnesium monitoring and repletion. Future studies should evaluate magnesium-guided strategies and phenotype-driven trials to clarify the therapeutic role of magnesium in neurocritical care.",https://pubmed.ncbi.nlm.nih.gov/42123962/,,https://europepmc.org/articles/PMC13165435?pdf=render,stroke,(Stroke[MeSH] OR stroke[tiab] OR brain ischemia[tiab] OR cerebrovascular[tiab]) AND (treatment[tiab] OR intervention[tiab] OR therapy[tiab]),2026-08-05T18:00:54+00:00,,,,,
PMID_42075580,EuropePMC,42075580,PMC13117159,10.3390/medicina62040708,Effectiveness and Safety of Acupuncture for Post-Stroke Neurogenic Bladder: A Systematic Review and Meta-Analysis.,"Hong S, Jeong JC, Choi DJ.",,2026,"<i>Objective</i>: This review is to systematically evaluate the clinical effectiveness and safety of acupuncture therapy for patients with post-stroke neurogenic bladder (PSNB). <i>Methods</i>: We included randomized controlled trials (RCTs) evaluating any type of acupuncture treatment for PSNB. Data extraction and quality assessment using Cochrane Risk of Bias 2.0 were performed. Meta-analysis was conducted for total effective rate (TER) and urodynamic parameters. <i>Results</i>: Ten RCTs involving 727 participants were included. Meta-analysis showed that acupuncture was associated with a reduction in residual urine volume (RUV), and increases in maximum cystometric capacity (MCC), and maximal urinary flow rate (Qmax). Acupuncture also showed a higher TER compared to control groups (RR = 1.23, 95% CI [1.15, 1.33], <i>p</i> < 0.001). However, wide 95% prediction intervals for urodynamic parameters indicated substantial uncertainty for future clinical applications. Adverse events were mild and infrequent, but only partly reported in two studies among included trials. <i>Conclusions</i>: Acupuncture as an adjunctive therapy suggests potential trends for improving clinical efficacy and urodynamic parameters in PSNB patients. However, no definitive conclusions can be drawn regarding its clinical efficacy or safety due to the very low certainty of evidence, high methodological heterogeneity, and limited reporting of adverse events. Therefore, these results must be interpreted with extreme caution. Further high-quality, large-scale randomized controlled trials with standardized protocols are essential to establish robust evidence regarding its clinical effectiveness and safety. <i>Protocol registration</i>: PROSPERO CRD42025643092.",https://pubmed.ncbi.nlm.nih.gov/42075580/,,https://europepmc.org/articles/PMC13117159?pdf=render,stroke,(Stroke[MeSH] OR stroke[tiab] OR brain ischemia[tiab] OR cerebrovascular[tiab]) AND (treatment[tiab] OR intervention[tiab] OR therapy[tiab]),2026-08-05T18:00:54+00:00,,,,,
PMID_42152981,EuropePMC,42152981,PMC13180371,10.2147/ijn.s591179,The Design Strategies and Applications of Engineered Nanoparticles for Traumatic Brain Injury.,"Xiang C, Zhu Y, Gao X, Guo F, He X, Luo W, Liu W, Gu R.",,2026,"Traumatic brain injury (TBI) is a serious neurological condition. Because of its complex pathophysiological processes, direct treatment options are extremely limited. A key reason for this is the blood-brain barrier (BBB), which makes it difficult for conventional drug molecules to penetrate and maintain effective concentrations in brain tissue. In recent years, nanoparticles have garnered significant attention due to their unique biological properties, enhanced therapeutic effects, and low toxicity. By modifying the surface of nanoparticles with targeting ligands, their penetration capacity can be significantly enhanced, enabling directed delivery to the core injury area and substantially increasing their accumulation at the site of injury. Furthermore, functionally engineered nanoparticles can respond to specific signals in the TBI microenvironment, such as reactive oxygen species (ROS), enzymes, and pH changes, thereby enabling controlled drug release and significantly improving delivery efficiency. This review systematically summarizes the latest advances in engineered nanoparticles for TBI treatment from three perspectives: rational design, therapeutic strategies, and clinical translation.",https://pubmed.ncbi.nlm.nih.gov/42152981/,,https://europepmc.org/articles/PMC13180371?pdf=render,stroke,(Stroke[MeSH] OR stroke[tiab] OR brain ischemia[tiab] OR cerebrovascular[tiab]) AND (treatment[tiab] OR intervention[tiab] OR therapy[tiab]),2026-08-05T18:00:54+00:00,,,,,
PMID_41536190,EuropePMC,41536190,PMC13155221,10.11124/jbies-25-00112,Effectiveness of various dosage parameters of Wii Fit Plus exergames for enhancing balance and postural control among people post-stroke: a systematic review protocol.,"Pratihar S, Rajasekaran K, Janakiraman B.",,2026,"<h4>Objective</h4>The objective of this review is to synthesize the evidence on the effectiveness of various dosage parameters (session duration, frequency, and total intervention period), including their potential dose-response impact (if meta-analysis is feasible), on postural control and balance using Wii Fit Plus balance exergaming in patients post-stroke.<h4>Introduction</h4>Wii Fit Plus is an innovative exergaming tool that consists of interactive standing balance exercises to improve balance and postural control in patients with stroke. However, the optimal treatment effects and dosage response for achieving these outcomes remain unclear.<h4>Eligibility criteria</h4>This review will consider randomized controlled trials, quasi-experimental studies, and other types of experimental studies evaluating preliminary efficacy or effectiveness of Wii Fit Plus balance exergames for adults and older adults post-stroke. The comparators will include standard-care physiotherapy and alternative exergaming interventions. The outcomes of interest will be postural control and balance, quality of life, functional independence, gait performance, and functional mobility.<h4>Methods</h4>A systematic search will be conducted across PubMed, Embase, Scopus, PEDro, Web of Science, and CINAHL (EBSCOhost) for studies published from 2010 onward. The review will follow the JBI methodology for systematic reviews of effectiveness. Study selection, data extraction, and critical appraisal will be independently performed by 2 reviewers. Dose-response meta-analysis using a random effects model will be used to estimate pooled effect size, with subgroup analyses exploring dosing variations. If meta-analysis is not feasible, a narrative synthesis will be conducted. The overall strength of the evidence will be determined using the Grading of Recommendations, Assessment, Development and Evaluation (GRADE) approach.<h4>Review registration</h4>PROSPERO CRD42025641558.",https://pubmed.ncbi.nlm.nih.gov/41536190/,,https://europepmc.org/articles/PMC13155221?pdf=render,stroke,(Stroke[MeSH] OR stroke[tiab] OR brain ischemia[tiab] OR cerebrovascular[tiab]) AND (treatment[tiab] OR intervention[tiab] OR therapy[tiab]),2026-08-05T18:00:54+00:00,,,,,
PMID_42333325,EuropePMC,42333325,PMC13283347,10.7759/cureus.109425,Assessment of the Effectiveness of Early Versus Delayed Invasive Strategies in Non-ST Elevation Myocardial Infarction (NSTEMI): A Systematic Review and Meta-Analysis.,"Kamble A, Revunuru NR, Rangachari B, Bharat Patel V, Ullah I, Ahmed Z.",,2026,"In recent years, early invasive strategies for non-ST-elevation myocardial infarction (NSTEMI) have been increasingly studied as a means of promptly identifying and treating culprit coronary lesions. However, the optimal timing of invasive management remains uncertain, particularly because most available evidence is derived from developed or high-resource healthcare settings. This systematic review and meta-analysis compared early vs. delayed invasive strategies in adults with NSTEMI for major adverse cardiovascular events and key secondary outcomes. A Population, Intervention, Comparison, Outcome framework guided eligibility criteria, and relevant studies were identified through PubMed/MEDLINE, Cochrane, and Embase. Preferred Reporting Items for Systematic Review and Meta-Analysis guidelines were followed, and quantifiable outcomes were analyzed using RevMan v5.4.1 (The Cochrane Collaboration, London, UK). Ten studies were included. Overall, five of 10 studies reported significant benefits favoring early or immediate invasive strategies, four found no significant benefit in adjusted or long-term analyses, and one reported increased adverse events with early intervention. Meta-analysis showed that early intervention significantly reduced all-cause mortality (risk ratio (RR) = 0.68, 95% confidence interval (CI): 0.61-0.76, p < 0.00001) and rehospitalization due to heart failure (RR = 0.41, 95% CI: 0.29-0.58, p < 0.0001). However, no significant benefit was observed for nonfatal acute myocardial infarction (RR = 0.62, 95% CI: 0.18-2.11, p = 0.45) or cardiovascular death at five years (RR = 0.99, 95% CI: 0.66-1.48, p = 0.94). Early invasive intervention within 24 hours may improve selected NSTEMI outcomes, especially mortality and heart-failure rehospitalization. However, because the included studies were predominantly from developed countries, these findings may not be directly applicable to low-resource settings where catheterization facilities, specialists, and rapid referral systems are limited. Further evidence from low- and middle-income regions is needed.",https://pubmed.ncbi.nlm.nih.gov/42333325/,,https://europepmc.org/articles/PMC13283347?pdf=render,stroke,(Stroke[MeSH] OR stroke[tiab] OR brain ischemia[tiab] OR cerebrovascular[tiab]) AND (treatment[tiab] OR intervention[tiab] OR therapy[tiab]),2026-08-05T18:00:54+00:00,,,,,
PMID_41873338,EuropePMC,41873338,PMC13005972,10.2147/dhps.s576249,Long-Term Safety and Effectiveness of Calcium Channel Blockers in Hypertension: A Systematic Review.,"Aisyah N, Aurellia JS, Insani WN.",,2026,"<h4>Purpose</h4>Calcium channel blockers (CCBs) are widely used as first-line therapy for hypertension, but concerns remain regarding their long-term safety and effectiveness. This review aims to systematically summarize the existing evidence on the long-term safety and effectiveness of CCBs in patients with hypertension.<h4>Methods</h4>A systematic review was conducted using the PubMed database to identify randomized controlled trials (RCTs), cohort studies, and case-control studies assessing the long-term use (≥1 year) of CCBs in adult hypertensive populations. Eligible studies compared CCBs with other antihypertensive agents or placebo and reported outcomes related to systemic safety and effectiveness. The quality of each study was assessed using the Jadad and Newcastle-Ottawa Scales. Evidence was synthesized descriptively and stratified by organ system and clinical outcome.<h4>Results</h4>In total, 29 studies met the inclusion criteria, encompassing both RCTs and observational studies. Long-term CCB use was generally safe, with manageable risks. Renal protective effects were less consistent, while several studies reported a marginal increase in the incidence of new-onset diabetes. Associations with breast cancer remained inconclusive, and the risk of bone fractures appeared modestly reduced. Other systemic effects, including metabolic and reproductive changes, were generally mild. In terms of effectiveness, CCBs consistently reduced stroke incidence, although evidence regarding other cardiovascular outcomes, such as infarction, heart failure, and transient ischemic events, was inconsistent across studies.<h4>Conclusion</h4>Overall, CCBs are safe for long-term use and show sustained effectiveness in stroke and angina, although evidence for heart failure, myocardial infarction, and transient ischemic attack remains inconsistent.",https://pubmed.ncbi.nlm.nih.gov/41873338/,,https://europepmc.org/articles/PMC13005972?pdf=render,stroke,(Stroke[MeSH] OR stroke[tiab] OR brain ischemia[tiab] OR cerebrovascular[tiab]) AND (treatment[tiab] OR intervention[tiab] OR therapy[tiab]),2026-08-05T18:00:54+00:00,,,,,
PMID_41635327,EuropePMC,41635327,PMC12863961,10.7759/cureus.100710,Non-pharmacological Interventions for the Prevention and Progression of Diabetic Foot Ulcers in Individuals With Type 2 Diabetes Mellitus: A Scoping Review.,"Kamogawa M, Kajiwara K, Sakuramoto H, Yamamoto K.",,2026,"Diabetic foot ulcers (DFUs) are a common complication of diabetes, significantly impairing patients' quality of life (QoL) and imposing a heavy economic burden. Previous reviews on the prevention of DFUs and their recurrence have indicated that educational interventions alone cannot definitively reduce the incidence of new DFUs or lower limb amputation rates and that non-pharmacological therapies using medical devices face challenges such as cost, the need for technical training, and infrastructure development. This study systematically mapped the existing literature on non-pharmacological therapies, excluding medical devices and medications. Specifically, interventions involving machinery were excluded. The aim was to identify strategies that prevent delayed progression and recurrence of diabetic foot ulcers (DFU) in patients with type 2 diabetes. The review focused on interventions with high feasibility, cost-effectiveness, and sustainability, such as patient education, behavior modification, monitoring, and multidisciplinary collaboration. These approaches are expected to contribute to the development of comprehensive and practical strategies that address current knowledge gaps, improve patient outcomes, reduce healthcare costs, and enhance the quality of life for individuals with diabetes. An exploratory review was conducted using a combination of controlled vocabulary and free text terms related to ""type 2 diabetes,"" ""ulcer,"" ""intervention,"" and ""prevention."" Data were collected from PubMed, the Cochrane Central Register of Controlled Trials, and Ichushi-Web. Eleven studies were evaluated. The intervention methods used were face-to-face methods by healthcare professionals and methods utilizing information and communication technology (ICT). The outcome measures of the interventions varied, including changes in patients' cognitive behavior, assessment of quality of life, examination of the condition of the lower limbs, such as ulcer healing and skin condition of the feet, and evaluation of diabetes management. This review emphasizes that non-pharmacological therapies, particularly those incorporating multidisciplinary educational interventions involving nurses, may be effective in preventing diabetic foot ulcers (DFUs) and preventing their recurrence. Future research should aim to establish standardized outcome measures and evidence-based guidelines for integrating face-to-face and ICT-based multidisciplinary educational interventions.",https://pubmed.ncbi.nlm.nih.gov/41635327/,,https://europepmc.org/articles/PMC12863961?pdf=render,stroke,(Stroke[MeSH] OR stroke[tiab] OR brain ischemia[tiab] OR cerebrovascular[tiab]) AND (treatment[tiab] OR intervention[tiab] OR therapy[tiab]),2026-08-05T18:00:54+00:00,,,,,
PMID_41745384,EuropePMC,41745384,PMC12941452,10.3390/jpm16020092,Deep Biological Clocks in Critical Care Medicine: A Scoping Review Toward Translational Precision Care.,"Cheyne I, Voinič M, Radaideh T, Daher A, Niezgoda J, Romanowska MA, Mikaszewska-Sokolewicz M.",,2026,"<b>Background</b>: Outcomes after critical illness vary markedly despite similar diagnoses and severity scores, underscoring the limitations of chronological age and conventional Intensive Care Unit (ICU) prognostic tools. Personalization of critical care is increasingly essential to improve not only short-term survival but also long-term post-discharge outcomes. Biological aging clocks provide a quantitative framework to capture physiological reserve, immune competence, and vulnerability to stress. <b>Methods</b>: We conducted a scoping review of original human studies published between January 2015 and October 2025 that evaluated biological aging biomarkers in adult ICU populations. PubMed/MEDLINE, Scopus, Web of Science, and Embase were searched, with backward citation screening. <b>Results</b>: Across epigenetic, telomere-based, cfDNA, proteomic, metabolomic, and phenotypic aging measures, accelerated biological aging was consistently associated with increased mortality, organ dysfunction, and post-ICU vulnerability. Despite substantial methodological heterogeneity, a convergent signal emerged linking inflammation-weighted and stress-responsive deep biological clocks to clinically meaningful outcomes in critically ill patients. <b>Conclusions</b>: Biological aging biomarkers represent a mechanistically grounded approach to personalized prognostication in critical care. From a translational perspective, deep biological clocks hold promise for personalized risk stratification, prognostication, and the identification of high-risk recovery phenotypes, although prospective validation and implementation studies are required.",https://pubmed.ncbi.nlm.nih.gov/41745384/,,https://europepmc.org/articles/PMC12941452?pdf=render,stroke,(Stroke[MeSH] OR stroke[tiab] OR brain ischemia[tiab] OR cerebrovascular[tiab]) AND (treatment[tiab] OR intervention[tiab] OR therapy[tiab]),2026-08-05T18:00:54+00:00,,,,,
PMID_41815571,EuropePMC,41815571,PMC12973084,10.21037/cdt-2025-aw-538,Complications of catheter-directed interventions in acute pulmonary embolism: a narrative expert review with guidance on management.,"García-Martí G, Velázquez Martín M, Maneiro Melón N, Salinas P.",,2026,"<h4>Background and objective</h4>Catheter-directed interventions (CDI) for pulmonary embolism (PE) have emerged as alternatives to systemic thrombolysis for patients requiring reperfusion, enabling thrombus burden reduction through low-dose local thrombolysis or mechanical thrombectomy. Despite encouraging hemodynamic and clinical outcomes, procedure-specific complications are poorly characterized in the literature. This narrative review aims to synthesize the reported complications of CDI in acute PE and provide practical management strategies.<h4>Methods</h4>A PubMed search covering 2014-2025, limited to articles published in English or Spanish, complemented by reference screening, identified randomized clinical trials and prospective or retrospective registries of CDI in acute PE reporting safety outcomes. These studies were used to construct a comprehensive overview of CDI-related complications, while additional registries, case reports, and case series were examined to describe rare events not captured by primary studies, as well as expert insights when evidence was insufficient or unavailable.<h4>Key content and findings</h4>Complications of CDI in acute PE encompass a broad and heterogeneous spectrum including access-site complications, right-heart injury, pulmonary arterial lesions, catheter malfunction and mechanical complications, and hemodynamic deterioration. Their incidence varies considerably across studies, and the absence of standardized definitions or classifications limits accurate assessment of the true frequency and clinical impact of those adverse events.<h4>Conclusions</h4>Based on the available evidence, this narrative expert review examines the spectrum of CDI-related complications in acute PE. It seeks to bridge the gap between innovation and safety by equipping clinicians and interventionalists with practical guidance for the recognition, prevention, and management of these adverse events.",https://pubmed.ncbi.nlm.nih.gov/41815571/,,https://europepmc.org/articles/PMC12973084?pdf=render,stroke,(Stroke[MeSH] OR stroke[tiab] OR brain ischemia[tiab] OR cerebrovascular[tiab]) AND (treatment[tiab] OR intervention[tiab] OR therapy[tiab]),2026-08-05T18:00:54+00:00,,,,,
PMID_41464657,EuropePMC,41464657,PMC12733553,10.3390/jcm14248755,Impact of Thyroid Hormone Imbalance on Electrocardiographic Parameters: Systematic Review and Meta-Analysis.,"Kłosowicz M, Urbańczuk M, Burbelka A, Gala-Błądzińska A, Balawender K.",,2025,"<b>Background:</b> Thyroid dysfunction is a prevalent endocrine disorder with significant cardiovascular consequences, particularly through its effects on cardiac electrophysiology. Electrocardiography (ECG), as a widely available and cost-effective diagnostic tool, provides valuable insight into these alterations. This systematic review and meta-analysis aimed to evaluate the relationship between thyroid hormone imbalance and ECG parameters. <b>Methods:</b> A comprehensive search of PubMed, ScienceDirect, and Google Scholar identified 1099 studies, of which 121 underwent full-text analysis. Ultimately, 37 studies with complete datasets were included in the quantitative synthesis, encompassing 167,074 participants across overt hyperthyroidism, subclinical and overt hypothyroidism, and euthyroid control groups. <b>Results:</b> Meta-analysis revealed significant alterations in key electrophysiological markers. Overt hyperthyroidism was associated with QTc and Tp-e prolongation, consistent with increased repolarization heterogeneity and arrhythmic risk. In overt hypothyroidism, QTc and Tp-e intervals were also prolonged, accompanied by reduced heart rate variability, reflecting autonomic imbalance. Subclinical forms demonstrated more variable results, though trends toward conduction and repolarization disturbances were observed. Importantly, several studies indicated that levothyroxine therapy or surgical treatment normalized abnormal ECG findings, underscoring their reversible nature. <b>Conclusions:</b> These results highlight the strong association between thyroid hormone abnormalities and ECG alterations, which may serve as early markers of arrhythmic risk and sudden cardiac death. Incorporating ECG screening into thyroid disease management could improve early detection, risk stratification, and cardiovascular prevention strategies.",https://pubmed.ncbi.nlm.nih.gov/41464657/,,https://europepmc.org/articles/PMC12733553?pdf=render,stroke,(Stroke[MeSH] OR stroke[tiab] OR brain ischemia[tiab] OR cerebrovascular[tiab]) AND (treatment[tiab] OR intervention[tiab] OR therapy[tiab]),2026-08-05T18:00:54+00:00,,,,,
PMID_41470130,EuropePMC,41470130,PMC12735191,10.3390/medicina61122128,Elevated Epicardial Adipose Tissue and Ischemic Stroke Risk: A Systematic Review and Meta-Analysis.,"Mahadevan A, Pinnamaneni M, Krishnakumar M, Mishra T, Adrejiya P, Sanjeevi A, Patel BM, Patel S, Patel R, Jena N, Vyas A, Desai R.",,2025,"<i>Introduction:</i> Epicardial adipose tissue (EAT), a fat depot between the myocardium and pericardium, produces pro-inflammatory adipokines, contributing to inflammation, insulin resistance, and endothelial dysfunction. EAT has been recognized as an independent risk factor for cardiovascular diseases, including atrial fibrillation (AFib) and acute ischemic stroke (AIS). This study explores the association between EAT and AIS risk, with a focus on populations with cardiovascular comorbidities. <i>Material and Methods</i>: This meta-analysis adhered to MOOSE and PRISMA guidelines. A comprehensive search of PubMed, SCOPUS, and Embase databases was conducted, targeting studies evaluating the association between EAT and AIS. Inclusion criteria encompassed RCTs, cohort, case-control, and cross-sectional studies. Quality assessment was performed using appropriate tools, and statistical analysis involved pooled odds ratios (ORs) with 95% confidence intervals (CIs) using a binary random-effects model. <i>Results:</i> The search identified 711 studies, eight of which met the inclusion criteria, yielding 7412 participants. Analysis revealed that increased EAT thickness significantly correlated with higher odds of AIS (aOR: 3.60 [2.26-5.74], I<sup>2</sup> = 74.24%). Sensitivity analysis confirmed the robustness of these findings despite publication bias. Higher epicardial adipose volume was also associated with an increased AIS risk (aOR: 1.17 [1.03-1.34], I<sup>2</sup> = 49.54%). <i>Conclusions:</i> Increased EAT thickness and volume are associated with a higher risk of AIS in populations with cardiovascular comorbidities, including AFib. EAT's pro-inflammatory and pro-thrombotic properties may contribute to stroke pathophysiology. These findings highlight the potential utility of EAT measurement in stroke risk stratification and support further research to integrate EAT assessment into clinical practice.",https://pubmed.ncbi.nlm.nih.gov/41470130/,,https://europepmc.org/articles/PMC12735191?pdf=render,stroke,(Stroke[MeSH] OR stroke[tiab] OR brain ischemia[tiab] OR cerebrovascular[tiab]) AND (treatment[tiab] OR intervention[tiab] OR therapy[tiab]),2026-08-05T18:00:54+00:00,,,,,
PMID_41716862,EuropePMC,41716862,PMC12915353,10.5812/ijem-167232,Plant-Based Diets and Cardiometabolic Diseases in a Cohort of Iranian Adults: A Systematic Review of Evidence from the Tehran Lipid and Glucose Study.,"Moslehi N, Golzarand M, Mirmiran P, Azizi F.",,2025,"<h4>Background</h4>Although numerous studies have demonstrated that plant-based diets can reduce the risk of cardiometabolic diseases, their applicability and health benefits within Iran remain unconfirmed.<h4>Objectives</h4>This systematic review aimed to clarify the findings from the Tehran Lipid and Glucose Study (TLGS) regarding the benefits of these recommended diets against cardiometabolic diseases in the Iranian population.<h4>Methods</h4>A systematic literature search was conducted in PubMed/Medline, Web of Science, and Scopus until September 2025. Studies that assessed the association between plant-based diets, including the Mediterranean diet (MeDi), dietary approaches to stop hypertension (DASH), Mediterranean-DASH intervention for neurodegenerative delay (MIND), Nordic, and Portfolio diets, and cardiometabolic diseases [i.e., cardiovascular disease (CVD) and type 2 diabetes mellitus (T2DM)] or their risk factors [i.e., overweight/obesity, hyperglycemia or insulin resistance (IR), dyslipidemia, and hypertension (HTN)] within the TLGS framework were included.<h4>Results</h4>From the 1,293 articles, 13 studies were included. Nine studies were identified on the MeDi score and cardiometabolic diseases; most found no significant associations. Five studies were conducted on the DASH score, which revealed an inverse association with risk of IR but no other outcomes. Two studies assessed the link between the MIND and Nordic diets and CVD with protective associations. There was one study on the Portfolio diet that showed no association with T2DM risk.<h4>Conclusions</h4>Within the TLGS, the MeDi and DASH diet scores have been studied more than other plant-based diets, yet most findings show no beneficial association with cardiometabolic diseases. Conversely, recent findings regarding the MIND and Nordic diets indicate a significant inverse association with CVD incidence. Given the scarcity of research in this area, further investigation into plant-based diets and cardiometabolic health within the TLGS is warranted.",https://pubmed.ncbi.nlm.nih.gov/41716862/,,https://europepmc.org/articles/PMC12915353?pdf=render,stroke,(Stroke[MeSH] OR stroke[tiab] OR brain ischemia[tiab] OR cerebrovascular[tiab]) AND (treatment[tiab] OR intervention[tiab] OR therapy[tiab]),2026-08-05T18:00:54+00:00,,,,,
PMID_41377452,EuropePMC,41377452,PMC12688871,10.1097/ms9.0000000000004056,"Umbrella review of anticoagulation strategies for secondary prevention of cardioembolic stroke in atrial fibrillation: efficacy, safety, and knowledge gaps.","Aderinto N, Abraham IC, Hasan A, Oshodin AT, Muoghallu OI, Mbah EC, Akintepede FO, Abioye AH, Bukky SO, Olalusi MP, Kokori E, Olatunji G.",,2025,"Atrial fibrillation (AF) is a major contributor to cardioembolic stroke. Anticoagulation, guided by CHA2DS2-VASc and HAS-BLED scores, is critical for secondary prevention, yet challenges persist in timing, patient-specific tailoring, and balancing efficacy with bleeding risk. This umbrella review synthesizes evidence on anticoagulation strategies for secondary prevention of cardioembolic stroke in AF patients. We searched PubMed, Scopus, Cochrane Library, Web of Science, and Embase for systematic reviews and meta-analyses (inception to May 2025) assessing oral anticoagulants (OACs) [vitamin K antagonists (VKAs), direct oral anticoagulants (DOACs)] in AF patients with prior stroke or transient ischemic attack (TIA). Outcomes included recurrent stroke, systemic embolism, major bleeding, intracranial hemorrhage (ICH), and mortality. Quality was assessed using AMSTAR-2. Data were narratively synthesized, with quantitative metrics extracted where feasible. Eight reviews (2007-2025) were included, comprising 4-52 studies and 6893-94 656 participants. DOACs demonstrated superior efficacy over VKAs [apixaban odds ratio (OR) 0.79, 95% confidence interval (CI) 0.66-0.94], and VKAs outperformed antiplatelets (relative risk reduction 64%, absolute risk reduction 8.4%/year). DOACs showed lower major bleeding and ICH rates than VKAs, with apixaban exhibiting the most favorable safety profile (OR 0.71, 95% CI 0.61-0.81). Early versus delayed OAC initiation post-stroke improved efficacy (OR 0.68, 95% CI 0.55-0.84) with comparable safety. Identified knowledge gaps include optimal timing of OACs, outcomes in high-risk subgroups (elderly, renal impairment, and post-ICH), and cost-effectiveness. DOACs are superior to VKAs for secondary prevention of cardioembolic stroke in AF. However, individualized approaches are needed for timing and high-risk subgroups.",https://pubmed.ncbi.nlm.nih.gov/41377452/,,https://europepmc.org/articles/PMC12688871?pdf=render,stroke,(Stroke[MeSH] OR stroke[tiab] OR brain ischemia[tiab] OR cerebrovascular[tiab]) AND (treatment[tiab] OR intervention[tiab] OR therapy[tiab]),2026-08-05T18:00:54+00:00,,,,,
PMID_41037847,EuropePMC,41037847,PMC12517089,10.1016/j.jacadv.2025.102208,Serum Transthyretin as Prognostic Biomarker for Cardiovascular Events and Mortality: A Systematic Review and Meta-Analysis.,"Terentes-Printzios D, Koilakou ME, Alexiou P, Antonopoulos A, Kasiakogias A, Katsimichas T, Lazaros G, Tsampras T, Kourti FE, Ioakeimidis N, Tsioufis K, Vlachopoulos C.",,2025,"<h4>Background</h4>Serum transthyretin (TTR) levels, a key player in the occurrence of amyloidosis, have also emerged as a potential biomarker in cardiovascular (CV) disease and all-cause mortality. However, it is unclear whether TTR levels predict future events.<h4>Objectives</h4>This meta-analysis sought to evaluate the prognostic utility in longitudinal studies of serum TTR levels in predicting CV events, heart failure (HF), CV mortality, and all-cause mortality across diverse patient populations.<h4>Methods</h4>A systematic literature search was conducted across major electronic databases and gray literature up to May 2025. Studies reporting HRs or risk estimates for the association between serum TTR levels and outcomes of interest (CV events and mortality) were included. Two reviewers extracted data independently and summary estimates of association were obtained using a random-effects model. The primary outcomes were risk ratios for total CV events, HF, all-cause mortality, and CV mortality.<h4>Results</h4>A total of 34 studies involving 83,929 participants, 50.5% females, mean age 61.45 years old, and a mean follow-up of 41 months were included in the analysis. Low serum TTR levels were found to be significantly associated with an increased risk of CV events (HR: 1.54; 95% CI: 1.30-1.83; P < 0.001), all-cause mortality (HR: 1.65; 95% CI: 1.50-1.82; P < 0.001), CV mortality (HR: 2.08; 95% CI: 1.26-3.44; P = 0.004), and heart failure (HR: 1.72; 95% CI: 1.35-2.21; P < 0.001). A decrease in TTR by 10 mg/dL corresponded with an increase in risk of 30%, 73%, 46%, and 28% in total CV, all-cause mortality, CV mortality, and HF, respectively. In meta-regression analysis, low TTR levels in younger male subjects, preserved ejection fraction and elevated N-terminal pro-B-type natriuretic peptide levels were associated with a higher risk of all-cause mortality.<h4>Conclusions</h4>Serum TTR is a predictor of CV events, all-cause and CV mortality, and HF across different populations, underscoring its potential use as a CV biomarker and instigating research on the possible clinical role of TTR medications in other clinical settings other than amyloidosis.",https://pubmed.ncbi.nlm.nih.gov/41037847/,,https://europepmc.org/articles/PMC12517089?pdf=render,stroke,(Stroke[MeSH] OR stroke[tiab] OR brain ischemia[tiab] OR cerebrovascular[tiab]) AND (treatment[tiab] OR intervention[tiab] OR therapy[tiab]),2026-08-05T18:00:54+00:00,,,,,
PMID_41490848,EuropePMC,41490848,PMC12778303,10.1136/bmjopen-2025-103985,Factors influencing participation of patients who had a stroke in rehabilitation shared decision-making: a qualitative meta-synthesis.,"Zang S, Ye M, Qi W, Wu Z, He M, Lou Q, Cui Z.",,2026,"<h4>Objective</h4>By adopting the shared decision-making (SDM) model, this study aims to improve treatment adherence and patients' subjective initiative. It intends to systematically explore the barriers and facilitating conditions for patients who had a stroke to participate in rehabilitation SDM through the analysis and integration of qualitative research methods. The ultimate goal is to provide a basis for optimising the formulation of rehabilitation plans, enhancing the quality of nursing services and improving patients' medical experience.<h4>Methods</h4>The following databases were searched, with only literatures published in English or Chinese included: Cochrane Library, PubMed, Embase, Scopus, Web of Science, CNKI (China National Knowledge Infrastructure), CBM (Chinese Biomedical Literature Database) and Wanfang Database. The search covered the period from the establishment of each database to 1 March 2025. The quality of the included literatures was evaluated using the Qualitative Research Quality Assessment Tool provided by the Joanna Briggs Institute in 2016, with a focus on factors affecting participation of patients who had a stroke in rehabilitation SDM.<h4>Results</h4>A total of 1502 articles were retrieved in the preliminary search, and 10 were finally included. From these included literatures, 31 findings were extracted. Similar results were categorised and grouped into 10 new categories, which were further integrated into 3 core integrated findings: (1) patient-related factors, including interference from negative emotions, the gap between rehabilitation expectations and reality, the impact of socio-demographic factors and self-efficacy with stage-specific autonomous needs; (2) family-related factors, including family support, the impact of patients' sense of responsibility to their families on decision choices and trade-offs forced by economic burden; (3) healthcare provider and environmental factors, including paternalistic models undermining autonomy, insufficient information and difficulty in screening hindering decision-making and discontinuity in the rehabilitation system and lack of resources increasing decision-making burden.<h4>Conclusion</h4>Through the meta-synthesis of qualitative studies, this research shows that negative emotions and realistic gaps reduce patients' participation in decision-making. While family support helps enhance patients' confidence in decision-making, economic burden affects their decision choices. Additionally, one-way doctor-patient communication, insufficient information support and discontinuity in the rehabilitation service system increase patients' decision-making burden.",https://pubmed.ncbi.nlm.nih.gov/41490848/,,https://europepmc.org/articles/PMC12778303?pdf=render,stroke,(Stroke[MeSH] OR stroke[tiab] OR brain ischemia[tiab] OR cerebrovascular[tiab]) AND (treatment[tiab] OR intervention[tiab] OR therapy[tiab]),2026-08-05T18:00:54+00:00,,,,,
PMID_41503542,EuropePMC,41503542,PMC12772977,10.1002/hsr2.71577,Arterial Embolization for the Internal Hemorrhoids Management: A Systematic Review.,"Golezar MH, Ghorani H, Alemi F, Fayedeh F, Yeganegi M, Toutounchian S, Amani H, Yazdi HR.",,2026,"<h4>Background and aims</h4>Hemorrhoids are common vascular structures that can become symptomatic when prolapsed, representing the most prevalent benign anorectal condition worldwide. Despite affecting up to 11% of the population with symptoms including pain, bleeding, and discomfort, hemorrhoids remain underdiagnosed and often inappropriately managed. This systematic review aimed to evaluate the efficacy, clinical outcomes, and morbidity of endovascular artery embolization in hemorrhoids.<h4>Method</h4>Up to August 2022, PubMed, Scopus, Web of Science, and Embase were searched comprehensively. All studies had eligible criteria included, except review articles, articles published in a language other than English, and case reports or series of cases. Two independent reviewers performed a literature review and data extraction. Preferred Reporting Items for Systematic Reviews and Meta-Analysis (PRISMA) 2020 checklist was used for quality assessment.<h4>Results</h4>The systematic review included 15 studies. The patient's age ranged from 40.5 ± 9.51 to 72.2 ± 10.9. Eleven studies mentioned the sample size as gender-specific, with 57.89% (<i>n</i> = 187/323) male patients. The embolic site involved in embolization, according to the frequency, was 424 patients for the superior rectal artery in all studies, and coils and micro coils were utilized as Embolic material in most cases. No major complication or death was noted in 12 studies. The most frequent complications were postoperative pain and tenesmus, bleeding, ulceration and fibrotic scars, and low-grade fever. In 11.79% (<i>n</i> = 27/229) of patients re-embolization and after-treatment surgery were due to surgical failure and symptom recurrence, such as bleeding.<h4>Conclusion</h4>Rectal artery embolization using microcoils, embolic particles, or a combination is a new method for managing internal hemorrhoids with proper clinical efficacy without significant complications. QoL score has improved after emborrhoid, and most cases had a lower bleeding score.",https://pubmed.ncbi.nlm.nih.gov/41503542/,,https://europepmc.org/articles/PMC12772977?pdf=render,stroke,(Stroke[MeSH] OR stroke[tiab] OR brain ischemia[tiab] OR cerebrovascular[tiab]) AND (treatment[tiab] OR intervention[tiab] OR therapy[tiab]),2026-08-05T18:00:54+00:00,,,,,
PMID_41194945,EuropePMC,41194945,PMC12584096,10.47176/mjiri.39.121,The Role of 2-Dimensional and 3-Dimensional Speckle Tracking Echocardiography in Detecting Early Myocardial Dysfunction in Obstructive Sleep Apnea Patients.,"Mohtasham Kia Y, Haji Mohammadi A, Emami S, Barati M.",,2025,"<h4>Background</h4>Obstructive sleep apnea (OSA), a worldwide prevalent sleep-related breathing disorder, is associated with an increased rate of cardiovascular disease (CVD) incidence and higher all-cause mortality. Evidence demonstrates that OSA can contribute to subclinical cardiac damage and lead to a significantly higher risk of future heart failure. Speckle tracking echocardiography (STE) is a new technique that is useful for detecting subclinical dysfunction in patients without clinical manifestations of cardiac problems and who have normal conventional echocardiography. This review examines the application of STE for the early detection of subclinical dysfunction in all four heart chambers of individuals with OSA.<h4>Methods</h4>To provide an in-depth overview of the current evidence in this review study, we conducted a broad literature search across 4 major databases-PubMed, Scopus, Embase, and Web of Science-in July 2025. Keywords and combinations related to ""speckle tracking echocardiography,"" ""global longitudinal strain,"" ""left atrium,"" ""left ventricle,"" ""right atrium,"" ""right ventricle,"" and ""obstructive sleep apnea"" were used to identify relevant studies. We aimed to explore studies examining subtle functional alterations in cardiac chambers among patients with OSA using STE. Systematic reviews, meta-analyses, case reports, abstracts, letters, conference proceedings, and non-English publications were excluded to maintain focus on original research and clinical insights.<h4>Results</h4>After screening by title/abstract and full-text review, from a total of 145 studies, 29 were included based on the best match with our inclusion criteria. Our key finding in this systematic review were as follows: (1) left atrium (LA) subclinical systolic and early diastolic strain/strain rate decrease before alteration in conventional echocardiography indexes; (2) left ventricle (LV) early detectable strain/strain rate decrease in all its 3 contracting directions (longitudinal, circumferential, and radial); (3) subtle changes in LV myocardial work index (MWI); (4) valuable information about early strain changes in different directions of RV wall contraction despite its complex geometry.<h4>Conclusion</h4>Our study highlighted available studies describing subclinical strain and strain rate alterations in each cardiac chamber through speckle tracking echocardiography and addresses this method's feasibility to detect early changes in myocardium as a result of OSA.",https://pubmed.ncbi.nlm.nih.gov/41194945/,,https://europepmc.org/articles/PMC12584096?pdf=render,stroke,(Stroke[MeSH] OR stroke[tiab] OR brain ischemia[tiab] OR cerebrovascular[tiab]) AND (treatment[tiab] OR intervention[tiab] OR therapy[tiab]),2026-08-05T18:00:54+00:00,,,,,
PMID_41527607,EuropePMC,41527607,PMC12790493,10.7759/cureus.98932,Autonomic Nervous System Dysregulation in Metabolic Syndrome: An Association With Hypertension and Cardiovascular Risk.,"Soomra H, Mukhtar A, Asif F, Khalid A, Noureen S, Qamar Z, Haider U.",,2025,"Metabolic syndrome (MetS) is a cluster of cardiometabolic abnormalities, including abdominal obesity, insulin resistance, dyslipidemia, and elevated blood pressure, that increases the risk of type 2 diabetes and cardiovascular disease (CVD). Autonomic imbalance, characterized by increased sympathetic activity and reduced parasympathetic tone, is proposed to play an important role in the development of hypertension and adverse cardiovascular outcomes in individuals with MetS. This systematic review evaluates the association between autonomic nervous system (ANS) dysregulation and MetS. A systematic search was conducted in PubMed, Embase, Scopus, and Cochrane Library for studies published from January 2015 to September 2025. Eligible studies included human research that examined measures of autonomic function such as heart rate variability (HRV), baroreflex sensitivity, muscle sympathetic nerve activity, and plasma catecholamine levels at rest in individuals with MetS. Observational and interventional studies were included. Data were extracted and synthesized narratively. A total of 16 studies met the inclusion criteria. Most included studies reported reduced HRV, impaired baroreflex sensitivity, increased resting sympathetic nerve activity, and elevated plasma catecholamines in participants with MetS, suggesting a consistent association between ANS dysregulation and blood pressure elevation. However, causality could not be established due to the predominantly observational study designs. Current evidence indicates a significant association between autonomic dysfunction and MetS, particularly in relation to hypertension and increased cardiovascular risk. ANS biomarkers may support refined cardiometabolic risk stratification, although further prospective and mechanistic studies are needed to clarify causal pathways.",https://pubmed.ncbi.nlm.nih.gov/41527607/,,https://europepmc.org/articles/PMC12790493?pdf=render,stroke,(Stroke[MeSH] OR stroke[tiab] OR brain ischemia[tiab] OR cerebrovascular[tiab]) AND (treatment[tiab] OR intervention[tiab] OR therapy[tiab]),2026-08-05T18:00:54+00:00,,,,,
PMID_41180533,EuropePMC,41180533,PMC12576895,10.3389/fneur.2025.1671808,Electroacupuncture for post-stroke depression: a systematic review and meta-analysis of randomized controlled trials.,"Zhang Z, Xue K, Li H, Yan M, Cui J.",,2025,"<h4>Background and purpose</h4>Electroacupuncture (EA) is a non-pharmacological therapy within Traditional Chinese Medicine (TCM) for treating depressive disorders. This meta-analysis aims to evaluate the efficacy of EA in treating post-stroke depression (PSD).<h4>Methods</h4>Seven electronic databases were searched up to May 31, 2025, and randomized controlled trials (RCTs) on EA for PSD were screened. After two reviewers independently screened the literature, extracted data, and assessed the risk of bias in included studies, meta-analysis was performed using RevMan software (version 5.4) and Stata/MP software (version 17.0).<h4>Results</h4>Eleven studies involving 853 participants were included. EA significantly reduced Hamilton Depression Rating Scale (HAMD) scores (mean difference [MD] = -3.68, 95% confidence interval [CI]: -5.78 to -1.59, <i>p</i> = 0.0006). Additionally, EA significantly reduced Self-Rating Depression Scale (SDS) scores (MD = -3.08, 95% CI: -5.94 to -0.21, <i>p</i> < 0.0001) and National Institutes of Health Stroke Scale (NIHSS) scores (MD = -1.85, 95% CI: -2.93 to -0.77, <i>p</i> = 0.0008). Subgroup analysis demonstrated that EA significantly increased effective rates over simple acupuncture (RR = 1.38, 95% CI: 1.21 to 1.59, <i>p</i> < 0.0001), regional cerebral blood flow (rCBF) (MD = 24.21, 95% CI: 13.64 to 34.78, <i>p</i> < 0.0001), and plasma 5-hydroxytryptamine (5-HT) levels (MD = 16.83, 95% CI: 12.75 to 20.91, <i>p</i> < 0.0001). EA also significantly improved: stroke scores (SS) (MD = 2.56, 95% CI: 1.13 to 3.99, <i>p</i> = 0.0005), World Health Organization Quality of Life-BREF (WHOQOL-BREF) scores (MD = 1.85, 95% CI: 0.72 to 2.98, <i>p</i> < 0.0001), and Activities of Daily Living (ADL) scale scores (MD = 23.45, 95% CI: 17.38 to 29.52, <i>p</i> < 0.0001).<h4>Conclusion</h4>EA may be an effective therapeutic approach for the comprehensive management of PSD. The observed clinical benefits of EA, including improvements in depression scale scores and quality of life metrics, may contribute to its potential utility in PSD management. However, the certainty of this evidence is limited by the low methodological quality of the available primary studies.<h4>Systematic review registration</h4>https://www.crd.york.ac.uk/PROSPERO/search, identifier CRD420251055828.",https://pubmed.ncbi.nlm.nih.gov/41180533/,,https://europepmc.org/articles/PMC12576895?pdf=render,stroke,(Stroke[MeSH] OR stroke[tiab] OR brain ischemia[tiab] OR cerebrovascular[tiab]) AND (treatment[tiab] OR intervention[tiab] OR therapy[tiab]),2026-08-05T18:00:54+00:00,,,,,
PMID_41383232,EuropePMC,41383232,PMC12689375,10.3389/fneur.2025.1699939,Systemic inflammation-based hematological indices and 90-day functional outcomes after intravenous thrombolysis in acute ischemic stroke: a systematic review.,"Huang H, Wang W, Ma Q, Cao K.",,2025,"<h4>Background</h4>Acute ischemic stroke (AIS) is one of the leading causes of mortality and long-term disability worldwide. Intravenous thrombolysis (IVT) with recombinant tissue plasminogen activator (rt-PA) remains the standard treatment for eligible patients; however, considerable inter-individual variability exists in post-treatment functional outcomes. Increasing evidence suggests that systemic inflammation plays a crucial regulatory role in both ischemic injury cascades and reperfusion efficacy. In recent years, several inflammation-based hematological indices derived from complete blood counts-such as the neutrophil-to-lymphocyte ratio (NLR), systemic immune-inflammation index (SII), systemic inflammation response index (SIRI), inflammation prognostic index (IPI), and pan-immune-inflammation value (PIV)-have been proposed. These indices comprehensively reflect the balance between innate immune activation and adaptive immune suppression and are considered potential prognostic biomarkers.<h4>Methods</h4>Following the Preferred Reporting Items for Systematic Reviews and Meta-Analyses (PRISMA) guidelines, we systematically searched PubMed, Embase, and Web of Science for English-language studies published between 2015 and 2025 investigating the relationship between inflammation-based hematological indices and functional outcomes in adult AIS patients receiving intravenous rt-PA. Eligible studies were limited to IVT-only cohorts reporting associations between composite inflammatory indices and clinical outcomes. The search strategy was framed using the PICO (Population, Intervention, Comparison, and Outcome) approach, and study quality was assessed using the Newcastle-Ottawa Scale (NOS).<h4>Results</h4>A total of 15 observational cohort studies involving approximately 4,000 AIS patients were included. Higher baseline or early values of NLR, SII, SIRI, and PIV were independently associated with unfavorable 90-day functional outcomes, with predictive performance (AUC) generally ranging from 0.70 to 0.80. Several studies further indicated that dynamic changes in inflammatory indices within 24-48 h after IVT provided stronger prognostic discrimination than baseline measurements, underscoring the clinical value of early immune monitoring during the acute phase of stroke.<h4>Conclusion</h4>Systemic inflammation plays a central role in the pathophysiology and therapeutic response of AIS. Composite inflammation-based hematological indices are simple, economical, and reproducible tools that may assist in early risk stratification and individualized prognostic assessment following IVT. Future studies should incorporate dynamic longitudinal monitoring and integrate multimodal clinical and biomarker data within large, multicenter cohorts to improve model precision and enhance translational applicability.",https://pubmed.ncbi.nlm.nih.gov/41383232/,,https://europepmc.org/articles/PMC12689375?pdf=render,stroke,(Stroke[MeSH] OR stroke[tiab] OR brain ischemia[tiab] OR cerebrovascular[tiab]) AND (treatment[tiab] OR intervention[tiab] OR therapy[tiab]),2026-08-05T18:00:54+00:00,,,,,
PMID_40297857,EuropePMC,40297857,PMC12036527,10.3389/fneur.2025.1502091,Acupuncture for stroke survivors with cardiovascular comorbidities: protocol of a pooled analysis of randomized controlled trials.,"Zhang L, Mei Z, Xu Z.",,2025,"<h4>Background</h4>Stroke remains a leading cause of long-term disability globally, often complicated by cardiovascular comorbidities such as hypertension, atrial fibrillation, and coronary artery disease. These comorbidities not only increase the risk of recurrent strokes but also complicate recovery, making effective rehabilitation strategies crucial. Acupuncture, a traditional Chinese medicine practice, has gained attention as a potential complementary therapy for stroke rehabilitation. This protocol outlines a pooled analysis of randomized controlled trials (RCTs) aimed at evaluating the effectiveness and safety of acupuncture in improving neurological function, quality of life, and reducing stroke recurrence in stroke survivors with cardiovascular comorbidities.<h4>Methods and analysis</h4>This pooled analysis will adhere to the Preferred Reporting Items for Systematic Reviews and Meta-Analyses (PRISMA) guidelines. We will include RCTs that assess acupuncture interventions compared to placebo acupuncture, standard care, or no intervention in adult stroke survivors with at least one cardiovascular comorbidity. Comprehensive literature searches will be conducted in databases including PubMed, Embase, Cochrane Central Register of Controlled Trials (CENTRAL), and CINAHL, covering all studies published from inception to the most recent update. Two independent reviewers will screen titles and abstracts, and full-text articles will be reviewed to confirm eligibility. Data extraction will focus on participant characteristics, intervention specifics, outcomes related to neurological function, quality of life, stroke recurrence, and adverse events. The risk of bias will be assessed using the Cochrane Risk of Bias tool. A random-effects meta-analysis will be conducted to account for heterogeneity across studies, and subgroup analyses will explore the impact of different stroke types, cardiovascular comorbidities, and acupuncture techniques on outcomes.<h4>Discussion and conclusion</h4>This study aims to provide a comprehensive evaluation of the role of acupuncture as an adjunctive treatment for stroke rehabilitation in patients with cardiovascular comorbidities. The findings are expected to contribute to the evidence base regarding the efficacy and safety of acupuncture in this specific patient population, potentially influencing clinical practice guidelines and promoting the integration of acupuncture into standard stroke care protocols. Despite the potential benefits, challenges such as variability in acupuncture techniques and patient characteristics across studies may affect the generalizability of the results. Nevertheless, this study will offer valuable insights into optimizing rehabilitation strategies for stroke survivors with complex clinical profiles.<h4>Prospero registration no</h4>CRD42024576156.",https://pubmed.ncbi.nlm.nih.gov/40297857/,,https://europepmc.org/articles/PMC12036527?pdf=render,stroke,(Stroke[MeSH] OR stroke[tiab] OR brain ischemia[tiab] OR cerebrovascular[tiab]) AND (treatment[tiab] OR intervention[tiab] OR therapy[tiab]),2026-08-05T18:00:54+00:00,,,,,
PMID_41827518,EuropePMC,41827518,PMC12984584,10.3390/healthcare14050564,Review of Risk Factors for Opioid Misuse and Addiction Following Traumatic Injury.,"Lawler NJ, Sobhani B, Salihu EY, Muller H, Edwards J, Ringo M, Brown R.",,2026,"Traumatic injuries represent a significant public health challenge, affecting millions worldwide annually and necessitating acute pain management that frequently involves the use of opioid analgesics to mitigate discomfort and facilitate recovery. Although opioids remain an integral part of post-traumatic injury pain management, their use exposes trauma survivors to the risk of developing persistent use, misuse, or opioid use disorder (OUD). Pre-injury health determinants, such as age, gender, psychiatric conditions, medical conditions, and substance use history, may interact with injury-related factors to acutely escalate the risk for misuse and addiction. Despite the growing recognition of these potential vulnerabilities, there remains a lack of evidence-based clinical decision support on modifiable and non-modifiable risk factors specific to post-traumatic injury opioid risk trajectories. This review summarizes the literature related to the multifactorial contributors to opioid misuse and addiction following traumatic injury such as patient-level (e.g., demographics, behavioral health), injury-related (e.g., severity, type), and system-level (e.g., prescribing patterns) characteristics. A comprehensive literature search, inclusive of the literature from 1995 to November 2025, was performed in PubMed/MEDLINE, Scopus, and Google Scholar using combinations of terms related to ""opioids,"" ""misuse,"" ""addiction,"" ""trauma,"" and ""injury."" Search keywords and operators were developed in collaboration with a university librarian. Reference lists of articles were searched and synthesized. Case reports, case series, editorials, mini-reviews, letters to editor without original data, and qualitative studies were excluded. The findings of the review are expected to provide insight into clinical-decision making as it relates to the management of pain, pain-related distress and functional impact, and co-occurring conditions that may impact injury-related outcomes and the potential likelihood of substance misuse and addiction.",https://pubmed.ncbi.nlm.nih.gov/41827518/,,https://europepmc.org/articles/PMC12984584?pdf=render,stroke,(Stroke[MeSH] OR stroke[tiab] OR brain ischemia[tiab] OR cerebrovascular[tiab]) AND (treatment[tiab] OR intervention[tiab] OR therapy[tiab]),2026-08-05T18:00:54+00:00,,,,,
PMID_41960075,EuropePMC,41960075,PMC13059862,10.1016/j.xjon.2025.11.003,No-touch versus conventional vein harvesting in coronary bypass surgery: A meta-analysis of randomized controlled trials.,"Yoshida T, Shimoda TM, Sakurai Y, Yokoyama Y, Fukuhara S, Shimamura J, Hibino M, Kaneko T, Takayama H, Sa MP, Takagi H, Kuno T.",,2026,"<h4>Objectives</h4>The study evaluated whether no-touch saphenous vein harvesting (NTH) improves graft patency compared with conventional harvesting (CH) and whether this translates into clinical benefit in coronary artery bypass grafting.<h4>Methods</h4>A systematic literature review was performed during May 2025 to retrieve randomized controlled trials comparing NTH and CH in coronary artery bypass grafting. Primary outcomes included graft occlusion per graft and per patient, and graft failure per patient. Secondary outcomes included all-cause death, myocardial infarction, repeat revascularization, recurrent angina, and leg wound complications. Data were extracted and pooled analyses were performed using a random-effects model.<h4>Results</h4>Ten randomized controlled trials with 4251 patients (NTH: 2143, CH: 2108) and 4848 grafts (NTH: 2415, CH: 2433) were included. Weighted mean follow-up was 39.0 months (range, 0.2-192 months). NTH was associated with a lower risk of graft occlusion per graft (risk ratio [RR], 0.70; 95% CI, 0.61-0.81), per patient (RR, 0.71; 95% CI, 0.60-0.84), and graft failure per patient (RR, 0.74; 95% CI, 0.64-0.87). Secondary outcomes showed no significant differences in all-cause death (hazard ratio [HR], 0.87; 95% CI, 0.43-1.79), myocardial infarction (HR, 0.79; 95% CI, 0.34-1.87), repeat revascularization (HR, 0.80; 95% CI, 0.32-1.95), and recurrent angina (HR, 0.59; 95% CI, 0.11-3.33), except for leg wound complications, which were significantly higher with NTH (RR, 1.78; 95% CI, 1.30-2.43).<h4>Conclusions</h4>NTH significantly improves graft patency compared with CH but confers no midterm advantage in major clinical outcomes, with increased leg wound complications. Large-scale studies with extended follow-up are needed to define its clinical influence.",https://pubmed.ncbi.nlm.nih.gov/41960075/,,https://europepmc.org/articles/PMC13059862?pdf=render,stroke,(Stroke[MeSH] OR stroke[tiab] OR brain ischemia[tiab] OR cerebrovascular[tiab]) AND (treatment[tiab] OR intervention[tiab] OR therapy[tiab]),2026-08-05T18:00:54+00:00,,,,,
PMID_41089530,EuropePMC,41089530,PMC12516239,10.1002/hsr2.71370,Safety and Efficacy of Intraoperative Neuromonitoring: An Umbrella Review.,"Rezapour A, Derakhshani N, Pouyan SN, Alipour V, Ehsanzadeh SJ, Zare-Sadeghi A, Arabloo J.",,2025,"<h4>Objective</h4>Intraoperative neuromonitoring (IONM) plays a crucial role in several surgical procedures. This study aimed to review the safety and efficacy evidence of IONM technology.<h4>Methods</h4>A comprehensive search was conducted in databases, including PubMed, Scopus, Web of Science core collection, Embase, and Cochrane library. Systematic reviews and meta-analyses assessing clinical outcomes, safety, and diagnostic accuracy in patients undergoing neurosurgery with and without IONM were included. Methodological quality was assessed using the JBI tool. The present umbrella review followed the PRISMA guidelines.<h4>Results</h4>A total of 48 systematic reviews and meta-analyses were included in this study. The evidence demonstrated that IONM is clinically effective in reducing the risk of temporary recurrent laryngeal nerve paralysis and overall recurrent laryngeal nerve injury after thyroidectomy. Moreover, the use of IONM during aneurysm surgery was associated with fewer neurological complications. In carotid endarterectomy surgery, the combined assessment of electroencephalogram (EEG) and somatosensory-evoked potentials (SSEP) as warning criteria exhibited higher sensitivity compared to EEG or SSEP alone. Notably, bispectral index (BIS)-guided anesthesia did not show a reduction in consciousness risk. In procedures such as spinal, cervical, tumor resection, lumbar surgery, and deformity correction surgeries, IONM techniques demonstrated relative sensitivity in detecting surgery-related nerve damage.<h4>Conclusion</h4>Due to the heterogeneity in study types, variable warning thresholds, and limited strong clinical evidence, the efficacy of IONM remains uncertain and necessitates further investigation in this field. Future prospective studies and large-scale randomized controlled trials are necessary to establish a definitive conclusion.",https://pubmed.ncbi.nlm.nih.gov/41089530/,,https://europepmc.org/articles/PMC12516239?pdf=render,stroke,(Stroke[MeSH] OR stroke[tiab] OR brain ischemia[tiab] OR cerebrovascular[tiab]) AND (treatment[tiab] OR intervention[tiab] OR therapy[tiab]),2026-08-05T18:00:54+00:00,,,,,
PMID_39885673,EuropePMC,39885673,PMC12296412,10.4103/nrr.nrr-d-24-01030,Electroacupuncture for the treatment of ischemic stroke: A preclinical meta-analysis and systematic review.,"Yang G, Guan C, Liu M, Lin Y, Xing Y, Feng Y, Li H, Wu Y, Wang N, Luo L.",,2026,"Stroke remains a leading cause of death and disability worldwide, and electroacupuncture has a long history of use in stroke treatment. This meta-analysis and systematic review aimed to evaluate the efficacy of electroacupuncture and explore its potential mechanisms in animal models of ischemic stroke. The PubMed, EMBASE, Web of Science, CENTRAL, and CINAHL databases were comprehensively searched up to May 1, 2024. This review included articles on preclinical investigations of the efficacy and mechanisms of electroacupuncture in treating ischemic stroke. Data from 70 eligible studies were analyzed in Stata 18.0, using a random-effects model to calculate the standardized mean difference (Hedge's g). The risk of bias was assessed using RevMan 5.4 software, and the quality of evidence was rated according to the Grading of Recommendations, Assessment, Development, and Evaluation (GRADE) system. Subgroup analyses were conducted to test the consistency of the results and sensitivity analyses were used to assess their robustness. The quality assessment revealed that most studies adequately handled incomplete data and selective reporting. However, several methodological limitations were identified: only 4 studies demonstrated a low risk of allocation concealment, 26 achieved a low risk of outcome assessment bias, and 9 had a high risk of randomization bias. Additionally, there was an unclear risk regarding participant blinding and other methodological aspects. The GRADE assessment rated 12 outcomes as moderate quality and 6 as low quality. The mechanisms of electroacupuncture treatment for ischemic stroke can be categorized as five primary pathways: (1) Electroacupuncture significantly reduced infarct volume and apoptotic cell death ( P < 0.01) in ischemic stroke models; (2) electroacupuncture significantly decreased the levels of pro-inflammatory factors ( P < 0.01) while increasing the levels of anti-inflammatory factors ( P = 0.02); (3) electroacupuncture reduced the levels of oxidative stress indicators ( P < 0.01) and enhanced the expression of antioxidant enzymes ( P < 0.01); (4) electroacupuncture significantly promoted nerve regeneration ( P < 0.01); and (5) electroacupuncture influenced blood flow remodeling ( P < 0.01) and angiogenesis ( P < 0.01). Subgroup analyses indicated that electroacupuncture was most effective in the transient middle cerebral artery occlusion model ( P < 0.01) and in post-middle cerebral artery occlusion intervention ( P < 0.01). Dispersive waves were found to outperform continuous waves with respect to neuroprotection and anti-inflammatory effects ( P < 0.01), while scalp acupoints demonstrated greater efficacy than body acupoints ( P < 0.01). The heterogeneity among the included studies was minimal, and sensitivity analyses indicated stable results. Their methodological quality was generally satisfactory. In conclusion, electroacupuncture is effective in treating cerebral ischemia by modulating cell apoptosis, oxidative stress, inflammation, stroke-induced nerve regeneration, blood flow remodeling, and angiogenesis. The efficacy of electroacupuncture may be influenced by factors such as the middle cerebral artery occlusion model, the timing of intervention onset, waveform, and acupoint selection. Despite the moderate to low quality of evidence, these findings suggest that electroacupuncture has clinical potential for improving outcomes in ischemic stroke.",https://pubmed.ncbi.nlm.nih.gov/39885673/,,https://europepmc.org/articles/PMC12296412?pdf=render,stroke,(Stroke[MeSH] OR stroke[tiab] OR brain ischemia[tiab] OR cerebrovascular[tiab]) AND (treatment[tiab] OR intervention[tiab] OR therapy[tiab]),2026-08-05T18:00:54+00:00,,,,,
PMID_41132419,EuropePMC,41132419,PMC12543420,10.1177/2689288x251377024,Clinical Studies Examining Intrathecal Drainage for Acute Traumatic Spinal Cord Injury: A Living Systematic Review.,"Papa L, Errante E, Schaeffer E, Rosenthal K, Maciewicz AS, Bugaev N, Burks SS, SPINAL TAPPERS Investigators.",,2025,"Traumatic spinal cord injury (TSCI) can cause significant and permanent disability. For over 20 years, lumbar cerebrospinal fluid (CSF) drainage has been routinely performed during the surgical repair of thoracoabdominal aortic aneurysms and descending thoracic aortic aneurysms. However, intrathecal CSF drainage has not been adequately evaluated in the setting of acute TSCI. This living systematic review sought to evaluate whether intrathecal catheter CSF drainage to reduce intrathecal pressure (ITP) in the acute postinjury phase was safe and feasible and could improve clinical indices and neurological recovery in patients with acute TSCI. A literature search of PubMed/MEDLINE, Ovid Medline, CINAHL, and Cochrane Database of Systematic Reviews from database inception to March 2024 yielded 1007 potentially relevant articles, 806 were excluded based on title and abstract search and 147 articles underwent full article review. There were two randomized controlled studies, and one cohort study included in the review. Sample sizes ranged from 11 to 22 patients with an age range of 23-67 years. Drains were placed at different times postinjury in each study, with a range of 10-72 h. In the first study, open CSF drainage was used to decrease ITP to 10 mmHg (limit of 10 mL/h). The second study used periodic drainage with up to 10 mL of CSF drained each time (maximum of 30 mL/day). The third study used an open, less restrictive CSF drainage with a target ITP of <10 mmHg. Mean arterial blood pressure and spinal cord perfusion pressure were measured in all three studies. One study evaluated direct intraspinal pressure monitoring. Despite small sample sizes, the three studies demonstrated that intrathecal CSF drainage through a lumbar catheter was feasible and safe acutely after TSCI. Additionally, the results suggest an overall improvement in spinal cord perfusion acutely and trends toward improvements in neurological recovery. There is an important need for much larger prospective trials to evaluate CSF drainage together with other treatment and monitoring strategies to optimize care and improve outcomes. Innovative clinical trial designs could more efficiently evaluate multimodal treatments.",https://pubmed.ncbi.nlm.nih.gov/41132419/,,https://europepmc.org/articles/PMC12543420?pdf=render,stroke,(Stroke[MeSH] OR stroke[tiab] OR brain ischemia[tiab] OR cerebrovascular[tiab]) AND (treatment[tiab] OR intervention[tiab] OR therapy[tiab]),2026-08-05T18:00:54+00:00,,,,,
PMID_39781317,EuropePMC,39781317,PMC11707721,10.47176/mjiri.38.103,Cost-effectiveness of Telemedicine Intervention for Acute Myocardial Infarction: A Systematic Review.,"Abedinejad M, Hadian M, Hadian M, Behrooj S, Bagheri Faradonbeh S, Saniee N.",,2024,"<h4>Background</h4>One of the most important causes of mortality in the world is acute myocardial infarction. There are two general treatments including thrombolytic drugs and percutaneous coronary interventions. But, monitoring outpatient AMI treatment from a remote or rural location has emerged as a successful telemedicine technique. So, the present study aimed to review the economic evaluation studies of telemedicine in patients with acute myocardial infarction.<h4>Methods</h4>This study was conducted based on Preferred Reporting Items for Systematic Reviews and Meta-Analysis checklist (PRISMA is a 27-item checklist used to improve transparency in systematic reviews) guidelines in 2022. PubMed, Scopus, Web of Science, Proquest, Iranian databases (SID, Magiran), and Google Scholar were searched with the keywords of telemedicine and myocardial infarction from 2000 to 2022. After eliminating duplicates, titles and abstracts were screened based on inclusion and exclusion criteria, details, and the most important results of eligible studies were recorded in the data collection form.<h4>Results</h4>904 records were identified in this search, of which 147 were duplicates. Finally, 6 records were included in this study. Among these studies, 4 were cost-effectiveness, one was cost analysis, and one was cost-utility. The willingness to pay threshold was between 20,000 and 100,000, and the outcomes were measured with QALY (Quality-adjusted life-years). The reviewed studies showed that telemedicine can improve outcomes such as quality of life and reduce disease costs.<h4>Conclusion</h4>The results showed that telemedicine interventions for acute myocardial infarction can be helpful, and cost-effective. However in some cases, it can cause increased costs and may not have a significant difference in effectiveness with other methods because of the condition and stage of the disease.",https://pubmed.ncbi.nlm.nih.gov/39781317/,,https://europepmc.org/articles/PMC11707721?pdf=render,stroke,(Stroke[MeSH] OR stroke[tiab] OR brain ischemia[tiab] OR cerebrovascular[tiab]) AND (treatment[tiab] OR intervention[tiab] OR therapy[tiab]),2026-08-05T18:00:54+00:00,,,,,
PMID_39919332,EuropePMC,39919332,PMC11848100,10.1016/j.ebiom.2025.105584,A systematic analysis of the contribution of genetics to multimorbidity and comparisons with primary care data.,"Murrin O, Mounier N, Voller B, Tata L, Gallego-Moll C, Roso-Llorach A, Carrasco-Ribelles LA, Fox C, Allan LM, Woodward RM, Liang X, Valderas JM, Khalid SM, Dudbridge F, Lamb SE, Mancini M, Farmer L, Boddy K, Bowden J, Melzer D, Frayling TM, Masoli JAH, Pilling LC, Violán C, Delgado J.",,2025,"<h4>Background</h4>Multimorbidity, the presence of two or more conditions in one person, is common but studies are often limited to observational data and single datasets. We address this gap by integrating large-scale primary-care and genetic data from multiple studies to interrogate multimorbidity patterns and producing digital resources to support future research.<h4>Methods</h4>We defined chronic, common, and heritable conditions in individuals aged ≥65 years, using two large primary-care databases [CPRD (UK) N = 2,425,014 and SIDIAP (Spain) N = 1,053,640], and estimated heritability using the same definitions in UK Biobank (N = 451,197). We used logistic regression to estimate the co-occurrence of pairs of conditions in the primary care data. Linkage disequilibrium score regression was used to estimate genetic similarity between pairs of conditions. Meta-analyses were conducted across databases, and up to three sources of genetic data, for each pair of conditions. We classified pairs of conditions as across or within-domain based on the international classification of disease.<h4>Findings</h4>We identified 72 chronic conditions, with 43.6% of 2546 pairs showing higher co-occurrence than chance in primary care and evidence of shared genetics. Many across-domain pairs exhibited substantial shared genetics (e.g., iron deficiency anaemia and peripheral arterial disease: genetic correlation R<sub>g</sub> = 0.45 [95% Confidence Intervals 0.27:0.64]). 33 pairs displayed negative genetic correlations, such as skin cancer and rheumatoid arthritis (R<sub>g</sub> = -0.14 [-0.21:-0.06]), due to potential adverse drug effects. Discordance between genetic and primary care data was also observed, e.g., abdominal aortic aneurysm and bladder cancer co-occurred in primary care but were not genetically correlated (Odds-Ratio = 2.23 [2.09:2.37], R<sub>g</sub> = 0.04 [-0.20:0.28]) and schizophrenia and fibromyalgia were less likely to co-occur together in primary care but were positively genetically correlated (OR = 0.84 [0.75:0.94], R<sub>g</sub> = 0.20 [0.11:0.29]).<h4>Interpretation</h4>Most pairs of chronic conditions show evidence of shared genetics, and co-occurrence in primary care, suggesting shared mechanisms. The identified patterns of shared genetics, negative correlations and discordance between genetic and observational data provide a foundation for future multimorbidity research.<h4>Funding</h4>UK Medical Research Council [MR/W014548/1].",https://pubmed.ncbi.nlm.nih.gov/39919332/,,https://europepmc.org/articles/PMC11848100?pdf=render,stroke,(Stroke[MeSH] OR stroke[tiab] OR brain ischemia[tiab] OR cerebrovascular[tiab]) AND (treatment[tiab] OR intervention[tiab] OR therapy[tiab]),2026-08-05T18:00:54+00:00,,,,,
PMID_39494562,EuropePMC,39494562,PMC11935724,10.1161/jaha.123.031446,Racial and Socioeconomic Health Disparities in Peripheral Artery Disease.,"Thomas VE, Beckman JA.",,2024,"Peripheral artery disease (PAD) is a progressive atherosclerotic disease that causes lower extremity arterial stenosis or occlusion. Patients with PAD are at increased risk of myocardial infarction, stroke, limitations in ambulation, and amputation. Despite the advances in medicine and technology, the outcomes from PAD, including critical limb-threatening ischemia, acute limb ischemia amputation, and mortality, remain increased among specific racial and ethnic groups that have been historically marginalized in America, including Black, Hispanic, and American Indian individuals in the United States when compared with White persons. The purpose of this review is to summarize PAD literature that incorporates racial and ethnic disparities in PAD. There are a rising number of studies focused on the interface of racial and ethnic disparities and PAD. The majority of these studies are specifically focused on Black race, whereas there are limited studies focused on other minoritized racial and ethnic groups in the United States. The application of race and ethnicity has also been shown to play a synergistic role with socioeconomic status on PAD outcomes. Effective strategies focused on implementing policies that support quality measures and focus on social determinants of health have been shown to promote health equity and reduce disparities. Current evidence suggests that biological differences are less likely to be the leading cause of disparities in PAD between racial and ethnic groups compared with White Americans and supports a renewed focus on social determinants of health to achieve health equity.",https://pubmed.ncbi.nlm.nih.gov/39494562/,,https://europepmc.org/articles/PMC11935724?pdf=render,stroke,(Stroke[MeSH] OR stroke[tiab] OR brain ischemia[tiab] OR cerebrovascular[tiab]) AND (treatment[tiab] OR intervention[tiab] OR therapy[tiab]),2026-08-05T18:00:54+00:00,,,,,
PMID_38910533,EuropePMC,38910533,PMC11382828,10.11124/jbies-23-00273,Effectiveness and safety of self-management interventions for improving glycemic control and health-related quality of life among adults with type 2 diabetes mellitus in sub-Saharan Africa: a systematic review and meta-analysis.,"Carter N, Nalbant G, Chahal P, Chattopadhyay K.",,2024,"<h4>Objective</h4>The objective of this review was to assess and synthesize evidence on the effectiveness and safety of self-management interventions for improving glycemic control and health-related quality of life among adults with type 2 diabetes mellitus (T2DM) in sub-Saharan Africa.<h4>Introduction</h4>There has been a rapid increase in the prevalence of T2DM in sub-Saharan Africa. Lifestyle-related risk factors require self-management strategies, and these must be tailored to the context. Several randomized controlled trials (RCTs) evaluating T2DM self-management interventions in sub-Saharan Africa have been conducted.<h4>Inclusion criteria</h4>This systematic review included RCTs assessing the effectiveness and safety of self-management interventions among adults with T2DM in sub-Saharan Africa, where the self-management intervention matched at least 1 category of the Practical Reviews in Self-Management Support (PRISMS) for long-term conditions taxonomy.<h4>Methods</h4>The following databases were searched from inception until January 14, 2023: MEDLINE (Ovid), PubMed, Embase (Ovid), CINAHL (EBSCOhost), PsycINFO (Ovid), Scopus, Cochrane Central Register of Controlled Trials (CENTRAL), Directory of Open Access Journals, EThOS, and ProQuest Dissertations and Theses (ProQuest). Global Health (EBSCOhost) was searched from inception until June 8, 2021. OpenGrey was searched from inception until its archive date of December 1, 2020. Two independent reviewers conducted title and abstract screening, full-text screening, data extraction, and critical appraisal. Disagreements were resolved through discussion or with a third reviewer. Data synthesis was conducted narratively, followed by meta-analysis where feasible. The Grading of Recommendations, Assessment, Development and Evaluation (GRADE) approach for assessing the certainty of evidence was applied.<h4>Results</h4>From 2699 records identified, 18 RCTs were included in the systematic review and 14 in the meta-analysis. Interventions included broad self-management education programs, peer support, exercise interventions with education, nutrition education, educational text messaging, and blood glucose self-monitoring support. Only 4 studies received a ""yes"" response for more than half of the criteria in the standardized JBI critical appraisal tool for RCTs. Compared to the control, self-management interventions did not significantly reduce glycated hemoglobin (HbA1c) levels at 3 months (302 participants, mean difference [MD] -6.0 mmol/mol, 95% CI -17.5, 5.4; very low certainty on GRADE assessment) or 12 months (1504 participants, MD -3.7 mmol/mol, 95% CI -8.2, 0.7; moderate certainty on GRADE assessment). HbA1c was significantly reduced at 6 months (671 participants, MD -8.1 mmol/mol, 95% CI -10.7, -5.4; low certainty on GRADE assessment). Four studies assessed health-related quality of life, but only 1 demonstrated an improvement (2205 participants). Three studies reported no adverse events in relation to the trial interventions (1217 participants), and adverse events were not reported in the remainder of studies. There did not appear to be clinically significant effects on body mass index, lipid profile, or systolic or diastolic blood pressure. The evidence was mixed for weight and waist circumference.<h4>Conclusions</h4>Self-management interventions for adults living with T2DM in sub-Saharan Africa may produce a clinically significant improvement in glycemic control at 6 months, but this may wane in the long term. There was not convincing evidence to indicate a benefit of these interventions on health-related quality of life, but reporting on this outcome measure was limited. There were insufficient data on adverse events to be able to draw conclusions.<h4>Review registration</h4>PROSPERO CRD42021237506.",https://pubmed.ncbi.nlm.nih.gov/38910533/,,https://europepmc.org/articles/PMC11382828?pdf=render,stroke,(Stroke[MeSH] OR stroke[tiab] OR brain ischemia[tiab] OR cerebrovascular[tiab]) AND (treatment[tiab] OR intervention[tiab] OR therapy[tiab]),2026-08-05T18:00:54+00:00,,,,,
PMID_41638903,EuropePMC,41638903,PMC12980638,10.24171/j.phrp.2025.0347,The role of artificial intelligence in managing COVID-19 and long COVID: a narrative review.,"Sarkar BK, Kumar A.",,2026,"The coronavirus disease 2019 (COVID-19) pandemic had an unprecedented global impact, resulting in both positive and negative consequences. The virus not only affected millions of lives worldwide but also caused long-term harm to multiple organ systems in many survivors, thereby substantially impairing quality of life. This persistent condition is now referred to as long COVID (LC). The aim of this study is to raise awareness of LC-related organ system impacts and to highlight the key role of artificial intelligence (AI) in mitigating these effects. The present research conducts a narrative review focusing on LC-related impacts. In this context, unstructured searches were conducted to identify a total of 69 relevant studies indexed in Embase, PubMed, Web of Science, or Scopus, each of which was reviewed by at least 2 experts with sufficient domain knowledge in health sciences. Based on the authors' perspectives and insights, the review narratively examines damage to human organ systems attributable to LC and explores the role of AI in addressing LC-related challenges. Significant ethical, practical, and societal concerns arising from the extensive use of AI, particularly major issues such as data privacy and algorithmic bias, are also discussed. LC has caused lasting impacts on human organ systems, while AI is offering substantial potential for LC-related care.",https://pubmed.ncbi.nlm.nih.gov/41638903/,,https://europepmc.org/articles/PMC12980638?pdf=render,stroke,(Stroke[MeSH] OR stroke[tiab] OR brain ischemia[tiab] OR cerebrovascular[tiab]) AND (treatment[tiab] OR intervention[tiab] OR therapy[tiab]),2026-08-05T18:00:54+00:00,,,,,
PMID_38575995,EuropePMC,38575995,PMC10996099,10.1186/s13643-024-02498-0,Self-reporting of psychoneurophysical (PNP) symptoms in adults with four chronic diseases: a protocol for a scoping review.,"Rio CJ, Blumhorst C, Kwiat CA, Nguyen CM, Livinski AA, Saligan LN.",,2024,"<h4>Background</h4>Patient self-reporting of health-specific information, including symptoms, allows healthcare providers to provide more timely, personalized, and patient-centered care to meet their needs. It is critical to acknowledge that symptom reporting draws from the individual's unique sociocultural background influencing how one perceives health and illness. This scoping review will explore whether racial groups with 4 chronic diseases (cardiovascular diseases, respiratory diseases, cancers, and diabetes) differ in self-reporting of psychoneurophysical (PNP) symptoms. The PNP symptoms of interest include depressive symptoms, fatigue, anxiety, pain, cognitive impairment, sleep impairment, mood impairment, irritability, and shortness of breath.<h4>Methods</h4>Four databases will be searched by a biomedical librarian: CINAHL Plus (EBSCOhost), Embase (Elsevier), PubMed (NLM), Web of Science: Core Collection (Clarivate Analytics), and limited to publications written in the English language. Two independent reviewers will screen the records' title, abstract, and then full text and extract the data from included articles using Covidence. A third reviewer will be used for resolving disagreements. Included articles must comprise adult patients with at least one of the specified chronic diseases who self-report at least one of the specified PNP symptoms. Studies that used clinician-administered questionnaires or obtained symptom responses from primary caregiver or patient designee will be excluded. Articles on patient-reported functionality or perceived quality of life will also be excluded from the review. Two reviewers will independently extract data (e.g., demographics, study design, racial group, chronic disease, measure/scale used for self-report) from each included article using Covidence and Microsoft Excel for data cleaning and analyses.<h4>Discussion</h4>This scoping review may potentially identify the relevant and practical implications related to clinical decision-making and health outcomes for patients experiencing the psychoneurophysical symptoms included in this study. The authors will present how the results can be utilized in clinical practice, health policy, and research planning.<h4>Systematic review registration</h4>The protocol was registered on Open Science Framework (OSF) at: https://osf.io/ps7aw.",https://pubmed.ncbi.nlm.nih.gov/38575995/,,https://systematicreviewsjournal.biomedcentral.com/counter/pdf/10.1186/s13643-024-02498-0,stroke,(Stroke[MeSH] OR stroke[tiab] OR brain ischemia[tiab] OR cerebrovascular[tiab]) AND (treatment[tiab] OR intervention[tiab] OR therapy[tiab]),2026-08-05T18:00:54+00:00,,,,,
PMID_38283533,EuropePMC,38283533,PMC10822691,10.7759/cureus.51297,Symptoms of Patients With Vertebral Artery Dissection Presenting to Chiropractors: A Systematic Review and Meta-Analysis.,"Trager RJ, Troutner AM, Pikus HJ, Daniels CJ, Dusek JA.",,2023,"Early symptoms of vertebral artery dissection (VAD) may be nonspecific, including neck pain and headache. Neck pain and headache are also common reasons for patients to seek chiropractic care. We hypothesized that neck pain and/or headache would be the most prevalent symptoms among patients with undiagnosed VAD presenting to chiropractors compared to dizziness or other symptoms. We searched PubMed, Ovid, the Index to Chiropractic Literature, Google Scholar, and gray literature through September 2023 for observational studies describing patients aged ≥10 with previously undiagnosed VAD presenting to a chiropractor. Article selection, data extraction, and quality assessment were performed in duplicate. We synthesized the point prevalence of symptoms and other clinical features. We included 10 case reports describing 10 patients (mean age = 37, SD = 7, 60% female). All patients had either neck pain or headache (100%; 95% confidence interval (CI) = 100%-100%). The most prevalent individual symptoms were neck pain (90%; 95% CI = 71%-100%), headache (80%; 95% CI = 55%-100%), visual disturbance (50%; 95% CI = 19%-81%), and dizziness (40%; 95% CI = 10%-70%). The certainty of results was very low due to publication bias. While our findings suggest that neck pain and/or headache are the most prevalent symptoms among patients with undiagnosed VAD visiting a chiropractor, the small sample size and reliance on case reports preclude any definitive conclusions. Further research with larger sample sizes, control groups, and better control of confounders is required to corroborate these results. Chiropractors should be aware of VAD features and refer suspected patients for emergency care.",https://pubmed.ncbi.nlm.nih.gov/38283533/,,https://assets.cureus.com/uploads/review_article/pdf/212663/20231229-31724-103a762.pdf,stroke,(Stroke[MeSH] OR stroke[tiab] OR brain ischemia[tiab] OR cerebrovascular[tiab]) AND (treatment[tiab] OR intervention[tiab] OR therapy[tiab]),2026-08-05T18:00:54+00:00,,,,,
PMID_852472,EuropePMC,852472,,10.1101/2024.05.13.24307009,A systematic analysis of the contribution of genetics to multimorbidity and comparisons with primary care data,"Murrin O, Mounier N, Voller B, Tata L, Gallego-Moll C, Roso-Llorach A, Carrasco-Ribelles LA, Fox C, Allan LM, Woodward RM, Liang X, Valderas JM, Khalid SM, Dudbridge F, Lamb SE, Mancini M, Farmer L, Boddy K, Bowden J, Melzer D, Frayling TM, Masoli JA, Pilling LC, Violán C, Delgado J.",,2024,"<h4>Background</h4> Multimorbidity, the presence of two or more conditions in one person, is common but studies are often limited to observational data and single datasets. We address this gap by integrating large-scale primary-care and genetic data from multiple studies to identify novel multimorbidity patterns and producing digital resources to support future research. <h4>Methods</h4> We defined chronic, common, and heritable conditions in individuals aged ≥65 years, using two large primary-care databases [CPRD (UK) N=2,425,014 and SIDIAP (Spain) N=1,053,640], and estimated heritability using the same definitions in UK Biobank (N=451,197). We used logistic regression to estimate the co-occurrence of pairs of conditions in the primary care data. Linkage disequilibrium score regression was used to estimate genetic similarity between pairs of conditions. Meta-analyses were conducted across databases, and up to three sources of genetic data, for each pair of conditions. We classified pairs of conditions as across or within-domain based on the international classification of disease. <h4>Findings</h4> We identified 72 chronic conditions, with 43·6% of 2546 pairs showing higher co-occurrence than chance in primary care and evidence of shared genetics. Many across-domain pairs exhibited substantial shared genetics (e.g. iron deficiency anaemia and peripheral arterial disease: genetic correlation R g =0·45[95% Confidence Intervals 0·27:0·64]). 33 pairs displayed negative genetic correlations, such as skin cancer and rheumatoid arthritis ( R g =-0·14[-0·21:-0·06]), due to potential adverse drug effects. Discordance between genetic and primary care data was also observed, e.g., abdominal aortic aneurysm and bladder cancer co-occurred in primary care but were not genetically correlated (Odds-Ratio=2·23[2·09:2·37], R g =0·04[-0·20:0·28]) and schizophrenia and fibromyalgia were less likely to co-occur together in primary care but were positively genetically correlated (OR=0·84[0·75:0·94], R g =0·20[0·11:0·29]). <h4>Interpretation</h4> Most pairs of chronic conditions show evidence of shared genetics, and co-occurrence in primary care, suggesting shared mechanisms. The identified patterns of shared genetics, negative correlations and discordance between genetic and observational data provide a foundation for future multimorbidity research. <h4>Funding</h4> UK Medical Research Council [MR/W014548/1]. <h4>Research in context</h4> <h4>Evidence before this study</h4> We. Searched PUBMED, Embase, Global Health for articles published in English, since 6. Date >2012 (after the definitive Barnett et al. multimorbidity review paper was published) until 01 May 2024., using the search terms: (((multidisease*[tiab] OR multi-disease*[tiab] OR 3ultimorbidity*[tiab] OR multi-morbidit*[tiab] OR multipatholog*[tiab] OR multi-patholog*[tiab] OR pluripatholog*[tiab] OR polypatholog*[tiab] OR poly-pathology*[tiab] OR “multiple long-term conditions”[tiab])) OR (multimorbidity[MeSH Terms])) AND (“genetic*”[tiab] OR “genomic*”[tiab] OR (“genome wide association stud*”[tiab] OR “genome wide association analysis”[tiab] OR “GWAS”[tiab])) NOT (animals[mh] NOT humans[mh]) AND NOT (“retracted publication”[pt]). We excluded studies investigating monogenic mutations and case studies. 243 studies met the primary inclusion criteria, where 68 presented original research addressing multimorbidity and incorporating genetic analysis. Multimorbidity is predominantly characterised by counts or clusters of conditions, with limited exploration of underlying mechanisms. Only 11 investigated multimorbidity beyond the analysis of comorbidities of single conditions, with five reporting systematic investigations of genetics across multiple long-term conditions. None of these studies compare data from more than one genetic database with ‘real-world’ data. This comparison is necessary to identify correlations of diseases and to be able to carry out preventive actions that facilitate better health care. <h4>Added value of this study</h4> We describe a large-scale analyses into the genetics of multimorbidity informed by representative primary care data, starting from a systematic standardisation of relevant diagnostic codes, and the ascertainment of conditions harmonised across multiple databases. Importantly, we include the analysis of multiple sources of data from both observational and genetic databases, whereas previous studies have usually been limited to one study, such as UK Biobank. We also produced a detailed interactive interface for 72 common long-term and heritable conditions and 2546 pairs of conditions across multiple sources of data: https://gemini-multimorbidity.shinyapps.io/atlas . Together we describe the parallel analysis of specific co-occurring pairs in primary care and genetic data, involving 100,000s to millions of patients and 2546 pairs of conditions. These comparisons identified novel pairs of conditions, and pairs of conditions that shared genetics but did not co-occur in primary care, or vice versa. <h4>Implications of available evidence</h4> Large-scale, digital databases of electronic medical records linked to genetic information involving 100,000s of patients can significantly enhance our comprehension of multiple long-term conditions (multimorbidity). This advancement builds on previous work by providing evidence of potential shared biology between 100s of specific pairs of conditions.",,,https://europepmc.org/api/fulltextRepo?pprId=PPR852472&type=FILE&fileName=EMS196207-pdf.pdf&mimeType=application/pdf,stroke,(Stroke[MeSH] OR stroke[tiab] OR brain ischemia[tiab] OR cerebrovascular[tiab]) AND (treatment[tiab] OR intervention[tiab] OR therapy[tiab]),2026-08-05T18:00:54+00:00,,,,,
PMID_37551161,EuropePMC,37551161,PMC10841079,10.11124/jbies-22-00356,Impact of lifestyle-based interventions on absolute cardiovascular disease risk: a systematic review and meta-analysis.,"Kariuki JK, Imes CC, Engberg SJ, Scott PW, Klem ML, Cortes YI.",,2024,"<h4>Objective</h4>The objective of the review was to synthesize the evidence of the effectiveness of lifestyle-based interventions for mitigating absolute cardiovascular disease (CVD) risk.<h4>Introduction</h4>Evidence-based guidelines recommend employing an absolute CVD risk score to inform the selection and intensity of preventive interventions. However, studies employing this strategy have reported mixed results, hence the need for a systematic review of the current evidence.<h4>Inclusion criteria</h4>Studies published in English that included a lifestyle-based intervention to mitigate CVD risk were considered. Studies were eligible if they enrolled individuals aged ≥18 years, with no history of CVD at baseline. The primary outcome was change in absolute CVD risk score post-intervention.<h4>Methods</h4>PubMed, Embase, and CINAHL searches were conducted from database inception to February 2022. The trial registers searched included Cochrane Central Register of Controlled Trials (CENTRAL) and ClinicalTrials.gov. Searches for unpublished studies/gray literature were conducted in ProQuest Dissertations and Theses Global, GreyLit Report, and OCLC First Search Proceedings. Two independent reviewers selected the studies and critically appraised them for methodological quality using JBI tools. Data extraction was performed for main outcome variables. Data were presented using separate pooled statistical meta-analysis for quasi-experimental and randomized clinical trials. Random effects models were employed in the analyses. Effect sizes (Cohen's d) were expressed as standardized mean difference at 95% CI. Heterogeneity was assessed via Cochran's Q statistic, and the inconsistency index ( I2 ) was used to describe variability in effect estimates due to heterogeneity rather than sampling error.<h4>Results</h4>Twenty-nine studies with a total sample of 5490 adults with no CVD at baseline were included. Fifteen were randomized controlled trials (RCTs; n=3605) and 14 were quasi-experimental studies (n=1885). The studies were conducted in Europe (n=18), the United States (n = 5), Asia (n=3), Mexico (n=1), Canada (n = 1), and Australia (n=1) and included the following lifestyle interventions: diet, physical activity, motivational interviewing, problem-solving, psychological counseling, cardiovascular risk assessment and feedback, health self-management education, and peer support. Six validated absolute CVD risk assessment tools were used to measure the study outcomes, including Framingham, SCORE, Heart Health Risk Assessment Score, Dundee, ASSIGN, and The UK Prospective Diabetes Study risk score. Overall, the methodological rigor of the RCTs and quasi-experimental studies was high. Of the 15 RCTs included in the meta-analysis, lifestyle intervention was favored over control in reducing absolute CVD risk score (Cohen's d = -0.39; P =0.032; Z= -2.14; I2 = 96). Similarly, in the 14 quasi-experimental studies, the absolute CVD risk score after lifestyle intervention was significantly lower compared to baseline (Cohen's d = -0.39; P <0.001; Z= -3.54; I2= 88). RCTs that combined diet and physical activity reported no significant impact on absolute CVD risk score, but those that used either intervention independently reported significant improvement in the absolute CVD risk score.<h4>Conclusions</h4>There is evidence supporting the positive impact of lifestyle modification on absolute CVD risk score in adult populations without CVD. Our analysis further suggests that diet and physical activity had significant impact on absolute CVD risk, and a variety of validated screening tools can be used to monitor, evaluate, and communicate changes in absolute risk score after lifestyle modification.<h4>Supplemental digital content</h4>A Spanish-language version of the abstract of this review is available [ http://links.lww.com/SRX/A29 ].",https://pubmed.ncbi.nlm.nih.gov/37551161/,,https://europepmc.org/articles/PMC10841079?pdf=render,stroke,(Stroke[MeSH] OR stroke[tiab] OR brain ischemia[tiab] OR cerebrovascular[tiab]) AND (treatment[tiab] OR intervention[tiab] OR therapy[tiab]),2026-08-05T18:00:54+00:00,,,,,
PMID_38162382,EuropePMC,38162382,PMC10757574,10.22037/aaem.v12i1.2152,Rapid Arterial Occlusion Evaluation (RACE) Tool in Detecting Large Cerebral Vessel Occlusions; a Systematic Review and Meta-Analysis.,"Chehregani Rad I, Azimi A.",,2024,"<h4>Introduction</h4>Large vessel occlusion (LVO) strokes are linked to higher mortality rates and a greater risk of long-term disability. This study aimed to evaluate the diagnostic performance of the Rapid Arterial Occlusion Evaluation (RACE) tool in detecting LVO through a systematic review and meta-analysis.<h4>Methods</h4>A comprehensive search was conducted across online databases including PubMed, Embase, Scopus, and Web of Science, up to June 25th, 2023. Additionally, a manual search on Google and Google Scholar was performed to identify studies that assessed the diagnostic accuracy of the RACE scale in detecting LVO among patients with stroke symptoms.<h4>Results</h4>Data extracted from 43 studies were analyzed. The optimal cut-off points were determined to be 3 and 4, with a sensitivity of 0.86 (95% confidence interval (CI): 0.78, 0.91) and specificity of 0.57 (95% CI: 0.49, 0.67) for cut-off ≥3, and a sensitivity of 0.78 (95% CI: 0.70, 0.84) and specificity of 0.68 (95% CI: 0.59, 0.75) for cut-off ≥4. Subgroup meta-regression analysis revealed significant variations in sensitivity and specificity. RACE scale's sensitivity was significantly higher in LVO detection in suspected stroke cases, in pre-hospital settings, prospective design studies, and when considering both anterior and posterior occlusions for LVO definition. RACE scale's specificity was significantly higher when evaluating confirmed stroke cases, in-hospital settings, and considering only anterior occlusions for LVO definition and retrospective design studies. Notably, RACE exhibited higher sensitivity and specificity when utilized by neurologists and physicians compared to other emergency staff. Despite these variations, our study found comparable diagnostic accuracy across different conditions.<h4>Conclusion</h4>A high level of evidence indicates that the RACE scale lacks promising diagnostic value for detection of LVOs. A sensitivity range of 0.69 to 0.86 is insufficient for a screening tool intended to aid in the diagnosis of strokes, considering the substantial morbidity and mortality associated with this condition.",https://pubmed.ncbi.nlm.nih.gov/38162382/,,https://europepmc.org/articles/PMC10757574?pdf=render,stroke,(Stroke[MeSH] OR stroke[tiab] OR brain ischemia[tiab] OR cerebrovascular[tiab]) AND (treatment[tiab] OR intervention[tiab] OR therapy[tiab]),2026-08-05T18:00:54+00:00,,,,,
PMID_42042784,EuropePMC,42042784,PMC13119681,10.3390/vaccines14040308,Effects of Respiratory Vaccines in Older Adults with Cardiovascular Diseases: A Scoping Review.,"Runzer-Colmenares FM, Cahuapaza-Gutierrez NL, Calderon-Hernandez CC, Umeres-Bravo MM.",,2026,"<b>Background/Objectives</b>: Vaccination against respiratory viruses-such as respiratory syncytial virus (RSV), pneumococcal disease, influenza, and COVID-19-may reduce the risk of adverse outcomes in older adults with cardiovascular disease. This study conducted a scoping review of the effects of respiratory vaccines in older adults with cardiovascular disease. <b>Methods</b>: We included studies evaluating adults aged ≥ 60 years with cardiovascular disease who received different types of respiratory vaccines. Eligible designs comprised clinical trials, observational cohort studies, and other relevant studies. Editorials, commentaries, and non-original publications were excluded. A comprehensive and targeted literature search was conducted in PubMed, Scopus, EMBASE, and Web of Science from database inception through January 2026. <b>Results</b>: A total of 25 studies were included, encompassing 1,782,787 adults aged ≥ 60 years with cardiovascular disease who received various respiratory vaccines. RSV vaccines were associated with a lower incidence of cardiorespiratory hospitalization and stroke among vaccinated individuals. Pneumococcal vaccines showed that sequential dual vaccination strategies were associated with a lower risk of cardiovascular events. Influenza vaccination was associated with improved cardiovascular outcomes, lower mortality, and reduced adverse events. COVID-19 vaccines were associated with reductions in mortality and hospitalizations. These benefits are particularly relevant in an older population with a high burden of comorbidities; therefore, complete vaccination schedules, including booster doses, should be considered a central strategy for prevention and comprehensive management in this high-risk group. <b>Conclusions</b>: Vaccination against respiratory viruses in older adults with cardiovascular disease demonstrates an overall favorable/acceptable profile of efficacy and safety, with reductions in mortality, hospitalizations, and cardiovascular events, without a significant increase in serious adverse events.",https://pubmed.ncbi.nlm.nih.gov/42042784/,,https://europepmc.org/articles/PMC13119681?pdf=render,stroke,(Stroke[MeSH] OR stroke[tiab] OR brain ischemia[tiab] OR cerebrovascular[tiab]) AND (treatment[tiab] OR intervention[tiab] OR therapy[tiab]),2026-08-05T18:00:54+00:00,,,,,
PMID_37850852,EuropePMC,37850852,PMC10715844,10.1044/2023_jslhr-23-00336,Vocal Characteristics of Infants at Risk for Speech Motor Involvement: A Scoping Review.,"Long HL, Christensen L, Hayes S, Hustad KC.",,2023,"<h4>Purpose</h4>The purpose of this scoping review was to (a) summarize methodological characteristics of studies examining vocal characteristics of infants at high risk for neurological speech motor involvement and (b) report the state of the high-quality evidence on vocal characteristic trends of infants diagnosed or at high risk for cerebral palsy (CP).<h4>Method</h4>The PRISMA (Preferred Reporting Items of Systematic Reviews and Meta-Analyses) extension for scoping reviews was followed for reporting our review. Studies measured prelinguistic vocal characteristics of infants under 24 months with birth risk or genetic conditions known to commonly present with speech motor involvement. Fifty-five studies met criteria for Part 1. Eleven studies met criteria for synthesis in Part 2.<h4>Results</h4>A smaller percentage of studies examined infants with or at risk for CP compared to studies examining genetic conditions such as Down syndrome. The median year of publication was 1999, with a median sample size of nine participants. Most studies were conducted in laboratory settings and used human coding of vocalizations produced during caregiver-child interactions. Substantial methodological differences were noted across all studies. A small number of high-quality studies of infants with or at risk for CP revealed high rates of marginal babbling, low rates of canonical babbling, and limited consonant diversity under 24 months. Mixed findings were noted across studies of general birth risk factors.<h4>Conclusions</h4>There is limited evidence available to support the early detection of speech motor involvement. Large methodological differences currently impact the ability to synthesize findings across studies. There is a critical need to conduct longitudinal research with larger sample sizes and advanced, modern technologies to detect vocal precursors of speech impairment to support the accurate diagnosis and prognosis of speech development in infants with CP and other clinical populations.",https://pubmed.ncbi.nlm.nih.gov/37850852/,,https://europepmc.org/articles/PMC10715844?pdf=render,stroke,(Stroke[MeSH] OR stroke[tiab] OR brain ischemia[tiab] OR cerebrovascular[tiab]) AND (treatment[tiab] OR intervention[tiab] OR therapy[tiab]),2026-08-05T18:00:54+00:00,,,,,
PMID_39077364,EuropePMC,39077364,PMC11263141,10.31083/j.rcm2502071,Quality of Life and Safety Outcomes after First-Line Treatment of Symptomatic AF with Cryoablation or Drug Therapy: A Meta-Analysis of Randomized Controlled Trials.,"Song Q, Tan H, Yang B, Liu H, Fan C.",,2024,"<h4>Background</h4>Cryoablation has emerged as a recognized interventional strategy for the treatment of atrial fibrillation (AF). Numerous trials have investigated cryoablation as a first-line therapy for AF. This meta-analysis aimed to evaluate the impact of cryoablation on quality of life (QoL) and safety outcomes compared to antiarrhythmic drugs (AADs) in patients with symptomatic AF.<h4>Methods</h4>A comprehensive search of the PubMed, EMBASE, and Cochrane Library databases was conducted for randomized controlled trials (RCTs) comparing cryoablation and AADs as first-line treatments for AF until May 2023. Continuous outcome data were analyzed using mean differences (MDs) with 95% confidence intervals (CIs), and dichotomous outcome data were analyzed using relative risks (RRs) with 95% CIs. The primary outcomes assessed were QoL and serious adverse events.<h4>Results</h4>Our analysis included four RCTs involving 928 patients. Cryoablation was associated with a significant improvement in the AF Effect on Quality of Life (AFEQT) score (3 trials; MD 7.46, 95% CI 2.50 to 12.42; <i>p</i> = 0.003; I 2  = 79%) and EQ-VAS score (2 trials; MD 1.49, 95% CI 1.13 to 1.86; <i>p</i> < 0.001; I 2  = 0%) compared to AAD therapy. Additionally, cryoablation demonstrated a modest increase in EQ-5D score from baseline compared to AAD therapy, with no statistically significance (2 trials; MD 0.03, 95% CI -0.01 to 0.07; <i>p</i> = 0.07; I 2  = 79%). Furthermore, the rate of serious adverse events was significantly lower with cryoablation compared to AAD therapy (4 trials; 11.8% vs. 16.3%; RR, 0.73; 95% CI, 0.54-1.00; <i>p</i> = 0.05; I 2  = 0%). Cryoablation was also associated with a reduction in overall adverse events, incidence of persistent AF, hospitalizations, and additional ablation. However, there was no significant difference in major adverse cardiovascular events and emergency department visits between the two treatment groups.<h4>Conclusions</h4>Cryoablation, as a first-line treatment for symptomatic AF patients, significantly improved AF-specific quality of life and reduced serious adverse events, as well as overall adverse events, persistent AF, hospitalizations, and additional ablation compared to AADs.",https://pubmed.ncbi.nlm.nih.gov/39077364/,,https://europepmc.org/articles/PMC11263141?pdf=render,stroke,(Stroke[MeSH] OR stroke[tiab] OR brain ischemia[tiab] OR cerebrovascular[tiab]) AND (treatment[tiab] OR intervention[tiab] OR therapy[tiab]),2026-08-05T18:00:54+00:00,,,,,
PMID_37570407,EuropePMC,37570407,PMC10419119,10.3390/healthcare11152167,Relationship between Participation in Daily Life Activities and Physical Activity in Stroke Survivors: A Protocol for a Systematic Review and Meta-Analysis.,"de Diego-Alonso C, Blasco-Abadía J, Buesa-Estéllez A, Giner-Nicolás R, López-Royo MP, Roldán-Pérez P, Doménech-García V, Bellosta-López P, Fini N.",,2023,"Stroke survivors undertake low levels of physical activity and participation in daily life activities, but the correlation between these two domains still carries some degree of uncertainty. This systematic review and meta-analyses-based data synthesis will aim to describe and estimate the relationship between participation in daily life activities and physical activity in stroke survivors. Six databases (MEDLINE/PubMed, Web of Science, Scopus, PEDro, SPORTDiscus, and Rehabilitation & Sport Medicine Source) will be searched. Studies assessing participation alongside physical activity levels in adult stroke survivors in English or Spanish will be included. The study selection, assessment of the risk of bias, and data extraction will be conducted independently by two investigators. If available, correlation values between physical activity and participation outcomes will be extracted. The Hedges-Olkin method will be used for pooling correlation values between participation and physical activity measures. Subgroup analyses will be performed according to the time elapsed since the stroke (i.e., ≤6 months and >6 months). This will be the first systematic review with a meta-analysis to provide information on the relationship between physical activity and participation in stroke survivors. Findings are likely to inform the design of health prevention protocols and the development of healthy behavior change interventions.",https://pubmed.ncbi.nlm.nih.gov/37570407/,,https://www.mdpi.com/2227-9032/11/15/2167/pdf?version=1690707797,stroke,(Stroke[MeSH] OR stroke[tiab] OR brain ischemia[tiab] OR cerebrovascular[tiab]) AND (treatment[tiab] OR intervention[tiab] OR therapy[tiab]),2026-08-05T18:00:54+00:00,,,,,
PMID_38333068,EuropePMC,38333068,PMC10851731,10.1177/27536130241231508,Are Supra-Physiological Plant-Based Antioxidants Ready for the Clinic? A Scoping Review of Hormetic Influences Driving Positive Clinical Outcomes.,"Wendt J, Knudsen B, Frame LA.",,2024,"<b>Background:</b> A pro-inflammatory metabolic state is key to the chronic disease epidemic. Clinicians' ability to use nutrients to balance inflammation via oxidant homeostasis depends on the quality of antioxidants research. Understanding the intersection of two prominent theories for how antioxidants quell inflammation-nutritional hormesis and oxidant scavenging-will enable therapeutic antioxidant use in clinical practice. <b>Purpose:</b> We sought to survey the literature to answer the question: has the hormetic response of exogenous antioxidants been studied in humans and if so, what is its effect <b>Research Design:</b> This review investigates the less well-established theory, nutritional hormesis. To understand the state of hormetic response research, we conducted a literature review describing the relationship between exogenous antioxidants, hormesis, and chronic disease. We used an adaptive search strategy (PubMed and Scopus), retrieving 343 articles, of which 218 were unique. Most studies reviewed the hormetic response in plant and cell models (73.6%) while only 2.2% were in humans. <b>Results:</b> Given the limited robust evidence, clinicians lack research-based guidance on the appropriate therapeutic dose of exogenous antioxidants or, more concerning, supra-physiological dosing via supplements. A critical hurdle in searching the literature is the lack of standardized nomenclature describing the hormetic effect, challenging the ability of clinicians to make informed decisions. <b>Conclusion:</b> Non-human research shows a biphasic, hormetic relationship with antioxidants but observational studies have yet to translate this into the complexities of human biochemistry and physiology. Therefore, we cannot accurately translate this into clinical care. To remedy this insufficiency, we suggest: (1) Improved data collection quality: controlled diet, standardized antioxidant measurements, bioavailability assessed via biomarkers; (2) Larger, harmonized datasets: research subject transparency, keyword standardization, consensus on a hormesis definition.",https://pubmed.ncbi.nlm.nih.gov/38333068/,,https://europepmc.org/articles/PMC10851731?pdf=render,stroke,(Stroke[MeSH] OR stroke[tiab] OR brain ischemia[tiab] OR cerebrovascular[tiab]) AND (treatment[tiab] OR intervention[tiab] OR therapy[tiab]),2026-08-05T18:00:54+00:00,,,,,
PMID_38339621,EuropePMC,38339621,PMC10857255,10.3390/s24030903,Non-Immersive Virtual Reality-Based Therapy Applied in Cardiac Rehabilitation: A Systematic Review with Meta-Analysis.,"Peinado-Rubia AB, Verdejo-Herrero A, Obrero-Gaitán E, Osuna-Pérez MC, Cortés-Pérez I, García-López H.",,2024,"<h4>Background</h4>The aim of this systematic review with meta-analysis was to assess the effectiveness of non-immersive virtual reality (niVR) active videogames in patients who underwent cardiac rehabilitation (CR).<h4>Methods</h4>A systematic review with meta-analysis, according to the PRISMA guidelines and previously registered in PROSPERO (CRD42023485240), was performed through a literature search in PubMed (Medline), SCOPUS, WOS, and PEDro since inception to 21 November 2023. We included randomized controlled trials (RCTs) that assessed the effectiveness of an niVR intervention, in comparison with conventional CR and usual care, on aerobic capacity and cardiovascular endurance (physical function), anxiety, depression, and quality of life (QoL). The risk of bias in individual studies was assessed using the Cochrane risk of bias tool. Effect size was estimated using Cohen's standardized mean difference (SMD) and its 95% confidence interval (95% CI) in a random-effects model.<h4>Results</h4>Nine RCT that met the inclusion criteria were included in the meta-analysis. The meta-analysis showed a moderate-to-large effect favoring niVR active videogames included in CR in increasing aerobic capacity and cardiovascular endurance (SMD = 0.74; 95% CI 0.11 to 1.37; <i>p</i> = 0.021) and reducing anxiety (SMD = -0.66; 95% CI -1.13 to -0.2; <i>p</i> = 0.006). Only 4.8% of patients reported adverse events while performing niVR active videogames.<h4>Conclusions</h4>Inclusion of niVR active videogames in CR programs is more effective than conventional CR in improving aerobic capacity and cardiovascular endurance and in reducing anxiety.",https://pubmed.ncbi.nlm.nih.gov/38339621/,,https://europepmc.org/articles/PMC10857255?pdf=render,stroke,(Stroke[MeSH] OR stroke[tiab] OR brain ischemia[tiab] OR cerebrovascular[tiab]) AND (treatment[tiab] OR intervention[tiab] OR therapy[tiab]),2026-08-05T18:00:54+00:00,,,,,
PMID_37418697,EuropePMC,37418697,PMC10728349,10.1097/ta.0000000000004011,"Timing, triage, and mode of emergency general surgery interfacility transfers in the United States: A scoping review.","Silver DS, Teng C, Brown JB.",,2023,"<h4>Abstract</h4>Interfacility transfer of emergency general surgery (EGS) patients continues to rise, especially in the context of ongoing system consolidation. This scoping review aims to identify and summarize the literature on triage, timing, and mode of interfacility emergency general surgery transfer. While common, EGS transfer systems are not optimized to improve outcomes or ensure value-based care. We identified studies investigating emergency general surgery interfacility transfer using Ovid Medline, EMBASE, and Cochrane Library between 1990 and 2022. English studies that evaluated EGS interfacility timing, triage or transfer mode were included. Studies were assessed by two independent reviewers. Studies were limited to English-language articles in the United States. Data were extracted and summarized with a narrative synthesis of the results and gaps in the literature. There were 423 articles identified, of which 66 underwent full-text review after meeting inclusion criteria. Most publications were descriptive studies or outcomes investigations of interfacility transfer. Only six articles described issues related to the logistics behind the interfacility transfer and were included. The articles were grouped into the predefined themes of transfer timing, triage, and mode of transfer. There were mixed results for the impact of transfer timing on outcomes with heterogeneous definitions of delay and populations. Triage guidelines for EGS transfer were consensus or expert opinion. No studies were identified addressing the mode of interfacility EGS transfer. Further research should focus on better understanding which populations of patients require expedited transfer and by what mode. The lack of high-level data supports the need for robust investigations into interfacility transfer processes to optimize triage using scarce resources and optimized value-based care.",https://pubmed.ncbi.nlm.nih.gov/37418697/,,https://europepmc.org/articles/PMC10728349?pdf=render,stroke,(Stroke[MeSH] OR stroke[tiab] OR brain ischemia[tiab] OR cerebrovascular[tiab]) AND (treatment[tiab] OR intervention[tiab] OR therapy[tiab]),2026-08-05T18:00:54+00:00,,,,,
PMID_38663004,EuropePMC,38663004,PMC11082738,10.2196/56056,Immersive Technologies for Depression Care: Scoping Review.,"Reategui-Rivera CM, Villarreal-Zegarra D, De La Cruz-Torralva K, Díaz-Sánchez P, Finkelstein J.",,2024,"<h4>Background</h4>Depression significantly impacts quality of life, affecting approximately 280 million people worldwide. However, only 16.5% of those affected receive treatment, indicating a substantial treatment gap. Immersive technologies (IMTs) such as virtual reality (VR) and augmented reality offer new avenues for treating depression by creating immersive environments for therapeutic interventions. Despite their potential, significant gaps exist in the current evidence regarding the design, implementation, and use of IMTs for depression care.<h4>Objective</h4>We aim to map the available evidence on IMT interventions targeting depression treatment.<h4>Methods</h4>This scoping review followed a methodological framework, and we systematically searched databases for studies on IMTs and depression. The focus was on randomized clinical trials involving adults and using IMTs. The selection and charting process involved multiple reviewers to minimize bias.<h4>Results</h4>The search identified 16 peer-reviewed articles, predominantly from Europe (n=10, 63%), with a notable emphasis on Poland (n=9, 56%), which contributed to more than half of the articles. Most of the studies (9/16, 56%) were conducted between 2020 and 2021. Regarding participant demographics, of the 16 articles, 5 (31%) exclusively involved female participants, and 7 (44%) featured participants whose mean or median age was >60 years. Regarding technical aspects, all studies focused on VR, with most using stand-alone VR headsets (14/16, 88%), and interventions typically ranging from 2 to 8 weeks, predominantly in hospital settings (11/16, 69%). Only 2 (13%) of the 16 studies mentioned using a specific VR design framework in planning their interventions. The most frequently used therapeutic approach was Ericksonian psychotherapy, used in 56% (9/16) of the studies. Notably, none of the articles reported using an implementation framework or identified barriers and enablers to implementation.<h4>Conclusions</h4>This scoping review highlights the growing interest in using IMTs, particularly VR, for depression treatment but emphasizes the need for more inclusive and comprehensive research. Future studies should explore varied therapeutic approaches and cost-effectiveness as well as the inclusion of augmented reality to fully realize the potential of IMTs in mental health care.",https://pubmed.ncbi.nlm.nih.gov/38663004/,,https://europepmc.org/articles/PMC11082738?pdf=render,stroke,(Stroke[MeSH] OR stroke[tiab] OR brain ischemia[tiab] OR cerebrovascular[tiab]) AND (treatment[tiab] OR intervention[tiab] OR therapy[tiab]),2026-08-05T18:00:54+00:00,,,,,
PMID_37942888,EuropePMC,37942888,PMC12827016,10.1111/hir.12515,Evidence surveillance for a living clinical guideline: Case study of the Australian stroke guidelines.,"McDonald S, Hill K, Li HZ, Turner T.",,2025,"<h4>Background</h4>Continual evidence surveillance is an integral feature of living guidelines. The Australian Stroke Guidelines include recommendations on 100 clinical topics and have been 'living' since 2018.<h4>Objectives</h4>To describe the approach for establishing and evaluating an evidence surveillance system for the living Australian Stroke Guidelines.<h4>Methods</h4>We developed a pragmatic surveillance system based on an analysis of the searches for the 2017 Stroke Guidelines and evaluated its reliability by assessing the potential impact on guideline recommendations. Search retrieval and screening workload are monitored monthly, together with the frequency of changes to the guideline recommendations.<h4>Results</h4>Evidence surveillance was guided by practical considerations of efficiency and sustainability. A single PubMed search covering all guideline topics, limited to systematic reviews and randomised trials, is run monthly. The search retrieves about 400 records a month of which a sixth are triaged to the guideline panels for further consideration. Evaluations with Epistemonikos and the Cochrane Stroke Trials Register demonstrated the robustness of adopting this more restrictive approach. Collaborating with the guideline team in designing, implementing and evaluating the surveillance is essential for optimising the approach.<h4>Conclusion</h4>Monthly evidence surveillance for a large living guideline is feasible and sustainable when applying a pragmatic approach.",https://pubmed.ncbi.nlm.nih.gov/37942888/,,https://europepmc.org/articles/PMC12827016?pdf=render,stroke,(Stroke[MeSH] OR stroke[tiab] OR brain ischemia[tiab] OR cerebrovascular[tiab]) AND (treatment[tiab] OR intervention[tiab] OR therapy[tiab]),2026-08-05T18:00:54+00:00,,,,,
PMID_37368711,EuropePMC,37368711,PMC10302607,10.3390/tropicalmed8060293,"Association of Hypertension, Diabetes, and Cardiovascular Disease with COVID-19 in Africa: Scoping Review Protocol.","Nooh F, Utzinger J, Paris DH, Probst-Hensch N, Chernet A.",,2023,"<h4>Background</h4>COVID-19 caused devastating effects on global healthcare systems. The elderly and people with chronic comorbidities were at a particularly high risk of mortality and morbidity. However, the evidence on the association of COVID-19 severity with noncommunicable diseases (NCDs) in the African population is scarce.<h4>Objective</h4>The aim is to estimate COVID-19 severity among African patients with hypertension, diabetes, and cardiovascular diseases (CVDs) and its implications for case management.<h4>Methods</h4>We will adhere to the extension for Scoping Reviews of PRISMA (PRISMA-ScR). The following electronic databases will be searched: PubMed, Scopus, Web of Science, Embase, CINAHL, and Joanna Briggs Institute. The search will be conducted after the publication of this protocol. Two reviewers will extract data from articles published after March 2020 without language restrictions. A descriptive analysis of the important findings and a narrative synthesis of the results will serve as the basis for interpretation. Expected results and conclusions: This scoping review is expected to determine the odds of patients with chronic comorbidities to progress to severe stages of COVID-19. The review will generate an evidence-based and set foundation for recommendations toward the establishment of surveillance systems and referral guidelines for the management of NCDs in the face of COVID-19 and future pandemics.",https://pubmed.ncbi.nlm.nih.gov/37368711/,,https://www.mdpi.com/2414-6366/8/6/293/pdf?version=1686098543,stroke,(Stroke[MeSH] OR stroke[tiab] OR brain ischemia[tiab] OR cerebrovascular[tiab]) AND (treatment[tiab] OR intervention[tiab] OR therapy[tiab]),2026-08-05T18:00:54+00:00,,,,,
PMID_42041798,EuropePMC,42041798,PMC13114609,10.3390/brainsci16040388,Etanercept in Spinal Cord Injury: A Systematic Review.,"Garmo LG, Osborn S, Hock E, Rossignol J, Dunbar GL.",,2026,"<b>Background/Objectives</b>: Traumatic spinal cord injury (SCI) frequently results in permanent motor and sensory deficits. Tumor necrosis factor-α is rapidly upregulated after SCI and contributes to secondary injury cascades, including microglial activation, cytokine amplification, and blood-spinal cord barrier disruption. Etanercept, a TNF-α inhibitor, has been investigated in modulating post-SCI neuroinflammation. This systematic review synthesizes preclinical evidence evaluating the therapeutic role of etanercept in SCI. <b>Methods</b>: A systematic review was conducted in accordance with PRISMA 2020 guidelines. The review was not prospectively registered. PubMed, Scopus, and Web of Science were searched through 9 December 2025. Eligible studies included original investigations of etanercept administered for in vivo mammalian models of SCI. Non-English articles, preprints, conference abstracts, case reports, and reviews were excluded. Risk of bias was assessed independently by at least two reviewers using the SYRCLE tool. Due to heterogeneity in models and dosing strategies, meta-analysis was not performed. <b>Results</b>: Of 119 records identified, 36 duplicates were removed. After screening 83 titles and abstracts, 67 were excluded. One additional study was excluded after full-text retrieval. Thus, 15 articles were included. Primary outcomes varied between studies, including inflammation, histopathology, and functional recovery. <b>Conclusions</b>: Preclinical evidence suggests that etanercept may attenuate early neuroinflammation after SCI; however, methodological heterogeneity and limited data warrant further investigation. This work was supported by the College of Medicine at Central Michigan University, the John G. Kulhavi Professorship in Neuroscience, and the E. Malcolm Field and Gary Leo Dunbar Endowed Chair in Neuroscience at Central Michigan University.",https://pubmed.ncbi.nlm.nih.gov/42041798/,,https://europepmc.org/articles/PMC13114609?pdf=render,stroke,(Stroke[MeSH] OR stroke[tiab] OR brain ischemia[tiab] OR cerebrovascular[tiab]) AND (treatment[tiab] OR intervention[tiab] OR therapy[tiab]),2026-08-05T18:00:54+00:00,,,,,
PMID_36996574,EuropePMC,36996574,PMC10565792,10.1016/j.psyneuen.2023.106084,Parent-child separation and cardiometabolic outcomes and risk factors in adulthood: A systematic review.,"Tang A, Ertel KA, Keen R, Beyer L, Eckert N, Mita C, Pintro K, Okuzono SS, Yazawa A, Slopen N.",,2023,"<h4>Background</h4>Parent-child separation has been associated with negative mental health across childhood and adulthood, yet little is known about the long-term impacts for cardiovascular health. This systematic review synthesized and evaluated the quality of the literature examining the association between exposures to parent-child separation and cardiometabolic outcomes in adulthood.<h4>Methods</h4>Following a registered protocol, online databases (Pubmed, PsycInfo, and Web of Science) were searched for relevant studies. Studies were included if they (a) defined the exposure before age 18 as institutionalization, foster care placement, parental incarceration, separation due to parents migrating for economic reasons, or asylum and war; and (b) quantified the association between parent-child separation and cardiometabolic events and diagnoses (e.g., coronary heart disease, diabetes) and risk factors (e.g., body mass index, fat distribution, serum-based metabolic markers, inflammatory markers in adulthood (≥ age 18). Studies lacking an unexposed comparison group were excluded. The risk for bias in each study was assessed with a modified Newcastle-Ottawa Scale.<h4>Results</h4>Of the 1938 studies identified, 13 met our inclusion criteria. Two of the four studies examining associations between parent-child separation and cardiometabolic events and diagnoses found positive associations with coronary heart disease and diabetes. Amongst the 13 studies examining associations with any type of adult cardiometabolic risk factors, eight studies reported at least one positive association. Sub-analyses considering separate reasons for parent-child separation provided clearer insights: War evacuation was associated with hypertension and high blood pressure across four studies from the same cohort; out-of home care experiences largely evidenced null results across five different studies, and two studies on parental incarceration suggested positive associations with elevated inflammation, BMI and blood pressure.<h4>Conclusions</h4>The connections between parent-child separation and adult cardiometabolic outcomes and risk factors are currently inconsistent. The results may depend on the reason for separation, age of assessment, analytic differences and other psychosocial variables that are often unmeasured in this literature.",https://pubmed.ncbi.nlm.nih.gov/36996574/,,https://europepmc.org/articles/PMC10565792?pdf=render,stroke,(Stroke[MeSH] OR stroke[tiab] OR brain ischemia[tiab] OR cerebrovascular[tiab]) AND (treatment[tiab] OR intervention[tiab] OR therapy[tiab]),2026-08-05T18:00:54+00:00,,,,,
PMID_41200112,EuropePMC,41200112,PMC12586022,10.3389/fmed.2025.1664605,Incidence and factors associated with postoperative delirium after primary total joint arthroplasty in older adults: a systematic review and meta-analysis.,"Ni Y, Yang X, Yang Y, Zhang H, Peng S.",,2025,"<h4>Background</h4>The proportion of older adults undergoing total joint arthroplasty (TJA) is increasing annually. Postoperative delirium (POD) is a common and serious complication among older adults after surgery. However, the incidence and factors associated with POD following primary TJA in this population remain unclear.<h4>Objective</h4>This study aimed to assess the incidence of delirium after primary TJA in older adults and to identify factors associated with POD through a meta-analytic approach.<h4>Methods</h4>A systematic literature search was performed in PubMed, Embase, Web of Science, and the Cochrane Library for studies published from inception to June 2025. Observational studies reporting POD incidence following TJA, including total hip arthroplasty and total knee arthroplasty in older adults (aged ≥60 years), were included. Pooled incidence rates and factors associated with POD were estimated using a random-effects model.<h4>Results</h4>After applying the inclusion and exclusion criteria, 35 studies involving 29,311 older adults undergoing TJA were included. The pooled POD incidence was 13.6% (95% CI, 12.2-15.0%), with substantial heterogeneity across studies. Advanced age, sleep apnea, hypertension, diabetes mellitus, coronary artery disease, stroke, chronic obstructive pulmonary disease, renal disease, solid tumors, dementia, Parkinson's disease, psychiatric disorders, ASA class III/IV, substance use history, and blood transfusion were associated with increased POD risk. Conversely, higher educational attainment was identified as a protective factor.<h4>Conclusion</h4>This study systematically reported POD incidence among older adults undergoing TJA and identified factors associated with POD These findings provide evidence to optimize perioperative management and develop prevention strategies for POD in this population.<h4>Systematic review registration</h4>This study was registered in INPLASY platform (number: INPLASY202570015).",https://pubmed.ncbi.nlm.nih.gov/41200112/,,https://europepmc.org/articles/PMC12586022?pdf=render,stroke,(Stroke[MeSH] OR stroke[tiab] OR brain ischemia[tiab] OR cerebrovascular[tiab]) AND (treatment[tiab] OR intervention[tiab] OR therapy[tiab]),2026-08-05T18:00:54+00:00,,,,,
PMID_38546241,EuropePMC,38546241,PMC10981252,10.1177/03000605231223081,Butylphthalide combined with donepezil for the treatment of vascular dementia: a meta-analysis.,"Liu P, Liu X, Chen J, Zhang Y, Chen J, Yu L, Shou Z.",,2024,"<h4>Objective</h4>To systematically evaluate the efficacy and safety of butylphthalide combined with donepezil versus butylphthalide monotherapy for the treatment of vascular dementia.<h4>Methods</h4>Randomized controlled trials were searched in electronic databases, including PubMed, Embase, the Cochrane Library, China National Knowledge Infrastructure, Chinese Science and Technology Periodical Database (VIP), Wan Fang, and China Biology Medicine from inception to 29 November 2022. Two reviewers independently screened the papers and extracted data from the included studies. The data were processed using RevMan5.4 statistical software.<h4>Results</h4>Nine randomized controlled trials (n = 1024) were included in this meta-analysis. Regarding the primary outcomes, compared with butylphthalide monotherapy, combined butylphthalide and donepezil treatment exhibited significantly greater total clinical efficacy (relative risk = 1.24, 95% confidence interval [1.17, 1.31]) and did not increase the adverse event rate (relative risk = 1.39, 95% confidence interval [0.91, 2.14]). Regarding the secondary outcomes, the meta-analysis results for the Mini-Mental State Examination, abilities of daily living, and Montreal Cognitive Assessment scores and the interleukin-6, tumor necrosis factor-α, and superoxide dismutase blood levels all supported combined butylphthalide and donepezil treatment.<h4>Conclusion</h4>Butylphthalide combined with donepezil may be a better treatment strategy than donepezil alone for the treatment of vascular dementia in clinical practice.",https://pubmed.ncbi.nlm.nih.gov/38546241/,,https://europepmc.org/articles/PMC10981252?pdf=render,stroke,(Stroke[MeSH] OR stroke[tiab] OR brain ischemia[tiab] OR cerebrovascular[tiab]) AND (treatment[tiab] OR intervention[tiab] OR therapy[tiab]),2026-08-05T18:00:54+00:00,,,,,
PMID_38202306,EuropePMC,38202306,PMC10779774,10.3390/jcm13010299,"Telerehabilitation for Neurological Motor Impairment: A Systematic Review and Meta-Analysis on Quality of Life, Satisfaction, and Acceptance in Stroke, Multiple Sclerosis, and Parkinson's Disease.","Federico S, Cacciante L, Cieślik B, Turolla A, Agostini M, Kiper P, Picelli A, RIN_TR_Group.",,2024,"Telerehabilitation (TR) seems to be a viable and feasible solution to face the rehabilitative challenges posed by neurological impairments and to improve patients' quality of life (QoL). This review aims to synthesize and analyze the evidence on the impact of physiotherapy intervention through TR on QoL in patients with stroke, Parkinson's disease (PD), and multiple sclerosis (MS), together with an evaluation of their satisfaction and technology acceptance levels. Through a systematic search of the literature and a screening process, treatment effects were assessed with meta-analyses using the standardized mean difference, setting the confidence interval at 95%. We included 28 studies in the review, which were analyzed for methodological quality, whereas 16 studies were included in the meta-analyses. The results suggest a significant improvement in QoL in patients who underwent TR. We were unable to perform analyses for satisfaction and technology acceptance outcomes due to insufficient data. Overall, motor TR has a positive impact on the QoL of patients with neurological diseases, especially in stroke patients; although caution is needed in the interpretation of the results due to the high heterogeneity found. For PD and MS, TR seems to yield comparable results to in-person treatment.",https://pubmed.ncbi.nlm.nih.gov/38202306/,,https://www.mdpi.com/2077-0383/13/1/299/pdf?version=1704379426,stroke,(Stroke[MeSH] OR stroke[tiab] OR brain ischemia[tiab] OR cerebrovascular[tiab]) AND (treatment[tiab] OR intervention[tiab] OR therapy[tiab]),2026-08-05T18:00:54+00:00,,,,,
PMID_39692246,EuropePMC,39692246,PMC11653431,10.1002/14651858.cd007968.pub3,Acupuncture for hypoxic ischemic encephalopathy in neonates.,"Sibrecht G, Wong MY, Shrestha R, Bruschettini M.",,2024,"<h4>Background</h4>Peripartum asphyxia affects three to five per 1000 live births, with moderate or severe hypoxic ischemic encephalopathy (HIE) occurring in 0.5 to 1 per 1000 live births, and is associated with high mortality and morbidity. Therapeutic hypothermia is an effective treatment, but alternative therapies such as acupuncture are also used.<h4>Objectives</h4>To determine the benefits and harms of acupuncture (e.g. needle acupuncture with or without electrical stimulation; laser acupuncture; non-penetrating types of manual or embedded acupressure) on mortality and morbidity in neonates with HIE, compared with 1) no treatment, 2) placebo or sham treatment, 3) any pharmacologic treatment, or 4) different types of acupuncture.<h4>Search methods</h4>We searched CENTRAL, PubMed, Embase, ClinicalTrials.gov, and the WHO ICTRP in March 2023. We conducted a search of the grey literature to identify reports of trials conducted by or referenced in research by CORDIS EU, National Institute for Health and Care Excellence (NICE), and NHSGGC Paediatrics for Health Professionals. We also checked the reference lists of relevant articles to identify additional studies.<h4>Selection criteria</h4>We included randomized controlled trials (RCTs) or quasi-RCTs and cluster-randomized trials. We included studies where participants were term infants (37 weeks or greater) and late preterm infants (34 + 0 to 36 + 6 weeks' gestation) 10 days of age or less, with evidence of peripartum asphyxia. We included studies on acupuncture (e.g. needle acupuncture with or without electrical stimulation; laser acupuncture; non-penetrating types of manual or embedded acupressure). We included studies where acupuncture was compared with: 1) no treatment; 2) placebo or sham treatment; 3) any pharmacologic treatment; or 4) different types of acupuncture.<h4>Data collection and analysis</h4>We used standard Cochrane methods. Our primary outcomes were all-cause mortality at the latest follow-up, major neurodevelopmental disability in children aged 18 to 24 months and aged 3 to 5 years, adverse events until hospital discharge, and length of hospital stay.<h4>Main results</h4>We included four studies (enrolling 464 infants) that compared acupuncture with no treatment. The studies ranged in size from 60 to 200 infants. Three studies were conducted in China and one in Russia. None of the four studies reported on any of the prespecified outcomes of our review. We did not identify any ongoing studies.<h4>Authors' conclusions</h4>There is limited availability of studies addressing this specific population. The included studies did not assess mortality, long-term neurodevelopmental outcomes, or adverse effects of acupuncture. We are unable to draw any conclusions about the benefits and harms of acupuncture for HIE in neonates. In light of the current limitations, clinicians are urged to approach the use of acupuncture in neonates with HIE cautiously, as there is no evidence to support its routine application. The available trials assessed surrogate outcomes that have a relatively small impact on newborns, and failed to report important outcomes such as mortality and long-term neurodevelopmental outcomes. Other available trials were performed on older infants who had experienced neonatal HIE. Given the lack of available evidence, well-designed randomized controlled trials with relevant outcomes such as mortality and neurodevelopmental outcomes are essential to evaluate the efficacy and safety of acupuncture for HIE in neonates.",https://pubmed.ncbi.nlm.nih.gov/39692246/,,https://europepmc.org/articles/PMC11653431?pdf=render,stroke,(Stroke[MeSH] OR stroke[tiab] OR brain ischemia[tiab] OR cerebrovascular[tiab]) AND (treatment[tiab] OR intervention[tiab] OR therapy[tiab]),2026-08-05T18:00:54+00:00,,,,,
PMID_36611421,EuropePMC,36611421,PMC9818280,10.3390/diagnostics13010128,Clinical Applications of Quantitative Perfusion Imaging with a C-Arm Flat-Panel Detector-A Systematic Review.,"Zaid Al-Kaylani AHA, Schuurmann RCL, Maathuis WD, Slart RHJA, De Vries JPM, Bokkers RPH.",,2022,"C-arm systems with digital flat-panel detectors are used in interventional radiology and hybrid operating rooms for visualizing and performing interventions on three-dimensional structures. Advances in C-arm technology have enabled intraoperative quantitative perfusion imaging with these scanners. This systematic review provides an overview of flat-panel detector C-arm techniques for quantifying perfusion, their clinical applications, and their validation. A systematic search was performed for articles published between January 2000 and October 2022 in which a flat-panel detector C-arm technique for quantifying perfusion was compared with a reference technique. Nine articles were retrieved describing two techniques: two-dimensional perfusion angiography (n = 5) and dual-phase cone beam computed tomography perfusion (n = 4). A quality assessment revealed no concerns about the applicability of the studies. The risk of bias was relatively high for the index and reference tests. Both techniques demonstrated potential for clinical application; however, weak-to-moderate correlations were reported between them and the reference techniques. In conclusion, both techniques could add new possibilities to treatment planning and follow-up; however, the available literature is relatively scarce and heterogeneous. Larger-scale randomized prospective studies focusing on clinical outcomes and standardization are required for the full understanding and clinical implementation of these techniques.",https://pubmed.ncbi.nlm.nih.gov/36611421/,,https://www.mdpi.com/2075-4418/13/1/128/pdf?version=1672398908,stroke,(Stroke[MeSH] OR stroke[tiab] OR brain ischemia[tiab] OR cerebrovascular[tiab]) AND (treatment[tiab] OR intervention[tiab] OR therapy[tiab]),2026-08-05T18:00:54+00:00,,,,,
PMID_37272509,EuropePMC,37272509,PMC10241722,10.1002/14651858.cd013499.pub2,"Pharmacological interventions for the prevention of bleeding in people undergoing definitive fixation or joint replacement for hip, pelvic and long bone fractures.","Gibbs VN, Geneen LJ, Champaneria R, Raval P, Dorée C, Brunskill SJ, Novak A, Palmer AJ, Estcourt LJ.",,2023,"<h4>Background</h4>Pelvic, hip, and long bone fractures can result in significant bleeding at the time of injury, with further blood loss if they are treated with surgical fixation. People undergoing surgery are therefore at risk of requiring a blood transfusion and may be at risk of peri-operative anaemia. Pharmacological interventions for blood conservation may reduce the risk of requiring an allogeneic blood transfusion and associated complications.<h4>Objectives</h4>To assess the effectiveness of different pharmacological interventions for reducing blood loss in definitive surgical fixation of the hip, pelvic, and long bones.<h4>Search methods</h4>We used a predefined search strategy to search CENTRAL, MEDLINE, PubMed, Embase, CINAHL, Transfusion Evidence Library, ClinicalTrials.gov, and the WHO International Clinical Trials Registry Platform (ICTRP) from inception to 7 April 2022, without restrictions on language, year, or publication status. We handsearched reference lists of included trials to identify further relevant trials. We contacted authors of ongoing trials to acquire any unpublished data.<h4>Selection criteria</h4>We included randomised controlled trials (RCTs) of people who underwent trauma (non-elective) surgery for definitive fixation of hip, pelvic, and long bone (pelvis, tibia, femur, humerus, radius, ulna and clavicle) fractures only. There were no restrictions on gender, ethnicity, or age. We excluded planned (elective) procedures (e.g. scheduled total hip arthroplasty), and studies published since 2010 that had not been prospectively registered. Eligible interventions included: antifibrinolytics (tranexamic acid, aprotinin, epsilon-aminocaproic acid), desmopressin, factor VIIa and XIII, fibrinogen, fibrin sealants, and non-fibrin sealants.<h4>Data collection and analysis</h4>Two review authors independently assessed trial eligibility and risk of bias, and extracted data. We assessed the certainty of the evidence using GRADE. We did not perform a network meta-analysis due to lack of data.<h4>Main results</h4>We included 13 RCTs (929 participants), published between 2005 and 2021. Three trials did not report any of our predefined outcomes and so were not included in quantitative analyses (all were tranexamic acid versus placebo). We identified three comparisons of interest: intravenous tranexamic acid versus placebo; topical tranexamic acid versus placebo; and recombinant factor VIIa versus placebo. We rated the certainty of evidence as very low to low across all outcomes. Comparison 1. Intravenous tranexamic acid versus placebo Intravenous tranexamic acid compared to placebo may reduce the risk of requiring an allogeneic blood transfusion up to 30 days (RR 0.48, 95% CI 0.34 to 0.69; 6 RCTs, 457 participants; low-certainty evidence) and may result in little to no difference in all-cause mortality (Peto odds ratio (Peto OR) 0.38, 95% CI 0.05 to 2.77; 2 RCTs, 147 participants; low-certainty evidence).  It may result in little to no difference in risk of participants experiencing myocardial infarction (risk difference (RD) 0.00, 95% CI -0.03 to 0.03; 2 RCTs, 199 participants; low-certainty evidence), and cerebrovascular accident/stroke (RD 0.00, 95% CI -0.02 to 0.02; 3 RCTs, 324 participants; low-certainty evidence).  We are uncertain if there is a difference between groups for risk of deep vein thrombosis (Peto OR 2.15, 95% CI 0.22 to 21.35; 4 RCTs, 329 participants, very low-certainty evidence), pulmonary embolism (Peto OR 1.08, 95% CI 0.07 to 17.66; 4 RCTs, 329 participants; very low-certainty evidence), and suspected serious drug reactions (RD 0.00, 95% CI -0.03 to 0.03; 2 RCTs, 185 participants; very low-certainty evidence). No data were available for number of red blood cell units transfused, reoperation, or acute transfusion reaction. We downgraded the certainty of the evidence for imprecision (wide confidence intervals around the estimate and small sample size, particularly for rare events), and risk of bias (unclear or high risk methods of blinding and allocation concealment in the assessment of subjective measures), and upgraded the evidence for transfusion requirement for a large effect.  Comparison 2. Topical tranexamic acid versus placebo We are uncertain if there is a difference between topical tranexamic acid and placebo for risk of requiring an allogeneic blood transfusion (RR 0.31, 95% CI 0.08 to 1.22; 2 RCTs, 101 participants), all-cause mortality (RD 0.00, 95% CI -0.10 to 0.10; 1 RCT, 36 participants), risk of participants experiencing myocardial infarction (Peto OR 0.15, 95% CI 0.00 to 7.62; 1 RCT, 36 participants), cerebrovascular accident/stroke (RD 0.00, 95% CI -0.06 to 0.06; 1 RCT, 65 participants); and deep vein thrombosis (Peto OR 1.11, 95% CI 0.07 to 17.77; 2 RCTs, 101 participants).  All outcomes reported were very low-certainty evidence. No data were available for number of red blood cell units transfused, reoperation, incidence of pulmonary embolism, acute transfusion reaction, or suspected serious drug reactions. We downgraded the certainty of the evidence for imprecision (wide confidence intervals around the estimate and small sample size, particularly for rare events), inconsistency (moderate heterogeneity), and risk of bias (unclear or high risk methods of blinding and allocation concealment in the assessment of subjective measures, and high risk of attrition and reporting biases in one trial). Comparison 3. Recombinant factor VIIa versus placebo   Only one RCT of 48 participants reported data for recombinant factor VIIa versus placebo, so we have not presented the results here.<h4>Authors' conclusions</h4>We cannot draw conclusions from the current evidence due to lack of data. Most published studies included in our analyses assessed the use of tranexamic acid (compared to placebo, or using different routes of administration).  We identified 27 prospectively registered ongoing RCTs (total target recruitment of 4177 participants by end of 2023). The ongoing trials create six new comparisons: tranexamic acid (tablet + injection) versus placebo; intravenous tranexamic acid versus oral tranexamic acid; topical tranexamic acid versus oral tranexamic acid; different intravenous tranexamic acid dosing regimes; topical tranexamic acid versus topical fibrin glue; and fibrinogen (injection) versus placebo.",https://pubmed.ncbi.nlm.nih.gov/37272509/,,https://europepmc.org/articles/PMC10241722?pdf=render,stroke,(Stroke[MeSH] OR stroke[tiab] OR brain ischemia[tiab] OR cerebrovascular[tiab]) AND (treatment[tiab] OR intervention[tiab] OR therapy[tiab]),2026-08-05T18:00:54+00:00,,,,,
PMID_41299638,EuropePMC,41299638,PMC12763983,10.1186/s13098-025-01968-2,"The impact of sertraline treatment on obesity, inflammation, blood pressure, and lipid profiles: a systematic review and meta-analysis of randomized controlled trials.","Wu Y, Velu P, Prabahar K, Safargar M, Temuqile, Tian G.",,2025,"OBJECTIVE: Sertraline, a commonly prescribed selective serotonin reuptake inhibitor (SSRI), is widely used for the treatment of depression. While its psychotropic benefits are well established, its effects on metabolic and cardiovascular health remain uncertain. This systematic review and meta-analysis aimed to evaluate the impact of sertraline on obesity, inflammation, glycemic control, blood pressure, and lipid profiles in adults. METHODS: A comprehensive literature search was conducted across five databases through August 2025. A total of 16 studies comprising 17 intervention arms were included. Data were synthesized using a random-effects model, and weighted mean differences (WMDs) with 95% confidence intervals (CIs) were calculated for each outcome. RESULTS: Sertraline use was associated with significant reductions in body mass index (WMD: − 1.59 kg/m²; 95% CI: − 2.72 to − 0.47; p = 0.005), body weight (BW) (WMD: − 2.21 kg; 95% CI: − 4.40 to − 0.02; p = 0.048), systolic blood pressure (SBP) (WMD: − 3.82 mmHg; 95% CI: − 7.48 to − 0.16; p = 0.041), C-reactive protein(CRP) (WMD: − 0.21 mg/dL; 95% CI: − 0.26 to − 0.16; p < 0.001), interleukin-6 (IL-6) (WMD: − 5.91 pg/ml; 95% CI: − 11.33 to − 0.49; p = 0.032), and glycated hemoglobin (HbA1c) (WMD: − 0.51%; 95% CI: − 0.91 to − 0.11; p = 0.012). No significant effects were observed on fasting blood sugar (FBS), diastolic blood pressure (IL-6), total cholesterol (TC), low-density lipoprotein cholesterol (LDL-C), high-density lipoprotein cholesterol (HDL-C), or triglyceride (TG) levels. Importantly, lipid endpoint analyses were underpowered, with only two RCTs available for most lipid outcomes and a single RCT for triglycerides, representing a significant evidence gap that limits confidence in these findings. Sensitivity analyses confirmed the robustness of results, and publication bias was minimal. CONCLUSION: Sertraline demonstrates beneficial effects on several cardiometabolic markers, including obesity indices, inflammation, glycemic control, and systolic blood pressure, while showing no significant impact on lipid profiles or diastolic blood pressure. These findings suggest that sertraline may offer added clinical value for patients with depression who are also at increased risk of metabolic and cardiovascular complications. However, because most included trials enrolled participants with comorbidities and moderate-to-severe depression, the generalizability of these results to healthier or lower-risk populations remains uncertain. Moreover, the limited number of trials assessing lipid outcomes highlights a critical need for further well-powered RCTs focusing specifically on lipid profiles to conclusively determine sertraline’s effects on lipid metabolism.",https://pubmed.ncbi.nlm.nih.gov/41299638/,,https://europepmc.org/articles/PMC12763983?pdf=render,stroke,(Stroke[MeSH] OR stroke[tiab] OR brain ischemia[tiab] OR cerebrovascular[tiab]) AND (treatment[tiab] OR intervention[tiab] OR therapy[tiab]),2026-08-05T18:00:54+00:00,,,,,
PMID_37927673,EuropePMC,37927673,PMC10620341,10.7759/cureus.46385,Efficacy and Safety of Novel Oral Anticoagulants in Atrial Fibrillation: A Systematic Review.,"Basu Roy P, Tejani VN, Dhillon SS, Damarlapally N, Winson T, Usman NUB, Panjiyar BK.",,2023,"In recent times, novel oral anticoagulants (NOACs)/direct oral anticoagulants (DOACs) have emerged as an alternative to the traditionally used Vitamin K oral antagonists (VKA) like warfarin for the treatment of atrial fibrillation (AF). This systematic review and meta-analysis aims to evaluate the efficacy and safety of NOACs in patients with AF and, thus, the related thromboembolic risks and sequelae. Of the 131 published articles we examined, 11 were included in an in-depth systematic review. The articles we reviewed were from the past ten years, from 2013 onward. The analysis derived the efficacy and safety of NOACs in patients with AF and also included different patients' baseline characteristics and subgroups. This systematic review reiterates previous research findings of superior efficacy and safety of the use of NOACs in the AF population and also illuminates certain head-to-head comparisons of individual NOACs with warfarin. It digressed into subgroups of patients with different baseline characteristics to provide evidence and support the existing guidelines for the use of NOACs in the treatment of AF. Overall, there is marked efficacy and safety of NOACs in patients with AF, be they elderly or Asian, with decreased renal function, or with other comorbidities. Adherence to NOACs was also satisfactory. Despite such a review, there needs to be more research on vast subgroups and also on reversal antidotes like andexanet alfa and idarucizumab, as well as more head-to-head analysis between NOACs over a long duration of study, which would provide more answers and pinpoint reasons as to the differences that exist between demographics and subgroups in the usage of NOACs.",https://pubmed.ncbi.nlm.nih.gov/37927673/,,https://assets.cureus.com/uploads/review_article/pdf/186716/20231003-22984-nym5tu.pdf,stroke,(Stroke[MeSH] OR stroke[tiab] OR brain ischemia[tiab] OR cerebrovascular[tiab]) AND (treatment[tiab] OR intervention[tiab] OR therapy[tiab]),2026-08-05T18:00:54+00:00,,,,,
PMID_36630537,EuropePMC,36630537,PMC9885807,10.1042/cs20220594,Screening for in vitro systematic reviews: a comparison of screening methods and training of a machine learning classifier.,"Wilson E, Cruz F, Maclean D, Ghanawi J, McCann SK, Brennan PM, Liao J, Sena ES, Macleod M.",,2023,"<h4>Objective</h4>Existing strategies to identify relevant studies for systematic review may not perform equally well across research domains. We compare four approaches based on either human or automated screening of either title and abstract or full text, and report the training of a machine learning algorithm to identify in vitro studies from bibliographic records.<h4>Methods</h4>We used a systematic review of oxygen-glucose deprivation (OGD) in PC-12 cells to compare approaches. For human screening, two reviewers independently screened studies based on title and abstract or full text, with disagreements reconciled by a third. For automated screening, we applied text mining to either title and abstract or full text. We trained a machine learning algorithm with decisions from 2000 randomly selected PubMed Central records enriched with a dataset of known in vitro studies.<h4>Results</h4>Full-text approaches performed best, with human (sensitivity: 0.990, specificity: 1.000 and precision: 0.994) outperforming text mining (sensitivity: 0.972, specificity: 0.980 and precision: 0.764). For title and abstract, text mining (sensitivity: 0.890, specificity: 0.995 and precision: 0.922) outperformed human screening (sensitivity: 0.862, specificity: 0.998 and precision: 0.975). At our target sensitivity of 95% the algorithm performed with specificity of 0.850 and precision of 0.700.<h4>Conclusion</h4>In this in vitro systematic review, human screening based on title and abstract erroneously excluded 14% of relevant studies, perhaps because title and abstract provide an incomplete description of methods used. Our algorithm might be used as a first selection phase in in vitro systematic reviews to limit the extent of full text screening required.",https://pubmed.ncbi.nlm.nih.gov/36630537/,,https://portlandpress.com/clinsci/article-pdf/137/2/181/942381/cs-2022-0594.pdf,stroke,(Stroke[MeSH] OR stroke[tiab] OR brain ischemia[tiab] OR cerebrovascular[tiab]) AND (treatment[tiab] OR intervention[tiab] OR therapy[tiab]),2026-08-05T18:00:54+00:00,,,,,
PMID_36790019,EuropePMC,36790019,PMC9932000,10.1002/14651858.cd013201.pub3,Stem cell-based interventions for the prevention and treatment of intraventricular haemorrhage and encephalopathy of prematurity in preterm infants.,"Romantsik O, Moreira A, Thébaud B, Ådén U, Ley D, Bruschettini M.",,2023,"<h4>Background</h4>Germinal matrix-intraventricular haemorrhage (GMH-IVH) and encephalopathy of prematurity (EoP) remain substantial issues in neonatal intensive care units worldwide. Current therapies to prevent or treat these conditions are limited. Stem cell-based therapies offer a potential therapeutic approach to repair, restore, or regenerate injured brain tissue. These preclinical findings have now culminated in ongoing human neonatal studies. This is an update of the 2019 review, which did not include EoP.<h4>Objectives</h4>To evaluate the benefits and harms of stem cell-based interventions for prevention or treatment of GM-IVH and EoP in preterm infants.<h4>Search methods</h4>We used standard, extensive Cochrane search methods. The latest search was April 2022.<h4>Selection criteria</h4>We attempted to include randomised controlled trials, quasi-randomised controlled trials, and cluster trials comparing 1. stem cell-based interventions versus control; 2. mesenchymal stromal cells (MSCs) of type or source versus MSCs of other type or source; 3. stem cell-based interventions other than MSCs of type or source versus stem cell-based interventions other than MSCs of other type or source; or 4. MSCs versus stem cell-based interventions other than MSCs. For prevention studies, we included extremely preterm infants (less than 28 weeks' gestation), 24 hours of age or less, without ultrasound diagnosis of GM-IVH or EoP; for treatment studies, we included preterm infants (less than 37 weeks' gestation), of any postnatal age, with ultrasound diagnosis of GM-IVH or with EoP.<h4>Data collection and analysis</h4>We used standard Cochrane methods. Our primary outcomes were 1. all-cause neonatal mortality, 2. major neurodevelopmental disability, 3. GM-IVH, 4. EoP, and 5. extension of pre-existing non-severe GM-IVH or EoP. We planned to use GRADE to assess certainty of evidence for each outcome.<h4>Main results</h4>We identified no studies that met our inclusion criteria. Three studies are currently registered and ongoing. Phase 1 trials are described in the 'Excluded studies' section.<h4>Authors' conclusions</h4>No evidence is currently available to evaluate the benefits and harms of stem cell-based interventions for treatment or prevention of GM-IVH or EoP in preterm infants. We identified three ongoing studies, with a sample size range from 20 to 200. In two studies, autologous cord blood mononuclear cells will be administered to extremely preterm infants via the intravenous route; in one, intracerebroventricular injection of MSCs will be administered to preterm infants up to 34 weeks' gestational age.",https://pubmed.ncbi.nlm.nih.gov/36790019/,,https://europepmc.org/articles/PMC9932000?pdf=render,stroke,(Stroke[MeSH] OR stroke[tiab] OR brain ischemia[tiab] OR cerebrovascular[tiab]) AND (treatment[tiab] OR intervention[tiab] OR therapy[tiab]),2026-08-05T18:00:54+00:00,,,,,
PMID_36104139,EuropePMC,36104139,PMC9476125,10.1136/bmjopen-2021-059610,Late myocardial reperfusion in ST-elevation myocardial infarction: protocol for a systematic review and meta-analysis.,"Vargas-Fernández R, Chacón-Diaz M, Basualdo-Meléndez GW, Barón-Lozada FA, Visconti-Lopez FJ, Comandé D, Hernández-Vásquez A.",,2022,"<h4>Introduction</h4>ST-segment elevation myocardial infarction (STEMI) is the most severe clinical form of acute myocardial infarction, for which the current treatment consists of effective and timely myocardial reperfusion (within 12 hours of symptom onset). However, between 10% and 15% of patients with STEMI arrive at hospital facilities 12 hours after the onset of symptoms (late presentation). Therefore, the objective of the present study will be to determine if late revascularisation (12-72 hours after the onset of symptoms) affects the indicators of cardiovascular mortality, reinfarction, recurrent infarction, hospitalisation for heart failure and post infarction angina compared with no late revascularisation in patients with STEMI.<h4>Methods and analysis</h4>A systematic literature search of PubMed, The Cochrane Library, Embase, Cumulative Index to Nursing and Allied Health Literature (CINAHL), Web of Science, Scopus and Global Health will be conducted. Publications in English, Portuguese or Spanish that report the clinical results of primary percutaneous revascularisation (primary PCI) in adult patients with STEMI 12-72 hours after the onset of symptoms will be included. Studies with participants with a diagnosis other than STEMI or patients with STEMI of >12 hours complicated by heart failure, cardiogenic shock or ventricular arrhythmias, and studies of combined interventions (pharmacoinvasive strategy) were excluded. Two independent authors will identify the relevant publications, and discrepancies will be adjudicated by a third author. Data extraction will be performed by two independent authors and verified by a third author. Risk of bias of studies will be assessed using the Cochrane 'risk of bias' tool (RoB 2) or Risk Of Bias In Non-randomised Studies - of Interventions (ROBINS-I) tool. If appropriate, a meta-analysis will be performed in order to examine the effect of late revascularisation in clinical outcomes of interest.<h4>Ethics and discussion</h4>This study will use published data only, thus, ethical approval will not be required. The results will be disseminated through peer-reviewed publication and conference presentations.<h4>Prospero registration number</h4>CRD42021283429.",https://pubmed.ncbi.nlm.nih.gov/36104139/,,https://europepmc.org/articles/PMC9476125?pdf=render,stroke,(Stroke[MeSH] OR stroke[tiab] OR brain ischemia[tiab] OR cerebrovascular[tiab]) AND (treatment[tiab] OR intervention[tiab] OR therapy[tiab]),2026-08-05T18:00:54+00:00,,,,,
PMID_37609531,EuropePMC,37609531,PMC10440753,10.22037/aaem.v11i1.1997,The value of Coronary Artery Disease - Reporting and Data System (CAD-RADS) in Outcome Prediction of CAD Patients; a Systematic Review and Meta-analysis.,"Ahmadzadeh K, Roshdi Dizaji S, Kiah M, Rashid M, Miri R, Yousefifard M.",,2023,"<h4>Introduction</h4>Coronary computed tomographic angiography (CCTA) reporting has traditionally been operator-dependent, and no precise classification is broadly used for reporting Coronary Artery Disease (CAD) severity. The Coronary Artery Disease Reporting and Data Systems (CAD-RADS) was introduced to address the inconsistent CCTA reports. This systematic review with meta-analysis aimed to comprehensively appraise all available studies and draw conclusions on the prognostic value of the CAD-RADS classification system in CAD patients.<h4>Method</h4>Online databases of PubMed, Embase, Scopus, and Web of Science were searched until September 19<sup>th</sup>, 2022, for studies on the value of CAD-RADS categorization for outcome prediction of CAD patients.<h4>Results</h4>16 articles were included in this systematic review, 14 of which had assessed the value of CAD-RADS in the prediction of major adverse cardiovascular events (MACE) and 3 articles investigated the outcome of all-cause mortality. Our analysis demonstrated that all original CAD-RADS categories can be a predictor of MACE [Hazard ratios (HR) ranged from 3.39 to 8.63] and all categories, except CAD-RADS 1, can be a predictor of all-cause mortality (HRs ranged from 1.50 to 3.09). Moreover, higher CAD-RADS categories were associated with an increased hazard ratio for unfavorable outcomes among CAD patients (p <sub>for MACE</sub> = 0.007 and p <sub>for all-cause mortality</sub> = 0.018).<h4>Conclusion</h4>The evidence demonstrated that the CAD-RADS classification system can be used to predict incidence of MACE and all-cause mortality. This indicates that the implementation of CAD-RADS into clinical practice, besides enhancing the communication between physicians and improving patient care, can also guide physicians in risk assessment of the patients and predicting their prognosis.",https://pubmed.ncbi.nlm.nih.gov/37609531/,,https://europepmc.org/articles/PMC10440753?pdf=render,stroke,(Stroke[MeSH] OR stroke[tiab] OR brain ischemia[tiab] OR cerebrovascular[tiab]) AND (treatment[tiab] OR intervention[tiab] OR therapy[tiab]),2026-08-05T18:00:54+00:00,,,,,
PMID_37994736,EuropePMC,37994736,PMC10666199,10.1002/14651858.cd015582.pub2,Stem cell-based interventions for the treatment of stroke in newborn infants.,"Bruschettini M, Badura A, Romantsik O.",,2023,"<h4>Background</h4>Perinatal stroke refers to a diverse but specific group of cerebrovascular diseases that occur between 20 weeks of fetal life and 28 days of postnatal life. Acute treatment options for perinatal stroke are limited supportive care, such as controlling hypoglycemia and seizures. Stem cell-based therapies offer a potential therapeutic approach to repair, restore, or regenerate injured brain tissue. Preclinical findings have culminated in ongoing human neonatal studies.<h4>Objectives</h4>To evaluate the benefits and harms of stem cell-based interventions for the treatment of stroke in newborn infants compared to control (placebo or no treatment) or stem-cell based interventions of a different type or source.<h4>Search methods</h4>We searched CENTRAL, PubMed, Embase, and three trials registries in February 2023. We planned to search the reference lists of included studies and relevant systematic reviews for studies not identified by the database searches.<h4>Selection criteria</h4>We attempted to include randomized controlled trials, quasi-randomized controlled trials, and cluster trials that evaluated any of the following comparisons. • Stem cell-based interventions (any type) versus control (placebo or no treatment) • Mesenchymal stem/stromal cells (MSCs) of a specifictype (e.g. number of doses or passages) or source (e.g. autologous/allogeneic or bone marrow/cord) versus MSCs of another type or source • Stem cell-based interventions (other than MSCs) of a specific type (e.g. mononuclear cells, oligodendrocyte progenitor cells, neural stem cells, hematopoietic stem cells, or induced pluripotent stem cell-derived cells) or source (e.g. autologous/allogeneic or bone marrow/cord) versus stem cell-based interventions (other than MSCs) of another type or source • MSCs versus stem cell-based interventions other than MSCs We planned to include all types of transplantation regardless of cell source (bone marrow, cord blood, Wharton's jelly, placenta, adipose tissue, peripheral blood), type of graft (autologous or allogeneic), and dose.<h4>Data collection and analysis</h4>We used standard Cochrane methods. Our primary outcomes were all-cause neonatal mortality, major neurodevelopmental disability, and immune rejection or any serious adverse event. Our secondary outcomes included all-cause mortality prior to first hospital discharge, seizures, adverse effects, and death or major neurodevelopmental disability at 18 to 24 months of age. We planned to use GRADE to assess the certainty of evidence for each outcome.<h4>Main results</h4>We identified no completed or ongoing randomized trials that met our inclusion criteria. We excluded three studies: two were phase 1 trials, and one included newborn infants with conditions other than stroke (i.e. cerebral ischemia and anemia). Among the three excluded studies, we identified the first phase 1 trial on the use of stem cells for neonatal stroke. It reported that a single intranasal application of bone marrow-derived MSCs in term neonates with a diagnosis of perinatal arterial ischemic stroke (PAIS) was feasible and apparently not associated with severe adverse events. However, the trial included only 10 infants, and follow-up was limited to three months.<h4>Authors' conclusions</h4>No evidence is currently available to evaluate the benefits and harms of stem cell-based interventions for treatment of stroke in newborn infants. We identified no ongoing studies. Future clinical trials should focus on standardizing the timing and method of cell delivery and cell processing to optimize the therapeutic potential of stem cell-based interventions and safety profiles. Phase 1 and large animal studies might provide the groundwork for future randomized trials. Outcome measures should include all-cause mortality, major neurodevelopmental disability and immune rejection, and any other serious adverse events.",https://pubmed.ncbi.nlm.nih.gov/37994736/,,https://europepmc.org/articles/PMC10666199?pdf=render,stroke,(Stroke[MeSH] OR stroke[tiab] OR brain ischemia[tiab] OR cerebrovascular[tiab]) AND (treatment[tiab] OR intervention[tiab] OR therapy[tiab]),2026-08-05T18:00:54+00:00,,,,,
PMID_35795374,EuropePMC,35795374,PMC9252511,10.3389/fcvm.2022.886679,Impact of Educational Interventions on Knowledge About Hypertensive Disorders of Pregnancy Among Pregnant Women: A Systematic Review.,"Gholami K, Norouzkhani N, Kargar M, Ghasemirad H, Ashtiani AJ, Kiani S, Sajedi Far M, Dianati M, Salimi Y, Khalaji A, Honari S, Deravi N.",,2022,"<h4>Background</h4>Hypertensive disorders of pregnancy (HDP), including chronic hypertension, preeclampsia and gestational hypertension, is the cause of about 50,000 deaths out of 400,000 perinatal deaths. HDP is an effective risk factor in stroke, type 2 diabetes, and cardiovascular diseases like ischemic heart disease. There is a significant relation between HDP, lifestyle, and knowledge. Unfortunately, many studies showed that pregnant women have lack of knowledge about HDP. Therefore, the importance of educational interventions is, today, more acknowledged than before.<h4>Aim</h4>The goal of this systematic review was to investigate the effect of interventional educations on the knowledge of pregnant women about HDP.<h4>Methods</h4>A systematic review of the related articles was conducted. We included English randomized controlled trials published up to December 2021, including pregnant women as population, HDP as the outcome, and educational interventions as the intervention.<h4>Results</h4>After the process of study selection, six articles containing 819 pregnant women were included in this study. Educational pamphlets, mobile-based application, a mixture of pamphlets, pictographic magnet and videos, and a combination of PowerPoint and data show projectors and conversation were the educational interventions in these studies.<h4>Conclusions</h4>The positive effects of educational interventions on the knowledge of women with HTP were observed in all studies. The higher knowledge leads to HDP-related complications.<h4>Systematic review registration</h4>https://archive.org/details/osf-registrations-gcs5r-v1, identifier: doi: 10.17605/OSF.IO/GCS5R.",https://pubmed.ncbi.nlm.nih.gov/35795374/,,https://www.frontiersin.org/articles/10.3389/fcvm.2022.886679/pdf,stroke,(Stroke[MeSH] OR stroke[tiab] OR brain ischemia[tiab] OR cerebrovascular[tiab]) AND (treatment[tiab] OR intervention[tiab] OR therapy[tiab]),2026-08-05T18:00:54+00:00,,,,,
PMID_35334942,EuropePMC,35334942,PMC8950884,10.3390/nu14061284,β-Carotene Supplementation and Risk of Cardiovascular Disease: A Systematic Review and Meta-Analysis of Randomized Controlled Trials.,"Yang J, Zhang Y, Na X, Zhao A.",,2022,"β-carotene is widely available in plant-based foods, while the efficacy of β-carotene supplementation on cardiovascular disease (CVD) risk remains controversial. Hence, we performed a systematic review and meta-analysis on randomized controlled trials to investigate the associations between β-carotene supplementation and CVD risk as well as mortality. We conducted literature searches across eight databases and screened the publications from January 1900 to March 2022 on the topic of β-carotene treatments and cardiovascular outcomes. There were 10 trials and 16 reports included in the meta-analysis with a total of 182,788 individuals enrolled in the study. Results from the random-effects models indicated that β-carotene supplementation slightly increased overall cardiovascular incidence (RR: 1.04; 95% CI: 1.00, 1.08) and was constantly associated with increased cardiovascular mortality (RR: 1.12; 95% CI: 1.04, 1.19). Subgroup analyses suggested that, when β-carotene treatments were given singly, a higher risk of cardiovascular outcomes was observed (RR: 1.06; 95% CI: 1.01, 1.12). In addition, cigarettes smoking was shown to be a risk behavior associated with increased cardiovascular incidence and mortality in the β-carotene intervention group. In sum, the evidence of this study demonstrated that β-carotene supplementation had no beneficial effects on CVD incidence and potential harmful effects on CVD mortality. Further studies on understanding the efficacy of multivitamin supplementation in nutrient-deficient or sub-optimal populations are important for developing the tolerable upper intake level for β-carotene of different age and sex groups.",https://pubmed.ncbi.nlm.nih.gov/35334942/,,https://www.mdpi.com/2072-6643/14/6/1284/pdf?version=1647592875,stroke,(Stroke[MeSH] OR stroke[tiab] OR brain ischemia[tiab] OR cerebrovascular[tiab]) AND (treatment[tiab] OR intervention[tiab] OR therapy[tiab]),2026-08-05T18:00:54+00:00,,,,,
PMID_36009865,EuropePMC,36009865,PMC9405106,10.3390/biology11081238,Potential of Whole-Body Vibration in Parkinson's Disease: A Systematic Review and Meta-Analysis of Human and Animal Studies.,"Arenales Arauz YL, Ahuja G, Kamsma YPT, Kortholt A, van der Zee EA, van Heuvelen MJG.",,2022,"(1) Background: When the severity of Parkinson's Disease (PD) increases, patients often have difficulties in performing exercises. Whole-Body Vibration (WBV) may be a suitable alternative. This systematic review aims to clarify if WBV shows potential as rehabilitative therapy for PD patients. (2) Methods: We searched several databases for controlled trials investigating the effects of WBV (1) on PD populations and (2) PD neuropathological mechanisms. We included both human and animal studies and performed meta-analyses. (3) Results: The studies on PD populations (14 studies) show an overall significant, but small, effect in favor of WBV (Hedges' g = 0.28), for which the effects on stability (Hedges' g = 0.39) and balance (Hedges' g = 0.30) are the most prominent. The studies on the neuropathological mechanisms (18 studies) show WBV effects on neuroinflammation (Hedges' g = -1.12) and several specific WBV effects on neurotransmitter systems, growth factors, neurogenesis, synaptic plasticity and oxidative stress. (4) Conclusions: The effects of WBV on human PD patients remains inconclusive. Nevertheless, WBV protocols with sufficient duration (≥3 weeks), session frequency (≥3 sessions/week) and vibration frequency (≥20 Hz) show potential as a treatment method, especially for motor function. The potential of WBV for PD patients is confirmed by the effects on the neuropathological mechanisms in mostly non-PD populations. We recommend high-quality future studies on both PD patients and PD mouse models to optimize WBV protocols and to examine the neuropathological mechanisms in PD populations.",https://pubmed.ncbi.nlm.nih.gov/36009865/,,https://europepmc.org/articles/PMC9405106?pdf=render,stroke,(Stroke[MeSH] OR stroke[tiab] OR brain ischemia[tiab] OR cerebrovascular[tiab]) AND (treatment[tiab] OR intervention[tiab] OR therapy[tiab]),2026-08-05T18:00:54+00:00,,,,,
PMID_36530099,EuropePMC,36530099,PMC9837692,10.3233/nre-220149,Effects of robotic upper limb treatment after stroke on cognitive patterns: A systematic review.,"Bressi F, Cricenti L, Campagnola B, Bravi M, Miccinilli S, Santacaterina F, Sterzi S, Straudi S, Agostini M, Paci M, Casanova E, Marino D, La Rosa G, Giansanti D, Perrero L, Battistini A, Filoni S, Sicari M, Petrozzino S, Solaro CM, Gargano S, Benanti P, Boldrini P, Bonaiuti D, Castelli E, Draicchio F, Falabella V, Galeri S, Gimigliano F, Grigioni M, Mazzoleni S, Mazzon S, Molteni F, Petrarca M, Picelli A, Posteraro F, Senatore M, Turchetti G, Morone G, Gallotti M, Germanotta M, Aprile I, Working Group Upper Limb “CICERONE” Italian Consensus Conference On Robotic In Neurorehabilitation.",,2022,"<h4>Background</h4>Robotic therapy (RT) has been internationally recognized for the motor rehabilitation of the upper limb. Although it seems that RT can stimulate and promote neuroplasticity, the effectiveness of robotics in restoring cognitive deficits has been considered only in a few recent studies.<h4>Objective</h4>To verify whether, in the current state of the literature, cognitive measures are used as inclusion or exclusion criteria and/or outcomes measures in robotic upper limb rehabilitation in stroke patients.<h4>Methods</h4>The systematic review was conducted according to PRISMA guidelines. Studies eligible were identified through PubMed/MEDLINE and Web of Science from inception to March 2021.<h4>Results</h4>Eighty-one studies were considered in this systematic review. Seventy-three studies have at least a cognitive inclusion or exclusion criteria, while only seven studies assessed cognitive outcomes.<h4>Conclusion</h4>Despite the high presence of cognitive instruments used for inclusion/exclusion criteria their heterogeneity did not allow the identification of a guideline for the evaluation of patients in different stroke stages. Therefore, although the heterogeneity and the low percentage of studies that included cognitive outcomes, seemed that the latter were positively influenced by RT in post-stroke rehabilitation. Future larger RCTs are needed to outline which cognitive scales are most suitable and their cut-off, as well as what cognitive outcome measures to use in the various stages of post-stroke rehabilitation.",https://pubmed.ncbi.nlm.nih.gov/36530099/,,https://content.iospress.com:443/download/neurorehabilitation/nre220149?id=neurorehabilitation%2Fnre220149,stroke,(Stroke[MeSH] OR stroke[tiab] OR brain ischemia[tiab] OR cerebrovascular[tiab]) AND (treatment[tiab] OR intervention[tiab] OR therapy[tiab]),2026-08-05T18:00:54+00:00,,,,,
PMID_35641913,EuropePMC,35641913,PMC9152837,10.1186/s12884-022-04751-7,Self-monitoring of blood pressure among women with hypertensive disorders of pregnancy: a systematic review.,"Yeh PT, Rhee DK, Kennedy CE, Zera CA, Lucido B, Tunçalp Ö, Gomez Ponce de Leon R, Narasimhan M.",,2022,"<h4>Background</h4>The World Health Organization (WHO) recommends self-monitoring of blood pressure (SMBP) for hypertension management. In addition, during the COVID-19 response, WHO guidance also recommends SMBP supported by health workers although more evidence is needed on whether SMBP of pregnant individuals with hypertension (gestational hypertension, chronic hypertension, or pre-eclampsia) may assist in early detection of pre-eclampsia, increase end-user autonomy and empowerment, and reduce health system burden. To expand the evidence base for WHO guideline on self-care interventions, we conducted a systematic review of SMBP during pregnancy on maternal and neonatal outcomes.<h4>Methods</h4>We searched for publications that compared SMBP with clinic-based monitoring during antenatal care. We included studies measuring any of the following outcomes: maternal mortality, pre-eclampsia, long-term risk and complications, autonomy, HELLP syndrome, C-section, antenatal hospital admission, adverse pregnancy outcomes, device-related issues, follow-up care with appropriate management, mental health and well-being, social harms, stillbirth or perinatal death, birthweight/size for gestational age, and Apgar score. After abstract screening and full-text review, we extracted data using standardized forms and summarized findings. We also reviewed studies assessing values and preferences as well as costs of SMBP.<h4>Results</h4>We identified 6 studies meeting inclusion criteria for the effectiveness of SMBP, 6 studies on values and preferences, and 1 study on costs. All were from high-income countries. Overall, when comparing SMBP with clinic-monitoring, there was no difference in the risks for most of the outcomes for which data were available, though there was some evidence of increased risk of C-section among pregnant women with chronic hypertension. Most end-users and providers supported SMBP, motivated by ease of use, convenience, self-empowerment and reduced anxiety. One study found SMBP would lower health sector costs.<h4>Conclusion</h4>Limited evidence suggests that SMBP during pregnancy is feasible and acceptable, and generally associated with maternal and neonatal health outcomes similar to clinic-based monitoring. However, more research is needed in resource-limited settings.<h4>Systematic review registration</h4>PROSPERO CRD42021233839 .",https://pubmed.ncbi.nlm.nih.gov/35641913/,,https://bmcpregnancychildbirth.biomedcentral.com/counter/pdf/10.1186/s12884-022-04751-7,stroke,(Stroke[MeSH] OR stroke[tiab] OR brain ischemia[tiab] OR cerebrovascular[tiab]) AND (treatment[tiab] OR intervention[tiab] OR therapy[tiab]),2026-08-05T18:00:54+00:00,,,,,
PMID_37681564,EuropePMC,37681564,PMC10486190,10.1002/14651858.cd001888.pub5,Cell salvage for minimising perioperative allogeneic blood transfusion in adults undergoing elective surgery.,"Lloyd TD, Geneen LJ, Bernhardt K, McClune W, Fernquest SJ, Brown T, Dorée C, Brunskill SJ, Murphy MF, Palmer AJ.",,2023,"<h4>Background</h4>Concerns regarding the safety and availability of transfused donor blood have prompted research into a range of techniques to minimise allogeneic transfusion requirements. Cell salvage (CS) describes the recovery of blood from the surgical field, either during or after surgery, for reinfusion back to the patient.<h4>Objectives</h4>To examine the effectiveness of CS in minimising perioperative allogeneic red blood cell transfusion and on other clinical outcomes in adults undergoing elective or non-urgent surgery.<h4>Search methods</h4>We searched CENTRAL, MEDLINE, Embase, three other databases and two clinical trials registers for randomised controlled trials (RCTs) and systematic reviews from 2009 (date of previous search) to 19 January 2023, without restrictions on language or publication status.<h4>Selection criteria</h4>We included RCTs assessing the use of CS compared to no CS in adults (participants aged 18 or over, or using the study's definition of adult) undergoing elective (non-urgent) surgery only.<h4>Data collection and analysis</h4>We used standard methodological procedures expected by Cochrane.<h4>Main results</h4>We included 106 RCTs, incorporating data from 14,528 participants, reported in studies conducted in 24 countries. Results were published between 1978 and 2021. We analysed all data according to a single comparison: CS versus no CS. We separated analyses by type of surgery. The certainty of the evidence varied from very low certainty to high certainty. Reasons for downgrading the certainty included imprecision (small sample sizes below the optimal information size required to detect a difference, and wide confidence intervals), inconsistency (high statistical heterogeneity), and risk of bias (high risk from domains including sequence generation, blinding, and baseline imbalances). Aggregate analysis (all surgeries combined: primary outcome only) Very low-certainty evidence means we are uncertain if there is a reduction in the risk of allogeneic transfusion with CS (risk ratio (RR) 0.65, 95% confidence interval (CI) 0.59 to 0.72; 82 RCTs, 12,520 participants). Cancer: 2 RCTs (79 participants) Very low-certainty evidence means we are uncertain whether there is a difference for mortality, blood loss, infection, or deep vein thrombosis (DVT). There were no analysable data reported for the remaining outcomes. Cardiovascular (vascular): 6 RCTs (384 participants) Very low- to low-certainty evidence means we are uncertain whether there is a difference for most outcomes. No data were reported for major adverse cardiovascular events (MACE). Cardiovascular (no bypass): 6 RCTs (372 participants) Moderate-certainty evidence suggests there is probably a reduction in risk of allogeneic transfusion with CS (RR 0.82, 95% CI 0.69 to 0.97; 3 RCTs, 169 participants). Very low- to low-certainty evidence means we are uncertain whether there is a difference for volume transfused, blood loss, mortality, re-operation for bleeding, infection, wound complication, myocardial infarction (MI), stroke, and hospital length of stay (LOS). There were no analysable data reported for thrombosis, DVT, pulmonary embolism (PE), and MACE. Cardiovascular (with bypass): 29 RCTs (2936 participants) Low-certainty evidence suggests there may be a reduction in the risk of allogeneic transfusion with CS, and suggests there may be no difference in risk of infection and hospital LOS. Very low- to moderate-certainty evidence means we are uncertain whether there is a reduction in volume transfused because of CS, or if there is any difference for mortality, blood loss, re-operation for bleeding, wound complication, thrombosis, DVT, PE, MACE, and MI, and probably no difference in risk of stroke. Obstetrics: 1 RCT (1356 participants) High-certainty evidence shows there is no difference between groups for mean volume of allogeneic blood transfused (mean difference (MD) -0.02 units, 95% CI -0.08 to 0.04; 1 RCT, 1349 participants). Low-certainty evidence suggests there may be no difference for risk of allogeneic transfusion. There were no analysable data reported for the remaining outcomes. Orthopaedic (hip only): 17 RCTs (2055 participants) Very low-certainty evidence means we are uncertain if CS reduces the risk of allogeneic transfusion, and the volume transfused, or if there is any difference between groups for mortality, blood loss, re-operation for bleeding, infection, wound complication, prosthetic joint infection (PJI), thrombosis, DVT, PE, stroke, and hospital LOS. There were no analysable data reported for MACE and MI. Orthopaedic (knee only): 26 RCTs (2568 participants) Very low- to low-certainty evidence means we are uncertain if CS reduces the risk of allogeneic transfusion, and the volume transfused, and whether there is a difference for blood loss, re-operation for bleeding, infection, wound complication, PJI, DVT, PE, MI, MACE, stroke, and hospital LOS. There were no analysable data reported for mortality and thrombosis. Orthopaedic (spine only): 6 RCTs (404 participants) Moderate-certainty evidence suggests there is probably a reduction in the need for allogeneic transfusion with CS (RR 0.44, 95% CI 0.31 to 0.63; 3 RCTs, 194 participants). Very low- to moderate-certainty evidence suggests there may be no difference for volume transfused, blood loss, infection, wound complication, and PE. There were no analysable data reported for mortality, re-operation for bleeding, PJI, thrombosis, DVT, MACE, MI, stroke, and hospital LOS. Orthopaedic (mixed): 14 RCTs (4374 participants) Very low- to low-certainty evidence means we are uncertain if there is a reduction in the need for allogeneic transfusion with CS, or if there is any difference between groups for volume transfused, mortality, blood loss, infection, wound complication, PJI, thrombosis, DVT, MI, and hospital LOS. There were no analysable data reported for re-operation for bleeding, MACE, and stroke.<h4>Authors' conclusions</h4>In some types of elective surgery, cell salvage may reduce the need for and volume of allogeneic transfusion, alongside evidence of no difference in adverse events, when compared to no cell salvage. Further research is required to establish why other surgeries show no benefit from CS, through further analysis of the current evidence. More large RCTs in under-reported specialities are needed to expand the evidence base for exploring the impact of CS.",https://pubmed.ncbi.nlm.nih.gov/37681564/,,https://europepmc.org/articles/PMC10486190?pdf=render,stroke,(Stroke[MeSH] OR stroke[tiab] OR brain ischemia[tiab] OR cerebrovascular[tiab]) AND (treatment[tiab] OR intervention[tiab] OR therapy[tiab]),2026-08-05T18:00:54+00:00,,,,,
PMID_34946431,EuropePMC,34946431,PMC8701815,10.3390/healthcare9121705,Effect of Transcranial Direct Current Stimulation Combined with Rehabilitation on Arm and Hand Function in Stroke Patients: A Systematic Review and Meta-Analysis.,"Lee JH, Jeun YJ, Park HY, Jung YJ.",,2021,"Transcranial direct current stimulation (tDCS) is a noninvasive brain stimulation technique that may enhance motor recovery after stroke. We performed a systematic review and meta-analysis to assess the efficacy of tDCS combined with rehabilitation on arm and hand function after stroke. Electronic databases were searched from their inception to September 2021. We performed a systematic review of selected randomized controlled trials, and methodological qualities were measured using the PEDro (Physiotherapy Evidence Database) scale. We calculated the standardized mean difference for effect size using the Comprehensive Meta-Analysis 3.0 software. We selected 28 studies for the systematic review and 20 studies for the meta-analysis. The overall effect size was 0.480 (95% CI [0.307; 0.653], <i>p</i> < 0.05), indicating a moderate effect size of tDCS combined with rehabilitation for upper extremity function in stroke survivors. The tDCS with occupational therapy/physical therapy (0.696; 95% CI [0.390; 1.003], <i>p</i> < 0.05) or virtual reality therapy (0.510; 95% CI [0.111; 0.909], <i>p</i> < 0.05) was also significantly more effective than other treatments. This meta-analysis of 20 randomized controlled trials provides further evidence that tDCS combined with rehabilitation, especially occupational therapy/physical therapy and virtual reality therapy, may benefit upper extremity function of the paretic upper limb in stroke patients.",https://pubmed.ncbi.nlm.nih.gov/34946431/,,https://www.mdpi.com/2227-9032/9/12/1705/pdf?version=1638967779,stroke,(Stroke[MeSH] OR stroke[tiab] OR brain ischemia[tiab] OR cerebrovascular[tiab]) AND (treatment[tiab] OR intervention[tiab] OR therapy[tiab]),2026-08-05T18:00:54+00:00,,,,,
PMID_35146474,EuropePMC,35146474,PMC8802041,10.1016/j.lanepe.2022.100308,Impact of socioeconomic position on initiation of SGLT-2 inhibitors or GLP-1 receptor agonists in patients with type 2 diabetes - a Danish nationwide observational study.,"Falkentoft AC, Andersen J, Malik ME, Selmer C, Gæde PH, Staehr PB, Hlatky MA, Fosbøl E, Køber L, Torp-Pedersen C, Gislason GH, Gerds TA, Schou M, Bruun NE, Ruwald AC.",,2022,"<h4>Background</h4>Low socioeconomic position may affect initiation of sodium-glucose cotransporter-2 inhibitors (SGLT-2i) and glucacon-like-peptide-1 receptor agonists (GLP-1RA) among patients with type 2 diabetes (T2D). We examined the association between socioeconomic position and initiation of SGLT-2i or GLP-1RA in patients with T2D at time of first intensification of antidiabetic treatment.<h4>Methods</h4>Through nationwide registers, we identified all Danish patients on metformin who initiated second-line add-on therapy between December 10, 2012, and December 31, 2020. For each time period (2012-2014, 2015-2017, and 2018-2020), we used multivariable multinomial logistic regression to associate disposable income, as proxy for socioeconomic position, with the probability of initiating a specific second-line treatment at time of first intensification. We reported probabilities standardised to the distribution of demographics and comorbidities of patients included in the last period (2018-2020).<h4>Findings</h4>We included 48915 patients (median age 62 years; 61·7% men). In each time period, high-income patients were more often men and had less comorbidities as compared with low income-patients. In each time period, the standardised probability of initiating a SGLT-2i or a GLP-1RA was significantly higher in the highest income group compared with the lowest: 11·4% vs. 9·5% (probability ratio [PR] 1·21, 95 % confidence interval [CI] 1·01-1·44) in 2012-2014; 22·6% vs. 19.6% (PR 1·15, CI 1·05-1·27) in 2015-2017; and 65·8% vs. 54·8% (PR 1·20, CI 1·16-1·24) in 2018-2020. The differences by income were consistent across multiple subgroups.<h4>Interpretation</h4>Despite a universal healthcare system, low socioeconomic position was consistently associated with a lower probability of initiating a SGLT-2i or a GLP-1RA. These disparities may widen the future socioeconomic gap in cardiovascular outcomes.<h4>Funding</h4>The work was funded by unrestricted grants from 'Region Sjaelland Den Sundhedsvidenskabelige Forskningsfond' and 'Murermester Lauritz Peter Christensen og hustru Kirsten Sigrid Christensens Fond'.",https://pubmed.ncbi.nlm.nih.gov/35146474/,,https://europepmc.org/articles/PMC8802041?pdf=render,stroke,(Stroke[MeSH] OR stroke[tiab] OR brain ischemia[tiab] OR cerebrovascular[tiab]) AND (treatment[tiab] OR intervention[tiab] OR therapy[tiab]),2026-08-05T18:00:54+00:00,,,,,
PMID_34215597,EuropePMC,34215597,PMC8256738,10.1136/bmjopen-2020-044288,Phenotypes of atrial fibrillation diagnosed before-versus-after ischaemic stroke and TIA: study protocol for a systematic review and meta-analysis.,"Jimenez-Ruiz A, Vargas-Gonzalez JC, Fridman S, Sposato LA.",,2021,"<h4>Introduction</h4>The underlying pathophysiology of atrial fibrillation (AF) detected after stroke (AFDAS) is relatively unknown. Preliminary evidence suggests AFDAS has a lower prevalence of cardiovascular comorbidities and higher incidence of insular cortex involvement than AF known to exist before stroke occurrence (KAF). This favours a neurogenic AF substrate (autonomic dysregulation) in which the presence of underlying heart disease is not necessary for AF to occur. The main objective of this systematic review and meta-analysis is to compare the prevalence of cardiovascular comorbidities and echocardiographic abnormalities in patients with AFDAS, KAF and no AF (NAF). Secondary objectives are to compare the proportion with insular cortex involvement, stroke recurrence and death in the three rhythm groups.<h4>Methods and analysis</h4>We will perform a systematic review including cross-sectional, case-control, cohort studies and clinical trials involving ≥18 years patients, with ischaemic stroke or transient ischaemic attack published between inception and 31 December 2020 in any language, and reporting the proportion of patients with AFDAS, KAF and NAF. We will search PubMed, EMBASE and Scopus by applying predefined search terms. Two reviewers will independently screen titles and abstracts and retrieve full texts, extract data in a predesigned form, and assess the risk of bias. We will perform a meta-analysis of all included studies and we will report the results of the main outcome as proportions. We will report results of secondary outcomes as risk ORs. We will estimate heterogeneity across studies by using t<sup>2</sup>, Q and I<sup>2</sup> measures. We will use funnel plots, Rosenthal's Fail-Safe N and Egger's regression intercept to assess publication bias.<h4>Ethics and dissemination</h4>This study will be based on published data and does therefore not require ethical clearance. The results will be published in peer-reviewed journals.<h4>Prospero registration number</h4>CRD42020202622.",https://pubmed.ncbi.nlm.nih.gov/34215597/,,https://bmjopen.bmj.com/content/bmjopen/11/7/e044288.full.pdf,stroke,(Stroke[MeSH] OR stroke[tiab] OR brain ischemia[tiab] OR cerebrovascular[tiab]) AND (treatment[tiab] OR intervention[tiab] OR therapy[tiab]),2026-08-05T18:00:54+00:00,,,,,
PMID_37181679,EuropePMC,37181679,PMC10175014,10.1155/2023/4312489,Evaluation on the Efficacy and Safety of Panax Notoginseng Saponins in the Treatment of Stroke among Elderly People: A Systematic Review and Meta-Analysis of 206 Randomized Controlled Trials.,"Guan P, Gui D, Xu Y.",,2023,"<h4>Background</h4>Evidence regarding the effect of Panax notoginseng saponins (PNS) on treating elderly stroke patients is scare and inconsistent. This study investigated the efficacy and safety of PNS by means of meta-analysis so as to provide an evidence-based reference for the treatment of elderly patients with stroke.<h4>Methods</h4>We searched the PubMed, Embase, Cochrane Library, Web of Science, CNKI, VIP, Wanfang, and China Biomedical Database to identify the eligible randomized controlled trials (RCTs) concerning using PNS to treat elderly people with stroke from their inception to first, May 2022. Meta-analysis was used for pool analysis of the included studies, whose quality was assessed via Cochrane Collaboration's RCT risk of bias tool.<h4>Results</h4>Altogether 206 studies published between 1999 and 2022 with a low risk of bias were included, covering 21,759 participants. The results showed that the improved neurological status shown in the intervention group with PNS alone was statistically significant (SMD = -0.826, 95% CI: -0.946 to -0.707) in contrast to the control group. The total clinical efficacy (Relative risk (RR) = 1.197, 95% Confidence interval (CI): 1.165 to 1.229) and daily living activities (SMD = 1.675, 95% C: 1.218 to 2.133) of elderly stroke patients were significantly improved as well. In addition, the invention group using PNS combined with WM/TAU displayed significant improvement in neurological status (SMD = -1.142, 95% CI: -1.295 to -0.990) and the total clinical efficacy (RR = 1.191, 95% CI: 1.165 to 1.217) compared with the control group.<h4>Conclusion</h4>Single PNS intervention or PNS combined with WM/TAU significantly improves the neurological status, the overall clinical efficacy and daily living activities of elderly stroke patients. However, more multicenter RCT research with high quality is required in the future to verify the results in this study. The trial registration number: Inplasy protocol 202330042. doi:10.37766/inplasy2023.3.0042.",https://pubmed.ncbi.nlm.nih.gov/37181679/,,https://downloads.hindawi.com/journals/ecam/2023/4312489.pdf,stroke,(Stroke[MeSH] OR stroke[tiab] OR brain ischemia[tiab] OR cerebrovascular[tiab]) AND (treatment[tiab] OR intervention[tiab] OR therapy[tiab]),2026-08-05T18:00:54+00:00,,,,,
PMID_33209971,EuropePMC,33209971,PMC7657196,10.1002/trc2.12056,Canadian Consensus Conference on Diagnosis and Treatment of Dementia (CCCDTD)5: Guidelines for management of vascular cognitive impairment.,"Smith EE, Barber P, Field TS, Ganesh A, Hachinski V, Hogan DB, Lanctôt KL, Lindsay MP, Sharma M, Swartz RH, Ismail Z, Gauthier S, Black SE.",,2020,"<h4>Introduction</h4>Vascular disease is a common cause of dementia, and often coexists with other brain pathologies such as Alzheimer's disease to cause mixed dementia. Many of the risk factors for vascular disease are treatable. Our objective was to review evidence for diagnosis and treatment of vascular cognitive impairment (VCI) to issue recommendations to clinicians.<h4>Methods</h4>A subcommittee of the Canadian Consensus Conference on Diagnosis and Treatment of Dementia (CCCDTD) reviewed areas of emerging evidence. The Grading of Recommendations Assessment, Development, and Evaluation (GRADE) system was used to assign the quality of the evidence and strength of the recommendations.<h4>Results</h4>Using standardized diagnostic criteria, managing hypertension to conventional blood pressure targets, and reducing risk for stroke are strongly recommended. Intensive blood pressure lowering in middle-aged adults with vascular risk factors, using acetylsalicylic acid in persons with VCI and covert brain infarctions but not if only white matter lesions are present, and using cholinesterase inhibitors are weakly recommended.<h4>Conclusions</h4>The CCCDTD has provided evidence-based recommendations for diagnosis and management of VCI for use nationally in Canada, that may also be of use worldwide.",https://pubmed.ncbi.nlm.nih.gov/33209971/,,https://onlinelibrary.wiley.com/doi/pdfdirect/10.1002/trc2.12056,stroke,(Stroke[MeSH] OR stroke[tiab] OR brain ischemia[tiab] OR cerebrovascular[tiab]) AND (treatment[tiab] OR intervention[tiab] OR therapy[tiab]),2026-08-05T18:00:54+00:00,,,,,
PMID_36982324,EuropePMC,36982324,PMC10049047,10.3390/ijms24065250,Minocycline as Treatment for Psychiatric and Neurological Conditions: A Systematic Review and Meta-Analysis.,"Panizzutti B, Skvarc D, Lin S, Croce S, Meehan A, Bortolasci CC, Marx W, Walker AJ, Hasebe K, Kavanagh BE, Morris MJ, Mohebbi M, Turner A, Gray L, Berk L, Walder K, Berk M, Dean OM.",,2023,"Minocycline has anti-inflammatory, antioxidant, and anti-apoptotic properties that explain the renewed interest in its use as an adjunctive treatment for psychiatric and neurological conditions. Following the completion of several new clinical trials using minocycline, we proposed an up-to-date systematic review and meta-analysis of the data available. The PICO (patient/population, intervention, comparison and outcomes) framework was used to search 5 databases aiming to identify randomized controlled trials that used minocycline as an adjunctive treatment for psychiatric and neurological conditions. Search results, data extraction, and risk of bias were performed by two independent authors for each publication. Quantitative meta-analysis was performed using RevMan software. Literature search and review resulted in 32 studies being included in this review: 10 in schizophrenia, 3 studies in depression, and 7 in stroke, with the benefit of minocycline being used in some of the core symptoms evaluated; 2 in bipolar disorder and 2 in substance use, without demonstrating a benefit for using minocycline; 1 in obsessive-compulsive disorder, 2 in brain and spinal injuries, 2 in amyotrophic lateral sclerosis, 1 in Alzheimer's disease, 1 in multiple systems atrophy, and 1 in pain, with mixes results. For most of the conditions included in this review the data is still limited and difficult to interpret, warranting more well-designed and powered studies. On the other hand, the studies available for schizophrenia seem to suggest an overall benefit favoring the use of minocycline as an adjunctive treatment.",https://pubmed.ncbi.nlm.nih.gov/36982324/,,https://www.mdpi.com/1422-0067/24/6/5250/pdf?version=1678353838,stroke,(Stroke[MeSH] OR stroke[tiab] OR brain ischemia[tiab] OR cerebrovascular[tiab]) AND (treatment[tiab] OR intervention[tiab] OR therapy[tiab]),2026-08-05T18:00:54+00:00,,,,,
PMID_33488786,EuropePMC,33488786,PMC7768583,10.1177/1759720x20981219,"Osteoarthritis, mobility-related comorbidities and mortality: an overview of meta-analyses.","Constantino de Campos G, Mundi R, Whittington C, Toutounji MJ, Ngai W, Sheehan B.",,2020,"<h4>Aims</h4>The objective of this review was to examine the relationship between osteoarthritis (OA) and mobility-related comorbidities, specifically diabetes mellitus (DM) and cardiovascular disease (CVD). It also investigated the relationship between OA and mortality.<h4>Methods</h4>An overview of meta-analyses was conducted by performing two targeted searches from inception to June 2020. The association between OA and (i) DM or CVD (<i>via</i> PubMed and Embase); and (ii) mortality (<i>via</i> PubMed) was investigated. Meta-analyses were selected if they included studies that examined adults with OA at any site and reported associations between OA and DM, CVD, or mortality. Evidence was synthesized qualitatively.<h4>Results</h4>Six meta-analyses met inclusion criteria. One meta-analysis of 20 studies demonstrated a statistically significant association between OA and DM, with pooled odds ratio of 1.41 (95% confidence interval: 1.21, 1.65; <i>n</i> = 1,040,175 patients). One meta-analysis of 15 studies demonstrated significantly increased risk of CVD among OA patients, with a pooled risk ratio of 1.24 (1.12, 1.37, <i>n</i> = 358,944 patients). Stratified by type of CVD, OA was shown to be associated with increased heart failure (HF) and ischemic heart disease (IHD) and reduced transient ischemic attack (TIA). There was no association reported for stroke or myocardial infarction (MI). Three meta-analyses did not find a significant association between OA (any site) and all-cause mortality. However, OA was found to be significantly associated with cardiovascular-related death across two meta-analyses.<h4>Conclusion</h4>The identified meta-analyses reported significantly increased risk of both DM and CVD (particularly, HF and IHD) among OA patients. It was not possible to confirm consistent directional or causal relationships. OA was found to be associated with increased mortality, but mostly in relation to CVD-related mortality, suggesting that further study is warranted in this area.",https://pubmed.ncbi.nlm.nih.gov/33488786/,,https://journals.sagepub.com/doi/pdf/10.1177/1759720X20981219,stroke,(Stroke[MeSH] OR stroke[tiab] OR brain ischemia[tiab] OR cerebrovascular[tiab]) AND (treatment[tiab] OR intervention[tiab] OR therapy[tiab]),2026-08-05T18:00:54+00:00,,,,,
PMID_34957873,EuropePMC,34957873,PMC9429825,10.1177/01640275211053239,The Impact of Ambulatory Dementia Care Models on Hospitalization of Persons Living With Dementia: A Systematic Review.,"Hovsepian V, Bilazarian A, Schlak AE, Sadak T, Poghosyan L.",,2022,"This systematic review presents an overview of the existing dementia care models in various ambulatory care settings under three categories (i.e., home- and community-based care models, partnership between health systems and community-based resources, and consultation models) and their impact on hospitalization among Persons Living with Dementia (PLWD). PRISMA guidelines were applied, and our search resulted in a total of 13 studies focusing on 11 care models. Seven studies reported that utilization of dementia care models was associated with a modest reduction in hospitalization among community-residing PLWD. Only two studies reported statistically significant results. Dementia care models that were utilized in specialty ambulatory care settings such as memory care showed more promising results than traditional primary care. To develop a better understanding of how dementia care models can be improved, future studies should explore how confounders (e.g., stage of dementia) influence hospitalization.",https://pubmed.ncbi.nlm.nih.gov/34957873/,,https://europepmc.org/articles/PMC9429825?pdf=render,stroke,(Stroke[MeSH] OR stroke[tiab] OR brain ischemia[tiab] OR cerebrovascular[tiab]) AND (treatment[tiab] OR intervention[tiab] OR therapy[tiab]),2026-08-05T18:00:54+00:00,,,,,
PMID_35585618,EuropePMC,35585618,PMC9118621,10.1186/s12903-022-02210-5,"Tooth retention, health, and quality of life in older adults: a scoping review.","Atanda AJ, Livinski AA, London SD, Boroumand S, Weatherspoon D, Iafolla TJ, Dye BA.",,2022,"<h4>Objective</h4>This scoping review describes the relationship between tooth retention, health, and quality of life in older adults.<h4>Methods</h4>Seven databases were searched for English language articles for subjects ≥ 65 y from 1981 to 2021. Exposure was tooth retention (≥ 20), and outcomes were general/systemic health and quality of life. Methodological quality was assessed using the Newcastle-Ottawa Scale and Cochrane Risk of Bias 2.0 tool.<h4>Results</h4>140 articles were included, only four were randomized trials. Inter-rater agreement (κ) regarding study inclusion was 0.924. Most were assessed with low risk of bias (n = 103) and of good quality (n = 96). Most studies were conducted in Japan (n = 60) and Europe (n = 51) and only nine in the US. Tooth retention was referred to as ""functional dentition"" in 132 studies and ""shortened dental arch"" in 19 studies. Study outcomes were broadly synthesized as (1) cognitive decline/functional dependence, (2) health status/chronic diseases, (3) nutrition, and (4) quality of life.<h4>Discussion</h4>There is a positive relationship between tooth retention, overall health, and quality of life. Older adults retaining ≥ 20 teeth are less likely to experience poorer health. Having < 20 teeth increases the likelihood for functional dependence and onset of disability, and may affect successful ageing. This review supports the general finding that the more teeth older adults retain as they age, the less likely they are to have adverse health outcomes. However, significant knowledge gaps remain which can limit decision-making affecting successful ageing for many older adults. This review highlights the need to consider, as an important marker of oral health and function, the retention of a functional minimum of a natural dentition, rather than a simple numeric score of missing teeth.",https://pubmed.ncbi.nlm.nih.gov/35585618/,,https://bmcoralhealth.biomedcentral.com/track/pdf/10.1186/s12903-022-02210-5,stroke,(Stroke[MeSH] OR stroke[tiab] OR brain ischemia[tiab] OR cerebrovascular[tiab]) AND (treatment[tiab] OR intervention[tiab] OR therapy[tiab]),2026-08-05T18:00:54+00:00,,,,,
PMID_34840581,EuropePMC,34840581,PMC8616672,10.1155/2021/1101101,Comparison of Different Physical Therapies Combined with Acupuncture for Poststroke Cognitive Impairment: a Network Meta-Analysis.,"Li RY, Huang RJ, Yu Q.",,2021,"<h4>Objective</h4>Physical therapy combined with acupuncture is the current research hotspot in the treatment of poststroke cognitive impairment, but which combination treatment is the best is still controversial. Based on the network meta-analysis method, we evaluated the efficacy of various physical therapies combined with acupuncture for the treatment of poststroke cognitive impairment.<h4>Methods</h4>We retrieved diverse randomized controlled trials of various physical therapies combined with acupuncture for the treatment of cognitive dysfunction after stroke. We selected studies, extracted data, and evaluated the risk of literature bias for the included randomized controlled trials. We used STATA 14.0 for the current network meta-analysis.<h4>Results</h4>Fifteen randomized controlled trials involving 1288 patients were included, which involved 7 treatment plans that included 3 control treatment plans and 4 acupuncture treatment plans combined with physical therapy. The best treatment plan for improving the Mini-Mental State Examination score of poststroke cognitive impairment is acupuncture combined with hyperbaric oxygen therapy. The best treatment option for improving the Montreal Cognitive Assessment score of poststroke cognitive impairment is acupuncture combined with hyperbaric oxygen therapy. The best option for improving the Barthel index score of poststroke cognitive impairment is acupuncture combined with transcranial magnetic stimulation. In terms of improving the overall clinical effectiveness of poststroke cognitive impairment, the best treatment option is acupuncture combined with transcranial magnetic stimulation.<h4>Conclusion</h4>The analysis of all the results shows that acupuncture combined with hyperbaric oxygen therapy can significantly improve poststroke cognitive impairment compared with other combined treatments. However, due to the overall quality and quantity of the included studies, more randomized controlled trials focusing on clinical research on acupuncture combined with physical therapy for poststroke cognitive impairment are required to support the current evidence. This trial is registered with CRD42020200092.",https://pubmed.ncbi.nlm.nih.gov/34840581/,,https://downloads.hindawi.com/journals/ecam/2021/1101101.pdf,stroke,(Stroke[MeSH] OR stroke[tiab] OR brain ischemia[tiab] OR cerebrovascular[tiab]) AND (treatment[tiab] OR intervention[tiab] OR therapy[tiab]),2026-08-05T18:00:54+00:00,,,,,
PMID_33437696,EuropePMC,33437696,PMC7791287,10.4103/ajm.ajm_40_20,Safety and efficacy of dual versus triple antithrombotic therapy in Patients with atrial fibrillation undergoing percutaneous coronary intervention: A meta-analysis.,"Moustafa A, Khan MS, Marei A, Alsamman MA, Baig M, Saad M.",,2020,"<h4>Background</h4>Patients with atrial fibrillation undergoing percutaneous coronary intervention have indications for oral anticoagulation and dual antiplatelet therapy (DAPT) with aspirin and a P2Y12 receptor inhibitor. The concurrent use of all three agents, termed triple oral antithrombotic therapy (TAT), increases the risk of bleeding. A number of prospective trials showed that the omission of aspirin mitigates the risk of bleeding without affecting major adverse cardiovascular event (MACE).<h4>Materials and methods</h4>The databases of PubMed, Embase, and Cochrane Central databases were searched from inception to October 2019. Relevant randomized control trials comparing dual antithrombotic therapy (DAT) versus TAT were identified and a metanalysis was performed using random-effect model. The safety endpoints of interest were thrombolysis in myocardial infarction criteria (TIMI) major and minor bleeding, TIMI major bleeding, and intracranial bleeding. The efficacy endpoints of interest were MACE and individual components of MACE.<h4>Results</h4>Six trials with 11,722 patients were included. For safety endpoint, DAT was associated with significantly lower incidence of TIMI major and minor bleeding [RR: 0.58, 95% CI 0.44-0.77, <i>P</i> = 0.0001], TIMI major bleeding [RR: 0.55, 95% CI 0.42-0.73, <i>P</i> < 0.0001] as well as intracranial bleeding [RR: 0.35, 95% CI 0.16-0.73, <i>P</i> = 0.006] compared with TAT. No significant difference was observed for MACE [RR: 0.96 (0.79-1.17) <i>P</i> = 0.71] or any of the individual components of MACE between the two groups.<h4>Conclusion</h4>Omission of aspirin from TAT in patients with Atrial Fibrillation (AF) after percutaneous coronary intervention is associated with lower risk of bleeding without compromising the efficacy in terms of mortality and cardiovascular thrombotic events.",https://pubmed.ncbi.nlm.nih.gov/33437696/,,http://www.thieme-connect.de/products/ejournals/pdf/10.4103/ajm.ajm_40_20.pdf,stroke,(Stroke[MeSH] OR stroke[tiab] OR brain ischemia[tiab] OR cerebrovascular[tiab]) AND (treatment[tiab] OR intervention[tiab] OR therapy[tiab]),2026-08-05T18:00:54+00:00,,,,,
PMID_32778066,EuropePMC,32778066,PMC7418438,10.1186/s12883-020-01865-3,Efficacy of adipose derived stem cells on functional and neurological improvement following ischemic stroke: a systematic review and meta-analysis.,"Yousefifard M, Shamseddin J, Babahajian A, Sarveazad A.",,2020,"<h4>Background</h4>The evidence on the efficacy of adipose derived stem cells (ADSCs) in the treatment of stroke is controversial. Therefore, the aim of present systematic review and meta-analysis is to evaluate the efficacy of ADSCs administration in the treatment of animal models of ischemic stroke.<h4>Methods</h4>An extensive search was performed on electronic databases of Medline, Embase, Scopus, CENTRAL and Web of Science until December 31, 2018. Animal studies that used ADSCs in treatment of ischemic stroke were included. The data were recorded as mean and standard deviation and then a pooled standardized mean difference (SMD) with 95% confidence interval (95% CI) was reported.<h4>Results</h4>Twenty articles were included in the present meta-analysis. It was observed that administration of ADSCs improves motor function (SMD = 2.52, 95% CI: 1.67 to 3.37, p < 0.0001) and neurological status (SMD = 2.05, 95% CI: 1.33 to 2.78, p < 0.0001) in animals following an ischemic stroke. Multivariate meta-regression showed the model of stroke induction (p = 0.017) and the number of transplanted cells (p = 0.007) affect the efficacy of ADSCs administration on motor function improvement following the stroke.<h4>Conclusion</h4>Moderate to high levels of evidence indicate a strong efficacy of ADSCs transplantation on motor function and neurological improvement following ischemic stroke in animal models. However, no reports regarding the dose-response effect of ADSCs administration on stroke exist in the literature. As a result, further pre-clinical studies are recommended to be conducted on the matter.",https://pubmed.ncbi.nlm.nih.gov/32778066/,,https://bmcneurol.biomedcentral.com/track/pdf/10.1186/s12883-020-01865-3,stroke,(Stroke[MeSH] OR stroke[tiab] OR brain ischemia[tiab] OR cerebrovascular[tiab]) AND (treatment[tiab] OR intervention[tiab] OR therapy[tiab]),2026-08-05T18:00:54+00:00,,,,,
PMID_33938167,EuropePMC,33938167,PMC8099580,10.4250/jcvi.2021.0036,Using Cardiac Magnetic Resonance Imaging to Evaluate Patients with Chest Pain in the Emergency Department.,"Cavalier JS, Klem I.",,2021,"Chest pain is one of the most common presenting symptoms in the emergency department (ED). Among patients with abnormal troponins, it is imperative to quickly and accurately distinguish type 1 acute myocardial infarction (AMI) from other etiologies of myocardial injury. Although high-sensitivity troponin assays introduced a high negative predictive value for AMI, they have exposed the need for diagnostic modalities that can determine the etiology of acute myocardial injury. Cardiac magnetic resonance imaging (CMR) is an effective tool to risk stratifying chest pain among patients in the ED. CMR is non-invasive and has a lower cost of care and shorter length of stay compared to those of invasive coronary angiography. It also provides detailed information on cardiac morphology, function, tissue edema, and location and pattern of tissue damage that can help to differentiate many etiologies of cardiac injury. CMR is particularly useful to distinguish chest pain due to type 1 AMI versus supply-demand mismatch due to acute cardiac noncoronary artery disease. A detailed review of the literature has shown that CMR with stress testing is safe to use in patients presenting to the ED with chest pain, with or without abnormal troponins. CMR is a useful, safe, economical, and effective alternative to the traditional diagnostic tools that are typically used in this patient population. It is a practical tool to risk-stratify patients with possible cardiac pathology and to clarify diagnosis without invasive testing.",https://pubmed.ncbi.nlm.nih.gov/33938167/,,https://europepmc.org/articles/PMC8099580?pdf=render,stroke,(Stroke[MeSH] OR stroke[tiab] OR brain ischemia[tiab] OR cerebrovascular[tiab]) AND (treatment[tiab] OR intervention[tiab] OR therapy[tiab]),2026-08-05T18:00:54+00:00,,,,,
PMID_33689754,EuropePMC,33689754,PMC7955774,10.1016/j.avsg.2021.02.008,"Symptomatic Common Carotid Free-Floating Thrombus in a COVID-19 Patient, Case Report and Literature Review.","Cancer-Perez S, Alfayate-García J, Vicente-Jiménez S, Ruiz-Muñoz M, Dhimes-Tejada FP, Gutiérrez-Baz M, Criado-Galan F, Perera-Sabio M, de Benito-Fernández L.",,2021,"Carotid free-floating thrombus is an uncommon entity that usually presents with neurologic symptoms. Crescendo transient ischemic attack is an accepted indication for urgent carotid endarterectomy. COVID-19 is associated with severe thromboembolic complications. We report the case of a 61-year-old man who developed, 2 weeks after the diagnosis of COVID-19, crescendo transient ischemic attack, complicating a large intraluminal floating thrombus within the right common carotid artery. A carotid thromboendarterectomy under local anesthesia, with patch closure was immediately performed without complications. We conducted a literature review to identify cases of common carotid artery thrombus related to COVID-19. Carotid free-floating thrombus in the common carotid artery is exceptional. However, since the beginning of the COVID-19 pandemic, 15 cases have been published.",https://pubmed.ncbi.nlm.nih.gov/33689754/,,http://www.annalsofvascularsurgery.com/article/S0890509621001941/pdf,stroke,(Stroke[MeSH] OR stroke[tiab] OR brain ischemia[tiab] OR cerebrovascular[tiab]) AND (treatment[tiab] OR intervention[tiab] OR therapy[tiab]),2026-08-05T18:00:54+00:00,,,,,
PMID_34724964,EuropePMC,34724964,PMC8561958,10.1186/s13054-021-03799-9,Effect of tranexamic acid on thrombotic events and seizures in bleeding patients: a systematic review and meta-analysis.,"Murao S, Nakata H, Roberts I, Yamakawa K.",,2021,"<h4>Background</h4>Tranexamic acid (TXA) reduces surgical bleeding and reduces death from bleeding after trauma and childbirth. However, its effects on thrombotic events and seizures are less clear. We conducted a systematic review and meta-analysis to examine the safety of TXA in bleeding patients.<h4>Methods</h4>For this systematic review and meta-analysis, we searched MEDLINE, EMBASE and the Cochrane Central Register of Controlled trials from inception until June 1, 2020. We included randomized trials comparing intravenous tranexamic acid and placebo or no intervention in bleeding patients. The primary outcomes were thrombotic events, venous thromboembolism, acute coronary syndrome, stroke and seizures. A meta-analysis was performed using a random effects model and meta-regression analysis was performed to evaluate how effects vary by dose. We assessed the certainty of evidence using the grading of recommendations, assessment, development and evaluations (GRADE) approach.<h4>Results</h4>A total of 234 studies with 102,681 patients were included in the meta-analysis. In bleeding patients, there was no evidence that TXA increased the risk of thrombotic events (RR = 1.00 [95% CI 0.93-1.08]), seizures (1.18 [0.91-1.53]), venous thromboembolism (1.04 [0.92-1.17]), acute coronary syndrome (0.88 [0.78-1.00]) or stroke (1.12 [0.98-1.27]). In a dose-by-dose sensitivity analysis, seizures were increased in patients receiving more than 2 g/day of TXA (3.05 [1.01-9.20]). Meta-regression showed an increased risk of seizures with increased dose of TXA (p = 0.011).<h4>Conclusion</h4>Tranexamic acid did not appear to increase the risk of thrombotic events in bleeding patients. However, because there may be dose-dependent increase in the risk of seizures, very high doses should be avoided.",https://pubmed.ncbi.nlm.nih.gov/34724964/,,https://ccforum.biomedcentral.com/track/pdf/10.1186/s13054-021-03799-9,stroke,(Stroke[MeSH] OR stroke[tiab] OR brain ischemia[tiab] OR cerebrovascular[tiab]) AND (treatment[tiab] OR intervention[tiab] OR therapy[tiab]),2026-08-05T18:00:54+00:00,,,,,
PMID_33178810,EuropePMC,33178810,PMC7607118,10.21037/atm-2020-cass-17,Treatment of the extracranial carotid artery in tandem lesions during endovascular treatment of acute ischemic stroke: a systematic review and meta-analysis.,"Hellegering J, Uyttenboogaart M, Bokkers RPH, El Moumni M, Zeebregts CJ, van der Laan MJ.",,2020,"Endovascular treatment (EVT) is the standard treatment for patients with an acute ischemic stroke due to occlusion of large vessel occlusion (LVO). In 20% of patients, concomitant extracranial internal carotid artery (EICA) lesion is present. These tandem lesions (TL) offer a technical challenge. The treatment strategy for the treatment of the ipsilateral EICA is unclear. The aim of this review is to compare two treatment strategies for TL during EVT: balloon angioplasty (BA) only and immediate carotid artery stenting (iCAS). A systematic review and meta-analysis was performed. Data for each included study was extracted. For comparative studies a meta-analysis was performed. Functional outcome was expressed with the modified Rankin scale and safety endpoints were mortality and symptomatic intracranial hemorrhage (sICH). A total of 72 full text articles evaluating treatment of TL during EVT were screened. Sixteen iCAS and five comparative studies were included for meta-analysis. 53% of patients undergoing iCAS during EVT had good functional outcome in comparison to 45% of patients who underwent only BA. Mortality was comparable at 16% for both groups. The incidences of sICH were 8% and 4% for iCAS and BA respectively. In the meta-analysis, iCAS was associated with good functional outcome, with no significant differences in mortality and sICH with compared to BA. This study shows that treatment with iCAS of a simultaneously ipsilateral EICA lesion during EVT is associated with a favorable functional outcome compared to BA only with no significant difference in mortality or sICH. No conclusion could be drawn about the intracranial or extracranial first approach due to scarce of data. More studies are needed to determine long-term neurological outcomes, the necessity of re-interventions and optimal technical approach (intracranial or extracranial first).",https://pubmed.ncbi.nlm.nih.gov/33178810/,,https://europepmc.org/articles/PMC7607118?pdf=render,stroke,(Stroke[MeSH] OR stroke[tiab] OR brain ischemia[tiab] OR cerebrovascular[tiab]) AND (treatment[tiab] OR intervention[tiab] OR therapy[tiab]),2026-08-05T18:00:54+00:00,,,,,
PMID_33530189,EuropePMC,33530189,PMC7850748,10.1097/md.0000000000023908,Efficacy and safety of massage in the treatment of poststroke depression: A systematic review and meta-analysis of protocols.,"Shen Y, Nie Q, Zhang Y, Xu L.",,2021,"<h4>Background</h4>Poststroke depression (PSD) is a severe problem; it will significantly increase the mortality of patients after stroke, and affect the quality of life of patients after discharge. For stroke patients without noticeable adverse reactions, massage can effectively improve the patient's mood, thereby treating poststroke depression. But so far, there is still no systematic research to provide reliable evidence that massage can effectively treat poststroke depression. Therefore, the purpose of this study is to comprehensively summarize and evaluate the effectiveness and safety of massage therapy for poststroke depression.<h4>Methods</h4>We conduct a detailed search regardless of publication grade and language status. The search databases include the Web of Science, the Cochrane Library search, EMBASE, PubMed, CNKI, Chinese biomedical literature database, Chongqing VIP, and Wanfang. All randomized controlled trials and cohort studies on massage therapy for poststroke depression are published, as of November 15, 2020. The team consists of 2 experienced researchers who will select the retrieved documents and extract data. Later they used RevMan V.5.3 software for data analysis and data synthesis.<h4>Results</h4>The effectiveness and safety of massage therapy intended for poststroke depression will be subject to a systematic evaluation under this program.<h4>Conclusion</h4>It will be substantiated in this review whether massage therapy is a reliable intervention for poststroke depression by examining the evidence collected.<h4>Inplasy registration number</h4>INPLASY2020110085.",https://pubmed.ncbi.nlm.nih.gov/33530189/,,https://europepmc.org/articles/PMC7850748?pdf=render,stroke,(Stroke[MeSH] OR stroke[tiab] OR brain ischemia[tiab] OR cerebrovascular[tiab]) AND (treatment[tiab] OR intervention[tiab] OR therapy[tiab]),2026-08-05T18:00:54+00:00,,,,,
PMID_32256649,EuropePMC,32256649,PMC7085868,10.1155/2020/5301568,Acupuncture plus Rehabilitation for Unilateral Neglect after Stroke: A Systematic Review and Meta-Analysis.,"Hou Y, Liu Y, Li M, Ning B, Wen Z, Fu W.",,2020,"<h4>Objectives</h4>To systematically assess the efficacy of acupuncture combined with rehabilitation on unilateral neglect after stroke.<h4>Methods</h4>The Cochrane Library, PubMed, Excerpt Medical Database (EMBASE), China National Knowledge Infrastructure (CNKI), China Science and Technology Journal Database (VIP), Chinese Biomedical Literature Database (CBM), and Wan Fang databases were searched online for randomised controlled trials (RCTs) of acupuncture and its effects on unilateral neglect after stroke from their inception to September 2019. RCTs on acupuncture combined with rehabilitation in the experimental group for unilateral neglect compared with rehabilitation alone or rehabilitation plus sham acupuncture in the control group were included. Two authors separately screened the literature, extracted the data, and evaluated the quality of the included studies. Review Manager 5.3 software was used for the data analysis.<h4>Results</h4>A total of 542 patients from nine RCTs were included. The meta-analysis showed that the experimental groups could significantly improve Fugl-Meyer Assessment (FMA) (MD = 11.54, 95% CI [9.54, 13.54], <i>P</i> < 0.00001) and the ability of daily living (SMD = 1.35, 95% CI [0.64, 2.07], <i>P</i> < 0.00001) and the ability of daily living (SMD = 1.35, 95% CI [0.64, 2.07], <i>P</i> < 0.00001) when compared with the control groups. However, there was no significant difference in the drop of Catherine Bergego Scale (CBS) and Behavioural Inattention Test-conventional (BIT-C) between the two groups.<h4>Conclusions</h4>Acupuncture combined with rehabilitation was more effective in improving the motor function and the ability of daily living. Because of the limitations regarding the quantity and quality of the studies in this meta-analysis, high-quality and well-designed RCTs are necessary to validate the above conclusions.",https://pubmed.ncbi.nlm.nih.gov/32256649/,,https://downloads.hindawi.com/journals/ecam/2020/5301568.pdf,stroke,(Stroke[MeSH] OR stroke[tiab] OR brain ischemia[tiab] OR cerebrovascular[tiab]) AND (treatment[tiab] OR intervention[tiab] OR therapy[tiab]),2026-08-05T18:00:54+00:00,,,,,
PMID_36715340,EuropePMC,36715340,PMC9885744,10.1002/14651858.cd001989.pub3,Interventions for acute non-arteritic central retinal artery occlusion.,"Lin JC, Song S, Ng SM, Scott IU, Greenberg PB.",,2023,"<h4>Background</h4>Acute non-arteritic central retinal artery occlusion (CRAO) occurs as a sudden interruption of the blood supply to the retina and typically results in severe loss of vision in the affected eye. Although many therapeutic interventions have been proposed, there is no generally agreed upon treatment regimen.<h4>Objectives</h4>To assess the effects of treatments for acute non-arteritic CRAO.<h4>Search methods</h4>We searched the Cochrane Central Register of Controlled Trials (CENTRAL) (which contains the Cochrane Eyes and Vision Trials Register) (2022, Issue 2); Ovid MEDLINE; Embase.com; PubMed; Latin American and Caribbean Health Sciences Literature Database (LILACS); ClinicalTrials.gov; and the World Health Organization (WHO) International Clinical Trials Registry Platform (ICTRP). We did not use any date or language restrictions in the electronic search for trials. We last searched the electronic databases on 15 February 2022.<h4>Selection criteria</h4>We included randomized controlled trials (RCTs) comparing any interventions with another treatment in participants with acute non-arteritic CRAO in one or both eyes.  DATA COLLECTION AND ANALYSIS: We used standard Cochrane methodology and graded the certainty of the body of evidence for primary (mean change in best-corrected visual acuity [BCVA]) and secondary (quality of life and adverse events) outcomes using the GRADE classification.<h4>Main results</h4>We included six RCTs with 223 total participants with acute non-arteritic CRAO; the studies ranged in size from 10 to 84 participants. The included studies varied geographically: one in Australia, one in Austria and Germany, two in China, one in Germany, and one in Italy. We were unable to conduct any meta-analyses due to study heterogeneity. None of the included studies compared the same pair of interventions: 1) tissue plasminogen activator (t-PA) versus intravenous saline; 2) t-PA versus isovolemic hemodilution, eyeball massage, intraocular pressure reduction, and anticoagulation; 3) nitroglycerin, methazolamide, mecobalamin tablets, vitamin B<sub>1</sub> and B<sub>12</sub> injections, puerarin and compound anisodine (also known as 654-2) along with oxygen inhalation, eyeball massage, tube expansion, and anticoagulation compared with and without intravenous recombinant tissue plasminogen activator (rt-PA); 4) transcorneal electrical stimulation (TES) with 0 mA versus with 66% of the participant's individual electrical phosphene threshold (EPT) at 20 Hz (66%) versus with 150% of the participant's individual EPT (150%) at 20 Hz; 5) ophthalmic artery branch retrograde thrombolysis versus superselective ophthalmic artery thrombolysis; and 6) pentoxifylline versus placebo. There was no evidence of an important difference in visual acuity between participants treated with t-PA versus intravenous saline (mean difference [MD] at 1 month -0.15 logMAR, 95% confidence interval [CI] -0.48 to 0.18; 1 study, 16 participants; low certainty evidence); t-PA versus isovolemic hemodilution, eyeball massage, intraocular pressure reduction, and anticoagulation (MD at 1 month -0.00 logMAR, 95% CI -0.24 to 0.23; 1 study, 82 participants; low certainty evidence); and TES with 0 mA versus TES with 66% of EPT at 20 Hz versus TES with 150% of EPT at 20 Hz. Participants treated with t-PA experienced higher rates of serious adverse effects. The other three comparisons did not report statistically significant differences. Other studies reported no data on secondary outcomes (quality of life or adverse events).  AUTHORS' CONCLUSIONS: The current research suggests that proposed interventions for acute non-arteritic CRAO may not be better than observation or treatments of any kind such as eyeball massage, oxygen inhalation, tube expansion, and anticoagulation, but the evidence is uncertain. Large, well-designed RCTs are necessary to determine the most effective treatment for acute non-arteritic CRAO.",https://pubmed.ncbi.nlm.nih.gov/36715340/,,https://europepmc.org/articles/PMC9885744?pdf=render,stroke,(Stroke[MeSH] OR stroke[tiab] OR brain ischemia[tiab] OR cerebrovascular[tiab]) AND (treatment[tiab] OR intervention[tiab] OR therapy[tiab]),2026-08-05T18:00:54+00:00,,,,,
PMID_32838784,EuropePMC,32838784,PMC7446109,10.1186/s12913-020-05633-4,Patient experiences with technology enabled care across healthcare settings- a systematic review.,"Leonardsen AL, Hardeland C, Helgesen AK, Grøndahl VA.",,2020,"<h4>Background</h4>Healthcare services are facing extensive challenges due to the increased proportion of elderly persons and persons with chronic disease. Technology enabled care (TEC) is a collective term for telecare, telehealth, telemedicine, mobile (m)-, digital- and electronic (e) health services. TEC is increasingly seen as a solution to many of the challenges facing the health sector. Patient perspectives may provide a useful evaluation tool for new healthcare technologies that have limited clinical data to support their effectiveness. More studies need to be done to better understand the acceptance of technology in healthcare. This review aim to summarize empirical studies exploring patient experiences with TEC. Findings in this study can be used to better understand what is needed to develop, implement and improve such services.<h4>Methods</h4>Systematic searches were conducted in the Pubmed, Psycinfo, Cinahl, Embase, Cochrane systematic reviews and Cochrane clinical trials databases. These studies were systematically reviewed using the Preferred Reporting Items for Systematic Reviews and Meta-Analyses (PRISMA) guidelines, subjected to quality appraisals using the Critical Appraisal Skills Program (CASP), and synthesized via integrative analysis.<h4>Results</h4>After removal of duplicates, languages other than English, and non-scientific records, 4087 titles and abstracts were screened. After assessment against inclusion and exclusion criteria, 69 records were screened in full-text, and underwent quality appraisal. 21 records were included in the integrative analysis. Patients' experiences with TEC related to 1) technological features, namely functionality and appearance, and 2) evolving independence, namely empowerment, autonomy and security. Technological challenges lead to frustrations and negative experiences, while a stigmatizing appearance lead to patients not using the solution. Through the use of TECs, patients felt more empowered, learning about their condition, increasing awareness to their symptoms and treatment, and feeling more safe and self-efficient. Patient participation was seen as a central aspect of the development of the TECT, as well as when using it.<h4>Conclusion</h4>This review deepens the understanding of patients' experiences with technology enabled care solutions. Patients' experiences not only relate to the practical/technical element of the device or solution, but to how this impact on their everyday life. Patient participation in development and planned use of such solutions should be considered an integral part in healthcare quality initiatives.",https://pubmed.ncbi.nlm.nih.gov/32838784/,,https://europepmc.org/articles/PMC7446109?pdf=render,stroke,(Stroke[MeSH] OR stroke[tiab] OR brain ischemia[tiab] OR cerebrovascular[tiab]) AND (treatment[tiab] OR intervention[tiab] OR therapy[tiab]),2026-08-05T18:00:54+00:00,,,,,
PMID_30864978,EuropePMC,30864978,PMC7737226,10.11124/jbisrir-2017-003847,Impact of lifestyle modification on absolute cardiovascular disease risk: a systematic review protocol.,"Kariuki JK, Yamnia CI, Imes CC, Weiss PM, Engberg SJ.",,2019,"<h4>Objective</h4>The objective of this review is to synthesize the available evidence on the effectiveness of lifestyle-based interventions for reducing absolute cardiovascular disease (CVD).<h4>Introduction</h4>Cardiovascular disease prevention guidelines recommend tailoring the choice and intensity of preventive interventions based on absolute CVD risk score. Several studies employing lifestyle-based interventions to mitigate CVD risk have reported heterogeneous outcomes, necessitating a systematic review to provide an exhaustive summary of current evidence.<h4>Inclusion criteria</h4>Eligible studies will include individuals at high-risk of CVD who are at least 18 years of age, with no history of CVD at baseline, regardless of sex, ethnicity and socio-economic status. Studies that compare lifestyle-based intervention to no intervention or usual care will be included. The outcome of interest is change in absolute CVD risk from baseline to post-intervention. Experimental and quasi-experimental study designs will be included.<h4>Methods</h4>Searches will be conducted in PubMed, EMBASE and CINAHL from the inception of each database. The search for gray literature will include ProQuest Dissertations and Theses Global, Grey Literature Report, Web of Science, BIOSIS Previews and the Proceedings database. Selected studies will be critically appraised by two independent reviewers at the study level for methodological quality. Extracted data will include details about the interventions, populations, study methods and outcomes of significance to the review question and objectives. Where possible, papers will be pooled in statistical meta-analysis. Effect sizes will be expressed as either odds ratios or standardized mean differences, and their 95% confidence intervals will be calculated for analysis.<h4>Systematic review registration number</h4>PROSPERO CRD42017073543.",https://pubmed.ncbi.nlm.nih.gov/30864978/,,https://europepmc.org/articles/PMC7737226?pdf=render,stroke,(Stroke[MeSH] OR stroke[tiab] OR brain ischemia[tiab] OR cerebrovascular[tiab]) AND (treatment[tiab] OR intervention[tiab] OR therapy[tiab]),2026-08-05T18:00:54+00:00,,,,,
PMID_31560644,EuropePMC,31560644,PMC6795069,10.5888/pcd16.180641,Current Knowledge on Correlations Between Highly Prevalent Dental Conditions and Chronic Diseases: An Umbrella Review.,"Seitz MW, Listl S, Bartols A, Schubert I, Blaschke K, Haux C, Van Der Zande MM.",,2019,"<h4>Introduction</h4>Studies have investigated the relationships between chronic systemic and dental conditions, but it remains unclear how such knowledge can be used in clinical practice. In this article, we provide an overview of existing systematic reviews, identifying and evaluating the most frequently reported dental-chronic disease correlations and common risk factors.<h4>Methods</h4>We conducted a systematic review of existing systematic reviews (umbrella review) published between 1995 and 2017 and indexed in 4 databases. We focused on the 3 most prevalent dental conditions and 10 chronic systemic diseases with the highest burden of disease in Germany. Two independent reviewers assessed all articles for eligibility and methodologic quality using the AMSTAR criteria and extracted data from the included studies.<h4>Results</h4>Of the initially identified 1,249 systematic reviews, 32 were included for qualitative synthesis. The dental condition with most frequently observed correlations to chronic systemic diseases was periodontitis. The chronic systemic disease with the most frequently observed correlations with a dental condition was type 2 diabetes mellitus (T2DM). Most dental-chronic disease correlations were found between periodontitis and T2DM and periodontitis and cardiovascular disease. Frequently reported common risk factors were smoking, age, sex, and overweight. Using the AMSTAR criteria, 2 studies were assessed as low quality, 26 studies as moderate quality, and 4 studies as high quality.<h4>Conclusion</h4>The quality of included systematic reviews was heterogeneous. The most frequently reported correlations were found for periodontitis with T2DM and for periodontitis with cardiovascular disease. However, the strength of evidence for these and other disease correlations is limited, and the evidence to assess the causality of these disease correlations remains unclear. Future research should focus on the causality of disease links in order to provide more decisive evidence with respect to the design of intersectoral care processes.",https://pubmed.ncbi.nlm.nih.gov/31560644/,,https://europepmc.org/articles/PMC6795069?pdf=render,stroke,(Stroke[MeSH] OR stroke[tiab] OR brain ischemia[tiab] OR cerebrovascular[tiab]) AND (treatment[tiab] OR intervention[tiab] OR therapy[tiab]),2026-08-05T18:00:54+00:00,,,,,
PMID_32503240,EuropePMC,32503240,PMC7356295,10.3390/jcm9061725,Visual Verticality Perception in Spinal Diseases: A Systematic Review and Meta-Analysis.,"Obrero-Gaitán E, Molina F, Del-Pino-Casado R, Ibáñez-Vera AJ, Rodríguez-Almagro D, Lomas-Vega R.",,2020,"Patients diagnosed with traumatic or non-traumatic spinal pain and idiopathic scoliosis frequently suffer from imbalance. The evaluation of the perception of verticality by means of visual tests emerges as a quick and easy tool for clinical management of the balance disorders. Several studies have assessed the visual perception of verticality in spinal diseases obtaining controversial results. The aim of our study is to analyze the perception of visual verticality in subjects with several spinal diseases in comparison with healthy subjects. A meta-analysis was carried out. PubMed MEDLINE, Scopus, WoS, CINAHL, and SciELO databases were searched until January 2020. The standardized mean difference (SMD) was calculated to analyze differences between patients and healthy controls. Fifteen studies with a total of 2052 patients were included. In comparison with healthy subjects, a misperception of verticality was found in patients with spinal pain when the perception of the verticality was assessed with the rod and frame test (SMD = 0.339; 95% confidence interval (CI) = 0.181, 0.497; <i>p</i> < 0.001). It seems that the perception of visual verticality is not altered in patients with idiopathic scoliosis (<i>p</i> = 0.294). The present meta-analysis shows a misperception of visual verticality only in patients with spinal pain.",https://pubmed.ncbi.nlm.nih.gov/32503240/,,https://www.mdpi.com/2077-0383/9/6/1725/pdf,stroke,(Stroke[MeSH] OR stroke[tiab] OR brain ischemia[tiab] OR cerebrovascular[tiab]) AND (treatment[tiab] OR intervention[tiab] OR therapy[tiab]),2026-08-05T18:00:54+00:00,,,,,
PMID_32813884,EuropePMC,32813884,PMC7438027,10.1002/14651858.cd013202.pub2,Stem cell-based interventions for the prevention of morbidity and mortality following hypoxic-ischaemic encephalopathy in newborn infants.,"Bruschettini M, Romantsik O, Moreira A, Ley D, Thébaud B.",,2020,"<h4>Background</h4>Hypoxic-ischaemic encephalopathy (HIE) is a leading cause of mortality and long-term neurological sequelae, affecting thousands of children worldwide. Current therapies to treat HIE are limited to cooling. Stem cell-based therapies offer a potential therapeutic approach to repair or regenerate injured brain tissue. These preclinical findings have now culminated in ongoing human neonatal trials.<h4>Objectives</h4>To determine the efficacy and safety of stem cell-based interventions for the treatment of hypoxic-ischaemic encephalopathy (HIE) in newborn infants.<h4>Search methods</h4>We used the standard search strategy of Cochrane Neonatal to search the Cochrane Central Register of Controlled Trials (CENTRAL; 2020, Issue 5), MEDLINE via PubMed (1966 to 8 June 2020), Embase (1980 to 8 June 2020), and CINAHL (1982 to 8 June 2020). We also searched clinical trials databases, conference proceedings, and the reference lists of retrieved articles for randomised controlled trials and quasi-randomised trials.<h4>Selection criteria</h4>Randomised controlled trials, quasi-randomised controlled trials and cluster trials comparing 1) stem cell-based interventions (any type) compared to control (placebo or no treatment); 2) use of mesenchymal stem/stromal cells (MSCs) of type (e.g. number of doses or passages) or source (e.g. autologous versus allogeneic, or bone marrow versus cord) versus MSCs of other type or source; 3) use of stem cell-based interventions other than MSCs of type (e.g. mononuclear cells, oligodendrocyte progenitor cells, neural stem cells, hematopoietic stem cells, and inducible pluripotent stem cells) or source (e.g. autologous versus allogeneic, or bone marrow versus cord) versus stem cell-based interventions other than MSCs of other type or source; or 4) MSCs versus stem cell-based interventions other than MSCs.<h4>Data collection and analysis</h4>For each of the included trials, two authors independently planned to extract data (e.g. number of participants, birth weight, gestational age, type and source of MSCs or other stem cell-based interventions) and assess the risk of bias (e.g. adequacy of randomisation, blinding, completeness of follow-up). The primary outcomes considered in this review are all-cause neonatal mortality, major neurodevelopmental disability, death or major neurodevelopmental disability assessed at 18 to 24 months of age. We planned to use the GRADE approach to assess the quality of evidence.<h4>Main results</h4>Our search strategy yielded 616 references. Two review authors independently assessed all references for inclusion. We did not find any completed studies for inclusion. Fifteen RCTs are currently registered and ongoing. We describe the three studies we excluded.<h4>Authors' conclusions</h4>There is currently no evidence from randomised trials that assesses the benefit or harms of stem cell-based interventions for the prevention of morbidity and mortality following hypoxic-ischaemic encephalopathy in newborn infants.",https://pubmed.ncbi.nlm.nih.gov/32813884/,,https://europepmc.org/articles/PMC7438027?pdf=render,stroke,(Stroke[MeSH] OR stroke[tiab] OR brain ischemia[tiab] OR cerebrovascular[tiab]) AND (treatment[tiab] OR intervention[tiab] OR therapy[tiab]),2026-08-05T18:00:54+00:00,,,,,
PMID_32062643,EuropePMC,32062643,PMC7508729,10.5551/jat.52928,The Relationship of Coronary Artery Calcium and Clinical Coronary Artery Disease with Cognitive Function: A Systematic Review and Meta-Analysis.,"Xia C, Vonder M, Sidorenkov G, Oudkerk M, de Groot JC, van der Harst P, de Bock GH, De Deyn PP, Vliegenthart R.",,2020,"<h4>Aim</h4>Coronary artery disease (CAD) and cognitive impairment are common in the elderly, with evidence for shared risk factors and pathophysiological processes. The coronary artery calcium (CAC) score is a marker of subclinical CAD, which may allow early detection of individuals prone to cognitive decline. Prior studies on associations of CAC and clinical CAD with cognitive impairment had discrepant results. This systematic review aims to evaluate the association of (sub)clinical CAD with cognitive function, cognitive decline, and diagnosis of mild cognitive impairment (MCI) or dementia.<h4>Methods</h4>A systematic search was conducted in MEDLINE, Embase, and Web of Science until February 2019, supplemented with citations tracking. Two reviewers independently screened studies and extracted information including odds ratios (ORs) and hazard ratios (HRs).<h4>Results</h4>Forty-six studies, 10 on CAC and 36 on clinical CAD, comprising 1,248,908 participants were included in the systematic review. Studies about associations of (sub)clinical CAD with cognitive function and cognitive decline had heterogeneous methodology and inconsistent findings. Two population-based studies investigated the association between CAC and risk of dementia over 6-12.2 years using different CAC scoring methods. Both found a tendency toward higher risk of dementia as CAC severity increased. Meta-analysis in 15 studies (663,250 individuals) showed an association between CAD and MCI/dementia (pooled OR 1.32, 95%CI 1.17-1.48) with substantial heterogeneity (I<sup>2</sup>=87.0%, p＜0.001). Pooled HR of CAD for incident MCI/dementia over 3.2-25.5 years in six longitudinal studies (70,060 individuals) was 1.51 (95%CI 1.24-1.85), with low heterogeneity (I<sup>2</sup>=14.1%, p=0.32). Sensitivity analysis did not detect any study that was of particular influence on the pooled OR or HR.<h4>Conclusions</h4>Limited evidence suggests the CAC score is associated with risk of dementia. In clinical CAD, risk of MCI and dementia is increased by 50%, as supported by stronger evidence.",https://pubmed.ncbi.nlm.nih.gov/32062643/,,https://europepmc.org/articles/PMC7508729?pdf=render,stroke,(Stroke[MeSH] OR stroke[tiab] OR brain ischemia[tiab] OR cerebrovascular[tiab]) AND (treatment[tiab] OR intervention[tiab] OR therapy[tiab]),2026-08-05T18:00:54+00:00,,,,,
PMID_33500289,EuropePMC,33500289,PMC7839849,10.1136/bmjopen-2020-043613,Study protocol for a systematic review and meta-analysis of comorbidities and stroke characteristics associated with troponin elevation after acute stroke.,"Jimenez-Ruiz A, Fridman S, Sposato LA.",,2021,"<h4>Introduction</h4>It is unknown which comorbidities and stroke characteristics are associated with elevated cardiac troponin (cTn) levels after stroke. The main objective of this systematic review and meta-analysis is to assess the association of elevated cTn with preexisting cardiovascular comorbidities (eg, coronary artery disease, heart failure and structural heart disease), specific stroke characteristics (eg, infarct/haemorrhage size, stroke severity, insular cortex involvement) and renal failure after ischaemic stroke (IS) or intracranial haemorrhage (ICH). The secondary objective is to evaluate the association of elevated cTn with stroke recurrence and death.<h4>Methods and analysis</h4>We will include all cross-sectional, case-control, cohort studies and clinical trials involving IS and ICH adult patients (≥18 years), published between 1 January 1990 and 31 December 2020 in English or Spanish, reporting the proportion with elevated cTn. We will search PubMed, EMBASE and Web of Science by applying predefined search terms. Two reviewers will independently screen titles and abstracts, retrieve full texts, extract the data in a predesigned form, and assess the risk of bias. We will apply random-effects or fixed-effects meta-analyses to estimate the association between cardiovascular comorbidities, stroke characteristics and renal failure with cTn elevation. We will report results as risk ratios or ORs. We will perform sensitivity analyses for subtypes of cTn (cTn-I and cTn-T), regular versus high-sensitivity assays, and type of stroke (IS vs ICH). We will estimate heterogeneity by using t<sup>2</sup><i>Q</i> and I<sup>2</sup> measures. We will use funnel plots, Rosenthal's Fail-Safe N, Duval and Tweedie's trim and fill procedure, and Egger's regression intercept to assess publication bias.<h4>Ethics and dissemination</h4>This review will be based on published data and does therefore not require ethical clearance. The results will be published in peer-reviewed journals.<h4>Prospero registration number</h4>CRD42020203126.",https://pubmed.ncbi.nlm.nih.gov/33500289/,,https://europepmc.org/articles/PMC7839849?pdf=render,stroke,(Stroke[MeSH] OR stroke[tiab] OR brain ischemia[tiab] OR cerebrovascular[tiab]) AND (treatment[tiab] OR intervention[tiab] OR therapy[tiab]),2026-08-05T18:00:54+00:00,,,,,
PMID_30376678,EuropePMC,30376678,PMC6754740,10.1055/s-0038-1675400,Predicting Thromboembolic and Bleeding Event Risk in Patients with Non-Valvular Atrial Fibrillation: A Systematic Review.,"Borre ED, Goode A, Raitz G, Shah B, Lowenstern A, Chatterjee R, Sharan L, Allen LaPointe NM, Yapa R, Davis JK, Lallinger K, Schmidt R, Kosinski A, Al-Khatib SM, Sanders GD.",,2018,"<h4>Background</h4> Atrial fibrillation (AF) is a common cardiac arrhythmia that increases the risk of stroke. Medical therapy for decreasing stroke risk involves anticoagulation, which may increase bleeding risk for certain patients. In determining the optimal therapy for stroke prevention for patients with AF, clinicians use tools with various clinical, imaging and patient characteristics to weigh stroke risk against therapy-associated bleeding risk.<h4>Aim</h4> This article reviews published literature and summarizes available risk stratification tools for stroke and bleeding prediction in patients with AF.<h4>Methods</h4> We searched for English-language studies in PubMed, Embase and the Cochrane Database of Systematic Reviews published between 1 January 2000 and 14 February 2018. Two reviewers screened citations for studies that examined tools for predicting thromboembolic and bleeding risks in patients with AF. Data regarding study design, patient characteristics, interventions, outcomes, quality, and applicability were extracted.<h4>Results</h4> Sixty-one studies were relevant to predicting thromboembolic risk and 38 to predicting bleeding risk. Data suggest that CHADS<sub>2</sub>, CHA<sub>2</sub>DS<sub>2</sub>-VASc and the age, biomarkers, and clinical history (ABC) risk scores have the best evidence for predicting thromboembolic risk (moderate strength of evidence for limited prediction ability of each score) and that HAS-BLED has the best evidence for predicting bleeding risk (moderate strength of evidence).<h4>Limitations</h4> Studies were heterogeneous in methodology and populations of interest, setting, interventions and outcomes analysed.<h4>Conclusion</h4> CHADS<sub>2</sub>, CHA<sub>2</sub>DS<sub>2</sub>-VASc and ABC scores have the best prediction for stroke events, and HAS-BLED provides the best prediction for bleeding risk. Future studies should define the role of imaging tools and biomarkers in enhancing the accuracy of risk prediction tools.<h4>Primary funding source</h4> Patient-Centered Outcomes Research Institute (PROSPERO #CRD42017069999).",https://pubmed.ncbi.nlm.nih.gov/30376678/,,https://europepmc.org/articles/PMC6754740?pdf=render,stroke,(Stroke[MeSH] OR stroke[tiab] OR brain ischemia[tiab] OR cerebrovascular[tiab]) AND (treatment[tiab] OR intervention[tiab] OR therapy[tiab]),2026-08-05T18:00:54+00:00,,,,,
PMID_33900363,EuropePMC,33900363,PMC8077045,10.1001/jamaneurol.2021.0873,Sex Disparities in Enrollment in Recent Randomized Clinical Trials of Acute Stroke: A Meta-analysis.,"Strong B, Pudar J, Thrift AG, Howard VJ, Hussain M, Carcel C, de Los Campos G, Reeves MJ.",,2021,"<h4>Importance</h4>The underenrollment of women in randomized clinical trials represents a threat to the validity of the evidence supporting clinical guidelines and potential disparities in access to novel treatments.<h4>Objective</h4>To determine whether women were underenrolled in contemporary randomized clinical trials of acute stroke therapies published in 9 major journals after accounting for their representation in underlying stroke populations.<h4>Data sources</h4>MEDLINE was searched for acute stroke therapeutic trials published between January 1, 2010, and June 11, 2020.<h4>Study selection</h4>Eligible articles reported the results of a phase 2 or 3 randomized clinical trial that enrolled patients with stroke and/or transient ischemic attack and examined a therapeutic intervention initiated within 1 month of onset.<h4>Data extraction</h4>Data extraction was performed by 2 independent authors in duplicate. Individual trials were matched to estimates of the proportion of women in underlying stroke populations using the Global Burden of Disease database.<h4>Main outcomes and measures</h4>The primary outcome was the enrollment disparity difference (EDD), the absolute difference between the proportion of trial participants who were women and the proportion of strokes in the underlying disease populations that occurred in women. Random-effects meta-analyses of the EDD were performed, and multivariable metaregression was used to explore the associations of trial eligibility criteria with disparity estimates.<h4>Results</h4>The search returned 1529 results, and 115 trials (7.5%) met inclusion criteria. Of 121 105 randomized patients for whom sex was reported, 52 522 (43.4%) were women. The random-effects summary EDD was -0.053 (95% CI, -0.065 to -0.040), indicating that women were underenrolled by 5.3 percentage points. This disparity persisted across virtually all geographic regions, intervention types, and stroke types, apart from subarachnoid hemorrhage (0.117 [95% CI, 0.084 to 0.150]). When subarachnoid hemorrhage trials were excluded, the summary EDD was -0.067 (95% CI, -0.078 to -0.057). In the multivariable metaregression analysis, an upper age limit of 80 years as an eligibility criterion was associated with a 6-percentage point decrease in the enrollment of women.<h4>Conclusions and relevance</h4>Further research is needed to understand the causes of the underenrollment of women in acute stroke trials. However, to maximize representation, investigators should avoid imposing age limits on enrollment.",https://pubmed.ncbi.nlm.nih.gov/33900363/,,https://jamanetwork.com/journals/jamaneurology/articlepdf/2778649/jamaneurology_strong_2021_oi_210017_1622672561.44206.pdf,stroke,(Stroke[MeSH] OR stroke[tiab] OR brain ischemia[tiab] OR cerebrovascular[tiab]) AND (treatment[tiab] OR intervention[tiab] OR therapy[tiab]),2026-08-05T18:00:54+00:00,,,,,
PMID_34001191,EuropePMC,34001191,PMC8130169,10.1186/s12967-021-02878-3,Mitochondrial transplantation therapy for ischemia reperfusion injury: a systematic review of animal and human studies.,"Hayashida K, Takegawa R, Shoaib M, Aoki T, Choudhary RC, Kuschner CE, Nishikimi M, Miyara SJ, Rolston DM, Guevara S, Kim J, Shinozaki K, Molmenti EP, Becker LB.",,2021,"<h4>Background</h4>Mitochondria are essential organelles that provide energy for cellular functions, participate in cellular signaling and growth, and facilitate cell death. Based on their multifactorial roles, mitochondria are also critical in the progression of critical illnesses. Transplantation of mitochondria has been reported as a potential promising approach to treat critical illnesses, particularly ischemia reperfusion injury (IRI). However, a systematic review of the relevant literature has not been conducted to date. Here, we systematically reviewed the animal and human studies relevant to IRI to summarize the evidence for mitochondrial transplantation.<h4>Methods</h4>We searched MEDLINE, the Cochrane library, and Embase and performed a systematic review of mitochondrial transplantation for IRI in both preclinical and clinical studies. We developed a search strategy using a combination of keywords and Medical Subject Heading/Emtree terms. Studies including cell-mediated transfer of mitochondria as a transfer method were excluded. Data were extracted to a tailored template, and data synthesis was descriptive because the data were not suitable for meta-analysis.<h4>Results</h4>Overall, we identified 20 animal studies and two human studies. Among animal studies, 14 (70%) studies focused on either brain or heart IRI. Both autograft and allograft mitochondrial transplantation were used in 17 (85%) animal studies. The designs of the animal studies were heterogeneous in terms of the route of administration, timing of transplantation, and dosage used. Twelve (60%) studies were performed in a blinded manner. All animal studies reported that mitochondrial transplantation markedly mitigated IRI in the target tissues, but there was variation in biological biomarkers and pathological changes. The human studies were conducted with a single-arm, unblinded design, in which autologous mitochondrial transplantation was applied to pediatric patients who required extracorporeal membrane oxygenation (ECMO) for IRI-associated myocardial dysfunction after cardiac surgery.<h4>Conclusion</h4>The evidence gathered from our systematic review supports the potential beneficial effects of mitochondrial transplantation after IRI, but its clinical translation remains limited. Further investigations are thus required to explore the mechanisms of action and patient outcomes in critical settings after mitochondrial transplantation. Systematic review registration The study was registered at UMIN under the registration number UMIN000043347.",https://pubmed.ncbi.nlm.nih.gov/34001191/,,https://europepmc.org/articles/PMC8130169?pdf=render,stroke,(Stroke[MeSH] OR stroke[tiab] OR brain ischemia[tiab] OR cerebrovascular[tiab]) AND (treatment[tiab] OR intervention[tiab] OR therapy[tiab]),2026-08-05T18:00:54+00:00,,,,,
PMID_32571860,EuropePMC,32571860,PMC7311044,10.1136/bmjopen-2019-036020,Safety of tranexamic acid in thrombotic adverse events and seizure in patients with haemorrhage: a protocol for a systematic review and meta-analysis.,"Murao S, Nakata H, Yamakawa K.",,2020,"<h4>Introduction</h4>Tranexamic acid (TXA) is a synthetic derivative of the amino acid lysine that inhibits fibrinolysis by blocking lysine-binding sites on plasminogen, which contribute to reduced bleeding, the need for transfusion and mortality. Although there is reliable evidence of the efficacy of TXA, its effects on other important outcomes, adverse events, including thrombotic events and seizure, remain uncertain.<h4>Methods and analysis</h4>We will conduct a systematic review and meta-analysis of randomised controlled trials with the objective of evaluating the incidence of thrombotic adverse events and seizure and how the effect of TXA varies by dose and underlying disease. We will include patients with bleeding in any underlying disease. We will search MEDLINE, EMBASE and Cochrane Central Register of Controlled Trials for randomised controlled trials. The planned date of our systematic search is 1 June 2020. We will follow the recommendations of the Cochrane Collaboration and the Preferred Reporting Items for Systematic Review and Meta-Analysis statement. Subgroup and sensitivity analyses will be performed to explore residual heterogeneity and inconsistency. Meta-regression analysis will be carried out to investigate the association between the incidence of adverse events and the TXA dose. The risk of systematic errors (bias) and random errors will be assessed and the overall quality of evidence will be evaluated using the Grading of Recommendations Assessment, Development and Evaluation approach.<h4>Ethics and dissemination</h4>This study will not involve primary data collection, and formal ethics approval will therefore not be required. We aim to publish this systematic review in a peer-review journal.<h4>Trial registration number</h4>UMIN000039611.",https://pubmed.ncbi.nlm.nih.gov/32571860/,,https://europepmc.org/articles/PMC7311044?pdf=render,stroke,(Stroke[MeSH] OR stroke[tiab] OR brain ischemia[tiab] OR cerebrovascular[tiab]) AND (treatment[tiab] OR intervention[tiab] OR therapy[tiab]),2026-08-05T18:00:54+00:00,,,,,
PMID_34696569,EuropePMC,34696569,PMC8920738,10.4178/epih.e2021090,The effect of peer support in diabetes self-management education on glycemic control in patients with type 2 diabetes: a systematic review and meta-analysis.,"Azmiardi A, Murti B, Febrinasari RP, Tamtomo DG.",,2021,"<h4>Objectives</h4>Diabetes self-management education (DSME) programs are a strategy to maintain healthy behaviors. Nevertheless, limited evidence has been reported from systematic evaluations of the effects of DSME integrated with peer support on glycemic control. This study aimed to review the effectiveness of DSME interventions integrated with peer support on glycemic control in patients with type 2 diabetes.<h4>Methods</h4>A systematic search was carried out in electronic databases, including PubMed, Cochrane Library, ProQuest, SpringerLink, ScienceDirect, Scopus, and Google Scholar, for English-language articles published from 2005 until 2020. The effect size was estimated as the standard mean difference (SMD). The Cochrane Collaboration's Risk of Bias tool was employed to assess the risk of bias.<h4>Results</h4>Twelve studies were included in this study. DSME integrated with peer support effectively reduced glycated hemoglobin A1c (HbA1c) levels, with a statistically significant effect (SMD, -0.41; 95% confidence interval [CI], -0.69 to -0.13; p<0.001). Programs with a sample size <100 (SMD, -0.45; 95% CI, -0.79 to -0.11; p=0.009), duration of intervention ≤6 months (SMD, -0.52; 95% CI, -0.96 to -0.07; p=0.020), baseline HbA1c <8.5% (SMD, -0.42; 95% CI, -0.77 to -0.07; p=0.020), delivery by group (SMD, -0.28; 95% CI, -0.51 to -0.06; p=0.010), and high frequency of contact (SMD, -0.29; 95% CI, -0.48 to -0.10; p=0.003) had statistically significant effects on reducing HbA1c levels in patients with type 2 diabetes.<h4>Conclusions</h4>DSME integrated with peer support effectively enhances glycemic control in patients with type 2 diabetes. Programs with smaller participants groups, shorter interventions, weekly meetings, and closer group sessions improved glycemic control in patients with type 2 diabetes.",https://pubmed.ncbi.nlm.nih.gov/34696569/,,https://www.e-epih.org/upload/pdf/epih-43-e2021090.pdf,stroke,(Stroke[MeSH] OR stroke[tiab] OR brain ischemia[tiab] OR cerebrovascular[tiab]) AND (treatment[tiab] OR intervention[tiab] OR therapy[tiab]),2026-08-05T18:00:54+00:00,,,,,
PMID_31404162,EuropePMC,31404162,PMC6677108,10.3389/fphys.2019.00961,Postnatal Nutrition to Improve Brain Development in the Preterm Infant: A Systematic Review From Bench to Bedside.,"Hortensius LM, van Elburg RM, Nijboer CH, Benders MJNL, de Theije CGM.",,2019,"<b>Background:</b> Preterm infants are at high risk for Encephalopathy of Prematurity and successive adverse neurodevelopmental outcome. Adequate nutrition is crucial for healthy brain development. Maternal breast milk is first choice of post-natal enteral nutrition for preterm infants. However, breast milk contains insufficient nutrient quantities to meet the greater nutritional needs of preterm infants, meaning that supplementation is recommended. <b>Aim:</b> To provide an overview of current literature on potential nutritional interventions for improvement of neurodevelopmental outcome in preterm infants, by taking a bench to bedside approach from pre-clinical models of neonatal brain injury to randomized controlled clinical trials (RCTs) in preterm infants. <b>Methods:</b> Separate clinical and pre-clinical searches were performed in Medline and Embase for English written papers published between 08/2008 and 08/2018 that studied a single nutritional component. Papers were included if one of the following components was studied: lipids, carbohydrates, proteins, vitamins, minerals, probiotics, prebiotics, oligosaccharides, fatty acids, or amino acids, with brain injury, brain development or neurodevelopmental outcome as outcome measure in preterm infants (gestational age <32 weeks and/or birth weight <1,500 g) or in animal models of neonatal brain injury. <b>Results:</b> In total, 2,671 pre-clinical studies and 852 RCTs were screened, of which 24 pre-clinical and 22 RCTs were included in this review. In these trials supplementation with amino acids and protein, lipids, probiotics (only clinical), prebiotics (only clinical), vitamins, and minerals was studied. All included pre-clinical studies show positive effect of supplementation on brain injury and/or neurodevelopment. Although some nutrients, such as glutamine, show promising short term outcome in clinical studies, no evident long term effect of any supplemented nutrient was found. Main limitations were inclusion of studies no older than 10 years at time of search and studies that focused on single nutritional components only. <b>Conclusion:</b> Even though many pre-clinical trials demonstrate promising effects of different nutritional interventions on reducing brain injury and/or improving neurodevelopmental outcome, these positive effects have so far not evidently been demonstrated in RCTs. More clinically relevant animal models and long term follow up after clinical trials are needed to move novel nutritional therapies from bench to bedside of preterm infants.",https://pubmed.ncbi.nlm.nih.gov/31404162/,,https://www.frontiersin.org/articles/10.3389/fphys.2019.00961/pdf,stroke,(Stroke[MeSH] OR stroke[tiab] OR brain ischemia[tiab] OR cerebrovascular[tiab]) AND (treatment[tiab] OR intervention[tiab] OR therapy[tiab]),2026-08-05T18:00:54+00:00,,,,,
PMID_30513567,EuropePMC,30513567,PMC6458508,10.4097/kja.d.18.00322,Korean clinical practice guideline for perioperative red blood cell transfusion from Korean Society of Anesthesiologists.,"Koo BN, Kwon MA, Kim SH, Kim JY, Moon YJ, Park SY, Lee EH, Chae MS, Choi SU, Choi JH, Hwang JY.",,2019,"<h4>Background</h4>Considering the functional role of red blood cells (RBC) in maintaining oxygen supply to tissues, RBC transfusion can be a life-saving intervention in situations of severe bleeding or anemia. RBC transfusion is often inevitable to address intraoperative massive bleeding; it is a key component in safe perioperative patient management. Unlike general medical resources, packed RBCs (pRBCs) have limited availability because their supply relies entirely on voluntary donations. Additionally, excessive utilization of pRBCs may aggravate prognosis or increase the risk of developing infectious diseases. Appropriate perioperative RBC transfusion is, therefore, crucial for the management of patient safety and medical resource conservation. These concerns motivated us to develop the present clinical practice guideline for evidence-based efficient and safe perioperative RBC transfusion management considering the current clinical landscape.<h4>Methods</h4>This guideline was obtained after the revision and refinement of exemplary clinical practice guidelines developed in advanced countries. This was followed by rigorous evidence-based reassessment considering the healthcare environment of the country.<h4>Results</h4>This guideline covers all important aspects of perioperative RBC transfusion, such as preoperative anemia management, appropriate RBC storage period, and leukoreduction (removal of white blood cells using filters), reversal of perioperative bleeding tendency, strategies for perioperative RBC transfusion, appropriate blood management protocols, efforts to reduce blood transfusion requirements, and patient monitoring during a perioperative transfusion.<h4>Conclusions</h4>This guideline will aid decisions related to RBC transfusion in healthcare settings and minimize patient risk associated with unnecessary pRBC transfusion.",https://pubmed.ncbi.nlm.nih.gov/30513567/,,https://europepmc.org/articles/PMC6458508?pdf=render,stroke,(Stroke[MeSH] OR stroke[tiab] OR brain ischemia[tiab] OR cerebrovascular[tiab]) AND (treatment[tiab] OR intervention[tiab] OR therapy[tiab]),2026-08-05T18:00:54+00:00,,,,,
PMID_31772597,EuropePMC,31772597,PMC6854931,10.1155/2019/6074967,The Effect of Acupuncture and Moxibustion on Heart Function in Heart Failure Patients: A Systematic Review and Meta-Analysis.,"Liang B, Yan C, Zhang L, Yang Z, Wang L, Xian S, Lu L.",,2019,"<h4>Background</h4>Acupuncture and moxibustion (A&M) has been used for treating heart failure in China since the Han Dynasty. This ancient therapy can be applied to many diseases according to the WHO recommendations. Although there are many clinical reports on the treatment of heart failure by A&M, its effectiveness is still not fully demonstrated. We aimed to systematically review the related randomized controlled trial (RCT) studies and conduct a meta-analysis.<h4>Methods</h4>The PubMed, MEDLINE, EMBASE, AMED, CENTRAL, CNKI, Wanfang, and Weipu databases were searched electronically until December 2018. The data were extracted, and the risk of bias was evaluated. Meta-analysis, subgroup analysis, and metaregression were performed. Heart function was the main outcome assessed. The details of the intervention were also investigated.<h4>Results</h4>Thirty-two RCTs involving 2499 patients were included. Most studies had an unclear risk regarding blinding and allocation concealment. Compared with the traditional treatment group, the experimental group had a higher efficacy rate (odds ratio (OR) = 2.61, 95% confidence interval (95%CI): = [1.84; 3.72], <i>I</i> <sup>2</sup> = 0%, <i>p</i> < 0.0001) and a significantly improved left ventricular ejection fraction (LVEF) (mean difference (MD) = 6.34, 95%CI = [4.11, 8.57], <i>I</i> <sup>2</sup> = 93%, <i>p</i> < 0.0001), cardiac output (CO) (MD = 1.02, 95%CI = [0.65, 1.39], <i>I</i> <sup>2</sup> = 94%, <i>p</i> < 0.0001), 6-minute walk test (6MWT) (MD = 43.6, 95%CI = [37.43, 49.77], <i>I</i> <sup>2</sup> = 0%, <i>p</i> < 0.0001), and reduced brain-type natriuretic peptide (BNP) (MD = -227.99, 95%CI = [-337.30, -118.68], I<sup>2</sup> = 96%, <i>p</i> < 0.0001). Adverse events were inadequately reported in most studies.<h4>Conclusions</h4>A&M may be a promising intervention as an adjunctive therapy to medication for treating heart failure. However, the evidence was inconclusive. Further large and rigorously designed RCTs are needed for verification.",https://pubmed.ncbi.nlm.nih.gov/31772597/,,https://europepmc.org/articles/PMC6854931?pdf=render,stroke,(Stroke[MeSH] OR stroke[tiab] OR brain ischemia[tiab] OR cerebrovascular[tiab]) AND (treatment[tiab] OR intervention[tiab] OR therapy[tiab]),2026-08-05T18:00:54+00:00,,,,,
PMID_30616299,EuropePMC,30616299,PMC6353242,10.1002/14651858.cd007293.pub4,Routine preoperative medical testing for cataract surgery.,"Keay L, Lindsley K, Tielsch J, Katz J, Schein O.",,2019,"<h4>Background</h4>Cataract surgery is practiced widely, and substantial resources are committed to an increasing cataract surgical rate in low- and middle-income countries. With the current volume of cataract surgery and future increases, it is critical to optimize the safety and cost-effectiveness of this procedure. Most cataracts are performed on older individuals with correspondingly high systemic and ocular comorbidities. It is likely that routine preoperative medical testing will detect medical conditions, but it is questionable whether these conditions should preclude individuals from cataract surgery or change their perioperative management.<h4>Objectives</h4>1. To investigate the evidence for reductions in adverse events through preoperative medical testing2. To estimate the average cost of performing routine medical testing SEARCH METHODS: We searched the Cochrane Central Register of Controlled Trials (CENTRAL) (which contains the Cochrane Eyes and Vision Trials Register) (2018, Issue 6); Ovid MEDLINE; Embase.com; PubMed; LILACS BIREME, the metaRegister of Controlled Trials (mRCT) (last searched 5 January 2012); ClinicalTrials.gov and the WHO ICTRP. The date of the search was 29 June 2018, with the exception of mRCT which is no longer in service. We searched the references of reports from included studies for additional relevant studies without restrictions regarding language or date of publication.<h4>Selection criteria</h4>We included randomized clinical trials in which routine preoperative medical testing was compared to no preoperative or selective preoperative testing prior to age-related cataract surgery.<h4>Data collection and analysis</h4>Two review authors independently assessed abstracts to identify possible trials for inclusion. For each included study, two review authors independently documented study characteristics, extracted data, and assessed risk of bias.<h4>Main results</h4>We identified three randomized clinical trials that compared routine preoperative medical testing versus selective or no preoperative testing for 21,531 cataract surgeries. The largest trial, in which 19,557 surgeries were randomized, was conducted in Canada and the USA. Another study was conducted in Brazil and the third in Italy. Although the studies had some issues with respect to performance and detection bias due to lack of masking (high risk for one study, unclear for two studies), we assessed the studies as at overall low risk of bias.The three randomized clinical trials included in this review reported results for 21,531 total cataract surgeries with 707 total surgery-associated medical adverse events, including 61 hospitalizations and three deaths. Of the 707 medical adverse events reported, 353 occurred in the pre-testing group and 354 occurred in the no-testing group (odds ratio (OR) 1.00, 95% confidence interval (CI) 0.86 to 1.16; high-certainty evidence). Most events were cardiovascular and occurred during the intraoperative period. Routine preoperative medical testing did not reduce the risk of intraoperative (OR 0.99, 95% CI 0.71 to 1.38) or postoperative ocular adverse events (OR 1.11, 95% CI 0.74 to 1.67) when compared to selective or no testing (2 studies; 2281 cataract surgeries; moderate-certainty evidence). One study evaluated cost savings, estimating the costs to be 2.55 times higher in those with preoperative medical testing compared to those without preoperative medical testing (1 study; 1005 cataract surgeries; moderate-certainty evidence). There was no difference in cancellation of surgery between those with preoperative medical testing and those with selective or no preoperative testing, reported by two studies with 20,582 cataract surgeries (OR 0.97, 95% CI 0.78 to 1.21; high-certainty evidence). No study reported outcomes related to clinical management changes (other than cancellation) or quality of life scores.<h4>Authors' conclusions</h4>This review has shown that routine preoperative testing does not increase the safety of cataract surgery. Alternatives to routine preoperative medical testing have been proposed, including self administered health questionnaires, which could substitute for health provider histories and physical examinations. Such avenues may lead to cost-effective means of identifying those at increased risk of medical adverse events due to cataract surgery. However, despite the rare occurrence, adverse medical events precipitated by cataract surgery remain a concern because of the large number of elderly patients with multiple medical comorbidities who have cataract surgery in various settings. The studies summarized in this review should assist recommendations for the standard of care of cataract surgery, at least in low- and middle-income settings. Unfortunately, in these settings, medical history questionnaires may be useless to screen for risk because few people have ever been to a physician, let alone been diagnosed with any chronic disease.",https://pubmed.ncbi.nlm.nih.gov/30616299/,,https://europepmc.org/articles/pmc6353242?pdf=render,stroke,(Stroke[MeSH] OR stroke[tiab] OR brain ischemia[tiab] OR cerebrovascular[tiab]) AND (treatment[tiab] OR intervention[tiab] OR therapy[tiab]),2026-08-05T18:00:54+00:00,,,,,
PMID_29233831,EuropePMC,29233831,PMC5728303,10.1136/bmjopen-2017-016739,The Efficacy of the proprioceptive neuromuscular facilitation (PNF) approach in stroke rehabilitation to improve basic activities of daily living and quality of life: a systematic review and meta-analysis protocol.,"Guiu-Tula FX, Cabanas-Valdés R, Sitjà-Rabert M, Urrútia G, Gómara-Toldrà N.",,2017,"<h4>Introduction</h4>Proprioceptive neuromuscular facilitation (PNF) is a widely used rehabilitation concept, although its efficacy has not yet been demonstrated in stroke survivors. The aim of this systematic review is to identify, assess and synthesise the potential benefits of using PNF to improve the activities of daily living (ADL) and quality of life (QoL) of individuals with stroke.<h4>Methods and analysis</h4>A systematic electronic search will be conducted in MEDLINE, Embase, CENTRAL and PEDro. We will include randomised or quasi-randomised controlled trials of PNF interventions conducted in stroke survivors up to April 2017. Two review authors will independently select relevant studies and will extract data using the Cochrane handbook for systematic reviews of interventions approach and the Preferred Reporting Items for Systematic Review and Meta-Analysis Protocols (PRISMA-P). The methodological quality will be assessed by using the PEDro scale. Finally, with the permitted numeric data, we will carry out a meta-analysis.<h4>Ethics and dissemination</h4>Ethical considerations will not be required. Results will be disseminated in a peer-review journal. This systematic review aims to examine the effects of PNF (neurophysiological approach) in order to clarify its efficacy in improving ADL and QoL in the rehabilitation process of stroke survivors.<h4>Prospero registration number</h4>CRD42016039135.",https://pubmed.ncbi.nlm.nih.gov/29233831/,,https://europepmc.org/articles/PMC5728303?pdf=render,stroke,(Stroke[MeSH] OR stroke[tiab] OR brain ischemia[tiab] OR cerebrovascular[tiab]) AND (treatment[tiab] OR intervention[tiab] OR therapy[tiab]),2026-08-05T18:00:54+00:00,,,,,
PMID_31921967,EuropePMC,31921967,PMC6944727,10.1016/j.trci.2019.09.017,Vascular contributions to cognitive impairment and dementia: Research consortia that focus on etiology and treatable targets to lessen the burden of dementia worldwide.,"Gladman JT, Corriveau RA, Debette S, Dichgans M, Greenberg SM, Sachdev PS, Wardlaw JM, Biessels GJ.",,2019,"The research into vascular contributions to cognitive impairment and dementia (VCID) aims to understand the importance of cerebrovascular biology in cognitive decline. Prevention and treatment of VCID is poised to have major impact on dementia-related disease burden and is thus a critical emerging objective in dementia research. This article presents VCID consortia focused on multidisciplinary approaches to identify key pathologic targets and develop diagnostic tools with the goal of bridging the divide between basic research and clinical trials. Members of these multi-institute, multidisciplinary consortia provide a prospective on the history and emerging science of VCID and how VCID consortia can address some of the more complex questions in VCID and drive the field forward. These consortia, and others like them, are uniquely suited to tackle some of the most difficult obstacles in translating research to the clinic.",https://pubmed.ncbi.nlm.nih.gov/31921967/,,https://onlinelibrary.wiley.com/doi/pdfdirect/10.1016/j.trci.2019.09.017,stroke,(Stroke[MeSH] OR stroke[tiab] OR brain ischemia[tiab] OR cerebrovascular[tiab]) AND (treatment[tiab] OR intervention[tiab] OR therapy[tiab]),2026-08-05T18:00:54+00:00,,,,,
PMID_30137296,EuropePMC,30137296,PMC6182310,10.1093/europace/euy183,Single vs. dual chamber implantable cardioverter-defibrillators or programming of implantable cardioverter-defibrillators in patients without a bradycardia pacing indication: systematic review and meta-analysis.,"Zeitler EP, Sanders GD, Singh K, Greenfield RA, Gillis AM, Wilkoff BL, Piccini JP, Al-Khatib SM.",,2018,"<h4>Aims</h4>Implantable cardioverter-defibrillators (ICDs) are key in the prevention of sudden cardiac death, but outcomes may vary by type of device or programming [single chamber (SC) vs. dual chamber (DC)] in patients without a bradycardia pacing indication. We sought to meta-analyse patient outcomes of randomized trials of SC vs. DC devices or programming.<h4>Methods and results</h4>We searched PubMed, Embase, Scopus, Web of Science, and Cochrane trials databases for relevant studies excluding those published before 2000, involving children, or not available in English. Endpoints included mortality, inappropriate ICD therapies, and implant complications. Endpoints with at least three reporting studies were meta-analysed. We identified eight studies meeting inclusion criteria representing 2087 patients with 16.1 months mean follow-up. Mean age was 62.7 years (SD 1.92); in six studies reporting sex, most patients were male (85%). Comparing patients with a SC or DC ICD or programming, we found similar rates of mortality [odds ratio (OR) 0.95, 95% confidence interval (CI) 0.54-1.68; P = 0.86] and inappropriate therapies (OR 1.46, 95% CI 0.97-2.19; P = 0.07) in five and six studies, respectively. In three studies of SC vs. DC ICDs (but not programming) rates of pneumothorax and lead dislodgement were not different (OR 2.12, 95% CI 0.18-24.72; P = 0.55 and OR 0.87, 95% CI 0.32-2.47; P = 0.83, respectively).<h4>Conclusion</h4>In this meta-analysis of randomized controlled trials comparing SC vs. DC ICD device or programming, there was no significant difference in inappropriate therapies, mortality, pneumothorax, or lead dislodgement. Future studies should compare these devices over longer follow-up and in specific patient populations.",https://pubmed.ncbi.nlm.nih.gov/30137296/,,https://academic.oup.com/europace/article-pdf/20/10/1621/26003241/euy183.pdf,stroke,(Stroke[MeSH] OR stroke[tiab] OR brain ischemia[tiab] OR cerebrovascular[tiab]) AND (treatment[tiab] OR intervention[tiab] OR therapy[tiab]),2026-08-05T18:00:54+00:00,,,,,
PMID_29089750,EuropePMC,29089750,PMC5656349,10.2147/cia.s137403,Inappropriate pharmacological treatment in older adults affected by cardiovascular disease and other chronic comorbidities: a systematic literature review to identify potentially inappropriate prescription indicators.,"Lucenteforte E, Lombardi N, Vetrano DL, La Carpia D, Mitrova Z, Kirchmayer U, Corrao G, Lapi F, Mugelli A, Vannacci A.",,2017,"Avoiding medications in which the risks outweigh the benefits in the elderly patient is a challenge for physicians, and different criteria to identify inappropriate prescription (IP) exist to aid prescribers. Definition of IP indicators in the Italian geriatric population affected by cardiovascular disease and chronic comorbidities could be extremely useful for prescribers and could offer advantages from a public health perspective. The purpose of the present study was to identify IP indicators by means of a systematic literature review coupled with consensus criteria. A systematic search of PubMed, EMBASE, and CENTRAL databases was conducted, with the search structured around four themes and combining each with the Boolean operator ""and"". The first regarded ""prescriptions"", the second ""adverse events"", the third ""cardiovascular conditions"", and the last was planned to identify studies on ""older people"". Two investigators independently reviewed titles, abstracts, full texts, and selected articles addressing IP in the elderly affected by cardiovascular condition using the following inclusion criteria: studies on people aged ≥65 years; studies on patients with no restriction on age but with data on subjects aged ≥65 years; and observational effectiveness studies. The database searches produced 5,742 citations. After removing duplicates, titles and abstracts of 3,880 records were reviewed, and 374 full texts were retrieved that met inclusion criteria. Thus, 49 studies reporting 32 potential IP indicators were included in the study. IP indicators regarded mainly drug-drug interactions, cardio- and cerebrovascular risk, bleeding risk, and gastrointestinal risk; among them, only 19 included at least one study that showed significant results, triggering a potential warning for a specific drug or class of drugs in a specific context. This systematic review demonstrates that both cardiovascular and non-cardiovascular drugs increase the risk of adverse drug reactions in older adults with cardiovascular diseases.",https://pubmed.ncbi.nlm.nih.gov/29089750/,,https://europepmc.org/articles/PMC5656349?pdf=render,stroke,(Stroke[MeSH] OR stroke[tiab] OR brain ischemia[tiab] OR cerebrovascular[tiab]) AND (treatment[tiab] OR intervention[tiab] OR therapy[tiab]),2026-08-05T18:00:54+00:00,,,,,
PMID_31549743,EuropePMC,31549743,PMC6757514,10.1002/14651858.cd013201.pub2,Stem cell-based interventions for the prevention and treatment of germinal matrix-intraventricular haemorrhage in preterm infants.,"Romantsik O, Bruschettini M, Moreira A, Thébaud B, Ley D.",,2019,"<h4>Background</h4>Germinal matrix-intraventricular haemorrhage (GMH-IVH) remains a substantial issue in neonatal intensive care units worldwide. Current therapies to prevent or treat GMH-IVH are limited. Stem cell-based therapies offer a potential therapeutic approach to repair, restore, and/or regenerate injured brain tissue. These preclinical findings have now culminated in ongoing human neonatal studies.<h4>Objectives</h4>To determine the benefits and harms of stem cell-based interventions for prevention or treatment of germinal matrix-intraventricular haemorrhage (GM-IVH) in preterm infants.<h4>Search methods</h4>We used the standard search strategy of Cochrane Neonatal to search the Cochrane Central Register of Controlled Trials (CENTRAL; 2019, Issue 1), in the Cochrane Library; MEDLINE via PubMed (1966 to 7 January 2019); Embase (1980 to 7 January 2019); and the Cumulative Index to Nursing and Allied Health Literature (CINAHL) (1982 to 7 January 2019). We also searched clinical trials databases, conference proceedings, and reference lists of retrieved articles for randomised controlled trials and quasi-randomised trials.<h4>Selection criteria</h4>We attempted to identify randomised controlled trials, quasi-randomised controlled trials, and cluster trials comparing (1) stem cell-based interventions versus control; (2) mesenchymal stromal cells (MSCs) of type or source versus MSCs of other type or source; (3) stem cell-based interventions other than MSCs of type or source versus stem cell-based interventions other than MSCs of other type or source; or (4) MSCs versus stem cell-based interventions other than MSCs. For prevention studies, we included extremely preterm infants (less than 28 weeks' gestation), 24 hours of age or less, without ultrasound diagnosis of GM-IVH; for treatment studies, we included preterm infants (less than 37 weeks' gestation), of any postnatal age, with ultrasound diagnosis of GM-IVH.<h4>Data collection and analysis</h4>For each of the included trials, two review authors independently planned to extract data (e.g. number of participants, birth weight, gestational age, type and source of MSCs, other stem cell-based interventions) and assess the risk of bias (e.g. adequacy of randomisation, blinding, completeness of follow-up). Primary outcomes considered in this review are all-cause neonatal mortality, major neurodevelopmental disability, GM-IVH, and extension of pre-existing non-severe GM-IVH. We planned to use the GRADE approach to assess the quality of evidence.<h4>Main results</h4>Our search strategy yielded 769 references. We did not find any completed studies for inclusion. One randomised controlled trial is currently registered and ongoing. Five phase 1 trials are described in the excluded studies.<h4>Authors' conclusions</h4>Currently no evidence is available to show the benefits or harms of stem cell-based interventions for treatment or prevention of GM-IVH in preterm infants.",https://pubmed.ncbi.nlm.nih.gov/31549743/,,https://europepmc.org/articles/PMC6757514?pdf=render,stroke,(Stroke[MeSH] OR stroke[tiab] OR brain ischemia[tiab] OR cerebrovascular[tiab]) AND (treatment[tiab] OR intervention[tiab] OR therapy[tiab]),2026-08-05T18:00:54+00:00,,,,,
PMID_35560150,EuropePMC,35560150,PMC9105486,10.1002/14651858.cd013484.pub3,Tocilizumab for giant cell arteritis.,"Antonio AA, Santos RN, Abariga SA.",,2022,"<h4>Background</h4>Giant cell arteritis (GCA) is the most common form of systemic vasculitis in people older than 50 years of age. It causes granulomatous inflammation of medium- to large-sized vessels. Tocilizumab is a recombinant monoclonal antibody directed against interleukin-6 receptors (IL-6R).<h4>Objectives</h4>To assess the effectiveness and safety of tocilizumab, given alone or with corticosteroids, compared with therapy without tocilizumab for treatment of GCA.<h4>Search methods</h4>We searched the Cochrane Central Register of Controlled Trials (CENTRAL) (which contains the Cochrane Eyes and Vision Trials Register) (2020, Issue 1); Ovid MEDLINE; Embase.com; PubMed; Latin American and Caribbean Health Science Information database (LILACS); ClinicalTrials.gov; and the World Health Organization (WHO) International Clinical Trials Registry Platform (ICTRP). There were no date or language restrictions in the electronic search for trials. We last searched the electronic databases on 3 January 2020.<h4>Selection criteria</h4>We included only randomized controlled trials (RCTs) that compared tocilizumab of any dosage regimen (alone or with corticosteroids) with therapy without tocilizumab that had a minimum follow-up of six months. Participants were at least 50 years of age, with biopsy-proven GCA or by large-vessel vasculitis by angiography, and met the American College of Rheumatology 1990 guidelines for GCA.<h4>Data collection and analysis</h4>We used standard Cochrane methodology.<h4>Main results</h4>Main results We included two RCTs in the review. The studies were conducted in the USA, Canada, and Europe and enrolled a total of 281 participants with GCA, of whom 74% were women. The mean age of participants was 70 years, with new-onset or relapsing GCA, and fulfilled the 1990 American College of Rheumatology criteria with no uncontrolled comorbidities. Both studies were funded by F. Hoffmann-La Roche AG, the manufacturer of tocilizumab. Findings One RCT (30 participants) compared tocilizumab administered every four weeks versus placebo. Point estimates at 12 months and beyond favored tocilizumab over placebo in terms of sustained remission (risk ratio (RR) 4.25, 95% confidence interval (CI) 1.21 to 14.88; moderate-certainty evidence). Point estimates suggest no evidence of a difference for all-cause mortality at 12 months or more (RR 0.17, 95% CI 0.01 to 3.94; moderate-certainty evidence). At 12 months, mean time to first relapse after induction of remission was 25 weeks in favor of participants receiving tocilizumab compared to placebo (mean difference (MD) 25, 95% CI 11.4 to 38.6; moderate-certainty evidence). The second RCT (250 participants) randomized participants into two intervention and two comparator groups to receive tocilizumab weekly (100 participants), bi-weekly (49 participants), weekly placebo + 26-week taper (50 participants), or weekly placebo + 52-week taper (51 participants). At 12 months, point estimates from this study on proportion of participants with sustained remission favored participants who received tocilizumab weekly versus placebo + 52-week taper (RR 3.17, 95% CI 1.71 to 5.89; 151 participants); tocilizumab weekly versus placebo + 26-week taper (RR 4.00, 95% CI 1.97 to 8.12; 150 participants); tocilizumab every other week versus placebo + 52-week taper (RR 3.01, 95% CI 1.57 to 5.75; 100 participants); tocilizumab every other week versus placebo + 26-week taper (RR 3.79, 95% CI 1.82 to 7.91; 99 participants) (moderate-certainty evidence). Point estimates on proportion of participants who did not need escape therapy (defined by the study as the inability to keep to the protocol-defined prednisone taper) favored participants who received tocilizumab weekly versus placebo + 52-week taper (RR 1.71, 95% CI 1.24 to 2.35; 151 participants); tocilizumab weekly versus placebo + 26-week taper (RR 2.96, 95% CI 1.83 to 4.78; 150 participants); tocilizumab every other week versus placebo + 52-week taper (RR 1.49, 95% CI 1.04 to 2.14; 100 participants) but not tocilizumab every other week versus placebo + 26-week taper (RR 0.65, 95% CI 0.27 to 1.54; 99 participants) (moderate-certainty evidence). This study did not report mean time to first relapse after induction of remission or all-cause mortality.  Across comparison groups, the same study found no evidence of a difference  in vision changes and inconsistent evidence with regard to quality of life. Evidence on quality of life as assessed by the physical (MD 8.17, 95% CI 4.44 to 11.90) and mental (MD 5.61, 95% CI 0.06 to 11.16) component score of the 36-Item Short Form Health Survey (SF-36) favored weekly tocilizumab versus placebo + 52-week taper but not bi-weekly tocillizumab versus placebo + 26-week taper (moderate-certainty evidence). Adverse events One RCT reported a lower percentage of participants who experienced serious adverse events when receiving tocilizumab every four weeks versus placebo. The second RCT reported no evidence of a difference among groups with regard to adverse events; however, fewer participants reported serious adverse events in the tocilizumab weekly and tocilizumab biweekly interventions compared with the placebo + 26-week taper and placebo + 52-week taper comparators. Investigators in both studies reported that infection was the most frequently reported adverse event.<h4>Authors' conclusions</h4>This review indicates that tocilizumab therapy may be beneficial in terms of proportion of participants with sustained remission, relapse-free survival, and the need for escape therapy. While the evidence was of moderate certainty, only two studies were included in the review, suggesting that further research is required to corroborate these findings. Future trials should address issues related to the required duration of therapy, patient-reported outcomes such as quality of life and economic outcomes, as well as the clinical outcomes evaluated in this review.",https://pubmed.ncbi.nlm.nih.gov/35560150/,,https://europepmc.org/articles/PMC9105486?pdf=render,stroke,(Stroke[MeSH] OR stroke[tiab] OR brain ischemia[tiab] OR cerebrovascular[tiab]) AND (treatment[tiab] OR intervention[tiab] OR therapy[tiab]),2026-08-05T18:00:54+00:00,,,,,
PMID_36507364,EuropePMC,36507364,PMC9730728,10.3389/fnins.2022.1049655,Neuroprotective effect of Src kinase in hypoxia-ischemia: A systematic review.,"Christidis P, Vij A, Petousis S, Ghaemmaghami J, Shah BV, Koutroulis I, Kratimenos P.",,2022,"<h4>Background</h4>Hypoxic-ischemic encephalopathy (HIE) is a major cause of neonatal morbidity and mortality worldwide. While the application of therapeutic hypothermia has improved neurodevelopmental outcomes for some survivors of HIE, this lone treatment option is only available to a subset of affected neonates. Src kinase, an enzyme central to the apoptotic cascade, is a potential pharmacologic target to preserve typical brain development after HIE. Here, we present evidence of the neuroprotective effects of targeting Src kinase in preclinical models of HIE.<h4>Methods</h4>We performed a comprehensive literature search using the National Library of Medicine's MEDLINE database to compile studies examining the impact of Src kinase regulation on neurodevelopment in animal models. Each eligible study was assessed for bias.<h4>Results</h4>Twenty studies met the inclusion criteria, and most studies had an intermediate risk for bias. Together, these studies showed that targeting Src kinase resulted in a neuroprotective effect as assessed by neuropathology, enzymatic activity, and neurobehavioral outcomes.<h4>Conclusion</h4>Src kinase is an effective neuroprotective target in the setting of acute hypoxic injury. Src kinase inhibition triggers multiple signaling pathways of the sub-membranous focal adhesions and the nucleus, resulting in modulation of calcium signaling and prevention of cell death. Despite the significant heterogeneity of the research studies that we examined, the available evidence can serve as proof-of-concept for further studies on this promising therapeutic strategy.",https://pubmed.ncbi.nlm.nih.gov/36507364/,,https://www.frontiersin.org/articles/10.3389/fnins.2022.1049655/pdf,stroke,(Stroke[MeSH] OR stroke[tiab] OR brain ischemia[tiab] OR cerebrovascular[tiab]) AND (treatment[tiab] OR intervention[tiab] OR therapy[tiab]),2026-08-05T18:00:54+00:00,,,,,
PMID_35957576,EuropePMC,35957576,PMC11010555,10.1017/s0031182022001081,Monotherapy and combination chemotherapy for Chagas disease treatment: a systematic review of clinical efficacy and safety based on randomized controlled trials.,"Santana Nogueira S, Cardoso Santos E, Oliveira Silva R, Vilela Gonçalves R, Lima GDA, Dias Novaes R.",,2022,"From a systematic review framework, we analysed the clinical evidence on the effectiveness and safety of monotherapy and combination chemotherapy for Chagas disease (ChD) treatment. The research protocol was based on the Preferred Reporting Items for Systematic Reviews and Meta-Analyses and patient, intervention, comparison and outcome strategy. Only randomized controlled trials (RCT) were retrieved from Embase, Medline, Scopus and Web of Science databases. Diagnostic tools, treatment protocols, seroconversion rates and adverse events were investigated. Fifteen RCT mainly concentrated in endemic countries were identified. ChD diagnosis was mainly based on haemagglutination, immunofluorescence, enzyme-linked immunosorbent assay and polymerase chain reaction. Benznidazole (BNZ), nifurtimox, fosravuconazole, posaconazole, allopurinol and thioctic acid were the identified drugs. The best negative seroconversion results (100, 96, 94 and 91.3%) were, respectively, based on BNZ (5 mg kg day<sup>−1</sup>, 200 mg day<sup>−1</sup>, 150 mg day<sup>−1</sup> and 2.5 mg kg<sup>−1</sup>) administration for 60 days. Negative seroconversion was not achieved with allopurinol (300 mg day<sup>−1</sup> for 60 days). Adverse reactions ranged from 5 to 73% in patients receiving antiparasitic chemotherapy. Treatment discontinuation (1.5–57%) was mainly associated with gastrointestinal, cutaneous and neurological manifestations. Current RCT-based evidence indicates that BNZ is the most viable option for ChD treatment. However, new protocols need to be developed to mitigate side effects and increase patient adherence to antiparasitic chemotherapy. Therefore, shorter regimens, lower concentrations and treatments combining BNZ with posaconazole, fosravuconazole or ravuconazole may be viable to ensure comparable efficacy to BZN-based monotherapy, contributing to reduce dose- and time-dependent toxicity reactions.",https://pubmed.ncbi.nlm.nih.gov/35957576/,,https://europepmc.org/articles/PMC11010555?pdf=render,stroke,(Stroke[MeSH] OR stroke[tiab] OR brain ischemia[tiab] OR cerebrovascular[tiab]) AND (treatment[tiab] OR intervention[tiab] OR therapy[tiab]),2026-08-05T18:00:54+00:00,,,,,
PMID_28325713,EuropePMC,28325713,PMC5524035,10.1161/jaha.116.005285,Two Decades of Cardiovascular Trials With Primary Surrogate Endpoints: 1990-2011.,"Bikdeli B, Punnanithinont N, Akram Y, Lee I, Desai NR, Ross JS, Krumholz HM.",,2017,"<h4>Background</h4>Surrogate endpoint trials test strategies more efficiently but are accompanied by uncertainty about the relationship between changes in surrogate markers and clinical outcomes.<h4>Methods and results</h4>We identified cardiovascular trials with primary surrogate endpoints published in the <i>New England Journal of Medicine</i>, <i>Lancet</i>, and <i>JAMA: Journal of the American Medical Association</i> from 1990 to 2011 and determined the trends in publication of surrogate endpoint trials and the success of the trials in meeting their primary endpoints. We tracked for publication of clinical outcome trials on the interventions tested in surrogate trials. We screened 3016 articles and identified 220 surrogate endpoint trials. From the total of 220 surrogate trials, 157 (71.4%) were positive for their primary endpoint. Only 59 (26.8%) surrogate trials had a subsequent clinical outcomes trial. Among these 59 trials, 24 outcomes trial results validated the positive surrogates, whereas 20 subsequent outcome trials were negative following positive results on a surrogate. We identified only 3 examples in which the surrogate trial was negative but a subsequent outcomes trial was conducted and showed benefit. Findings were consistent in a sample cohort of 383 screened articles inclusive of 37 surrogate endpoint trials from 6 other high-impact journals.<h4>Conclusions</h4>Although cardiovascular surrogate outcomes trials frequently show superiority of the tested intervention, they are infrequently followed by a prominent outcomes trial. When there was a high-profile clinical outcomes study, nearly half of the positive surrogate trials were not validated. Cardiovascular surrogate outcome trials may be more appropriate for excluding benefit from the patient perspective than for identifying it.",https://pubmed.ncbi.nlm.nih.gov/28325713/,,https://europepmc.org/articles/PMC5524035?pdf=render,stroke,(Stroke[MeSH] OR stroke[tiab] OR brain ischemia[tiab] OR cerebrovascular[tiab]) AND (treatment[tiab] OR intervention[tiab] OR therapy[tiab]),2026-08-05T18:00:54+00:00,,,,,
PMID_36239193,EuropePMC,36239193,PMC9562090,10.1002/14651858.cd013818.pub2,Tumor necrosis factor (TNF) inhibitors for juvenile idiopathic arthritis-associated uveitis.,"Renton WD, Jung J, Palestine AG.",,2022,"<h4>Background</h4>Uveitis is the most common extra-articular manifestation of juvenile idiopathic arthritis (JIA) and a potentially sight-threatening condition characterized by intraocular inflammation. Current treatment for JIA-associated uveitis (JIA-U) is largely based on physician experience, observational evidence and consensus guidelines, resulting in considerable variations in practice.  OBJECTIVES: To evaluate the effectiveness and safety of tumor necrosis factor (TNF) inhibitors used for treatment of JIA-U.<h4>Search methods</h4>We searched the Cochrane Central Register of Controlled Trials (CENTRAL); Ovid MEDLINE; Embase.com; PubMed; Latin American and Caribbean Health Sciences Literature Database (LILACS); ClinicalTrials.gov, and the World Health Organization (WHO) International Clinical Trials Registry Platform (ICTRP). We last searched the electronic databases on 3 February 2022.<h4>Selection criteria</h4>We included randomized controlled trials (RCTs) comparing TNF inhibitors with placebo in participants with a diagnosis of JIA and uveitis who were aged 2 to 18 years old.<h4>Data collection and analysis</h4>We used standard Cochrane methodology and graded the certainty of the body of evidence for seven outcomes using the GRADE classification.<h4>Main results</h4>We included three RCTs with 134 participants. One study conducted in the USA randomized participants to etanercept or placebo (N = 12). Two studies, one conducted in the UK (N = 90) and one in France (N = 32), randomized participants to adalimumab or placebo. All studies were at low risk of bias. Initial pooled estimates suggested that TNF-inhibitors may result in little to no difference on treatment success defined as 0 to trace cells on Standardization of Uveitis Nomenclature (SUN)-grading; or two-step decrease in activity based on SUN grading (estimated risk ratio (RR) 0.66; 95% confidence interval (CI) 0.21 to 2.10; 2 studies; 43 participants; low-certainty evidence) or treatment failure defined as a two-step increase in activity based on SUN grading (RR 0.31; 95% CI 0.01 to 7.15; 1 study; 31 participants; low-certainty evidence). Further analysis using the individual trial definitions of treatment response and failure suggested a positive treatment effect of TNF inhibitors; a RR of treatment success of 2.60 (95% CI 1.30 to 5.20; 3 studies; 124 participants; low-certainty evidence), and RR of treatment failure of 0.23 (95% CI 0.11 to 0.50; 3 studies; 133 participants). Almost all the evidence was on adalimumab and the evidence on etanercept was very limited.  For secondary outcomes, one study suggests that adalimumab may have little to no effect on risk of recurrence after induction of remission at three months (RR 2.50, 95% CI 0.31 to 20.45; 90 participants; very low-certainty evidence) and visual acuity, but the evidence is very uncertain; mean difference in longitudinal logMAR score change over six months was -0.01 (95% CI -0.06 to 0.03) and -0.02 (95% CI -0.07 to 0.03) using the best and worst logMAR measurement, respectively (low-certainty evidence). Low-certainty evidence from one study suggested that adalimumab treatment results in reduction of topical steroid doses at six months (hazard ratio 3.58; 95% CI 1.24 to 10.32; 74 participants who took one or more topical steroid per day at baseline). Adverse events, including injection site reactions and infections, were more common in the TNF inhibitor group. Serious adverse events were uncommon.<h4>Authors' conclusions</h4>Adalimumab appears to increase the likelihood of treatment success and decrease the likelihood of treatment failure when compared with placebo. The evidence was less conclusive about a positive treatment effect with etanercept. Adverse events from JIA-U trials are in keeping with the known side effect profile of TNF inhibitors. Standard validated JIA-U outcome measures are required to homogenize assessment and to allow for comparison and analysis of multiple datasets.",https://pubmed.ncbi.nlm.nih.gov/36239193/,,https://europepmc.org/articles/PMC9562090?pdf=render,stroke,(Stroke[MeSH] OR stroke[tiab] OR brain ischemia[tiab] OR cerebrovascular[tiab]) AND (treatment[tiab] OR intervention[tiab] OR therapy[tiab]),2026-08-05T18:00:54+00:00,,,,,
PMID_34420204,EuropePMC,34420204,PMC8406620,10.1002/14651858.cd013484.pub2,Tocilizumab for giant cell arteritis.,"Antonio AA, Santos RN, Abariga SA.",,2021,"<h4>Background</h4>Giant cell arteritis (GCA) is the most common form of systemic vasculitis in people older than 50 years of age. It causes granulomatous inflammation of medium- to large-sized vessels. Tocilizumab is a recombinant monoclonal antibody directed against interleukin-6 receptors (IL-6R).<h4>Objectives</h4>To assess the effectiveness and safety of tocilizumab, given alone or with corticosteroids, compared with therapy without tocilizumab for treatment of GCA.<h4>Search methods</h4>We searched the Cochrane Central Register of Controlled Trials (CENTRAL) (which contains the Cochrane Eyes and Vision Trials Register) (2020, Issue 1); Ovid MEDLINE; Embase.com; PubMed; Latin American and Caribbean Health Science Information database (LILACS); ClinicalTrials.gov; and the World Health Organization (WHO) International Clinical Trials Registry Platform (ICTRP). There were no date or language restrictions in the electronic search for trials. We last searched the electronic databases on 3 January 2020.<h4>Selection criteria</h4>We included only randomized controlled trials (RCTs) that compared tocilizumab of any dosage regimen (alone or with corticosteroids) with therapy without tocilizumab that had a minimum follow-up of six months. Participants were at least 50 years of age, with biopsy-proven GCA or by large-vessel vasculitis by angiography, and met the American College of Rheumatology 1990 guidelines for GCA.<h4>Data collection and analysis</h4>We used standard Cochrane methodology.<h4>Main results</h4>Main results We included two RCTs in the review. The studies were conducted in the USA, Canada, and Europe and enrolled a total of 281 participants with GCA, of whom 74% were women. The mean age of participants was 70 years, with new-onset or relapsing GCA, and fulfilled the 1990 American College of Rheumatology criteria with no uncontrolled comorbidities. Both studies were funded by F. Hoffmann-La Roche AG, the manufacturer of tocilizumab. Findings One RCT (30 participants) compared tocilizumab administered every four weeks versus placebo. Point estimates at 12 months and beyond favored tocilizumab over placebo in terms of sustained remission (risk ratio (RR) 4.25, 95% confidence interval (CI) 1.21 to 14.88; moderate-certainty evidence). Point estimates suggest no evidence of a difference for all-cause mortality at 12 months or more (RR 0.17, 95% CI 0.01 to 3.94; moderate-certainty evidence). At 12 months, mean time to first relapse after induction of remission was 25 weeks in favor of participants receiving tocilizumab compared to placebo (mean difference (MD) 25, 95% CI 11.4 to 38.6; moderate-certainty evidence). The second RCT (251 participants) randomized participants into two intervention and two comparator groups to receive tocilizumab weekly (100 participants), bi-weekly (49 participants), weekly placebo + 26-week taper (50 participants), or weekly placebo + 52-week taper (51 participants). At 12 months, point estimates from this study on proportion of participants with sustained remission favored participants who received tocilizumab weekly versus placebo + 52-week taper (RR 3.17, 95% CI 1.71 to 5.89; 151 participants); tocilizumab weekly versus placebo + 26-week taper (RR 4.00, 95% CI 1.97 to 8.12; 150 participants); tocilizumab every other week versus placebo + 52-week taper (RR 3.01, 95% CI 1.57 to 5.75; 100 participants); tocilizumab every other week versus placebo + 26-week taper (RR 3.79, 95% CI 1.82 to 7.91; 99 participants) (moderate-certainty evidence). Point estimates on proportion of participants who did not need escape therapy (defined by the study as the inability to keep to the protocol-defined prednisone taper) favored participants who received tocilizumab weekly versus placebo + 52-week taper (RR 1.71, 95% CI 1.24 to 2.35; 151 participants); tocilizumab weekly versus placebo + 26-week taper (RR 2.96, 95% CI 1.83 to 4.78; 150 participants); tocilizumab every other week versus placebo + 52-week taper (RR 1.49, 95% CI 1.04 to 2.14; 100 participants); tocilizumab every other week versus placebo + 26-week taper (RR 0.65, 95% CI 0.27 to 1.54; 99 participants) (moderate-certainty evidence). This study did not report mean time to first relapse after induction of remission or all-cause mortality. The same study found no evidence of a difference between groups with regard to vision changes and quality of life, except for the assessment of quality of life with the physical component score of the 36-Item Short Form Health Survey (SF-36), which favored weekly tocilizumab versus placebo + 52-week taper (MD 8.17, 95% CI 4.44 to 11.90; moderate-certainty evidence). Adverse events One RCT reported a lower percentage of participants who experienced serious adverse events when receiving tocilizumab every four weeks versus placebo. The second RCT reported no evidence of a difference among groups with regard to adverse events; however, fewer participants reported serious adverse events in the tocilizumab weekly and tocilizumab biweekly interventions compared with the placebo + 26-week taper and placebo + 52-week taper comparators. Investigators in both studies reported that infection was the most frequently reported adverse event.<h4>Authors' conclusions</h4>This review indicates that tocilizumab therapy may be beneficial in terms of proportion of participants with sustained remission, relapse-free survival, and the need for escape therapy. While the evidence was of moderate certainty, only two studies were included in the review, suggesting that further research is required to corroborate these findings. Future trials should address issues related to the required duration of therapy, patient-reported outcomes such as quality of life and economic outcomes, as well as the clinical outcomes evaluated in this review.",https://pubmed.ncbi.nlm.nih.gov/34420204/,,https://europepmc.org/articles/PMC8406620?pdf=render,stroke,(Stroke[MeSH] OR stroke[tiab] OR brain ischemia[tiab] OR cerebrovascular[tiab]) AND (treatment[tiab] OR intervention[tiab] OR therapy[tiab]),2026-08-05T18:00:54+00:00,,,,,
PMID_28146334,EuropePMC,28146334,PMC5962963,10.1002/gps.4652,Dementia and co-occurring chronic conditions: a systematic literature review to identify what is known and where are the gaps in the evidence?,"Snowden MB, Steinman LE, Bryant LL, Cherrier MM, Greenlund KJ, Leith KH, Levy C, Logsdon RG, Copeland C, Vogel M, Anderson LA, Atkins DC, Bell JF, Fitzpatrick AL.",,2017,"<h4>Objective</h4>The challenges posed by people living with multiple chronic conditions are unique for people with dementia and other significant cognitive impairment. There have been recent calls to action to review the existing literature on co-occurring chronic conditions and dementia in order to better understand the effect of cognitive impairment on disease management, mobility, and mortality.<h4>Methods</h4>This systematic literature review searched PubMed databases through 2011 (updated in 2016) using key constructs of older adults, moderate-to-severe cognitive impairment (both diagnosed and undiagnosed dementia), and chronic conditions. Reviewers assessed papers for eligibility and extracted key data from each included manuscript. An independent expert panel rated the strength and quality of evidence and prioritized gaps for future study.<h4>Results</h4>Four thousand thirty-three articles were identified, of which 147 met criteria for review. We found that moderate-to-severe cognitive impairment increased risks of mortality, was associated with prolonged institutional stays, and decreased function in persons with multiple chronic conditions. There was no relationship between significant cognitive impairment and use of cardiovascular or hypertensive medications for persons with these comorbidities. Prioritized areas for future research include hospitalizations, disease-specific outcomes, diabetes, chronic pain, cardiovascular disease, depression, falls, stroke, and multiple chronic conditions.<h4>Conclusions</h4>This review summarizes that living with significant cognitive impairment or dementia negatively impacts mortality, institutionalization, and functional outcomes for people living with multiple chronic conditions. Our findings suggest that chronic-disease management interventions will need to address co-occurring cognitive impairment. Copyright © 2017 John Wiley & Sons, Ltd.",https://pubmed.ncbi.nlm.nih.gov/28146334/,,https://europepmc.org/articles/PMC5962963?pdf=render,stroke,(Stroke[MeSH] OR stroke[tiab] OR brain ischemia[tiab] OR cerebrovascular[tiab]) AND (treatment[tiab] OR intervention[tiab] OR therapy[tiab]),2026-08-05T18:00:54+00:00,,,,,
PMID_36598848,EuropePMC,36598848,PMC10318119,10.1519/jpt.0000000000000369,Association Between Patient and Facility Characteristics and Rehabilitation Outcomes After Joint Replacement Surgery in Different Rehabilitation Settings for Older Adults: A Systematic Review.,"Osundolire S, Mbrah A, Liu SH, Lapane KL.",,2024,"<h4>Background and purpose</h4>In the United States, an exponential increase in total hip arthroplasty (THA) and total knee arthroplasty (TKA) demand has occurred over the last 2 decades. Evidence suggesting patients receiving inpatient rehabilitation following a TKA or THA experience similar outcomes as those with rehabilitation in other settings led to dramatic shifts in postsurgical care settings owing to Centers for Medicare & Medicaid Services (CMS) payment reforms. A contemporary synthesis of evidence about the association between patient and facility factors and outcomes from older adults undergoing THA or TKA in the United States is needed.<h4>Methods</h4>To identify eligible studies, we searched PubMed, Scopus, and CINAHL. We followed PRISMA guidelines to identify articles evaluating either patient or facility factors associated with outcomes after THA or TKA for older adults who may have been cared for in inpatient settings (ie, inpatient rehabilitation or skilled nursing facility [SNF]). Eligible articles were conducted in the United States and were published between January 1, 2000, and December 31, 2021.<h4>Results</h4>We included 8 articles focused on patient factors and 9 focused on facility factors. Most included older adults and the majority were White (in those reporting race/ethnicity). Most studies evaluated outcomes at discharge and showed that patients admitted to inpatient rehabilitation facilities had either similar or better functional outcomes (mobility, self-care, and functional independence measure (FIM) score) and lower length of stay compared with those in SNFs. Few studies focused on home health care.<h4>Conclusions</h4>The systematic review focused on older adults showed that findings in these patients are consistent with previous research. Older adults undergoing THA/TKA had acceptable outcomes regardless of postsurgical, inpatient setting of care. Research conducted after CMS payment reforms, in home health care settings, and in more diverse samples is needed. Given the known racial/ethnic disparities in THA/TKA and the shifts to postsurgical home health care with little regulatory oversight of care quality, contemporary research on outcomes of postsurgical THA/TKA outcomes is warranted.",https://pubmed.ncbi.nlm.nih.gov/36598848/,,https://europepmc.org/articles/PMC10318119?pdf=render,stroke,(Stroke[MeSH] OR stroke[tiab] OR brain ischemia[tiab] OR cerebrovascular[tiab]) AND (treatment[tiab] OR intervention[tiab] OR therapy[tiab]),2026-08-05T18:00:54+00:00,,,,,
PMID_28489279,EuropePMC,28489279,PMC6481586,10.1002/14651858.cd012204.pub2,Dipeptidyl-peptidase (DPP)-4 inhibitors and glucagon-like peptide (GLP)-1 analogues for prevention or delay of type 2 diabetes mellitus and its associated complications in people at increased risk for the development of type 2 diabetes mellitus.,"Hemmingsen B, Sonne DP, Metzendorf MI, Richter B.",,2017,"<h4>Background</h4>The projected rise in the incidence of type 2 diabetes mellitus (T2DM) could develop into a substantial health problem worldwide. Whether dipeptidyl-peptidase (DPP)-4 inhibitors or glucagon-like peptide (GLP)-1 analogues are able to prevent or delay T2DM and its associated complications in people at risk for the development of T2DM is unknown.<h4>Objectives</h4>To assess the effects of DPP-4 inhibitors and GLP-1 analogues on the prevention or delay of T2DM and its associated complications in people with impaired glucose tolerance, impaired fasting blood glucose, moderately elevated glycosylated haemoglobin A1c (HbA1c) or any combination of these.<h4>Search methods</h4>We searched the Cochrane Central Register of Controlled Trials; MEDLINE; PubMed; Embase; ClinicalTrials.gov; the World Health Organization (WHO) International Clinical Trials Registry Platform; and the reference lists of systematic reviews, articles and health technology assessment reports. We asked investigators of the included trials for information about additional trials. The date of the last search of all databases was January 2017.<h4>Selection criteria</h4>We included randomised controlled trials (RCTs) with a duration of 12 weeks or more comparing DPP-4 inhibitors and GLP-1 analogues with any pharmacological glucose-lowering intervention, behaviour-changing intervention, placebo or no intervention in people with impaired fasting glucose, impaired glucose tolerance, moderately elevated HbA1c or combinations of these.<h4>Data collection and analysis</h4>Two review authors read all abstracts and full-text articles and records, assessed quality and extracted outcome data independently. One review author extracted data which were checked by a second review author. We resolved discrepancies by consensus or the involvement of a third review author. For meta-analyses, we planned to use a random-effects model with investigation of risk ratios (RRs) for dichotomous outcomes and mean differences (MDs) for continuous outcomes, using 95% confidence intervals (CIs) for effect estimates. We assessed the overall quality of the evidence using the GRADE instrument.<h4>Main results</h4>We included seven completed RCTs; about 98 participants were randomised to a DPP-4 inhibitor as monotherapy and 1620 participants were randomised to a GLP-1 analogue as monotherapy. Two trials investigated a DPP-4 inhibitor and five trials investigated a GLP-1 analogue. A total of 924 participants with data on allocation to control groups were randomised to a comparator group; 889 participants were randomised to placebo and 33 participants to metformin monotherapy. One RCT of liraglutide contributed 85% of all participants. The duration of the intervention varied from 12 weeks to 160 weeks. We judged none of the included trials at low risk of bias for all 'Risk of bias' domains and did not perform meta-analyses because there were not enough trials.One trial comparing the DPP-4 inhibitor vildagliptin with placebo reported no deaths (very low-quality evidence). The incidence of T2DM by means of WHO diagnostic criteria in this trial was 3/90 participants randomised to vildagliptin versus 1/89 participants randomised to placebo (very low-quality evidence). Also, 1/90 participants on vildagliptin versus 2/89 participants on placebo experienced a serious adverse event (very low-quality evidence). One out of 90 participants experienced congestive heart failure in the vildagliptin group versus none in the placebo group (very low-quality evidence). There were no data on non-fatal myocardial infarction, stroke, health-related quality of life or socioeconomic effects reported.All-cause and cardiovascular mortality following treatment with GLP-1 analogues were rarely reported; one trial of exenatide reported that no participant died. Another trial of liraglutide 3.0 mg showed that 2/1501 in the liraglutide group versus 2/747 in the placebo group died after 160 weeks of treatment (very low-quality evidence).The incidence of T2DM following treatment with liraglutide 3.0 mg compared to placebo after 160 weeks was 26/1472 (1.8%) participants randomised to liraglutide versus 46/738 (6.2%) participants randomised to placebo (very low-quality evidence). The trial established the risk for (diagnosis of) T2DM as HbA1c 5.7% to 6.4% (6.5% or greater), fasting plasma glucose 5.6 mmol/L or greater to 6.9 mmol/L or less (7.0 mmol/L or greater) or two-hour post-load plasma glucose 7.8 mmol/L or greater to 11.0 mmol/L (11.1 mmol/L). Altogether, 70/1472 (66%) participants regressed from intermediate hyperglycaemia to normoglycaemia compared with 268/738 (36%) participants in the placebo group. The incidence of T2DM after the 12-week off-treatment extension period (i.e. after 172 weeks) showed that five additional participants were diagnosed T2DM in the liraglutide group, compared with one participant in the placebo group. After 12-week treatment cessation, 740/1472 (50%) participants in the liraglutide group compared with 263/738 (36%) participants in the placebo group had normoglycaemia.One trial used exenatide and 2/17 participants randomised to exenatide versus 1/16 participants randomised to placebo developed T2DM (very low-quality evidence). This trial did not provide a definition of T2DM. One trial reported serious adverse events in 230/1524 (15.1%) participants in the liraglutide 3.0 mg arm versus 96/755 (12.7%) participants in the placebo arm (very low quality evidence). There were no serious adverse events in the trial using exenatide. Non-fatal myocardial infarction was reported in 1/1524 participants in the liraglutide arm and in 0/55 participants in the placebo arm at 172 weeks (very low-quality evidence). One trial reported congestive heart failure in 1/1524 participants in the liraglutide arm and in 1/755 participants in the placebo arm (very low-quality evidence). Participants receiving liraglutide compared with placebo had a small mean improvement in the physical component of the 36-item Short Form scale showing a difference of 0.87 points (95% CI 0.17 to 1.58; P = 0.02; 1 trial; 1791 participants; very low-quality evidence). No trial evaluating GLP-1-analogues reported data on stroke, microvascular complications or socioeconomic effects.<h4>Authors' conclusions</h4>There is no firm evidence that DPP-4 inhibitors or GLP-1 analogues compared mainly with placebo substantially influence the risk of T2DM and especially its associated complications in people at increased risk for the development of T2DM. Most trials did not investigate patient-important outcomes.",https://pubmed.ncbi.nlm.nih.gov/28489279/,,https://europepmc.org/articles/pmc6481586?pdf=render,stroke,(Stroke[MeSH] OR stroke[tiab] OR brain ischemia[tiab] OR cerebrovascular[tiab]) AND (treatment[tiab] OR intervention[tiab] OR therapy[tiab]),2026-08-05T18:00:54+00:00,,,,,
PMID_27460907,EuropePMC,27460907,PMC4962508,10.1186/s13643-016-0302-9,Food groups and risk of chronic disease: a protocol for a systematic review and network meta-analysis of cohort studies.,"Schwingshackl L, Chaimani A, Bechthold A, Iqbal K, Stelmach-Mardas M, Hoffmann G, Schwedhelm C, Schlesinger S, Boeing H.",,2016,"<h4>Background</h4>There is a lack of systematic and comprehensive evaluations whether food intakes lower or increase risk of chronic diseases. In this network meta-analysis of prospective cohort studies, we aim to evaluate the effects of different foods on risk of chronic diseases.<h4>Methods/design</h4>We will search PubMed and EMBASE. This will be supplemented by a hand search and author contacts. Citations, abstracts, and relevant papers will be screened for eligibility by two reviewers independently. Prospective cohort studies will be included if they meet the following criteria: (1) evaluate the association of single food or food groups with all-cause mortality, cardiovascular diseases (incidence and mortality), cancer (incidence and mortality) or risk of type 2 diabetes. The following food groups will be evaluated: whole grains, refined grains, vegetables, fruits, nuts, legumes, eggs, dairy products, fish, red meat, processed meat and sugar-sweetened beverages; (2) include participants ≥18 years of age; and (3) study population were free of outcome(s) of interest at the onset of the study. To assess study quality, we will extract the following characteristics: study size, duration of follow-up, dietary assessment method, assessment of outcome and adjustment factors. If the identified studies appear sufficiently similar within and across the different comparisons between pairs of food groups, we will estimate summary-relative effects using random effects network meta-analysis. Subgroup and meta-regression analyses will be performed stratified by different follow-up cut-points, geographical region and sex.<h4>Discussion</h4>This is a presentation of the study protocol only. Results and conclusions are pending completion of this study. Our systematic review will be of great value to national and international authorities for evidence-based nutritional recommendation/guidelines, regarding the implementation of food-based dietary guidelines for prevention of chronic diseases. Moreover, our results can be implemented to develop new diet quality indices/scores.<h4>Systematic review registration</h4>PROSPERO CRD42016037069.",https://pubmed.ncbi.nlm.nih.gov/27460907/,,https://europepmc.org/articles/PMC4962508?pdf=render,stroke,(Stroke[MeSH] OR stroke[tiab] OR brain ischemia[tiab] OR cerebrovascular[tiab]) AND (treatment[tiab] OR intervention[tiab] OR therapy[tiab]),2026-08-05T18:00:54+00:00,,,,,
PMID_27412989,EuropePMC,27412989,PMC4946327,10.3238/arztebl.2016.0445,Ezetimibe-Statin Combination Therapy.,"Nußbaumer B, Glechner A, Kaminski-Hartenthaler A, Mahlknecht P, Gartlehner G.",,2016,"<h4>Background</h4>To date, most clinical comparisons of ezetimibe-statin combination therapy versus statin monotherapy have relied entirely on surrogate variables. In this systematic review, we study the efficacy and safety of ezetimibe-statin combination therapy in comparison to statin monotherapy in terms of the prevention of cardiovascular events in hyperlipidemic patients with atherosclerosis and/or diabetes mellitus.<h4>Methods</h4>This review is based on a systematic literature search (1995 to July 2015) in PubMed, the Excerpta Medica Database (EMBASE), the Cochrane Library, and the ClinicalTrials.gov registry.<h4>Results</h4>Nine randomized, controlled trials with data from a total of 19 461 patients were included. Ezetimibe-statin combination therapy was associated with a lower risk of cardiovascular events than statin monotherapy: 33% of the patients treated with ezetimibe and a statin, and 35% of those treated with a statin alone, had a cardiovascular event within seven years (number needed to treat [NNT]: 50 over 7 years). Combination therapy was also significantly more effective in preventing a composite endpoint consisting of death due to cardiovascular disease, nonfatal myocardial infarction, unstable angina pectoris, coronary revascularization, and nonfatal stroke (hazard ratio [HR] 0.94, 95% confidence interval [0,89; 0,99]; p = 0.016). Diabetic patients benefited from combination therapy rather than monotherapy with respect to cardiovascular morbidity (HR 0.87 [0.78; 0.94]). On the other hand, the addition of ezetimibe to statin therapy did not lessen either cardiovascular or overall mortality. Serious undesired events occurred in 38% of the patients taking ezetimibe and a statin nd in 39% of the patients taking a statin alone (relative risk 1.09 [0.77; 1.55]).<h4>Conclusion</h4>In high-risk patients with an acute coronary syndrome, combination therapy with ezetimibe and a statin lowered the risk of cardiovascular events in comparison to statin monotherapy. The risk of dying or suffering an adverse drug effect was similar in the two treatment groups.",https://pubmed.ncbi.nlm.nih.gov/27412989/,,https://europepmc.org/articles/pmc4946327?pdf=render,stroke,(Stroke[MeSH] OR stroke[tiab] OR brain ischemia[tiab] OR cerebrovascular[tiab]) AND (treatment[tiab] OR intervention[tiab] OR therapy[tiab]),2026-08-05T18:00:54+00:00,,,,,
PMID_34631130,EuropePMC,34631130,PMC8488455,10.1002/osp4.519,"Changes in body mass index, obesity, and overweight in Southern Africa development countries, 1990 to 2019: Findings from the Global Burden of Disease, Injuries, and Risk Factors Study.","Gona PN, Kimokoti RW, Gona CM, Ballout S, Rao SR, Mapoma CC, Lo J, Mokdad AH.",,2021,"<h4>Background</h4>High body mass index (BMI) is associated with stroke, ischemic heart disease (IHD), and type 2 diabetes mellitus (T2DM). An epidemiological analysis of the prevalence of high BMI, stroke, IHD, and T2DM was conducted for 16 Southern Africa Development Community (SADC) using Global Burden of Diseases, Injuries, and Risk Factors (GBD) Study data.<h4>Methods</h4>GBD obtained data from vital registration, verbal autopsy, and ICD codes. Prevalence of high BMI (≥25 kg/m<sup>2</sup>), stroke, IHD, and T2DM attributed to high BMI were calculated. Cause of Death Ensemble Model and Spatiotemporal Gaussian regression was used to estimate mortality due to stroke, IHD, and T2DM attributable to high BMI.<h4>Results</h4>Obesity in adult females increased 1.54-fold from 12.0% (uncertainty interval [UI]: 11.5-12.4) to 18.5% (17.9-19.0), whereas in adult males, obesity nearly doubled from 4.5 (4.3-4.8) to 8.8 (8.5-9.2). In children, obesity more than doubled in both sexes, and overweight increased by 27.4% in girls and by 37.4% in boys. Mean BMI increased by 0.7 from 22.4 (21.6-23.1) to 23.1 (22.3-24.0) in adult males, and by 1.0 from 23.8 (22.9-24.7) to 24.8 (23.8-25.8) in adult females. South Africa 44.7 (42.5-46.8), Swaziland 33.9 (31.7-36.0) and Lesotho 31.6 (29.8-33.5) had the highest prevalence of obesity in 2019. The corresponding prevalence in males for the three countries were 19.1 (17.5-20.7), 19.3 (17.7-20.8), and 9.2 (8.4-10.1), respectively. The DRC and Madagascar had the least prevalence of adult obesity, from 5.6 (4.8-6.4) and 7.0 (6.1-7.9), respectively in females in 2019, and in males from 4.9 (4.3-5.4) in the DRC to 3.9 (3.4-4.4) in Madagascar.<h4>Conclusions</h4>The prevalence of high BMI is high in SADC. Obesity more than doubled in adults and nearly doubled in children. The 2019 mean BMI for adult females in seven countries exceeded 25 kg/m<sup>2</sup>. SADC countries are unlikely to meet UN2030 SDG targets. Prevalence of high BMI should be studied locally to help reduce morbidity.",https://pubmed.ncbi.nlm.nih.gov/34631130/,,https://europepmc.org/articles/PMC8488455?pdf=render,stroke,(Stroke[MeSH] OR stroke[tiab] OR brain ischemia[tiab] OR cerebrovascular[tiab]) AND (treatment[tiab] OR intervention[tiab] OR therapy[tiab]),2026-08-05T18:00:54+00:00,,,,,
PMID_27528494,EuropePMC,27528494,PMC5014759,10.1002/14651858.cd008856.pub2,Interventions to reduce corruption in the health sector.,"Gaitonde R, Oxman AD, Okebukola PO, Rada G.",,2016,"<h4>Background</h4>Corruption is the abuse or complicity in abuse, of public or private position, power or authority to benefit oneself, a group, an organisation or others close to oneself; where the benefits may be financial, material or non-material. It is wide-spread in the health sector and represents a major problem.<h4>Objectives</h4>Our primary objective was to systematically summarise empirical evidence of the effects of strategies to reduce corruption in the health sector. Our secondary objective was to describe the range of strategies that have been tried and to guide future evaluations of promising strategies for which there is insufficient evidence.<h4>Search methods</h4>We searched 14 electronic databases up to January 2014, including: CENTRAL; MEDLINE; EMBASE; sociological, economic, political and other health databases; Human Resources Abstracts up to November 2010; Euroethics up to August 2015; and PubMed alerts from January 2014 to June 2016. We searched another 23 websites and online databases for grey literature up to August 2015, including the World Bank, the International Monetary Fund, the U4 Anti-Corruption Resource Centre, Transparency International, healthcare anti-fraud association websites and trial registries. We conducted citation searches in Science Citation Index and Google Scholar, and searched PubMed for related articles up to August 2015. We contacted corruption researchers in December 2015, and screened reference lists of articles up to May 2016.<h4>Selection criteria</h4>For the primary analysis, we included randomised trials, non-randomised trials, interrupted time series studies and controlled before-after studies that evaluated the effects of an intervention to reduce corruption in the health sector. For the secondary analysis, we included case studies that clearly described an intervention to reduce corruption in the health sector, addressed either our primary or secondary objective, and stated the methods that the study authors used to collect and analyse data.<h4>Data collection and analysis</h4>One review author extracted data from the included studies and a second review author checked the extracted data against the reports of the included studies. We undertook a structured synthesis of the findings. We constructed a results table and 'Summaries of findings' tables. We used the Grading of Recommendations Assessment, Development and Evaluation (GRADE) approach to assess the certainty of the evidence.<h4>Main results</h4>No studies met the inclusion criteria of the primary analysis. We included nine studies that met the inclusion criteria for the secondary analysis.One study found that a package of interventions coordinated by the US Department of Health and Human Services and Department of Justice recovered a large amount of money and resulted in hundreds of new cases and convictions each year (high certainty of the evidence). Another study from the USA found that establishment of an independent agency to investigate and enforce efforts against overbilling might lead to a small reduction in overbilling, but the certainty of this evidence was very low. A third study from India suggested that the impacts of coordinated efforts to reduce corruption through increased detection and enforcement are dependent on continued political support and that they can be limited by a dysfunctional judicial system (very low certainty of the evidence).One study in South Korea and two in the USA evaluated increased efforts to investigate and punish corruption in clinics and hospitals without establishing an independent agency to coordinate these efforts. It is unclear whether these were effective because the evidence is of very low certainty.One study from Kyrgyzstan suggested that increased transparency and accountability for co-payments together with reduction of incentives for demanding informal payments may reduce informal payments (low certainty of the evidence).One study from Germany suggested that guidelines that prohibit hospital doctors from accepting any form of benefits from the pharmaceutical industry may improve doctors' attitudes about the influence of pharmaceutical companies on their choice of medicines (low certainty of the evidence).A study in the USA, evaluated the effects of introducing a law that required pharmaceutical companies to report the gifts they gave to healthcare workers. Another study in the USA evaluated the effects of a variety of internal control mechanisms used by community health centres to stop corruption. The effects of these strategies is unclear because the evidence was of very low certainty.<h4>Authors' conclusions</h4>There is a paucity of evidence regarding how best to reduce corruption. Promising interventions include improvements in the detection and punishment of corruption, especially efforts that are coordinated by an independent agency. Other promising interventions include guidelines that prohibit doctors from accepting benefits from the pharmaceutical industry, internal control practices in community health centres, and increased transparency and accountability for co-payments combined with reduced incentives for informal payments. The extent to which increased transparency alone reduces corruption is uncertain. There is a need to monitor and evaluate the impacts of all interventions to reduce corruption, including their potential adverse effects.",https://pubmed.ncbi.nlm.nih.gov/27528494/,,https://europepmc.org/articles/PMC5014759?pdf=render,stroke,(Stroke[MeSH] OR stroke[tiab] OR brain ischemia[tiab] OR cerebrovascular[tiab]) AND (treatment[tiab] OR intervention[tiab] OR therapy[tiab]),2026-08-05T18:00:54+00:00,,,,,
PMID_25628750,EuropePMC,25628750,PMC4299539,10.1155/2015/870398,Acupuncture for spasticity after stroke: a systematic review and meta-analysis of randomized controlled trials.,"Lim SM, Yoo J, Lee E, Kim HJ, Shin S, Han G, Ahn HS.",,2015,"The aim of this systematic review was to determine how effective acupuncture or electroacupuncture (acupuncture with electrical stimulation) is in treating poststroke patients with spasticity. We searched publications in Medline, EMBASE, and the Cochrane Library in English, 19 accredited journals in Korean, and the China Integrated Knowledge Resources Database in Chinese through to July 30, 2013. We included randomized controlled trials (RCTs) with no language restrictions that compared the effects of acupuncture or electroacupuncture with usual care or placebo acupuncture. The two investigators assessed the risk of bias and statistical analyses were performed. Three RCTs in English, 1 in Korean, and 1 in Chinese were included. Assessments were performed primarily with the Modified Ashworth Scale (MAS). Meta-analysis showed that acupuncture or electroacupuncture significantly decreased spasticity after stroke. A subgroup analysis showed that acupuncture significantly decreased wrist, knee, and elbow spasticity in poststroke patients. Heterogeneity could be explained by the differences in control, acupoints, and the duration after stroke occurrence. In conclusion, acupuncture could be effective in decreasing spasticity after stroke, but long-term studies are needed to determine the longevity of treatment effects.",https://pubmed.ncbi.nlm.nih.gov/25628750/,,https://europepmc.org/articles/PMC4299539?pdf=render,stroke,(Stroke[MeSH] OR stroke[tiab] OR brain ischemia[tiab] OR cerebrovascular[tiab]) AND (treatment[tiab] OR intervention[tiab] OR therapy[tiab]),2026-08-05T18:00:54+00:00,,,,,
PMID_24482572,EuropePMC,24482572,PMC3905098,10.2147/ndt.s53913,"Epidemiological, humanistic, and economic burden of illness of lower limb spasticity in adults: a systematic review.","Martin A, Abogunrin S, Kurth H, Dinet J.",,2014,"<h4>Background</h4>The purpose of this study was to investigate the epidemiological, humanistic, and economic burden of illness associated with adult lower limb spasticity (LLS) and its complications.<h4>Methods</h4>A systematic search of MEDLINE and EMBASE identified 23 studies published between January 2002 and October 2012 that assessed the epidemiology, impact, and resource use associated with LLS. A hand-search of four neurology conferences identified abstracts published between 2010 and 2012.<h4>Results</h4>LLS was found to occur in one third of adults after stroke, half to two thirds with multiple sclerosis, and three quarters with cerebral palsy. LLS limits mobility and reduces quality of life. No clear association was found between LLS and occurrence of pain, development of contractures, or risk of falls.<h4>Conclusion</h4>The evidence on the burden of LLS and its complications is surprisingly limited given the condition's high prevalence among adults with common disorders, such as stroke. Further research is needed to clarify the impact of LLS, including the likelihood of thrombosis in spastic lower limbs. The dearth of high-quality evidence for LLS suggests a lack of awareness of, and interest in, the problem, and therefore, the unmet need among patients and their carers.",https://pubmed.ncbi.nlm.nih.gov/24482572/,,https://europepmc.org/articles/PMC3905098?pdf=render,stroke,(Stroke[MeSH] OR stroke[tiab] OR brain ischemia[tiab] OR cerebrovascular[tiab]) AND (treatment[tiab] OR intervention[tiab] OR therapy[tiab]),2026-08-05T18:00:54+00:00,,,,,
PMID_26925883,EuropePMC,26925883,PMC5099081,10.1038/ajg.2016.41,ACG Clinical Guideline: Management of Patients With Acute Lower Gastrointestinal Bleeding.,"Strate LL, Gralnek IM.",,2016,"This guideline provides recommendations for the management of patients with acute overt lower gastrointestinal bleeding. Hemodynamic status should be initially assessed with intravascular volume resuscitation started as needed. Risk stratification based on clinical parameters should be performed to help distinguish patients at high- and low-risk of adverse outcomes. Hematochezia associated with hemodynamic instability may be indicative of an upper gastrointestinal (GI) bleeding source and thus warrants an upper endoscopy. In the majority of patients, colonoscopy should be the initial diagnostic procedure and should be performed within 24 h of patient presentation after adequate colon preparation. Endoscopic hemostasis therapy should be provided to patients with high-risk endoscopic stigmata of bleeding including active bleeding, non-bleeding visible vessel, or adherent clot. The endoscopic hemostasis modality used (mechanical, thermal, injection, or combination) is most often guided by the etiology of bleeding, access to the bleeding site, and endoscopist experience with the various hemostasis modalities. Repeat colonoscopy, with endoscopic hemostasis performed if indicated, should be considered for patients with evidence of recurrent bleeding. Radiographic interventions (tagged red blood cell scintigraphy, computed tomographic angiography, and angiography) should be considered in high-risk patients with ongoing bleeding who do not respond adequately to resuscitation and who are unlikely to tolerate bowel preparation and colonoscopy. Strategies to prevent recurrent bleeding should be considered. Nonsteroidal anti-inflammatory drug use should be avoided in patients with a history of acute lower GI bleeding, particularly if secondary to diverticulosis or angioectasia. Patients with established high-risk cardiovascular disease should not stop aspirin therapy (secondary prophylaxis) in the setting of lower GI bleeding. [corrected]. The exact timing depends on the severity of bleeding, perceived adequacy of hemostasis, and the risk of a thromboembolic event. Surgery for the prevention of recurrent lower gastrointestinal bleeding should be individualized, and the source of bleeding should be carefully localized before resection.",https://pubmed.ncbi.nlm.nih.gov/26925883/,,https://europepmc.org/articles/PMC5099081?pdf=render,stroke,(Stroke[MeSH] OR stroke[tiab] OR brain ischemia[tiab] OR cerebrovascular[tiab]) AND (treatment[tiab] OR intervention[tiab] OR therapy[tiab]),2026-08-05T18:00:54+00:00,,,,,
PMID_27512510,EuropePMC,27512510,PMC4966223,10.4103/1817-1737.185761,A systematic review on prevalence and risk factors associated with treatment- emergent central sleep apnea.,"Nigam G, Pathak C, Riaz M.",,2016,"<h4>Introduction</h4>Treatment-emergent central sleep apnea (TECSA) is the appearance of central apneas and hypopneas after significant resolution of the obstructive events has been attained using positive airway pressure (PAP) therapy. The aim of the study was to determine the prevalence of TECSA and to understand what factors are associated with its development.<h4>Methods</h4>PubMed, MEDLINE, Scopus, Web of Science and Cochran Library databases were searched with Mesh headings to locate studies linking TECSA and obstructive sleep apnea (OSA).<h4>Results</h4>Nine studies were identified that reported the prevalence of TECSA ranging from 5.0% to 20.3%. Prevalence of TECSA for studies using only full night titration was between 5.0% and 12.1% where as it was between 6.5% and 20.3% for studies using split-night polysomnogram. The mean effective continuous PAP (CPAP) setting varied between 7.5 cm and 15.2 cm of water for patients in TECSA group and between 7.4 cm and 13.6 cm of water for the group without TECSA.<h4>Conclusions</h4>The aggregate point prevalence of TECSA is about 8% with the estimated range varying from 5% to 20% in patients with untreated OSA. The prevalence tends to be higher for split-night studies compared to full night titration studies. TECSA can occur at any CPAP setting although extremely high CPAP settings could increase the likelihood. Male gender, higher baseline apnea-hypopnea index, and central apnea index at the time of diagnostic study could be associated with the development of TECSA at a subsequent titration study.",https://pubmed.ncbi.nlm.nih.gov/27512510/,,,stroke,(Stroke[MeSH] OR stroke[tiab] OR brain ischemia[tiab] OR cerebrovascular[tiab]) AND (treatment[tiab] OR intervention[tiab] OR therapy[tiab]),2026-08-05T18:00:54+00:00,,,,,
PMID_23543566,EuropePMC,23543566,PMC11813163,10.1002/14651858.cd008656.pub2,Non-pharmacological interventions for preventing secondary vascular events after stroke or transient ischemic attack.,"Mackay-Lyons M, Thornton M, Ruggles T, Che M.",,2013,"<h4>Background</h4>Stroke is the second leading cause of death among adults worldwide. Individuals who have suffered a stroke are at high risk of having another stroke likely leading to greater disability and institutionalization. Non-pharmacological interventions may have a role to play in averting a second stroke.<h4>Objectives</h4>To determine the effectiveness of multi-modal programs of non-pharmacological interventions compared with usual care in preventing secondary vascular events and reducing vascular risk factors after stroke or transient ischemic attack (TIA).<h4>Search methods</h4>We searched the Cochrane Stroke Group Trials Register (September 2012); The Cochrane Library databases CENTRAL, CDSR, DARE, HTA and NHS EED (2012 Issue 2); MEDLINE (1950 to February 2012); EMBASE (1974 to February 2012); CINAHL (1982 to February 2012); SPORTDiscus (1800 to February 2012); PsycINFO (1887 to February 2012) and Web of Science (1900 to February 2012). We also searched PEDro, OT Seeker, OpenSIGLE, REHABDATA and Dissertation Abstracts (February 2012). In an effort to identify further published, unpublished and ongoing trials we searched trials registers, scanned reference lists, and contacted authors and researchers.<h4>Selection criteria</h4>We included randomized controlled trials evaluating the use of non-pharmacological interventions that included components traditionally used in cardiac rehabilitation (CR) programs in adults with stroke or TIA. Primary outcomes were a cluster of second stroke or myocardial infarction or vascular death. Secondary outcomes were (1) secondary vascular events: second stroke, myocardial infarction, and vascular death, as well as (2) vascular risk factors: blood pressure, body weight, lipid profile, insulin resistance and tobacco use. We also recorded adverse events such as exercise-related musculoskeletal injuries or cardiovascular events.<h4>Data collection and analysis</h4>Two review authors independently scanned titles and abstracts and independently screened full reports of studies that were potentially relevant. At each stage, we compared results. The two review authors resolved disagreements through discussion or by involving a third review author.<h4>Main results</h4>We identified one study, involving 48 participants, of a 10-week CR program for patients post-stroke that met the inclusion criteria. The results of this completed pilot trial show that patients post-stroke had significantly greater improvement in cardiac risk score in the CR group (13.4 ± 10.1 to 12.4 ± 10.5, P value < 0.05) when compared with usual care (9.4 ± 6.7 to 15.0 ± 6.1, P value < 0.05). In addition, five trials, which are ongoing, will likely meet the inclusion criteria for this review once completed.<h4>Authors' conclusions</h4>There is limited applicable evidence. Therefore, no implications for practice can be drawn. Further research is required and several trials are underway, the findings of which are anticipated to contribute to the body of evidence.",https://pubmed.ncbi.nlm.nih.gov/23543566/,,https://europepmc.org/articles/PMC11813163?pdf=render,stroke,(Stroke[MeSH] OR stroke[tiab] OR brain ischemia[tiab] OR cerebrovascular[tiab]) AND (treatment[tiab] OR intervention[tiab] OR therapy[tiab]),2026-08-05T18:00:54+00:00,,,,,
PMID_24885361,EuropePMC,24885361,PMC4065588,10.1186/1471-2261-14-70,The impact of omega-3 polyunsaturated fatty acid supplementation on the incidence of cardiovascular events and complications in peripheral arterial disease: a systematic review and meta-analysis.,"Enns JE, Yeganeh A, Zarychanski R, Abou-Setta AM, Friesen C, Zahradka P, Taylor CG.",,2014,"<h4>Background</h4>Individuals with peripheral arterial disease are at higher risk for cardiovascular events than the general population. While supplementation with omega-3 polyunsaturated fatty acids (PUFA) has been shown to improve vascular function, it remains unclear if supplementation decreases serious clinical outcomes. We conducted a systematic review and meta-analysis to determine whether omega-3 PUFA supplementation reduces the incidence of cardiovascular events and complications in adults with peripheral arterial disease.<h4>Methods</h4>We searched five electronic databases (MEDLINE, EMBASE, CENTRAL, Scopus and the International Clinical Trials Registry Platform) from inception to 6 December 2013 to identify randomized trials of omega-3 PUFA supplementation (from fish or plant oils) that lasted ≥12 weeks in adults with peripheral arterial disease. No language filters were applied. Data on trial design, population characteristics, and health outcomes were extracted. The primary outcome was major adverse cardiac events; secondary outcomes included myocardial infarction, cardiovascular death, stroke, angina, amputation, revascularization procedures, maximum and pain-free walking distance, adverse effects of the intervention, and quality of life. Trial quality was assessed using the Cochrane Risk of Bias tool.<h4>Results</h4>Of 741 citations reviewed, we included five trials enrolling 396 individuals. All included trials were of unclear or high risk of bias. There was no evidence of a protective association of omega-3 PUFA supplementation against major adverse cardiac events (pooled risk ratio 0.73, 95% CI 0.22 to 2.41, I2 75%, 2 trials, 288 individuals) or other serious clinical outcomes. Adverse events and compliance were poorly reported.<h4>Conclusions</h4>Our results showed that insufficient evidence exists to suggest a beneficial effect of omega-3 PUFA supplementation in adults with peripheral arterial disease with regard to cardiovascular events and other serious clinical outcomes.",https://pubmed.ncbi.nlm.nih.gov/24885361/,,https://bmccardiovascdisord.biomedcentral.com/counter/pdf/10.1186/1471-2261-14-70,stroke,(Stroke[MeSH] OR stroke[tiab] OR brain ischemia[tiab] OR cerebrovascular[tiab]) AND (treatment[tiab] OR intervention[tiab] OR therapy[tiab]),2026-08-05T18:00:54+00:00,,,,,
PMID_26357785,EuropePMC,26357785,PMC4566828,10.1051/ject/201446197,Attenuating the Systemic Inflammatory Response to Adult Cardiopulmonary Bypass: A Critical Review of the Evidence Base.,"Landis RC, Brown JR, Fitzgerald D, Likosky DS, Shore-Lesserson L, Baker RA, Hammon JW.",,2014,"A wide range of pharmacological, surgical, and mechanical pump approaches have been studied to attenuate the systemic inflammatory response to cardiopulmonary bypass, yet no systematically based review exists to cover the scope of anti-inflammatory interventions deployed. We therefore conducted an evidence-based review to capture ""self-identified"" anti-inflammatory interventions among adult cardiopulmonary bypass procedures. To be included, trials had to measure at least one inflammatory mediator and one clinical outcome, specified in the ""Outcomes 2010"" consensus statement. Ninety-eight papers satisfied inclusion criteria and formed the basis of the review. The review identified 33 different interventions and approaches to attenuate the systemic inflammatory response. However, only a minority of papers (35 of 98 [35.7%]) demonstrated any clinical improvement to one or more of the predefined outcome measures (most frequently myocardial protection or length of intensive care unit stay). No single intervention was supported by strong level A evidence (multiple randomized controlled trials [RCTs] or meta-analysis) for clinical benefit. Interventions at level A evidence included off-pump surgery, minimized circuits, biocompatible circuit coatings, leukocyte filtration, complement C5 inhibition, preoperative aspirin, and corticosteroid prophylaxis. Interventions at level B evidence (single RCT) for minimizing inflammation included nitric oxide donors, C1 esterase inhibition, neutrophil elastase inhibition, propofol, propionyl-L-carnitine, and intensive insulin therapy. A secondary analysis revealed that suppression of at least one inflammatory marker was necessary but not sufficient to confer clinical benefit. The most effective interventions were those that targeted multiple inflammatory pathways. These observations are consistent with a ""multiple hit"" hypothesis, whereby clinically effective suppression of the systemic inflammatory response requires hitting multiple inflammatory targets simultaneously. Further research is warranted to evaluate if combinations of interventions that target multiple inflammatory pathways are capable of synergistically reducing inflammation and improving outcomes after cardiopulmonary bypass.",https://pubmed.ncbi.nlm.nih.gov/26357785/,,https://europepmc.org/articles/PMC4566828?pdf=render,stroke,(Stroke[MeSH] OR stroke[tiab] OR brain ischemia[tiab] OR cerebrovascular[tiab]) AND (treatment[tiab] OR intervention[tiab] OR therapy[tiab]),2026-08-05T18:00:54+00:00,,,,,
PMID_24851043,EuropePMC,24851043,PMC4011900,10.2147/ppa.s47290,Psychosocial predictors of non-adherence to chronic medication: systematic review of longitudinal studies.,"Zwikker HE, van den Bemt BJ, Vriezekolk JE, van den Ende CH, van Dulmen S.",,2014,"<h4>Objectives</h4>Several cross-sectional studies suggest that psychosocial factors are associated with non-adherence to chronic preventive maintenance medication (CPMM); however, results from longitudinal associations have not yet been systematically summarized. Therefore, the objective of this study was to systematically synthesize evidence of longitudinal associations between psychosocial predictors and CPMM non-adherence.<h4>Materials and methods</h4>PUBMED, EMBASE, CINAHL, and PsychINFO databases were searched for studies meeting our inclusion criteria. The reference lists and the ISI Web of Knowledge of the included studies were checked. Studies were included if they had an English abstract, involved adult populations using CPMM living in Western countries, and if they investigated associations between psychosocial predictors and medication non-adherence using longitudinal designs. Data were extracted according to a literature-based extraction form. Study quality was independently judged by two researchers using a framework comprising six bias domains. Studies were considered to be of high quality if ≥four domains were free of bias. Psychosocial predictors for non-adherence were categorized into five pre-defined categories: beliefs/cognitions; coping styles; social influences and social support; personality traits; and psychosocial well-being. A qualitative best evidence synthesis was performed to synthesize evidence of longitudinal associations between psychosocial predictors and CPMM non-adherence.<h4>Results</h4>Of 4,732 initially-identified studies, 30 (low-quality) studies were included in the systematic review. The qualitative best evidence synthesis demonstrated limited evidence for absence of a longitudinal association between CPMM non-adherence and the psychosocial categories. The strength of evidence for the review's findings is limited by the low quality of included studies.<h4>Conclusion</h4>The results do not provide psychosocial targets for the development of new interventions in clinical practice. This review clearly demonstrates the need for high-quality, longitudinal research to identify psychosocial predictors of medication non-adherence.",https://pubmed.ncbi.nlm.nih.gov/24851043/,,https://europepmc.org/articles/PMC4011900?pdf=render,stroke,(Stroke[MeSH] OR stroke[tiab] OR brain ischemia[tiab] OR cerebrovascular[tiab]) AND (treatment[tiab] OR intervention[tiab] OR therapy[tiab]),2026-08-05T18:00:54+00:00,,,,,
PMID_27820879,EuropePMC,27820879,PMC6464761,10.1002/14651858.cd012185.pub2,Heparin for the treatment of thrombosis in neonates.,"Romantsik O, Bruschettini M, Zappettini S, Ramenghi LA, Calevo MG.",,2016,"<h4>Background</h4>Among pediatric patients, newborns are at highest risk of developing thromboembolism. Neonatal thromboembolic (TE) events may consist of both venous and arterial thromboses and often iatrogenic complications (eg, central catheterization). Treatment guidelines for pediatric patients with TE events most often are extrapolated from the literature regarding adults. Options for the management of neonatal TE events include expectant management; nitroglycerin ointment; thrombolytic therapy or anticoagulant therapy, or a combination of the two; and surgery. Since the 1990s, low molecular weight heparin (LMWH) has become the neonatal anticoagulant of choice. Reasons for its appeal include predictable dose response, no need for venous access, and limited monitoring requirements. The overall major complication rate is around 5%. Whether preterm infants are at increased risk is unclear. No data are available on the frequency of osteoporosis, heparin-induced thrombocytopenia (HIT), or other hypersensitivity reactions in children and neonates exposed to LMWH.<h4>Objectives</h4>To assess whether heparin treatment (both unfractionated heparin [UFH] and LMWH) reduces mortality and morbidity rates in preterm and term newborn infants with diagnosed thrombosis. The intervention is compared with placebo or no treatment. Also, to assess the safety of heparin therapy (both UFH and LMWH) for potential harms.Subgroup analyses were planned to examine gestational age, birth weight, mode of thrombus diagnosis, presence of a central line, positive family history for genetic disorders (thrombophilia, deficiency of protein S and protein C, methylenetetrahydrofolate reductase [MTHFR] mutation), route of heparin administration, type of heparin used, and location of thrombus (see ""Subgroup analysis and investigation of heterogeneity"").<h4>Search methods</h4>We used the standard search strategy of the Cochrane Neonatal Review Group to search the Cochrane Central Register of Controlled Trials (CENTRAL; 2016, Issue 4), MEDLINE via PubMed (1966 to May 9, 2016), Embase (1980 to May 9, 2016), and the Cumulative Index to Nursing and Allied Health Literature (CINAHL; 1982 to May 9, 2016). We searched clinical trials databases, conference proceedings, and the reference lists of retrieved articles for randomized controlled trials and quasi-randomized trials.<h4>Selection criteria</h4>Randomized, quasi-randomized, and cluster-randomized controlled trials comparing heparin versus placebo or no treatment in preterm and term neonates with a diagnosis of thrombosis.<h4>Data collection and analysis</h4>We used the standard methods of the Cochrane Neonatal Review Group. Two review authors independently assessed studies identified by the search strategy for inclusion.<h4>Main results</h4>Our search strategy yielded 1160 references. Two review authors independently assessed all references for inclusion. We found no completed studies and no ongoing trials for inclusion.<h4>Authors' conclusions</h4>We found no studies that met our inclusion criteria and no evidence from randomized controlled trials to recommend or refute the use of heparin for treatment of neonates with thrombosis.",https://pubmed.ncbi.nlm.nih.gov/27820879/,,https://europepmc.org/articles/pmc6464761?pdf=render,stroke,(Stroke[MeSH] OR stroke[tiab] OR brain ischemia[tiab] OR cerebrovascular[tiab]) AND (treatment[tiab] OR intervention[tiab] OR therapy[tiab]),2026-08-05T18:00:54+00:00,,,,,
PMID_26310586,EuropePMC,26310586,PMC6494192,10.1002/14651858.cd011054.pub2,Combined oral contraceptives: the risk of myocardial infarction and ischemic stroke.,"Roach RE, Helmerhorst FM, Lijfering WM, Stijnen T, Algra A, Dekkers OM.",,2015,"<h4>Background</h4>Combined oral contraceptives (COCs) have been associated with an increased risk of arterial thrombosis, i.e. myocardial infarction or ischemic stroke. However, as these diseases are rare in young women and as many types of combined oral contraception exist, the magnitude of the risk and the effect of different hormonal contents of COC preparations remain unclear.<h4>Objectives</h4>To estimate the risk of myocardial infarction or ischemic stroke in users compared with non-users of different types, doses and generations of combined oral contraception.<h4>Search methods</h4>We searched electronic databases (MEDLINE (1966 to July 08, 2015), EMBASE (1980 to July 08, 2015), Popline (1970 to July 08, 2015) and LILACS (1985 to July 08, 2015) for eligible studies, without language restrictions.<h4>Selection criteria</h4>We included observational studies that recruited women in the reproductive age group (18 to 50 years) and compared the risk of myocardial infarction or ischemic stroke between users and non-users of COCs.<h4>Data collection and analysis</h4>Two review authors independently selected relevant studies and extracted data. We pooled relative risks ()(combined odds ratios and one incidence rate ratio) and 95% confidence intervals (CIs) for myocardial infarction or ischemic stroke in users versus non-users of COCs.We combined the outcomes of myocardial infarction and ischemic stroke and also analysed these outcomes separately. Analyses were stratified according to estrogen dose and progestagen type.<h4>Main results</h4>In total, we identified 1298 publications through the search strategy. We included 28 publications reporting on 24 studies. COC users were at increased risk of myocardial infarction or ischemic stroke compared with non-users: relative risk (RR) 1.6 (95% CI 1.3-1.9).These RRs were similar for myocardial infarction (1.6, 95% CI 1.2 to 2.1) and ischemic stroke (1.7, 95% CI 1.5 to 1.9). The risks did not vary clearly according to the generation of progestagen or according to progestagen type. When we stratified preparations according to estrogen dose, the risk of myocardial infarction or ischemic stroke seemed to increase with higher doses of estrogen.<h4>Authors' conclusions</h4>This meta-analysis showed that the risk of myocardial infarction or ischemic stroke was 1.6-fold increased in women using COCs . The risk was highest for pills with > 50 microgram estrogen. When combined with the results of studies on the risk of venous thrombosis in COC users, it seems that the COC pill containing levonorgestrel and 30 μg of estrogen is the safest oral form of hormonal contraception.",https://pubmed.ncbi.nlm.nih.gov/26310586/,,https://europepmc.org/articles/PMC6494192?pdf=render,stroke,(Stroke[MeSH] OR stroke[tiab] OR brain ischemia[tiab] OR cerebrovascular[tiab]) AND (treatment[tiab] OR intervention[tiab] OR therapy[tiab]),2026-08-05T18:00:54+00:00,,,,,
PMID_31700500,EuropePMC,31700500,PMC6837869,10.1007/s40140-019-00321-4,New-Onset Atrial Fibrillation in Adult Patients After Cardiac Surgery.,"Burrage PS, Low YH, Campbell NG, O'Brien B.",,2019,"<h4>Purpose of review</h4>An overview of recent literature regarding pathophysiology, risk factors, prophylaxis, and treatment of new-onset atrial fibrillation (AF) in post-cardiac surgical patients.<h4>Recent findings</h4>AF is the most frequent adverse event after cardiac surgery with significant associated morbidity, mortality, and financial cost. Its causes are multifactorial, and models to stratify patients into risk categories are progressing but a consistent, evidence-based system has not yet been developed. Pharmacologic and surgical interventions to prevent and treat this complication have been an area of ongoing research and recent societal guidelines reflect this.<h4>Summary</h4>Inconsistencies remain surrounding how to best identify higher-risk AF patients, which interventions should be used to prevent and treat AF, and which patient groups should receive these interventions. The evidence for these available strategies and their place in contemporary guidelines are summarized.",https://pubmed.ncbi.nlm.nih.gov/31700500/,,https://europepmc.org/articles/PMC6837869?pdf=render,stroke,(Stroke[MeSH] OR stroke[tiab] OR brain ischemia[tiab] OR cerebrovascular[tiab]) AND (treatment[tiab] OR intervention[tiab] OR therapy[tiab]),2026-08-05T18:00:54+00:00,,,,,
PMID_25004278,EuropePMC,25004278,PMC11112650,10.1002/14651858.cd007514.pub3,Statins for the treatment of dementia.,"McGuinness B, Craig D, Bullock R, Malouf R, Passmore P.",,2014,"<h4>Background</h4>The use of statin therapy in established Alzheimer's disease (AD) or vascular dementia (VaD) is a relatively unexplored area. In AD, β-amyloid protein (Aβ) is deposited in the form of extracellular plaques and previous studies have determined Aβ generation is cholesterol dependent. Hypercholesterolaemia has also been implicated in the pathogenesis of VaD. Due to the role of statins in cholesterol reduction, it is biologically plausible they may be efficacious in the treatment of AD and VaD.<h4>Objectives</h4>To assess the clinical efficacy and safety of statins in the treatment of AD and VaD. To evaluate if the efficacy of statins in the treatment of AD and VaD depends on cholesterol level, ApoE genotype or cognitive level.<h4>Search methods</h4>We searched ALOIS, the Specialized Register of the Cochrane Dementia and Cognitive Improvement Group, The Cochrane Library, MEDLINE, EMBASE, PsycINFO, CINAHL and LILACS, as well as many trials registries and grey literature sources (20 January 2014).<h4>Selection criteria</h4>Double-blind, randomised controlled trials of statins given for at least six months in people with a diagnosis of dementia.<h4>Data collection and analysis</h4>Two independent authors extracted and assessed data against the inclusion criteria. We pooled data where appropriate and entered them into a meta-analysis. We used standard methodological procedures expected by The Cochrane Collaboration.<h4>Main results</h4>We identified four studies (1154 participants, age range 50 to 90 years). All participants had a diagnosis of probable or possible AD according to standard criteria and most participants were established on a cholinesterase inhibitor. The primary outcome in all studies was change in Alzheimer's Disease Assessment Scale - cognitive subscale (ADAS-Cog) from baseline. When we pooled data, there was no significant benefit from statin (mean difference -0.26, 95% confidence interval (CI) -1.05 to 0.52, P value = 0.51). All studies provided change in Mini Mental State Examination (MMSE) from baseline. There was no significant benefit from statins in MMSE when we pooled the data (mean difference -0.32, 95% CI -0.71 to 0.06, P value = 0.10). Three studies reported treatment-related adverse effects. When we pooled data, there was no significant difference between statins and placebo (odds ratio 1.09, 95% CI 0.58 to 2.06, P value = 0.78). There was no significant difference in behaviour, global function or activities of daily living in the statin and placebo groups. We assessed risk of bias as low for all studies. We found no studies assessing role of statins in treatment of VaD.<h4>Authors' conclusions</h4>Analyses from the studies available, including two large randomised controlled trials, indicate that statins have no benefit on the primary outcome measures of ADAS-Cog or MMSE.",https://pubmed.ncbi.nlm.nih.gov/25004278/,,https://europepmc.org/articles/PMC11112650?pdf=render,stroke,(Stroke[MeSH] OR stroke[tiab] OR brain ischemia[tiab] OR cerebrovascular[tiab]) AND (treatment[tiab] OR intervention[tiab] OR therapy[tiab]),2026-08-05T18:00:54+00:00,,,,,
PMID_30155883,EuropePMC,30155883,PMC6513643,10.1002/14651858.cd010747.pub2,Autologous cells derived from different sources and administered using different regimens for 'no-option' critical lower limb ischaemia patients.,"Abdul Wahid SF, Ismail NA, Wan Jamaludin WF, Muhamad NA, Abdul Hamid MKA, Harunarashid H, Lai NM.",,2018,"<h4>Background</h4>Revascularisation is the gold standard therapy for patients with critical limb ischaemia (CLI). In over 30% of patients who are not suitable for or have failed previous revascularisation therapy (the 'no-option' CLI patients), limb amputation is eventually unavoidable. Preliminary studies have reported encouraging outcomes with autologous cell-based therapy for the treatment of CLI in these 'no-option' patients. However, studies comparing the angiogenic potency and clinical effects of autologous cells derived from different sources have yielded limited data. Data regarding cell doses and routes of administration are also limited.<h4>Objectives</h4>To compare the efficacy and safety of autologous cells derived from different sources, prepared using different protocols, administered at different doses, and delivered via different routes for the treatment of 'no-option' CLI patients.<h4>Search methods</h4>The Cochrane Vascular Information Specialist (CIS) searched the Cochrane Vascular Specialised Register, the Cochrane Central Register of Controlled Trials (CENTRAL), MEDLINE Ovid, Embase Ovid, the Cumulative Index to Nursing and Allied Health Literature (CINAHL), the Allied and Complementary Medicine Database (AMED), and trials registries (16 May 2018). Review authors searched PubMed until February 2017.<h4>Selection criteria</h4>We included randomised controlled trials (RCTs) involving 'no-option' CLI patients comparing a particular source or regimen of autologous cell-based therapy against another source or regimen of autologous cell-based therapy.<h4>Data collection and analysis</h4>Three review authors independently assessed the eligibility and methodological quality of the trials. We extracted outcome data from each trial and pooled them for meta-analysis. We calculated effect estimates using a risk ratio (RR) with 95% confidence interval (CI), or a mean difference (MD) with 95% CI.<h4>Main results</h4>We included seven RCTs with a total of 359 participants. These studies compared bone marrow-mononuclear cells (BM-MNCs) versus mobilised peripheral blood stem cells (mPBSCs), BM-MNCs versus bone marrow-mesenchymal stem cells (BM-MSCs), high cell dose versus low cell dose, and intramuscular (IM) versus intra-arterial (IA) routes of cell implantation. We identified no other comparisons in these studies. We considered most studies to be at low risk of bias in random sequence generation, incomplete outcome data, and selective outcome reporting; at high risk of bias in blinding of patients and personnel; and at unclear risk of bias in allocation concealment and blinding of outcome assessors. The quality of evidence was most often low to very low, with risk of bias, imprecision, and indirectness of outcomes the major downgrading factors.Three RCTs (100 participants) reported a total of nine deaths during the study follow-up period. These studies did not report deaths according to treatment group.Results show no clear difference in amputation rates between IM and IA routes (RR 0.80, 95% CI 0.54 to 1.18; three RCTs, 95 participants; low-quality evidence). Single-study data show no clear difference in amputation rates between BM-MNC- and mPBSC-treated groups (RR 1.54, 95% CI 0.45 to 5.24; 150 participants; low-quality evidence) and between high and low cell dose (RR 3.21, 95% CI 0.87 to 11.90; 16 participants; very low-quality evidence). The study comparing BM-MNCs versus BM-MSCs reported no amputations.Single-study data with low-quality evidence show similar numbers of participants with healing ulcers between BM-MNCs and mPBSCs (RR 0.89, 95% CI 0.44 to 1.83; 49 participants) and between IM and IA routes (RR 1.13, 95% CI 0.73 to 1.76; 41 participants). In contrast, more participants appeared to have healing ulcers in the BM-MSC group than in the BM-MNC group (RR 2.00, 95% CI 1.02 to 3.92; one RCT, 22 participants; moderate-quality evidence). Researchers comparing high versus low cell doses did not report ulcer healing.Single-study data show similar numbers of participants with reduction in rest pain between BM-MNCs and mPBSCs (RR 0.99, 95% CI 0.93 to 1.06; 104 participants; moderate-quality evidence) and between IM and IA routes (RR 1.22, 95% CI 0.91 to 1.64; 32 participants; low-quality evidence). One study reported no clear difference in rest pain scores between BM-MNC and BM-MSC (MD 0.00, 95% CI -0.61 to 0.61; 37 participants; moderate-quality evidence). Trials comparing high versus low cell doses did not report rest pain.Single-study data show no clear difference in the number of participants with increased ankle-brachial index (ABI; increase of > 0.1 from pretreatment), between BM-MNCs and mPBSCs (RR 1.00, 95% CI 0.71 to 1.40; 104 participants; moderate-quality evidence), and between IM and IA routes (RR 0.93, 95% CI 0.43 to 2.00; 35 participants; very low-quality evidence). In contrast, ABI scores appeared higher in BM-MSC versus BM-MNC groups (MD 0.05, 95% CI 0.01 to 0.09; one RCT, 37 participants; low-quality evidence). ABI was not reported in the high versus low cell dose comparison.Similar numbers of participants had improved transcutaneous oxygen tension (TcO₂) with IM versus IA routes (RR 1.22, 95% CI 0.86 to 1.72; two RCTs, 62 participants; very low-quality evidence). Single-study data with low-quality evidence show a higher TcO₂ reading in BM-MSC versus BM-MNC groups (MD 8.00, 95% CI 3.46 to 12.54; 37 participants) and in mPBSC- versus BM-MNC-treated groups (MD 1.70, 95% CI 0.41 to 2.99; 150 participants). TcO₂ was not reported in the high versus low cell dose comparison.Study authors reported no significant short-term adverse effects attributed to autologous cell implantation.<h4>Authors' conclusions</h4>Mostly low- and very low-quality evidence suggests no clear differences between different stem cell sources and different treatment regimens of autologous cell implantation for outcomes such as all-cause mortality, amputation rate, ulcer healing, and rest pain for 'no-option' CLI patients. Pooled analyses did not show a clear difference in clinical outcomes whether cells were administered via IM or IA routes. High-quality evidence is lacking; therefore the efficacy and long-term safety of autologous cells derived from different sources, prepared using different protocols, administered at different doses, and delivered via different routes for the treatment of 'no-option' CLI patients, remain to be confirmed.Future RCTs with larger numbers of participants are needed to determine the efficacy of cell-based therapy for CLI patients, along with the optimal cell source, phenotype, dose, and route of implantation. Longer follow-up is needed to confirm the durability of angiogenic potential and the long-term safety of cell-based therapy.",https://pubmed.ncbi.nlm.nih.gov/30155883/,,https://www.cochranelibrary.com/cdsr/doi/10.1002/14651858.CD010747.pub2/pdf/full,stroke,(Stroke[MeSH] OR stroke[tiab] OR brain ischemia[tiab] OR cerebrovascular[tiab]) AND (treatment[tiab] OR intervention[tiab] OR therapy[tiab]),2026-08-05T18:00:54+00:00,,,,,
PMID_25687981,EuropePMC,25687981,PMC4608992,10.1007/s00420-015-1019-0,Psychosocial stress at work and cardiovascular diseases: an overview of systematic reviews.,"Fishta A, Backé EM.",,2015,"<h4>Purpose</h4>Based on information reported in systematic reviews (SRevs), this study aimed to find out whether psychosocial stress at work leads to cardiovascular (CV) morbidity and mortality.<h4>Methods</h4>A systematic search in PubMed and EMBASE (until 2014) used a string based on PICOS components. A manual search was followed. Applying the predefined criteria, two reviewers independently screened the titles, abstracts, selected full texts, and validated their quality. Discrepancies were resolved by discussion between reviewers. Studies of low quality were excluded. Contents of enrolled SRevs were extracted by one reviewer; a second reviewer evaluated their accurateness.<h4>Results</h4>The search resulted in 462 records. Six SRevs based on 81 studies (total population: ~1,468,670) fulfilled the inclusion criteria, four of ""very good"" (++) and two of ""good"" (+) quality. Excluded records were filed, and reasons for exclusion were documented in all cases. Different stress models were used to measure the work-related stress; the ""demand-control model"" was most commonly used. The two enrolled meta-analysis confirmed a modest (1.32, 95 % CI 1.09-1.59; Virtanen et al. 2013) to moderate evidence (1.45, 95 % CI 1.15-1.84; Kivimäki et al. 2006), predominantly among men, for the association between psychosocial stress at work and CV outcomes. Due to lacking information, it was not possible to give evidence on the dose-response relationship.<h4>Conclusions</h4>Same to a SRev, an overview of SRev is used to summarize literature and identify areas in which research is needed. This overview can be used to: (a) Disseminate an up-to-date information on work-related stress as a risk factors for CV morbidity and mortality to government, health care providers, workers, and other stakeholders; (b) Encourage governments to better regulate the working conditions and consider work-related psychosocial stress as a hazardous factor that leads to CV diseases or mortality; and (c) Analyze gaps in the literature and provide a summary of research needs.",https://pubmed.ncbi.nlm.nih.gov/25687981/,,https://europepmc.org/articles/PMC4608992?pdf=render,stroke,(Stroke[MeSH] OR stroke[tiab] OR brain ischemia[tiab] OR cerebrovascular[tiab]) AND (treatment[tiab] OR intervention[tiab] OR therapy[tiab]),2026-08-05T18:00:54+00:00,,,,,
PMID_20625130,EuropePMC,20625130,PMC5569672,10.1200/jco.2009.26.3756,American Society of Clinical Oncology clinical practice guideline: update on adjuvant endocrine therapy for women with hormone receptor-positive breast cancer.,"Burstein HJ, Prestrud AA, Seidenfeld J, Anderson H, Buchholz TA, Davidson NE, Gelmon KE, Giordano SH, Hudis CA, Malin J, Mamounas EP, Rowden D, Solky AJ, Sowers MR, Stearns V, Winer EP, Somerfield MR, Griggs JJ, American Society of Clinical Oncology.",,2010,"<h4>Purpose</h4>To develop evidence-based guidelines, based on a systematic review, for endocrine therapy for postmenopausal women with hormone receptor-positive breast cancer.<h4>Methods</h4>A literature search identified relevant randomized trials. Databases searched included MEDLINE, PREMEDLINE, the Cochrane Collaboration Library, and those for the Annual Meetings of the American Society of Clinical Oncology (ASCO) and the San Antonio Breast Cancer Symposium (SABCS). The primary outcomes of interest were disease-free survival, overall survival, and time to contralateral breast cancer. Secondary outcomes included adverse events and quality of life. An expert panel reviewed the literature, especially 12 major trials, and developed updated recommendations.<h4>Results</h4>An adjuvant treatment strategy incorporating an aromatase inhibitor (AI) as primary (initial endocrine therapy), sequential (using both tamoxifen and an AI in either order), or extended (AI after 5 years of tamoxifen) therapy reduces the risk of breast cancer recurrence compared with 5 years of tamoxifen alone. Data suggest that including an AI as primary monotherapy or as sequential treatment after 2 to 3 years of tamoxifen yields similar outcomes. Tamoxifen and AIs differ in their adverse effect profiles, and these differences may inform treatment preferences.<h4>Conclusion</h4>The Update Committee recommends that postmenopausal women with hormone receptor-positive breast cancer consider incorporating AI therapy at some point during adjuvant treatment, either as up-front therapy or as sequential treatment after tamoxifen. The optimal timing and duration of endocrine treatment remain unresolved. The Update Committee supports careful consideration of adverse effect profiles and patient preferences in deciding whether and when to incorporate AI therapy.",https://pubmed.ncbi.nlm.nih.gov/20625130/,,https://europepmc.org/articles/PMC5569672?pdf=render,stroke,(Stroke[MeSH] OR stroke[tiab] OR brain ischemia[tiab] OR cerebrovascular[tiab]) AND (treatment[tiab] OR intervention[tiab] OR therapy[tiab]),2026-08-05T18:00:54+00:00,,,,,
PMID_23538683,EuropePMC,23538683,PMC3608853,10.3402/fnr.v57i0.20709,Dietary fiber and the glycemic index: a background paper for the Nordic Nutrition Recommendations 2012.,"Overby NC, Sonestedt E, Laaksonen DE, Birgisdottir BE.",,2013,"The aim of this study is to review recent data on dietary fiber (DF) and the glycemic index (GI), with special focus on studies from the Nordic countries regarding cardiometabolic risk factors, type 2 diabetes, cardiovascular disease, cancer, and total mortality. In this study, recent guidelines and scientific background papers or updates on older reports on DF and GI published between 2000 and 2011 from the US, EU, WHO, and the World Cancer Research Fund were reviewed, as well as prospective cohort and intervention studies carried out in the Nordic countries. All of the reports support the role for fiber-rich foods and DF as an important part of a healthy diet. All of the five identified Nordic papers found protective associations between high intake of DF and health outcomes; lower risk of cardiovascular disease, type 2 diabetes, colorectal and breast cancer. None of the reports and few of the Nordic papers found clear evidence for the GI in prevention of risk factors or diseases in healthy populations, although association was found in sub-groups, e.g. overweight and obese individuals and suggestive for prevention of type 2 diabetes. It was concluded that DF is associated with decreased risk of different chronic diseases and metabolic conditions. There is not enough evidence that choosing foods with low GI will decrease the risk of chronic diseases in the population overall. However, there is suggestive evidence that ranking food based on their GI might be of use for overweight and obese individuals. Issues regarding methodology, validity and practicality of the GI remain to be clarified.",https://pubmed.ncbi.nlm.nih.gov/23538683/,,https://foodandnutritionresearch.net/index.php/fnr/article/download/544/942,stroke,(Stroke[MeSH] OR stroke[tiab] OR brain ischemia[tiab] OR cerebrovascular[tiab]) AND (treatment[tiab] OR intervention[tiab] OR therapy[tiab]),2026-08-05T18:00:54+00:00,,,,,
PMID_30018590,EuropePMC,30018590,PMC6037764,10.3389/fneur.2018.00521,Neuroprotective Drugs in Infants With Severe Congenital Heart Disease: A Systematic Review.,"Stegeman R, Lamur KD, van den Hoogen A, Breur JMPJ, Groenendaal F, Jansen NJG, Benders MJNL.",,2018,"<b>Background:</b> Perinatal and perioperative brain injury is a fundamental problem in infants with severe congenital heart disease undergoing neonatal cardiac surgery with cardiopulmonary bypass. An impaired neuromotor and neurocognitive development is encountered and associated with a reduction in quality of life. New neuroprotective drugs during surgery are described to reduce brain injury and improve neurodevelopmental outcome. Therefore, our aim was to provide a systematic review and best-evidence synthesis on the effects of neuroprotective drugs on brain injury and neurodevelopmental outcome in congenital heart disease infants requiring cardiac surgery with cardiopulmonary bypass. <b>Methods:</b> A systematic search was performed in PubMed, Embase and the Cochrane Library (PRISMA statement). Search terms were ""infants,"" ""congenital heart disease,"" ""cardiac surgery,"" ""cardiopulmonary bypass,"" and ""neuroprotective drug."" Data describing the effects on brain injury and neurodevelopmental outcome were extracted. Study quality was assessed with the Cochrane Risk of Bias Tool. Two reviewers independently screened sources, extracted data and scored bias. Disagreements were resolved by involving a third researcher. <b>Results:</b> The search identified 293 studies of which 6 were included. In total 527 patients with various congenital heart diseases participated with an average of 88 infants (13-318) per study. Allopurinol, sodium nitroprusside, erythropoietin, ketamine, dextromethorphan and phentolamine were administered around cardiac surgery with cardiopulmonary bypass. Allopurinol showed less seizures, coma, death and cardiac events in hypoplastic left heart syndrome (HLHS) infants (OR: 0.44; 95%-CI:0.21-0.91). Sodium nitroprusside resulted in lower post cardiopulmonary bypass levels of S100ß in infants with transposition of the great arteries after 24 (<i>p</i> < 0.01) and 48 (<i>p</i> = 0.04) h of treatment. Erytropoietin, ketamine and dextromethorphan showed no neuroprotective effects. Phentolamine led to higher S100ß-levels and cerebrovascular resistance after rewarming and at the end of surgery (both <i>p</i> < 0.01). Risk of bias varied between studies, including low (sodium nitroprusside, phentolamine), moderate (ketamine, dextromethorphan), and high (erytropoietin, allopurinol) quality. <b>Conclusions:</b> Allopurinol seems promising for future trials in congenital heart disease infants to reduce brain injury given the early neuroprotective effects in hypoplastic left heart syndrome infants. Larger well-designed trials are needed to assess the neuroprotective effects of sodium nitroprusside, erytropoietin, ketamine and dextromethorphan. Future neuroprotective studies in congenital heart disease infants should not only focus on the perioperative period, however also on the perinatal period, since significant brain injury already exists before surgery.",https://pubmed.ncbi.nlm.nih.gov/30018590/,,https://www.frontiersin.org/articles/10.3389/fneur.2018.00521/pdf,stroke,(Stroke[MeSH] OR stroke[tiab] OR brain ischemia[tiab] OR cerebrovascular[tiab]) AND (treatment[tiab] OR intervention[tiab] OR therapy[tiab]),2026-08-05T18:00:54+00:00,,,,,
PMID_22513975,EuropePMC,22513975,PMC11994257,10.1002/14651858.cd009427.pub2,Sildenafil citrate for erectile dysfunction in patients with multiple sclerosis.,"Xiao Y, Wang J, Luo H.",,2012,"<h4>Background</h4>Erectile dysfunction (ED) is a common sexual disease in male patients with multiple sclerosis (MS). Sildenafil citrate is considered as an effective drug in the treatment of male ED in the general population, but it has not been systematically reviewed in patients with MS.<h4>Objectives</h4>To assess the efficacy and safety of sildenafil citrate for ED in patients with MS.<h4>Search methods</h4>We searched the Cochrane (November 2011), the Cochrane Central Register of Controlled Trials (The Cochrane Library, Issue 4 of 4, 2011), MEDLINE (PubMed) (January 1966 to November 2011), EMBASE (January 1974 to November 2011) and the China Biological Medicine Database (CBM) (1979 to November 2011). We searched trials registers and conference proceedings and contacted pharmaceutical company and authors of included studies for additional data. There were no language restrictions.<h4>Selection criteria</h4>Randomised controlled trials comparing sildenafil citrate with placebo or no treatment for ED in patients with MS.<h4>Data collection and analysis</h4>Two review authors independently selected articles for inclusion, extracted data and assessed trial quality. Disagreements were resolved by discussion between review authors. Authors of included studies were contacted for additional information. Results were presented as relative risks (RR) or mean differences (MD) with 95% confidence intervals (CI).<h4>Main results</h4>Two randomised controlled trials involving a total of 420 patients were identified. Both trials investigated the short-term efficacy and safety of sildenafil citrate for ED in patients with MS. Patients taking sildenafil citrate were more likely to improve their ability to achieve and maintain an erection measured by International Index of Erectile Function and achieve vaginal penetration ( (RR 1.28, 95%CI 0.92 to 1.78) and complete intercourse measured by Sexual Encounter Profile diary (RR RR 1.38, 95%CI 1.00 to 1.90). and receive A global well respond measured by Global Assessment Question (RR 2.72, 95%CI 1.40 to 5.28) was reported. One trial showed sildenafil citrate is effective in quality of life improvement, while the other trial did not find any significant difference between both groups. Both included trials were judged as high risk of attrition bias. Adverse events were also reported: the most common were headache, flushing, rhinitis, visual disturbances and dyspepsia. Two patients suffered serious adverse events: one with coronary artery disease requiring triple bypass surgery and one with a cerebrovascular accident.<h4>Authors' conclusions</h4>There is limited evidence to support sildenafil citrate as an effective treatment for ED in patients with MS. Future well designed randomised, double blinded, placebo-controlled trials with long-term duration are needed.",https://pubmed.ncbi.nlm.nih.gov/22513975/,,https://europepmc.org/articles/PMC11994257?pdf=render,stroke,(Stroke[MeSH] OR stroke[tiab] OR brain ischemia[tiab] OR cerebrovascular[tiab]) AND (treatment[tiab] OR intervention[tiab] OR therapy[tiab]),2026-08-05T18:00:54+00:00,,,,,
PMID_31311260,EuropePMC,31311260,PMC6637050,10.5535/arm.2019.43.3.355,Clinical Practice Guideline for Cardiac Rehabilitation in Korea.,"Kim C, Sung J, Lee JH, Kim WS, Lee GJ, Jee S, Jung IY, Rah UW, Kim BO, Choi KH, Kwon BS, Yoo SD, Bang HJ, Shin HI, Kim YW, Jung H, Kim EJ, Lee JH, Jung IH, Jung JS, Lee JY, Han JY, Han EY, Won YH, Han W, Baek S, Joa KL, Lee SJ, Kim AR, Lee SY, Kim J, Choi HE, Lee BJ, Kim S.",,2019,"<h4>Objective</h4>Though clinical practice guidelines (CPGs) for cardiac rehabilitation (CR) are an effective and widely used treatment method worldwide, they are as yet not widely accepted in Korea. Given that cardiovascular disease is the second leading cause of death in Korea, it is urgent that CR programs be developed. In 2008, the Government of Korea implemented CR programs at 11 university hospitals as part of its Regional Cardio-Cerebrovascular Center Project, and three additional medical facilities will be added in 2019. In addition, owing to the promotion of CR nationwide and the introduction of CR insurance benefits, 40 medical institutions nationwide have begun CR programs even as a growing number of medical institutions are preparing to offer CR. The purpose of this research was to develop evidence-based CPGs to support CR implementation in Korea.<h4>Methods</h4>This study is based on an analysis of CPGs elsewhere in the world, an extensive literature search, a systematic analysis of multiple randomized control trials, and a CPG management, development, and assessment committee comprised of 33 authors-primarily rehabilitation specialists, cardiologists, and thoracic surgeons in 21 university hospitals and two general hospitals. Twelve consultants, primarily rehabilitation, sports medicine, and preventive medicine specialists, CPG experts, nurses, physical therapists, clinical nutritionists, and library and information experts participated in the research and development of these CPGs. After the draft guidelines were developed, three rounds of public hearings were held with staff members from relevant academic societies and stakeholders, after which the guidelines were further reviewed and modified.<h4>Principal conclusions</h4>CR involves a more cost-effective use of healthcare resources relative to that of general treatments, and the exercise component of CR lowers cardiovascular mortality and readmission rates, regardless of the type of coronary heart disease and type and setting of CR. Individualized CR programs should be considered together with various factors, including differences in heart function and lifestyle, and doing so will boost participation and adherence with the CR program, ultimately meeting the final goals of the program, namely reducing the recurrence of myocardial infarction and mortality rates.",https://pubmed.ncbi.nlm.nih.gov/31311260/,,https://europepmc.org/articles/PMC6637050?pdf=render,stroke,(Stroke[MeSH] OR stroke[tiab] OR brain ischemia[tiab] OR cerebrovascular[tiab]) AND (treatment[tiab] OR intervention[tiab] OR therapy[tiab]),2026-08-05T18:00:54+00:00,,,,,
PMID_29341066,EuropePMC,29341066,PMC6491319,10.1002/14651858.cd010947.pub2,Cerebral near-infrared spectroscopy (NIRS) for perioperative monitoring of brain oxygenation in children and adults.,"Yu Y, Zhang K, Zhang L, Zong H, Meng L, Han R.",,2018,"<h4>Background</h4>Various techniques have been employed for the early detection of perioperative cerebral ischaemia and hypoxia. Cerebral near-infrared spectroscopy (NIRS) is increasingly used in this clinical scenario to monitor brain oxygenation. However, it is unknown whether perioperative cerebral NIRS monitoring and the subsequent treatment strategies are of benefit to patients.<h4>Objectives</h4>To assess the effects of perioperative cerebral NIRS monitoring and corresponding treatment strategies in adults and children, compared with blinded or no cerebral oxygenation monitoring, or cerebral oxygenation monitoring based on non-NIRS technologies, on the detection of cerebral oxygen desaturation events (CDEs), neurological outcomes, non-neurological outcomes and socioeconomic impact (including cost of hospitalization and length of hospital stay).<h4>Search methods</h4>We searched the Cochrane Central Register of Controlled Trials (CENTRAL 2016, Issue 12), Embase (1974 to 20 December 2016) and MEDLINE (PubMed) (1975 to 20 December 2016). We also searched the World Health Organization (WHO) International Clinical Trials Registry Platform for ongoing studies on 20 December 2016. We updated this search in November 2017, but these results have not yet been incorporated in the review. We imposed no language restriction.<h4>Selection criteria</h4>We included all relevant randomized controlled trials (RCTs) dealing with the use of cerebral NIRS in the perioperative setting (during the operation and within 72 hours after the operation), including the operating room, the postanaesthesia care unit and the intensive care unit.<h4>Data collection and analysis</h4>Two authors independently selected studies, assessed risk of bias and extracted data. For binary outcomes, we calculated the risk ratio (RR) and its 95% confidence interval (CI). For continuous data, we estimated the mean difference (MD) between groups and its 95% CI. As we expected clinical and methodological heterogeneity between studies, we employed a random-effects model for analyses and we examined the data for heterogeneity (I<sup>2</sup> statistic). We created a 'Summary of findings' table using GRADEpro.<h4>Main results</h4>We included 15 studies in the review, comprising a total of 1822 adult participants. There are 12 studies awaiting classification, and eight ongoing studies.None of the 15 included studies considered the paediatric population. Four studies were conducted in the abdominal and orthopaedic surgery setting (lumbar spine, or knee and hip replacement), one study in the carotid endarterectomy setting, and the remaining 10 studies in the aortic or cardiac surgery setting. The main sources of bias in the included studies related to potential conflict of interest from industry sponsorship, unclear blinding status or missing participant data.Two studies with 312 participants considered postoperative neurological injury, however no pooled effect estimate could be calculated due to discordant direction of effect between studies (low-quality evidence). One study (N = 126) in participants undergoing major abdominal surgery reported that 4/66 participants experienced neurological injury with blinded monitoring versus 0/56 in the active monitoring group. A second study (N = 195) in participants having coronary artery bypass surgery reported that 1/96 participants experienced neurological injury in the blinded monitoring group compared with 4/94 participants in the active monitoring group.We are uncertain whether active cerebral NIRS monitoring has an important effect on the risk of postoperative stroke because of the low number of events and wide confidence interval (RR 0.25, 95% CI 0.03 to 2.20; 2 studies, 240 participants; low-quality evidence).We are uncertain whether active cerebral NIRS monitoring has an important effect on postoperative delirium because of the wide confidence interval (RR 0.63, 95% CI 0.27 to 1.45; 1 study, 190 participants; low-quality evidence).Two studies with 126 participants showed that active cerebral NIRS monitoring may reduce the incidence of mild postoperative cognitive dysfunction (POCD) as defined by the original studies at one week after surgery (RR 0.53, 95% CI 0.30 to 0.95, I<sup>2</sup> = 49%, low-quality evidence).Based on six studies with 962 participants, there was moderate-quality evidence that active cerebral oxygenation monitoring probably does not decrease the occurrence of POCD (decline in cognitive function) at one week after surgery (RR 0.62, 95% CI 0.37 to 1.04, I<sup>2</sup> = 80%). The different type of monitoring equipment in one study could potentially be the cause of the heterogeneity.We are uncertain whether active cerebral NIRS monitoring has an important effect on intraoperative mortality or postoperative mortality because of the low number of events and wide confidence interval (RR 0.63, 95% CI 0.08 to 5.03, I<sup>2</sup>= 0%; 3 studies, 390 participants; low-quality evidence). There was no evidence to determine whether routine use of NIRS-based cerebral oxygenation monitoring causes adverse effects.<h4>Authors' conclusions</h4>The effects of perioperative active cerebral NIRS monitoring of brain oxygenation in adults for reducing the occurrence of short-term, mild POCD are uncertain due to the low quality of the evidence. There is uncertainty as to whether active cerebral NIRS monitoring has an important effect on postoperative stroke, delirium or death because of the low number of events and wide confidence intervals. The conclusions of this review may change when the eight ongoing studies are published and the 12 studies awaiting assessment are classified. More RCTs performed in the paediatric population and high-risk patients undergoing non-cardiac surgery (e.g. neurosurgery, carotid endarterectomy and other surgery) are needed.",https://pubmed.ncbi.nlm.nih.gov/29341066/,,https://europepmc.org/articles/PMC6491319?pdf=render,stroke,(Stroke[MeSH] OR stroke[tiab] OR brain ischemia[tiab] OR cerebrovascular[tiab]) AND (treatment[tiab] OR intervention[tiab] OR therapy[tiab]),2026-08-05T18:00:54+00:00,,,,,
PMID_31404368,EuropePMC,31404368,PMC6687042,10.5090/kjtcs.2019.52.4.248,Clinical Practice Guideline for Cardiac Rehabilitation in Korea.,"Kim C, Sung J, Lee JH, Kim WS, Lee GJ, Jee S, Jung IY, Rah UW, Kim BO, Choi KH, Kwon BS, Yoo SD, Bang HJ, Shin HI, Kim YW, Jung H, Kim EJ, Lee JH, Jung IH, Jung JS, Lee JY, Han JY, Han EY, Won YH, Han W, Baek S, Joa KL, Lee SJ, Kim AR, Lee SY, Kim J, Choi HE, Lee BJ, Kim S.",,2019,"<h4>Background</h4>Though clinical practice guidelines (CPGs) for cardiac rehabilitation (CR) are an effective and widely used treatment method worldwide, they are as yet not widely accepted in Korea. Given that cardiovascular disease is the second leading cause of death in Korea, it is urgent that CR programs be developed. In 2008, the Government of Korea implemented CR programs at 11 university hospitals as part of its Regional Cardio-Cerebrovascular Center Project, and 3 additional medical facilities will be added in 2019. In addition, owing to the promotion of CR nationwide and the introduction of CR insurance benefits, 40 medical institutions nationwide have begun CR programs even as a growing number of medical institutions are preparing to offer CR. The purpose of this research was to develop evidence-based CPGs to support CR implementation in Korea.<h4>Methods</h4>This study is based on an analysis of CPGs elsewhere in the world, an extensive literature search, a systematic analysis of multiple randomized control trials, and a CPG management, development, and assessment committee comprised of 33 authors-primarily rehabilitation specialists, cardiologists, and thoracic surgeons in 21 university hospitals and 2 general hospitals. Twelve consultants, primarily rehabilitation, sports medicine, and preventive medicine specialists, CPG experts, nurses, physical therapists, clinical nutritionists, and library and information experts participated in the research and development of these CPGs. After the draft guidelines were developed, 3 rounds of public hearings were held with staff members from relevant academic societies and stakeholders, after which the guidelines were further reviewed and modified.<h4>Results</h4>CR involves a more cost-effective use of healthcare resources relative to that of general treatments, and the exercise component of CR lowers cardiovascular mortality and readmission rates, regardless of the type of coronary heart disease and type and setting of CR.<h4>Conclusion</h4>Individualized CR programs should be considered together with various factors, including differences in heart function and lifestyle, and doing so will boost participation and adherence with the CR program, ultimately meeting the final goals of the program, namely reducing the recurrence of myocardial infarction and mortality rates.",https://pubmed.ncbi.nlm.nih.gov/31404368/,,https://europepmc.org/articles/PMC6687042?pdf=render,stroke,(Stroke[MeSH] OR stroke[tiab] OR brain ischemia[tiab] OR cerebrovascular[tiab]) AND (treatment[tiab] OR intervention[tiab] OR therapy[tiab]),2026-08-05T18:00:54+00:00,,,,,
PMID_31646772,EuropePMC,31646772,PMC6813162,10.4070/kcj.2019.0194,Clinical Practice Guideline for Cardiac Rehabilitation in Korea: Recommendations for Cardiac Rehabilitation and Secondary Prevention after Acute Coronary Syndrome.,"Kim C, Sung J, Lee JH, Kim WS, Lee GJ, Jee S, Jung IY, Rah UW, Kim BO, Choi KH, Kwon BS, Yoo SD, Bang HJ, Shin HI, Kim YW, Jung H, Kim EJ, Lee JH, Jung IH, Jung JS, Lee JY, Han JY, Han EY, Won YH, Han W, Baek S, Joa KL, Lee SJ, Kim AR, Lee SY, Kim J, Choi HE, Lee BJ, Kim S.",,2019,"Though clinical practice guidelines (CPGs) for cardiac rehabilitation (CR) are an effective and widely used treatment method worldwide, they are as yet not widely accepted in Korea. Given that cardiovascular (CV) disease is the second leading cause of death in Korea, it is urgent that CR programs be developed. In 2008, the Government of Korea implemented CR programs at 11 university hospitals as part of its Regional Cardio-Cerebrovascular Center Project, and 3 additional medical facilities will be added in 2019. In addition, owing to the promotion of CR nationwide and the introduction of CR insurance benefits, 40 medical institutions nationwide have begun CR programs even as a growing number of medical institutions are preparing to offer CR. The purpose of this research was to develop evidence-based CPGs to support CR implementation in Korea. This study is based on an analysis of CPGs elsewhere in the world, an extensive literature search, a systematic analysis of multiple randomized control trials, and a CPG management, development, and assessment committee comprised of thirty-three authors-primarily rehabilitation specialists, cardiologists, and thoracic surgeons in 21 university hospitals and 2 general hospitals. Twelve consultants, primarily rehabilitation, sports medicine, and preventive medicine specialists, CPG experts, nurses, physical therapists, clinical nutritionists, and library and information experts participated in the research and development of these CPGs. After the draft guidelines were developed, 3 rounds of public hearings were held with staff members from relevant academic societies and stakeholders, after which the guidelines were further reviewed and modified. CR involves a more cost-effective use of healthcare resources relative to that of general treatments, and the exercise component of CR lowers CV mortality and readmission rates, regardless of the type of coronary heart disease and type and setting of CR. Individualized CR programs should be considered together with various factors, including differences in heart function and lifestyle, and doing so will boost participation and adherence with the CR program, ultimately meeting the final goals of the program, namely reducing the recurrence of myocardial infarction and mortality rates.",https://pubmed.ncbi.nlm.nih.gov/31646772/,,https://europepmc.org/articles/PMC6813162?pdf=render,stroke,(Stroke[MeSH] OR stroke[tiab] OR brain ischemia[tiab] OR cerebrovascular[tiab]) AND (treatment[tiab] OR intervention[tiab] OR therapy[tiab]),2026-08-05T18:00:54+00:00,,,,,
PMID_30417066,EuropePMC,30417066,PMC6215057,10.1016/j.ssmph.2018.08.002,Blue-collar work and women's health: A systematic review of the evidence from 1990 to 2015.,"Elser H, Falconi AM, Bass M, Cullen MR.",,2018,"Despite the implications of gender and sex differences for health risks associated with blue-collar work, adverse health outcomes among blue-collar workers has been most frequently studied among men. The present study provides a ""state-of-the-field"" systematic review of the empiric evidence published on blue-collar women's health. We systematically reviewed literature related to the health of blue-collar women published between January 1, 1990 and December 31, 2015. We limited our review to peer-reviewed studies published in the English language on the health or health behaviors of women who were presently working or had previously worked in a blue-collar job. Studies were eligible for inclusion regardless of the number, age, or geographic region of blue-collar women in the study sample. We retained 177 studies that considered a wide range of health outcomes in study populations from 40 different countries. Overall, these studies suggested inferior health among female blue-collar workers as compared with either blue-collar males or other women. However, we noted several methodological limitations in addition to heterogeneity in study context and design, which inhibited comparison of results across publications. Methodological limitations of the extant literature, alongside the rapidly changing nature of women in the workplace, motivate further study on the health of blue-collar women. Efforts to identify specific mechanisms by which blue-collar work predisposes women to adverse health may be particularly valuable in informing future workplace-based and policy-level interventions.",https://pubmed.ncbi.nlm.nih.gov/30417066/,,https://europepmc.org/articles/PMC6215057?pdf=render,stroke,(Stroke[MeSH] OR stroke[tiab] OR brain ischemia[tiab] OR cerebrovascular[tiab]) AND (treatment[tiab] OR intervention[tiab] OR therapy[tiab]),2026-08-05T18:00:54+00:00,,,,,
PMID_22258943,EuropePMC,22258943,PMC6513405,10.1002/14651858.cd001046.pub2,Steroids for acute spinal cord injury.,Bracken MB.,,2012,"<h4>Background</h4>Acute spinal cord injury is a devastating condition typically affecting young people, mostly males. Steroid treatment in the early hours after the injury is aimed at reducing the extent of permanent paralysis during the rest of the patient's life.<h4>Objectives</h4>To review randomized trials of steroids for human acute spinal cord injury.<h4>Search methods</h4>We searched the Cochrane Injuries Group Specialised Register (searched 02 Aug 2011), The Cochrane Central Register of Controlled Trials 2011, issue 3 (The Cochrane Library), MEDLINE (Ovid) 1948 to July Week 3 2011, EMBASE (Ovid) 1974 to 2011 week 17, ISI Web of Science: Science Citation Index Expanded (SCI-EXPANDED) 1970 to Aug 2011, ISI Web of Science: Conference Proceedings Citation Index- Science (CPCI-S) 1990 to Aug 2011 and PubMed [www.ncbi.nlm.nih.gov/sites/entrez/] (searched 04 Aug 2011) for records added to PubMed in the last 90 days). Files of the National Acute Spinal Cord Injury Study (NASCIS) were reviewed (NASCIS was founded in 1977 and has tracked trials in this area since that date). We also searched the reference lists of relevant studies and previously published reviews.<h4>Selection criteria</h4>All randomized controlled trials of steroid treatment for acute spinal cord injury in any language.<h4>Data collection and analysis</h4>One review author extracted data from trial reports. Japanese and French studies were found through NASCIS and additional data (e.g. SDs) were obtained from the original study authors.<h4>Main results</h4>Eight trials are included in this review, seven used methylprednisolone. Methylprednisolone sodium succinate has been shown to improve neurologic outcome up to one year post-injury if administered within eight hours of injury and in a dose regimen of: bolus 30mg/kg over 15 minutes, with maintenance infusion of 5.4 mg/kg per hour infused for 23 hours. The initial North American trial results were replicated in a Japanese trial but not in the one from France. Data was obtained from the latter studies to permit appropriate meta-analysis of all three trials. This indicated significant recovery in motor function after methylprednisolone therapy, when administration commenced within eight hours of injury. A more recent trial indicates that, if methylprednisolone therapy is given for an additional 24 hours (a total of 48 hours), additional improvement in motor neurologic function and functional status are observed. This is particularly observed if treatment cannot be started until between three to eight hours after injury. The same methylprednisolone therapy has been found effective in whiplash injuries. A modified regimen was found to improve recovery after surgery for lumbar disc disease. The risk of bias was low in the largest methyprednisolne trials. Overall, there was no evidence of significantly increased complications or mortality from the 23 or 48 hour therapy.<h4>Authors' conclusions</h4>High-dose methylprednisolone steroid therapy is the only pharmacologic therapy shown to have efficacy in a phase three randomized trial when administered within eight hours of injury. One trial indicates additional benefit by extending the maintenance dose from 24 to 48 hours, if start of treatment must be delayed to between three and eight hours after injury. There is an urgent need for more randomized trials of pharmacologic therapy for acute spinal cord injury.",https://pubmed.ncbi.nlm.nih.gov/22258943/,,https://europepmc.org/articles/pmc6513405?pdf=render,stroke,(Stroke[MeSH] OR stroke[tiab] OR brain ischemia[tiab] OR cerebrovascular[tiab]) AND (treatment[tiab] OR intervention[tiab] OR therapy[tiab]),2026-08-05T18:00:54+00:00,,,,,
PMID_21249686,EuropePMC,21249686,PMC13061356,10.1002/14651858.cd007038.pub2,Factor Xa inhibitors for acute coronary syndromes.,"Brito V, Ciapponi A, Kwong J.",,2011,"<h4>Background</h4>The activation of coagulation mechanisms plays a central role in the pathogenesis of acute coronary syndromes (ACS). Administration of unfractionated heparin (UFH) and low molecular weight heparins (LMWH), agents preventing the progression of thrombus formation, is a crucial therapeutic strategy. However, some limitations related to their use have recently stimulated the development of new synthetic agents.<h4>Objectives</h4>To evaluate the clinical efficacy and safety of factor Xa inhibitors for treatment of ACS compared to UFH or LMWH.<h4>Search strategy</h4>We searched the Cochrane Central Register of Controlled Trials (CENTRAL) of the Cochrane Library (Issue 1, 2008), PubMed, EMBASE and LILACS as well as the publications from International Congresses and the reference lists of the selected studies in December 2008.<h4>Selection criteria</h4>We used randomized controlled trials (RCTs) comparing factor Xa inhibitors to UFH or LMWH during the course of ACS. Outcome measures included all-cause mortality, myocardial infarction, re-infarction, ischemia recurrence, and adverse events.<h4>Data collection and analysis</h4>The selection, quality assessment and data extraction of the included trials were done independently by two authors and disagreements were resolved by consensus. Data were analysed by the use of risk ratio (RR) with 95% confidence interval (CI), and the numbers needed to treat (NNT) were reported as needed.<h4>Main results</h4>A total of four RCTs involving 27,976 subjects were included. Fondaparinux was the only factor Xa inhibitor identified in our included RCTs. Fondaparinux appeared to be related to a lower risk in all-cause mortality at 90 to 180 days (RR 0.89; 95% CI 0.81 to 0.97), especially in the group where enoxaparin (a LMWH) was the control drug. Fondaparinux was also associated with a lower risk in major and minor bleeding at 30 days compared to enoxaparin (RR 0.63, 95% CI 0.55 to 0.73; RR 0.34, 95% CI 0.28 to 0.43, respectively), but not when compared to UFHs (RR 1.41; 95% CI 0.49 to 4.10; RR 0.70, 95% CI 0.14 to 3.39 respectively).<h4>Authors' conclusions</h4>The therapeutic efficacy of factor Xa inhibitors in ACS seemed to be related to a reduced risk in all-cause mortality at 90 to 180 days, with a better safety profile than enoxaparin in terms of reduce incidence of major and minor bleeding.",https://pubmed.ncbi.nlm.nih.gov/21249686/,,https://europepmc.org/articles/PMC13061356?pdf=render,stroke,(Stroke[MeSH] OR stroke[tiab] OR brain ischemia[tiab] OR cerebrovascular[tiab]) AND (treatment[tiab] OR intervention[tiab] OR therapy[tiab]),2026-08-05T18:00:54+00:00,,,,,
PMID_18722812,EuropePMC,18722812,PMC2665267,10.1016/s1474-4422(08)70193-5,"Sex differences in stroke: epidemiology, clinical presentation, medical care, and outcomes.","Reeves MJ, Bushnell CD, Howard G, Gargano JW, Duncan PW, Lynch G, Khatiwoda A, Lisabeth L.",,2008,"Stroke has a greater effect on women than men because women have more events and are less likely to recover. Age-specific stroke rates are higher in men, but, because of their longer life expectancy and much higher incidence at older ages, women have more stroke events than men. With the exception of subarachnoid haemorrhage, there is little evidence of sex differences in stroke subtype or severity. Although several reports found that women are less likely to receive some in-hospital interventions, most differences disappear after age and comorbidities are accounted for. However, sex disparities persist in the use of thrombolytic treatment (with alteplase) and lipid testing. Functional outcomes and quality of life after stroke are consistently poorer in women, despite adjustment for baseline differences in age, prestroke function, and comorbidities. Here, we comprehensively review the epidemiology, clinical presentation, medical care, and outcomes of stroke in women.",https://pubmed.ncbi.nlm.nih.gov/18722812/,,https://europepmc.org/articles/PMC2665267?pdf=render,stroke,(Stroke[MeSH] OR stroke[tiab] OR brain ischemia[tiab] OR cerebrovascular[tiab]) AND (treatment[tiab] OR intervention[tiab] OR therapy[tiab]),2026-08-05T18:00:54+00:00,,,,,
PMID_24228076,EuropePMC,24228076,PMC3819926,,Optimizing chronic disease management mega-analysis: economic evaluation.,Path-Theta Collaboration.,,2013,"<h4>Background</h4>As Ontario's population ages, chronic diseases are becoming increasingly common. There is growing interest in services and care models designed to optimize the management of chronic disease.<h4>Objective</h4>To evaluate the cost-effectiveness and expected budget impact of interventions in chronic disease cohorts evaluated as part of the Optimizing Chronic Disease Management mega-analysis.<h4>Data sources</h4>Sector-specific costs, disease incidence, and mortality were calculated for each condition using administrative databases from the Institute for Clinical Evaluative Sciences. Intervention outcomes were based on literature identified in the evidence-based analyses. Quality-of-life and disease prevalence data were obtained from the literature.<h4>Methods</h4>Analyses were restricted to interventions that showed significant benefit for resource use or mortality from the evidence-based analyses. An Ontario cohort of patients with each chronic disease was constructed and followed over 5 years (2006-2011). A phase-based approach was used to estimate costs across all sectors of the health care system. Utility values identified in the literature and effect estimates for resource use and mortality obtained from the evidence-based analyses were applied to calculate incremental costs and quality-adjusted life-years (QALYs). Given uncertainty about how many patients would benefit from each intervention, a system-wide budget impact was not determined. Instead, the difference in lifetime cost between an individual-administered intervention and no intervention was presented.<h4>Results</h4>Of 70 potential cost-effectiveness analyses, 8 met our inclusion criteria. All were found to result in QALY gains and cost savings compared with usual care. The models were robust to the majority of sensitivity analyses undertaken, but due to structural limitations and time constraints, few sensitivity analyses were conducted. Incremental cost savings per patient who received intervention ranged between $15 per diabetic patient with specialized nursing to $10,665 per patient wth congestive heart failure receiving in-home care.<h4>Limitations</h4>Evidence used to inform estimates of effect was often limited to a single trial with limited generalizability across populations, interventions, and health care systems. Because of the low clinical fidelity of health administrative data sets, intermediate clinical outcomes could not be included. Cohort costs included an average of all health care costs and were not restricted to costs associated with the disease. Intervention costs were based on resource use specified in clinical trials.<h4>Conclusions</h4>Applying estimates of effect from the evidence-based analyses to real-world resource use resulted in cost savings for all interventions. On the basis of quality-of-life data identified in the literature, all interventions were found to result in a greater QALY gain than usual care would. Implementation of all interventions could offer significant cost reductions. However, this analysis was subject to important limitations.<h4>Plain language summary</h4>Chronic diseases are the leading cause of death and disability in Ontario. They account for a third of direct health care costs across the province. This study aims to evaluate the cost-effectiveness of health care interventions that might improve the management of chronic diseases. The evaluated interventions led to lower costs and better quality of life than usual care. Offering these options could reduce costs per patient. However, the studies used in this analysis were of medium to very low quality, and the methods had many limitations.",https://pubmed.ncbi.nlm.nih.gov/24228076/,,https://europepmc.org/articles/PMC3819926?pdf=render,stroke,(Stroke[MeSH] OR stroke[tiab] OR brain ischemia[tiab] OR cerebrovascular[tiab]) AND (treatment[tiab] OR intervention[tiab] OR therapy[tiab]),2026-08-05T18:00:54+00:00,,,,,
