article_id,source,pmid,pmcid,doi,title,authors,journal,year,abstract,url,openalex_id,openalex_pdf_url,pathogen,query,harvested_at,downloaded,downloaded_path,download_attempted_at,download_source,download_error,ai4epi_abstract_response,ai4epi_abstract_decision,to_ocr,screening_timestamp
PMID_42553752,PubMed,42553752,PMC8296467,10.1093/braincomms/fcag290,Functional connectivity predictors and mechanisms of symptom change in functional neurological disorder.,"Westlin, Christiana; Bleier, Cristina; Guthrie, Andrew J; Finkelstein, Sara A; Maggio, Julie; Ranford, Jessica; MacLean, Julie; Godena, Ellen; Millstein, Daniel; Freeburn, Jennifer; Adams, Caitlin; Stephen, Christopher D; Diez, Ibai; Perez, David L",Brain communications,2026,"Clinical trajectories in patients with functional neurological disorder (FND) are variable, and the neural mechanisms underlying this heterogeneity remain poorly understood. This longitudinal brain imaging study examined resting-state functional connectivity predictors and mechanisms of symptom change in FND. Thirty-two adults with FND (motor and/or seizure phenotypes) completed baseline questionnaires and functional MRI (fMRI), followed by naturalistic treatment for 6.8 ± 0.8 months. All participants completed follow-up questionnaires; 28 completed follow-up fMRI. At each timepoint, three graph-theory network metrics of resting-state functional connectivity were computed: whole-brain weighted-degree (centrality), cortical integration (between-network connectivity), and cortical segregation (within-network connectivity). All analyses adjusted for age, sex, antidepressants, head motion, time between sessions and baseline score of interest, with cluster-wise correction. Results were contextualized against 50 age-, sex-, and head motion-matched healthy controls (HCs). Based on patient-reported Clinical Global Impression of Improvement ratings, 59.4% improved, 31.3% were unchanged, and 9.3% worsened. Core FND symptom (i.e. Screening for Somatoform Symptoms-7 Subscale for Conversion Disorder) and non-core physical symptom (Patient Health Questionnaire-15) scores showed variable trajectories, with no group-level changes. For whole-brain weighted-degree analyses, baseline centrality in right middle frontal, precentral, and left cerebellar regions was positively associated with core FND symptom change; longitudinally, centrality decreases in right precentral, superior parietal, lateral occipital, and cerebellar regions were associated with symptom improvement. For cortical integration analyses, baseline between-network connectivity in ventral attention, frontoparietal, and default mode network regions was positively associated with core FND symptom change; longitudinally, decreases in between-network connectivity for regions of these same networks were associated with symptom improvement. For cortical segregation analyses, baseline within-network connectivity in frontoparietal network regions was positively associated with core FND symptom change; no regions showed longitudinal segregation changes associated with symptom change. The right anterior insula emerged as a convergent site across baseline and longitudinal integration analyses, with the most improved participants showing elevated baseline between-network connectivity relative to HCs that normalized at follow-up. More modest functional connectivity associations were observed with non-core physical symptom change, spanning baseline within-network connectivity in dorsal attention network regions and longitudinal between-network connectivity increases in visual network regions. Findings remained significant adjusting for FND phenotype, although several attenuated when accounting for baseline affective symptoms or trauma burden. In conclusion, this study identified baseline and longitudinal resting-state functional connectivity features linked to symptom change in FND, highlighting the potential of large-scale network interactions as prognostic markers and providing mechanistic insights that set the stage for novel, biologically informed interventions.",https://pubmed.ncbi.nlm.nih.gov/42553752/,,,epilepsy,(Epilepsy[MeSH] OR epilepsy[tiab] OR seizure[tiab] OR anticonvulsant[tiab]) AND (treatment[tiab] OR intervention[tiab] OR therapy[tiab]),2026-08-05T17:46:50+00:00,,,,,,"Let's evaluate the abstract against the inclusion and exclusion criteria step by step.

### Inclusion Criteria
1. **Pathogen: Must be about Epilepsy**  
   - This study is about functional neurological disorder (FND) and does not mention epilepsy.  
   **Not met.**
  
2. **Language: English only**  
   - The abstract is in English.  
   **Met.**

3. **Study type: Peer-reviewed, original research (note systematic reviews/meta-analyses for special consideration)**  
   - The abstract indicates original research; however, it does not specify the publication type, but it appears to be a research study.  
   **Met (assuming it is peer-reviewed original research).**

4. **Population: Human subjects**  
   - The study involves human subjects, specifically thirty-two adults with FND.  
   **Met.**

5. **Content: Must contain AT LEAST ONE of:**  
   - The study examines functional connectivity and symptom changes in FND. It does not report on seizure frequency, seizure-free rates, or any direct measures related to epilepsy.  
   **Not met.**

### Exclusion Criteria
1. **Pathogen: Not about Epilepsy (exclude studies on other pathogens)**  
   - The study is not about epilepsy; it focuses on FND.  
   **Applicable (exclude).**

2. **Language: Non-English**  
   - The abstract is in English.  
   **Not applicable.**

3. **Publication type: Conference proceedings, abstracts, posters, correspondence**  
   - The abstract is likely from a conference or preliminary findings, although not explicitly stated, it seems to fall under this category.  
   **Applicable (exclude).**

4. **Study design: In-vitro studies only (no human or animal component)**  
   - The study involves human subjects.  
   **Not applicable.**

5. **Study design: Solely animal studies AND animal studies that do not report transmission parameters (R0, Rt, Re, r, growth rate, mutation rate)**  
   - The study is not about animal studies.  
   **Not applicable.**

6. **Outbreak type: Accidental laboratory outbreaks (not natural disease transmission)**  
   - This criterion is not applicable as the study is about FND, not an infectious outbreak.  
   **Not applicable.**

### Conclusion
Given that the study is primarily focused on functional neurological disorder rather than epilepsy, and it does not provide relevant epilepsy-related outcomes, it aligns with the exclusion criteria. 

Therefore, the decision is:
<decision>EXCLUDE</decision>",EXCLUDE,False,2026-08-06T00:45:56.258734
PMID_42553683,PubMed,42553683,PMC10577710,10.1136/bmjment-2023-300809,Epidemiological characteristics of comorbidities in childhood Attention-Deficit/Hyperactivity Disorder and common comorbidity patterns.,"Ji, Xiaolu; Meng, Haojie; Liu, Qianqi; Li, Yang; Wang, Xu",Frontiers in public health,2026,"OBJECTIVE: This study aims to explore the epidemiological features of medical and psychological comorbidities among children with Attention-Deficit/Hyperactivity Disorder (ADHD) and analyze the comorbidity profiles. The findings are expected to enhance clinical recognition of comorbid conditions and provide evidence for early screening and intervention.
METHODS: A retrospective analysis was performed on children diagnosed with ADHD at Children's Hospital of Nanjing Medical University between December 2015 and January 2025. Comorbidity was operationalized as ADHD accompanied by at least one other chronic condition or health problem in this study. The 10 most prevalent chronic conditions and health problems were defined based on parental medical history, on-site physical examinations, and blood sample testing. Systematic cluster analysis and principal component analysis (PCA) were employed to explore the comorbidity patterns in children with ADHD.
RESULTS: A total of 52,098 children diagnosed withs ADHD were enrolled in this study, including 41,124 males, accounting for 78.9% of the total study population. The age distribution showed that 92.6% of the children were aged 6-11 years. Among all enrolled subjects, 10,797 children (20.7%) had comorbid chronic conditions or health problems. Tic disorder was the most common comorbid condition. Regarding comorbidity combinations, the most frequent one was the co-occurrence of intellectual disability and autism spectrum disorder (ASD), with a total of 189 cases (n = 189, 25.7%). PCA identified a core comorbidity pattern for ADHD: tic disorders, intellectual disabilities, epilepsy, sleep problems, and obesity.
CONCLUSION: Comorbid conditions are not rare among pediatric ADHD populations. The burden imposed by comorbidity in children with ADHD is substantial and thus cannot be neglected in clinical management. Based on the comorbidity patterns identified in this study, comprehensive clinical assessment covering both ADHD and its potential comorbidities, as well as integrated, individualized intervention strategies, are essential to optimize the long-term outcomes and quality of life for children with ADHD.",https://pubmed.ncbi.nlm.nih.gov/42553683/,,,epilepsy,(Epilepsy[MeSH] OR epilepsy[tiab] OR seizure[tiab] OR anticonvulsant[tiab]) AND (treatment[tiab] OR intervention[tiab] OR therapy[tiab]),2026-08-05T17:46:50+00:00,,,,,,"To screen the provided abstract against the inclusion and exclusion criteria, we will evaluate each criterion one by one, providing reasoning for inclusion or exclusion.

## Inclusion Criteria Evaluation

1. **Pathogen: Must be about Epilepsy**  
   The abstract does mention “epilepsy” as a comorbid condition among children diagnosed with ADHD. However, the primary focus of the study is on ADHD and its comorbidities, rather than epilepsy itself. Thus, this criterion is partially met.

2. **Language: English only**  
   The abstract is in English. This criterion is met.

3. **Study type: Peer-reviewed, original research (note systematic reviews/meta-analyses for special consideration)**  
   The abstract describes a retrospective analysis but does not specify if it is peer-reviewed. Also, it does not suggest that it's a systematic review. Thus, we cannot confirm that this criterion is met.

4. **Population: Human subjects**  
   The study involves children diagnosed with ADHD, which is acceptable. However, it primarily focuses on population without a direct focus on patients specifically diagnosed with epilepsy as a primary condition. Therefore, this is partially met.

5. **Content: Must contain AT LEAST ONE of:**  
   The abstract discusses comorbidity patterns and includes epilepsy as a part of the pattern identified through PCA. However, the lack of detailed quantitative data specifically related to epilepsy and seizure frequency rates means this criterion is not fully satisfied.

## Exclusion Criteria Evaluation

1. **Pathogen: Not about Epilepsy (exclude studies on other pathogens)**  
   Although epilepsy is mentioned, the primary focus is on ADHD, thus not focusing on epilepsy as a main object of study. This criterion could lead to exclusion.

2. **Language: Non-English**  
   The abstract is in English, so this criterion is not applicable for exclusion.

3. **Publication type: Conference proceedings, abstracts, posters, correspondence**  
   The format suggests an abstract, likely of a conference proceeding. Thus, this criterion applies for exclusion.

4. **Study design: In-vitro studies only (no human or animal component)**  
   This study does involve human subjects, so this criterion does not apply.

5. **Study design: Solely animal studies AND animal studies that do not report transmission parameters**  
   This study involves humans and not animals, so this criterion does not apply.

6. **Outbreak type: Accidental laboratory outbreaks (not natural disease transmission)**  
   This criterion does not apply as the study does not concern outbreaks.

### Conclusion
Based on the screenings:

- The study primarily focuses on ADHD rather than epilepsy, which does not align well with the main objectives of this systematic review. 
- It presents important information regarding comorbidities but fails to provide detailed quantitative data about epilepsy or seizure frequency.
- It is formatted as an abstract, which falls under our exclusion criteria.

Given these points, the overall conclusion is that this study does not meet the inclusion criteria sufficiently to be included in our systematic review. 

<decision>EXCLUDE</decision>",EXCLUDE,False,2026-08-06T00:45:56.262808
PMID_42553136,PubMed,42553136,PMC9346281,10.1097/00124509-200209000-00006,Remimazolam versus propofol on seizure adequacy in electroconvulsive therapy: a retrospective cohort study.,"Song, Haibo; Yin, Xingxing; Wang, Feng; Zhang, Yongming; Li, Menglu; Li, Bo; Zhou, Mingyang; Li, Yiying; Li, Xiangjie; Shi, Xiufang; Shen, Tianqi",Frontiers in psychiatry,2026,"OBJECTIVE: Electroconvulsive therapy (ECT) is a core treatment modality for severe mental disorders, and the choice of anesthetic induction agent directly impacts seizure quality and therapeutic outcomes. This study aimed to compare the effects of remimazolam versus propofol on seizure adequacy during ECT.
METHODS: This retrospective secondary analysis was conducted using data from a prospective observational cohort. A total of 859 ECT sessions from 114 patients were included. The primary outcome was the rate of adequate seizure, defined as an electroencephalographic (EEG) ictal duration of ≥15 seconds. Secondary outcomes included EEG seizure duration, post-ictal suppression index (PSI), maximum sustained power (MSP), and average seizure energy index (ASEI). Stabilized inverse probability of treatment weighting was employed to balance baseline covariates between groups, with balance assessed by standardized mean differences. Generalized linear mixed models were used to compare intergroup differences, accounting for random effects at the patient level. Subgroup analysis, E-value calculation, and propensity score matching (PSM) at 1:1 and 1:2 ratios were performed as sensitivity analyses to assess the robustness of the results.
RESULTS: A total of 859 ECT sessions were included, with 179 in the remimazolam group and 680 in the propofol group. Baseline characteristics were well-balanced between groups after weighting. The remimazolam group exhibited a significantly higher rate of adequate seizures compared with the propofol group (adjusted odds ratio: 12.054, 95% confidence interval: 5.758-25.233, P < 0.001), along with prolonged EEG seizure duration and elevated MSP. No significant between-group differences were observed in PSI or ASEI. The results of all sensitivity analyses were consistent with those of the primary analysis.
CONCLUSION: Remimazolam was associated with a higher rate of EEG seizure adequacy and longer EEG seizure duration; however, whether this electrophysiological advantage translates into better clinical outcomes remains to be investigated in prospective studies.",https://pubmed.ncbi.nlm.nih.gov/42553136/,,,epilepsy,(Epilepsy[MeSH] OR epilepsy[tiab] OR seizure[tiab] OR anticonvulsant[tiab]) AND (treatment[tiab] OR intervention[tiab] OR therapy[tiab]),2026-08-05T17:46:50+00:00,,,,,,"To assess whether this study should be included in the systematic review on epilepsy, we will evaluate it against the inclusion and exclusion criteria step-by-step.

### Inclusion Criteria

1. **Pathogen: Must be about Epilepsy**
   - The study examines the effects of anesthetic agents during electroconvulsive therapy (ECT), which is relevant to epilepsy management in the context of seizure adequacy but does not specifically research epilepsy itself. It discusses EEG and seizure characteristics but doesn’t focus on epilepsy as a condition.
   - **Not met**

2. **Language: English only**
   - The abstract is in English.
   - **Met**

3. **Study type: Peer-reviewed, original research (note systematic reviews/meta-analyses for special consideration)**
   - The study is a retrospective cohort study, which is original research.
   - **Met**

4. **Population: Human subjects**
   - The study involves human subjects.
   - **Met**

5. **Content: Must contain AT LEAST ONE of the following**
   - a) Quantitative details of concluded/ongoing human outbreak (size, year, location, duration, spatial scale) - **Not applicable**
   - b) Mathematical or statistical model of disease transmission - **Not applicable**
   - c) Measures/estimates of transmission parameters: R, R0, Rt, r, Re, growth rate, doubling time - **Not applicable**
   - d) Measures/estimates of timing parameters: generation time, serial interval, incubation period, latent period, infectious period - **Not applicable**
   - e) Measures/estimates of severity: CFR, IFR, hospitalization rate, mortality rate, attack rate - **Not applicable**
   - f) Measures/estimates of genetic evolution: mutation rate, substitution rate, evolutionary rate - **Not applicable**
   - g) Measures of overdispersion or superspreading - **Not applicable**
   - h) Seroprevalence data or serological surveys - **Not applicable**
   - i) Risk factors for infection, severe disease, death, or hospitalization - **Not applicable**
   - j) Measures/estimates of vector parameters - **Not applicable**

   While it provides detailed information about EEG seizure adequacy during ECT, it does not meet any specific content criteria relating to epilepsy or infection parameters.
   - **Not met**

### Exclusion Criteria

1. **Pathogen: Not about Epilepsy (exclude studies on other pathogens)**
   - The study is related to seizure evaluation in ECT but does not directly address epilepsy as a pathology.
   - **Met (to exclude)**

2. **Language: Non-English**
   - The abstract is in English.
   - **Not met**

3. **Publication type: Conference proceedings, abstracts, posters, correspondence**
   - The abstract represents a peer-reviewed original study and is not a conference proceeding or poster presentation.
   - **Not met**

4. **Study design: In-vitro studies only (no human/animal component)**
   - The study involves human subjects; hence this criterion does not apply.
   - **Not met**

5. **Study design: Solely animal studies AND studies that do not report transmission parameters**
   - The study involves human participants, so this criterion does not apply either.
   - **Not met**

6. **Outbreak type: Accidental laboratory outbreaks (not natural disease transmission)**
   - This study does not pertain to an outbreak.
   - **Not met**

### Conclusion
The study primarily discusses electroconvulsive therapy effects but does not focus specifically on epilepsy or report associated outcomes like seizure frequency or seizure-free rates relevant to the systematic review's objectives. As such, it does not satisfy the inclusion criteria, leading to its exclusion.

<decision>EXCLUDE</decision>",EXCLUDE,False,2026-08-06T00:45:56.262938
PMID_42553078,PubMed,42553078,PMC11128645,10.5455/ovj.2024.v14.i4.2,Management practices and continuing education in the treatment of canine idiopathic epilepsy among Indian primary care veterinarians.,"Srinath, A T; Muñana, K R; Deshmukh, P; Caddiell, R; Gruen, M E; Lewis, M J",Frontiers in veterinary science,2026,"BACKGROUND: In India and countries without veterinary neurologists, dogs with idiopathic epilepsy (IE) are managed by primary care veterinarians. Data are lacking on their practice patterns.
OBJECTIVES: Describe management of canine IE among Indian primary care veterinarians and explore the impact of access to educational materials about epilepsy.
METHODS: Prospective, two-phased, survey-based study of Indian veterinarians focused on treatment and monitoring of canine IE and perceived confidence in management recommendations (1/not comfortable to 5/very comfortable). Participants who agreed to Phase II received concise guidelines about IE with a follow-up survey distributed after 6 months. Descriptive statistics summarized management trends and compared confidence scores between surveys.
RESULTS: 187 veterinarians participated in Phase I and of these, 36 participated in Phase II. Phenobarbital was the most common anti-seizure drug prescribed, chosen mostly due to efficacy. Most respondents (118/187; 63%) recommended routine lab work and (84/187; 45%) recommended measuring phenobarbital or potassium bromide blood concentration every 6-12 months; (61/187; 33%) reported not measuring blood concentrations routinely. Long-term management of IE and adverse effects of medications were rated as most challenging. Nearly half of Phase II respondents (17/36; 47%) ranked the educational materials as extremely beneficial. Mean self-reported comfort level was 3.3 (SD 0.97) and 3.69 (SD 0.89) for Phase I and II, respectively; most (20/36; 56%) reported no change between surveys.
CONCLUSION: Challenges for Indian veterinarians in the chronic management of canine IE related to anti-seizure drug monitoring and adverse effects. Exploratory Phase II findings identified positive reception to educational support from specialists.",https://pubmed.ncbi.nlm.nih.gov/42553078/,,,epilepsy,(Epilepsy[MeSH] OR epilepsy[tiab] OR seizure[tiab] OR anticonvulsant[tiab]) AND (treatment[tiab] OR intervention[tiab] OR therapy[tiab]),2026-08-05T17:46:50+00:00,,,,,,"Let's assess the provided abstract against the inclusion and exclusion criteria step by step.

## Inclusion Criteria
ALL must be met:
1. **Pathogen**: Must be about Epilepsy
   - This study focuses on idiopathic epilepsy in dogs and aims to describe management practices among veterinarians. It does not focus on human epilepsy.
   - **Not met**.

2. **Language**: English only
   - The abstract is in English.
   - **Met**.

3. **Study type**: Peer-reviewed, original research (note systematic reviews/meta-analyses for special consideration)
   - The study is described as a prospective survey-based study, which suggests it is original research.
   - **Met**.

4. **Population**: Human subjects (animal studies acceptable if reporting EITHER ...)
   - The study involves canine subjects, not human subjects.
   - **Not met**.

5. **Content**: Must contain AT LEAST ONE of the specified details
   - The study describes practices in managing canine epilepsy, but it lacks quantitative data relevant to human epilepsy or seizure outcomes.
   - **Not met**.

### Summary of Inclusion Criteria
- The study does not meet criteria 1, 4, and 5 for inclusion, leading to an overall exclusion.

## Exclusion Criteria
Exclude if ANY apply:
1. **Pathogen**: Not about Epilepsy 
   - The study focuses on canine idiopathic epilepsy, which is not relevant to the human epilepsy context of the systematic review.
   - **Applies**.

2. **Language**: Non-English
   - The language is English.
   - **Does not apply**.

3. **Publication type**: Conference proceedings, abstracts, posters, correspondence
   - This is a study abstract, which generally falls into this category.
   - **Applies**.

4. **Study design**: In-vitro studies only (no human or animal component)
   - This is not applicable as the study involves animal subjects.
   - **Does not apply**.

5. **Study design**: Solely animal studies AND animal studies that do not report transmission parameters 
   - This study being solely based on canine epilepsy without relevant human data signifies its exclusion.
   - **Applies**.

6. **Outbreak type**: Accidental laboratory outbreaks (not natural disease transmission)
   - Not applicable, as the study is not about an outbreak.
   - **Does not apply**.

### Summary of Exclusion Criteria
- The study meets criteria 1, 3, and 5 for exclusion, warranting an overall exclusion from the systematic review.

## Conclusion
Taking into consideration all the inclusion and exclusion criteria, the abstract does not pertain to human epilepsy nor does it fulfill the criteria necessary for inclusion in the systematic review. Thus, the decision is clear.

<decision>EXCLUDE</decision>",EXCLUDE,False,2026-08-06T00:45:56.263019
PMID_42552475,PubMed,42552475,PMC12968823,10.1007/s12028-025-02347-5,Guidelines for Seizure Prophylaxis in Patients with Aneurysmal Subarachnoid Hemorrhage: A Statement for Healthcare Professionals from the Neurocritical Care Society.,"Rowe, A Shaun; Zafar, Sahar F; Tesoro, Eljim; Gilmore, Emily J; Johnson, Emily L; Olson, DaiWai; Rayi, Appaji; Ullman, Jamie; Yuan, Yuhong; Frontera, Jennifer A",Neurocritical care,2026,"BACKGROUND: There are limited data to guide antiseizure medication (ASM) prophylaxis in patients with aneurysmal subarachnoid hemorrhage (SAH). This results in practice variation in the use and duration of ASM prophylaxis.
METHODS: We conducted a systematic review and meta-analysis of articles assessing ASM prophylaxis in adults with aneurysmal SAH. The population, intervention, comparator, and outcome (PICO) questions were as follows: (1) Should ASM or no ASM be used in patients hospitalized for aneurysmal subarachnoid hemorrhage who have no history of clinical or electrographic seizures? (2) If an ASM is used, should levetiracetam or phenytoin/fosphenytoin be preferentially used? (3) If an ASM is used, should a long (> 3 days) or short (≤ 3 days) duration of prophylaxis be used? The main outcomes were early seizure (≤ 14 days), late seizures (> 14 days), adverse events, mortality, and functional outcomes. We used Grading of Recommendations Assessment, Development, and Evaluation (GRADE) methodology to generate recommendations.
RESULTS: The initial literature search yielded 1988 articles, of which 10 formed the basis of the recommendations: Regarding PICO 1, we did not find a significant difference in outcomes of early seizure, adverse events, mortality, or functional outcomes when comparing ASM to no ASM. In regard to PICO 2, we found fewer early seizures with phenytoin/fosphenytoin and lower risk for neurologic decline with levetiracetam; however, there was low certainty of evidence. There was no significant difference in mortality between the different treatment types. Regarding PICO 3, we found extended use of ASM may be associated with lower seizure risk, but at the same time be associated with higher risk for adverse effects.
CONCLUSIONS: Overall, the quality of evidence is low, precluding strong recommendations. We suggest that ASM or no ASM may be used in patients hospitalized with aneurysmal subarachnoid hemorrhage (conditional recommendation, low quality of evidence). If used, we suggest either levetiracetam or phenytoin/fosphenytoin (conditional recommendation, very low quality of evidence) for a short or long duration (conditional recommendation, moderate quality of evidence).",https://pubmed.ncbi.nlm.nih.gov/42552475/,,,epilepsy,(Epilepsy[MeSH] OR epilepsy[tiab] OR seizure[tiab] OR anticonvulsant[tiab]) AND (treatment[tiab] OR intervention[tiab] OR therapy[tiab]),2026-08-05T17:46:50+00:00,,,,,,"To assess whether the abstract should be included in the systematic review, we will evaluate it against the predefined inclusion and exclusion criteria step by step.

**Inclusion Criteria:**
1. **Pathogen: Must be about Epilepsy**  
   - The study is about seizure prophylaxis in patients with aneurysmal subarachnoid hemorrhage (SAH) and not primarily about epilepsy itself. **(Not met)**

2. **Language: English only**  
   - The abstract is in English. **(Met)**

3. **Study type: Peer-reviewed, original research (note systematic reviews/meta-analyses for special consideration)**  
   - This study is a systematic review and meta-analysis, which is considered for special consideration. **(Met)**

4. **Population: Human subjects (animal studies acceptable if reporting... transmission parameters)**  
   - The study involves human subjects. **(Met)**

5. **Content: Must contain AT LEAST ONE of the specified content measures**  
   - While the study describes the use of antiseizure medication and associated outcomes, it does not explicitly report seizure frequency or rates of being seizure-free, which are key quantitative values companion to the primary objective of the review. **(Not met)**

**Exclusion Criteria:**
1. **Pathogen: Not about Epilepsy (exclude studies on other pathogens)**  
   - The study is primarily about antiseizure medications related to SAH, not epilepsy. **(Exclude)**

2. **Language: Non-English**  
   - The study is in English. **(Not applicable)**

3. **Publication type: Conference proceedings, abstracts, posters, correspondence**  
   - The study is a systematic review and meta-analysis and does not fall under the excluded publication types. **(Not applicable)**

4. **Study design: In-vitro studies only (no human or animal component)**  
   - The study involves human subjects. **(Not applicable)**

5. **Study design: Solely animal studies AND animal studies that do not report transmission parameters**  
   - The study involves human subjects. **(Not applicable)**

6. **Outbreak type: Accidental laboratory outbreaks**  
   - This study does not apply. **(Not applicable)**

Based on the evaluation, item 5 of the inclusion criteria, regarding the necessity of reporting seizure frequency or seizure-free rates, is not met, and item 1 of the exclusion criteria identifies it is not solely about epilepsy, warranting exclusion.

Thus, the final decision is:
<decision>EXCLUDE</decision>",EXCLUDE,False,2026-08-06T00:45:56.263083
PMID_42551463,PubMed,42551463,,10.1088/1741-2552/ae94b2,Nonlinear neurodynamics of N2 sleep EEG predict outcomes of anterior nucleus of the thalamus deep brain stimulation in epilepsy: A pilot study.,"Zhou, Zhihong; Zhao, Yun; He, Dongyi; Xia, Qingling; Li, Gen; Zhang, Lijie; Yang, Bowen; Zhang, Kai; Jiang, Bin",Journal of neural engineering,2026,"OBJECTIVE: Anterior nucleus of the thalamus deep brain stimulation (ANT-DBS) is an effective therapeutic option for drug-resistant epilepsy (DRE); however, substantial inter-individual variability in treatment response limits its clinical optimization. This study aimed to develop an objective and explainable preoperative prediction model for ANT-DBS outcomes using nonlinear dynamical features derived from preoperative N2 sleep electroencephalography (EEG).
APPROACH: Artifact-free N2 sleep EEG segments were retrospectively collected from 26 patients with DRE who underwent ANT-DBS and were classified as responders or non-responders according to postoperative seizure reduction. Nonlinear dynamical features, including conditional entropy (CE), robust permutation entropy (RPE), and their multiscale variants, were extracted across six frequency bands (δ, θ, α, σ, β, and low-γ). Statistically significant features were identified using the Mann-Whitney U test with false discovery rate (FDR) correction (q < 0.05). These features were subsequently integrated into a multidimensional feature space to construct a support vector machine (SVM) classifier. Model interpretability was further evaluated using the SHapley additive explanations (SHAP) framework.
MAIN RESULTS: Non-responders exhibited significantly higher complexity in the δ and σ bands (q < 0.05), indicating impaired thalamocortical rhythmic fidelity and disrupted synchronization stability. In contrast, responders demonstrated significantly higher α-band robust permutation entropy (q < 0.01), reflecting greater cortical functional flexibility and a richer dynamical repertoire. The SVM classifier achieved an area under the curve (AUC) of 0.933 on an independent validation set, with 100% sensitivity for responder identification. SHAP-based attribution further revealed that the most influential features were strongly associated with physiologically meaningful alterations in thalamocortical network dynamics.
SIGNIFICANCE: These findings demonstrate that preoperative N2 sleep EEG complexity may serve as a non-invasive and interpretable biomarker for predicting ANT-DBS outcomes in DRE. This framework provides a clinically accessible decision-support tool for personalized patient selection and precision neuromodulation.",https://pubmed.ncbi.nlm.nih.gov/42551463/,,,epilepsy,(Epilepsy[MeSH] OR epilepsy[tiab] OR seizure[tiab] OR anticonvulsant[tiab]) AND (treatment[tiab] OR intervention[tiab] OR therapy[tiab]),2026-08-05T17:46:50+00:00,,,,,,"Let's go through each inclusion and exclusion criterion step by step for the provided abstract.

## Inclusion Criteria

1. **Pathogen: Must be about Epilepsy**
   - This study focuses on drug-resistant epilepsy and its treatment (ANT-DBS). 
   - **Met**: Yes.

2. **Language: English only**
   - The abstract is written in English.
   - **Met**: Yes.

3. **Study type: Peer-reviewed, original research (note systematic reviews/meta-analyses for special consideration)**
   - The abstract presents original research related to neural dynamics and outcomes of a specific intervention (ANT-DBS).
   - **Met**: Yes.

4. **Population: Human subjects (animal studies acceptable if reporting EITHER...)**
   - The study involves human patients (26 patients with drug-resistant epilepsy).
   - **Met**: Yes.

5. **Content: Must contain AT LEAST ONE of:**
   - a) Quantitative details of concluded/ongoing human outbreak (size, year, location, duration, spatial scale)
   - b) Mathematical or statistical model of disease transmission
   - c) Measures/estimates of transmission parameters: R, R0, Rt, r, Re, growth rate, doubling time
   - d) Measures/estimates of timing parameters: generation time, serial interval, incubation period, latent period, infectious period
   - e) Measures/estimates of severity: CFR, IFR, hospitalization rate, mortality rate, attack rate
   - f) Measures/estimates of genetic evolution: mutation rate, substitution rate, evolutionary rate
   - g) Measures of overdispersion or superspreading (k parameter, transmission heterogeneity)
   - h) Seroprevalence data or serological surveys
   - i) Risk factors for infection, severe disease, death, or hospitalization (with statistical measures)
   - j) Measures/estimates of vector parameters: for e.g. extrinsic incubation period (EIP), mosquito reproduction numbers, vector competence, mosquito delays, or relative transmission contributions (human-to-human vs vector-borne/zoonotic)
   - The study provides findings about the EEG metrics of patients and their relation to outcomes of ANT-DBS treatment, which can be informative about the intervention's impact rather than purely epidemiological metrics.
   - However, none of the specific listed measures regarding epidemiology or infectious disease transmission are reported.
   - **Met**: No.

## Exclusion Criteria

1. **Pathogen: Not about Epilepsy (exclude studies on other pathogens)**
   - The study is about epilepsy.
   - **Met**: No exclusion.

2. **Language: Non-English**
   - The abstract is in English.
   - **Met**: No exclusion.

3. **Publication type: Conference proceedings, abstracts, posters, correspondence**
   - The abstract format is not a full article but could potentially be evaluated for systematic reviews.
   - **Met**: No exclusion.

4. **Study design: In-vitro studies only (no human or animal component)**
   - This study involves human subjects.
   - **Met**: No exclusion.

5. **Study design: Solely animal studies AND animal studies that do not report transmission parameters (R0, Rt, Re, r, growth rate, mutation rate)**
   - There are no animal studies in this abstract.
   - **Met**: No exclusion.

6. **Outbreak type: Accidental laboratory outbreaks (not natural disease transmission)**
   - The study does not involve accidental laboratory outbreaks.
   - **Met**: No exclusion.

## Conclusion
The study meets most inclusion criteria but fails to meet the fifth inclusion criterion regarding epidemiological content. It does not report the necessary measures concerning transmission parameters or other quantitative epidemiologic metrics for inclusion.

Thus, the final decision is that the study should be excluded from the systematic review.

<decision>EXCLUDE</decision>",EXCLUDE,False,2026-08-06T00:45:56.263139
PMID_42551406,PubMed,42551406,,10.1016/j.eplepsyres.2026.107889,"Views of caregivers, clinicians, and epilepsy advocacy group representatives on survey instruments used to assess behavior, communication, and quality of life in individuals with Lennox-Gastaut syndrome.","Villalba, Nicole; Muller, Rya; Rosenman, Marc; Lam, Sandi; Dixon-Salazar, Tracy; Leavens, Kathy; Votoupal, Megan; Foster, Carolyn C; Wojnaroski, Mary; Carroll, Maura; Patel, Anup D",Epilepsy research,2026,"BACKGROUND: Lennox-Gastaut syndrome (LGS) is a rare developmental and epileptic encephalopathy associated with treatment-resistant seizures, profound neurodevelopmental impairments, and high caregiver burden. While seizure control is often prioritized in clinical trials, caregivers emphasize the importance of assessing behavior, communication, and quality of life. This study explored the perspectives of caregivers, clinicians, and advocates on existing instruments for measuring these domains in individuals with LGS.
METHODS: We conducted four focus groups with caregivers (n = 22), epilepsy advocates (n = 5), and clinicians (n = 6). Participants reviewed pre-selected instruments for each domain before the sessions. Questions elicited feedback on instruments assessing the three domains, as well as other relevant domains for LGS. Discussions were recorded, transcribed, and thematically analyzed.
RESULTS: Five themes emerged: (1) Behavior instruments - the Aberrant Behavior Checklist was favored for relevance and ease, while the Adaptive Behavior Assessment System-3 and Vineland Adaptive Behavior Scales-3 were viewed as lengthy or developmentally mismatched; (2) Communication instruments - the Communication Matrix was preferred for capturing nonverbal and alternative communication, while the Communication and Symbolic Behavior Scales lacked relevance; (3) Quality of life instruments - no clear preference emerged between Quality of Life Inventory-Disability and CDKL5 Deficiency Disorder Severity Assessment; (4) Impact on caregivers - negative language, time burden, and administration logistics posed challenges; and (5) Unaddressed gaps - sleep, gastrointestinal health, caregiver burden, socialization, and safety were noted as insufficiently captured.
CONCLUSION: Participants identified strengths and limitations of existing instruments and highlighted several unmet measurement needs. These insights underscore the need for relevant, inclusive tools that are aligned with the lived experiences of individuals with LGS and their families.",https://pubmed.ncbi.nlm.nih.gov/42551406/,,,epilepsy,(Epilepsy[MeSH] OR epilepsy[tiab] OR seizure[tiab] OR anticonvulsant[tiab]) AND (treatment[tiab] OR intervention[tiab] OR therapy[tiab]),2026-08-05T17:46:50+00:00,,,,,,"To decide whether the study should be included in the systematic review on *Epilepsy*, we will evaluate it against the predefined inclusion and exclusion criteria.

### Inclusion Criteria Evaluation
1. **Pathogen:** Must be about Epilepsy  
   - **Evaluation:** The study is focused on Lennox-Gastaut syndrome (LGS), a specific type of epilepsy. **Criteria met.**

2. **Language:** English only  
   - **Evaluation:** The abstract is in English. **Criteria met.**

3. **Study type:** Peer-reviewed, original research (note systematic reviews/meta-analyses for special consideration)  
   - **Evaluation:** The abstract describes original research involving focus groups. **Criteria met.**

4. **Population:** Human subjects  
   - **Evaluation:** The study involves human subjects (caregivers, clinicians, advocates). **Criteria met.**

5. **Content:** Must contain AT LEAST ONE of:
   - a) Quantitative details of concluded/ongoing human outbreak (size, year, location, duration, spatial scale)
   - b) Mathematical or statistical model of disease transmission
   - c) Measures/estimates of transmission parameters: R, R0, Rt, r, Re, growth rate, doubling time
   - d) Measures/estimates of timing parameters: generation time, serial interval, incubation period, latent period, infectious period
   - e) Measures/estimates of severity: CFR, IFR, hospitalization rate, mortality rate, attack rate
   - f) Measures/estimates of genetic evolution: mutation rate, substitution rate, evolutionary rate
   - g) Measures of overdispersion or superspreading (k parameter, transmission heterogeneity)
   - h) Seroprevalence data or serological surveys
   - i) Risk factors for infection, severe disease, death, or hospitalization (with statistical measures)
   - j) Measures/estimates of vector parameters  

   - **Evaluation:** The study focuses on measurement instruments for behavior, communication, and quality of life but does not report seizure frequency or seizure-free rates or any other accepted content measures from the inclusion criteria. **Criteria not met.**

### Exclusion Criteria Evaluation
1. **Pathogen:** Not about Epilepsy (exclude studies on other pathogens)  
   - **Evaluation:** The study is indeed about epilepsy (LGS). **Criteria not met.**

2. **Language:** Non-English  
   - **Evaluation:** The study is in English. **Criteria not met.**

3. **Publication type:** Conference proceedings, abstracts, posters, correspondence  
   - **Evaluation:** The abstract reflects original research, but if the entirety is presented as an abstract without publication as full research, it may not apply to our criteria for inclusion. However, based on the information provided, we presume it is part of original research. **Criteria not met.**

4. **Study design:** In-vitro studies only (no human or animal component)  
   - **Evaluation:** The study involves human participants and is not an in-vitro study. **Criteria not met.**

5. **Study design:** Solely animal studies AND animal studies that do not report transmission parameters  
   - **Evaluation:** There are no animal studies involved. **Criteria not met.**

6. **Outbreak type:** Accidental laboratory outbreaks (not natural disease transmission)  
   - **Evaluation:** This study is not related to outbreaks but rather to caregiver and clinician perspectives. **Criteria not met.**

### Conclusion
The study does not meet the inclusion criteria since it does not provide data on seizure frequency or seizure-free rates, which are part of the core outcomes required for our systematic review on *Epilepsy*. Although it provides valuable insights into quality of life measures for individuals with epilepsy, it lacks the necessary content as specified in our criteria.

Therefore, based on the evaluation, the decision is:
<decision>EXCLUDE</decision>",EXCLUDE,False,2026-08-06T00:45:56.263189
PMID_42551334,PubMed,42551334,,10.1016/j.neurot.2026.e01031,Single-neuron responses to neurostimulation: Insights for epilepsy.,"Cowan, Rhiannon L; Merricks, Edward M; Davis, Tyler S; Rolston, John D; Rahimpour, Shervin; Shofty, Ben; Schevon, Catherine A; Smith, Elliot H",Neurotherapeutics : the journal of the American Society for Experimental NeuroTherapeutics,2026,"Invasive neurostimulation has been used in humans to treat and diagnose epilepsy for decades. Despite such ubiquitous probing and recording from the human brain, the efficacy of surgical outcomes has remained stable. One potential reason for the gradual improvement in outcome efficacy is the continued reliance on passive recordings of meso-scale field potentials for diagnosis. Yet, recordings from individual neurons have enriched our understanding of seizure physiology. Here, we review evidence that cellular recording, especially in response to stimulation, is a potentially valuable tool in diagnosing, treating, and advancing therapeutics for epilepsy. Building on recent evidence, we propose a shift toward expanded investigation in neuromodulation research and treatment, toward approaches that leverage the potential of single-neuron recordings as a therapeutic strategy to enhance diagnosis, surgical precision, and treatment efficacy.",https://pubmed.ncbi.nlm.nih.gov/42551334/,,,epilepsy,(Epilepsy[MeSH] OR epilepsy[tiab] OR seizure[tiab] OR anticonvulsant[tiab]) AND (treatment[tiab] OR intervention[tiab] OR therapy[tiab]),2026-08-05T17:46:50+00:00,,,,,,"Let's screen the provided abstract step by step against the inclusion and exclusion criteria.

## Inclusion Criteria Evaluation
1. Pathogen: **Must be about Epilepsy**  
   - The abstract is focused on epilepsy, which meets this criterion.

2. Language: **English only**  
   - The abstract is in English, so this criterion is met.

3. Study type: **Peer-reviewed, original research (note systematic reviews/meta-analyses for special consideration)**  
   - The abstract appears to be from original research, fulfilling this criterion.

4. Population: **Human subjects**  
   - The abstract specifically refers to invasive neurostimulation used in humans to treat and diagnose epilepsy, which meets this criterion.

5. Content: **Must contain AT LEAST ONE of the specified measures**  
   - The abstract discusses neurostimulation methods and individual neuron responses related to epilepsy, suggesting implications for diagnosis and treatment. However, it does not provide specific quantitative details or statistical measures that directly relate to the required content about seizure frequency, seizure-free rates, or any of the other specified parameters (e.g., measures of genetic evolution, transmission parameters). This criterion is not adequately met.

## Exclusion Criteria Evaluation
1. Pathogen: **Not about Epilepsy (exclude studies on other pathogens)**  
   - The abstract is about epilepsy, so this criterion is not applicable for exclusion.

2. Language: **Non-English**  
   - The abstract is in English, so this criterion is not applicable for exclusion.

3. Publication type: **Conference proceedings, abstracts, posters, correspondence**  
   - While the document is an abstract, it does not specify it is from a conference proceeding or poster but rather presents original research. However, if we interpret it strictly, abstract forms can often fall under exclusion. This would be a grey area.

4. Study design: **In-vitro studies only (no human or animal component)**  
   - The abstract discusses human studies, so this criterion is not applicable for exclusion.

5. Study design: **Solely animal studies AND animal studies that do not report transmission parameters**   
   - This does not apply here as it is focused on human studies.

6. Outbreak type: **Accidental laboratory outbreaks (not natural disease transmission)**  
   - This criterion is not applicable as the study is not about outbreaks.

Since the abstract fails to meet the required content criteria and operates within a grey area regarding the publication type criterion, a cautious approach should be taken in the assessment.

Given that the abstract discusses a relevant topic (neurostimulation for epilepsy) but does not provide the specific level of detail on clinical outcomes, seizure frequency or rates, or other measures that were emphasized in the criteria, it may best be viewed as insufficient for inclusion in the systematic review without stronger evidence of clinical impact.

Thus, we will conclude as follows:

<decision>EXCLUDE</decision>",EXCLUDE,False,2026-08-06T00:45:56.263239
PMID_42550273,PubMed,42550273,PMC6871816,10.1016/j.neuroimage.2006.01.015,Moscow Wada protocol: an optimised protocol for language and memory lateralization.,"Provlotskaya, Irina; Minnigulova, Alina; Gordeyeva, Elizaveta; Marchak, Dmitry; Zuev, Andrey; Pedyash, Nikita; Dragoy, Olga",Brain structure & function,2026,"The Wada test is an invasive procedure used to assess language and memory lateralization. Despite the widespread use of the Wada test in the population of people with epilepsy, the two existing standardized protocols for conducting the procedure are methodologically different and do not fully account for language comprehension as a separate domain. In this study, we presented a novel, optimized Wada protocol developed and tested using Russian language stimuli, with an English adaptation provided to support crosslinguistic application. The protocol was applied to a cohort of eight patients undergoing presurgical evaluation, demonstrating consistent lateralization patterns: language comprehension was predominately bilateral, while production was unilaterally localized in most patients, and memory representation was either bilaterally and right-hemisphere organized. Postoperative outcomes available for four patients confirmed the protocol's ability to identify eloquent hemispheres, as patients with unilateral language dominance showed transient language deficits after surgery, whereas those with bilateral representation did not. Furthermore, the intraoperative mapping results also corroborate the obtained outcomes. These findings support the protocol's enhanced applicability for determining individual patterns of language and memory lateralization, offering valuable insights to improve presurgical planning and treatment strategy selection for epilepsy patients.",https://pubmed.ncbi.nlm.nih.gov/42550273/,,,epilepsy,(Epilepsy[MeSH] OR epilepsy[tiab] OR seizure[tiab] OR anticonvulsant[tiab]) AND (treatment[tiab] OR intervention[tiab] OR therapy[tiab]),2026-08-05T17:46:50+00:00,,,,,,"Let's evaluate the provided abstract against the inclusion and exclusion criteria step by step:

## Inclusion Criteria
1. **Pathogen: Must be about Epilepsy**
   - The abstract discusses a novel Wada protocol for assessing language and memory lateralization in epilepsy patients. This criterion is met.

2. **Language: English only**
   - The abstract is in English. This criterion is met.

3. **Study type: Peer-reviewed, original research (note systematic reviews/meta-analyses for special consideration)**
   - The study appears to be original research related to presurgical evaluation in epilepsy. Since it is a new protocol, it qualifies under original research. This criterion is met.

4. **Population: Human subjects (animal studies acceptable if reporting EITHER...)**
   - The study involves human subjects (eight patients) with epilepsy. This criterion is met.

5. **Content: Must contain AT LEAST ONE of:**
   - a) Quantitative details of concluded/ongoing human outbreak (size, year, location, duration, spatial scale)
     - Not applicable, but we don't need to meet this specific criterion.
   - b) Mathematical or statistical model of disease transmission
     - Not applicable, not relevant to this study.
   - c) Measures/estimates of transmission parameters (R, R0, Rt, r, Re, growth rate, doubling time)
     - Not applicable; this study does not provide these measures.
   - d) Measures/estimates of timing parameters (generation time, serial interval, incubation period, latent period, infectious period)
     - Not applicable; this study does not provide these measures.
   - e) Measures/estimates of severity (CFR, IFR, hospitalization rate, mortality rate, attack rate)
     - Not applicable; this study does not provide these measures.
   - f) Measures/estimates of genetic evolution (mutation rate, substitution rate, evolutionary rate)
     - Not applicable; this study does not provide these measures.
   - g) Measures of overdispersion or superspreading (k parameter, transmission heterogeneity)
     - Not applicable; this study does not provide these measures.
   - h) Seroprevalence data or serological surveys
     - Not applicable; this study does not provide these measures.
   - i) Risk factors for infection, severe disease, death, or hospitalization (with statistical measures)
     - Not applicable; this study does not provide these measures.
   - j) Measures/estimates of vector parameters
     - Not applicable; this study does not provide these measures.

None of the subcriteria from 5 are met directly; however, the study does contribute significant insights into presurgical evaluation for epilepsy, which might relate to seizure management indirectly.

## Exclusion Criteria
1. **Pathogen: Not about Epilepsy (exclude studies on other pathogens)**
   - The study is about epilepsy. This criterion is not applicable for exclusion.

2. **Language: Non-English**
   - The abstract is in English. This criterion is not applicable for exclusion.

3. **Publication type: Conference proceedings, abstracts, posters, correspondence**
   - Although we are reviewing an abstract, it describes original research. This criterion does not exclude the study.

4. **Study design: In-vitro studies only (no human or animal component)**
   - Not applicable; the study involves human subjects.

5. **Study design: Solely animal studies AND animal studies that do not report transmission parameters (R0, Rt, Re, r, growth rate, mutation rate)**
   - Not applicable; this study involves human subjects.

6. **Outbreak type: Accidental laboratory outbreaks (not natural disease transmission)**
   - Not applicable; this study does not pertain to disease transmission.

After evaluating the above criteria:
- The study discusses the Wada test and its implications for epilepsy patients but does not fulfill criterion 5 under the inclusion criteria, which requires quantitative outcome measures related to seizures. 

Given that the abstract does not report on seizure frequency or seizure-free rates—which are primary outcome measures according to the inclusion criteria—the study is ultimately not relevant for the aims of the systematic review.

Thus, the final decision is:

<decision>EXCLUDE</decision>",EXCLUDE,False,2026-08-06T00:45:56.263290
PMID_42546502,PubMed,42546502,,10.1016/j.ebiom.2026.106417,Accurate prediction of gain- and loss-of-function missense variants in GABAA receptors.,"Boßelmann, Christian M; Ortiz, Sebastian; Dahl, Rebekka; Liao, Vivian W Y; El-Kamand, Serene; Lin, Susan X N; Hon Kan, Anthony Sze; Brünger, Tobias; Lal, Dennis; Lerche, Holger; Kreuer, Jules; Pfeifer, Nico; Chebib, Mary; Absalom, Nathan L; Ahring, Philip K; Møller, Rikke S",EBioMedicine,2026,"BACKGROUND: Missense variants in genes encoding GABAA receptors are involved in the pathophysiology of common and rare epilepsies. Variant effects on channel biophysical function are associated with key clinical characteristics and treatment response. Predicting variant effects is therefore key to improving care for individuals with GABAA receptor-related disorders.
METHODS: We collected data from 505 affected individuals with 272 (likely) pathogenic GABAA receptor missense variants (GABRA1, GABRB2, GABRB3, GABRG2). All variants were evaluated with in-vitro electrophysiology. Variants were annotated with features based on sequence, structure, and phenotype. Model performance was estimated using cross-validation and external validation on a further 197 individuals with 138 (likely) pathogenic variants.
FINDINGS: Our models enable highly accurate prediction of missense variant effects in GABAA (AU-ROC 0.862-0.946), outperforming state-of-the-art models (AU-ROC 0.495-0.756) and clinical decision-making. Model scores correlated with GABA sensitivity and were consistent with expert-based structure-function hypotheses, supporting plausibility. Predictions on population variants were similar to functionally neutral variants, while cases from ClinVar were similar to GOF/LOF variants. Our model may provide additional evidence for 5-25% of variants in ClinVar. Lastly, we show that we can predict likely clinical characteristics from variant information alone (median Lin similarity 0.754 IQR 0.161).
INTERPRETATION: We demonstrate accurate missense variant effect prediction in GABAA receptors with rigorous validation across a large dataset of functionally tested variants. These predictions may facilitate timely diagnosis and precision treatment of individuals with GABAA receptor-related disorders, pending prospective clinical validation. A web interface, precomputed scores, and calibrated score thresholds for all possible variants are openly available.
FUNDING: Else Kröner-Fresenius-Stiftung; German Federal Ministry of Research, Technology and Space; German Research Foundation; Medical Faculty University of Tübingen; Lundbeck Foundation; Novo Nordisk Foundation.",https://pubmed.ncbi.nlm.nih.gov/42546502/,,,epilepsy,(Epilepsy[MeSH] OR epilepsy[tiab] OR seizure[tiab] OR anticonvulsant[tiab]) AND (treatment[tiab] OR intervention[tiab] OR therapy[tiab]),2026-08-05T17:46:50+00:00,,,,,,"1. **Pathogen**: The study is focused on missense variants in genes encoding GABAA receptors related to the pathophysiology of epilepsy, thus it is about epilepsy. (Inclusion criterion met)

2. **Language**: The study is in English. (Inclusion criterion met)

3. **Study type**: The study is peer-reviewed original research. (Inclusion criterion met)

4. **Population**: The study involves human subjects with confirmed mutations related to GABAA receptors affecting epilepsy. (Inclusion criterion met)

5. **Content**: The study focuses on predicting the effects of missense variants, which may impact treatment response but does not directly assess seizure frequency or seizure-free rates, antiepileptic drug interventions, EEG-based outcomes, or measure any of the specified clinical outcomes directly as outlined in the inclusion criteria. (Inclusion criterion not met)

Since the study fails to meet one of the main inclusion criteria related to clinical outcomes directly associated with the treatment and management of epilepsy, we must consider how contexts that provide insights might still be valuable. However, the lack of reporting on seizure frequency or seizure-free outcomes excludes this study from our systematic review.

<decision>EXCLUDE</decision>",EXCLUDE,False,2026-08-06T00:45:56.263343
PMID_42545895,PubMed,42545895,PMC10099582,10.1002/epi4.70320,Changes in effectiveness and safety in patients with Lennox-Gastaut syndrome transitioning from the fenfluramine randomized controlled trial to open-label extension study.,"Nabbout, Rima; Devinsky, Orrin; Lagae, Lieven; Scheffer, Ingrid E; Guerrini, Renzo; Sullivan, Joseph; Gil-Nagel, Antonio; Zuberi, Sameer M; Riney, Kate; Healy, Patrick; Abraham, Jayne; Roper, Rebecca Zhang; Langlois, Mélanie; Lothe, Amélie; Knupp, Kelly G",Epilepsia open,2026,"In the phase 3 randomized controlled trial (RCT; NCT03355209) of fenfluramine in Lennox-Gastaut syndrome (LGS), patients in fenfluramine treatment groups (0.2 mg/kg/day, 0.7 mg/kg/day) experienced greater reduction from baseline in frequency of seizures associated with a fall versus placebo, which was sustained in the open-label extension (OLE) study (NCT03355209). In this post hoc analysis, trajectories of fenfluramine effectiveness and safety, along with dose changes over time, are described for patients with LGS randomized to placebo in RCT who switched to fenfluramine in OLE (PBO-FFA) and those who received fenfluramine in both RCT/OLE (FFA-FFA). Among patients who completed 12 months in OLE (N = 151), numerical improvements in effectiveness outcomes were seen in the PBO-FFA group (n = 59) after initiating fenfluramine and were similar to those in the FFA-FFA group (n = 92). Regression to the mean was not observed in the PBO-FFA group, suggesting that changes were due to fenfluramine. Incidence of the most commonly reported treatment-emergent adverse events increased in the PBO-FFA group after fenfluramine initiation but decreased in the FFA-FFA group in OLE. These data demonstrate rapid improvement in seizure frequency and global functioning in both groups with continued clinical improvement as the mean fenfluramine dose was increased. These results confirm that sustained fenfluramine treatment is effective and tolerable. PLAIN LANGUAGE SUMMARY: This study assessed the change over time in the number of seizures, overall improvement, and side effects in patients with LGS receiving placebo (no active medicine) or fenfluramine in a 14-week study; all patients later received fenfluramine in the extension study. Overall, the number of seizures (associated with a fall) decreased once patients initially receiving placebo changed to fenfluramine (optimal effect around Month 4 while receiving a higher dose), but as expected, common side effects were reported more frequently once patients began fenfluramine treatment. Patients, parents, and doctors should be aware of this time course to allow fenfluramine enough time to work.",https://pubmed.ncbi.nlm.nih.gov/42545895/,,,epilepsy,(Epilepsy[MeSH] OR epilepsy[tiab] OR seizure[tiab] OR anticonvulsant[tiab]) AND (treatment[tiab] OR intervention[tiab] OR therapy[tiab]),2026-08-05T17:46:50+00:00,,,,,,"To evaluate the abstract against the inclusion and exclusion criteria, we will systematically review each criterion:

## Inclusion Criteria
1. **Pathogen**: The study is about Epilepsy (specifically Lennox-Gastaut syndrome, a type of epilepsy). **Met**.
2. **Language**: The abstract is in English. **Met**.
3. **Study type**: The study reports on a phase 3 randomized controlled trial (RCT) and post hoc analysis, which qualifies as peer-reviewed original research. **Met**.
4. **Population**: The study involves human subjects (patients with Lennox-Gastaut syndrome). **Met**.
5. **Content**: The abstract discusses quantitative details regarding the frequency of seizures experienced by patients, noting changes and improvements in seizure frequency after treatment with fenfluramine. This meets the criteria of reporting on outcomes related to seizure frequency. **Met**.

## Exclusion Criteria
1. **Pathogen**: The study is about Epilepsy, not on other pathogens. **Not applicable**.
2. **Language**: The study is in English. **Not applicable**.
3. **Publication type**: It is a peer-reviewed study and not a conference proceeding, abstract, poster, or correspondence. **Not applicable**.
4. **Study design**: The study involves human subjects and is an RCT. **Not applicable**.
5. **Study design**: There are no solely animal studies, hence this criterion does not apply. **Not applicable**.
6. **Outbreak type**: The study does not involve laboratory outbreaks. **Not applicable**.

After analyzing the criteria systematically, all inclusion criteria are met while none of the exclusion criteria apply. 

Thus, the overall decision for this abstract is:

<decision>INCLUDE</decision>",INCLUDE,True,2026-08-06T00:45:56.263412
PMID_42544157,PubMed,42544157,PMC7976914,10.7759/cureus.111982,Acute Bilateral Vision Loss in Pregnancy: A Case of Posterior Reversible Encephalopathy Syndrome.,"Chadha, Jai; Pandit, Tanush; Am, Anitha",Cureus,2026,"Posterior reversible encephalopathy syndrome (PRES) is a clinicoradiological entity characterized by headache, seizures, altered consciousness, and visual disturbances, with preeclampsia and eclampsia among its most common triggers. Although visual symptoms occur in roughly one-third of cases, acute cortical blindness as the predominant presenting feature in the absence of significant hypertension is uncommon and diagnostically challenging. We report a 27-year-old woman (gravida 2, abortion 1) at 36 weeks of gestation who presented with a one-day history of headache, a generalized tonic-clonic seizure, and sudden bilateral vision loss, with a blood pressure of 110/60 mmHg. Ophthalmological examination revealed no perception of light bilaterally with preserved pupillary reflexes and a normal fundus, localizing the deficit to the visual cortex. Investigations demonstrated mild anemia, thrombocytopenia, prolonged activated partial thromboplastin time (aPTT), and proteinuria. Magnetic resonance imaging revealed bilateral T2/fluid-attenuated inversion recovery (FLAIR) hyperintensities in the occipital lobes involving the primary visual cortex, confirming PRES. An emergency lower segment cesarean section was performed under general anesthesia for fetal distress. Postoperative autoimmune workup revealed strongly positive anti-nRNP and anti-Ro antibodies with a positive lupus anticoagulant. Management included the Zuspan magnesium sulfate regimen, hydroxychloroquine, aspirin, and bridging anticoagulation with enoxaparin to warfarin. Complete visual recovery was achieved by postoperative day 3. This case illustrates that acute bilateral cortical blindness may be a manifestation of PRES in eclampsia even without marked hypertension, consistent with the endothelial dysfunction model of pathogenesis. Timely multidisciplinary recognition and intervention facilitated complete recovery.",https://pubmed.ncbi.nlm.nih.gov/42544157/,,,epilepsy,(Epilepsy[MeSH] OR epilepsy[tiab] OR seizure[tiab] OR anticonvulsant[tiab]) AND (treatment[tiab] OR intervention[tiab] OR therapy[tiab]),2026-08-05T17:46:50+00:00,,,,,,"Let’s carefully evaluate the provided abstract against the defined inclusion and exclusion criteria for the systematic review on epilepsy.

**Inclusion Criteria (ALL must be met):**
1. **Pathogen:** The study must be about Epilepsy. 
   - The abstract discusses Posterior Reversible Encephalopathy Syndrome (PRES), which can be associated with seizures. However, the primary focus is not on epilepsy itself but rather on a specific syndrome that may include seizures as a symptom but is not strictly an epilepsy study.
   
2. **Language:** The study is in English.
   - This criterion is met.
   
3. **Study type:** Peer-reviewed, original research (note systematic reviews/meta-analyses for special consideration).
   - The abstract does not specify whether it is peer-reviewed original research. Generally, case reports like this are often considered less rigorous than original research but may still be published in peer-reviewed formats.
   
4. **Population:** Human subjects.
   - This criterion is met as the study involves a human subject.
   
5. **Content:** Must contain AT LEAST ONE of:
   - The abstract does not present quantitative data on seizure frequency or seizure-free rates specifically related to epilepsy. Although seizures are mentioned, they do not address pharmacological or non-pharmacological interventions nor do they present relevant data on clinical outcomes categorized under the systematic review's objectives. 

**Exclusion Criteria (Exclude if ANY apply):**
1. **Pathogen:** Not about Epilepsy.
   - This could potentially exclude the study, as the focus is on PRES rather than epilepsy itself.
   
2. **Language:** Non-English.
   - This criterion is met.
   
3. **Publication type:** Conference proceedings, abstracts, posters, correspondence.
   - This may apply if this is a conference abstract (which is not clear from the given information).
   
4. **Study design:** In-vitro studies only (no human or animal component).
   - This criterion is not applicable.
   
5. **Study design:** Solely animal studies AND animal studies that do not report transmission parameters (R0, Rt, Re, r, growth rate, mutation rate).
   - This does not apply, as it involves a human subject.
   
6. **Outbreak type:** Accidental laboratory outbreaks (not natural disease transmission).
   - This does not apply.

Upon thorough assessment, the abstract does not sufficiently meet the core focus of the systematic review on epilepsy, as it centers on a condition that, while it involves seizures, is not aimed at epilepsy research in the context defined by the review's objectives. There is a lack of relevant clinical outcome measures specifically tied to epilepsy treatment or interventions, thereby aligning it more closely with under the exclusion criteria.

Given this rationale:

<decision>EXCLUDE</decision>",EXCLUDE,False,2026-08-06T00:45:56.263459
PMID_42544000,PubMed,42544000,,10.59556/japi.74.1588,When Febrile Seizures Are Not Benign: An Unusual Cause of Dyke-Davidoff-Masson Syndrome.,"Ahammed, Jashir; Zaki, Syed Ahmed; Reddy, Kiran Kumar",The Journal of the Association of Physicians of India,2026,"A 14-year-old girl presented with a history of recurrent seizures over the past year, varying in type-generalized tonic-clonic and right-sided focal seizures involving both upper and lower limbs. Birth and family history were unremarkable, and early developmental milestones were appropriate. However, her academic performance declined over the past 2 years, eventually leading her to drop out of school. At 7 months of age, she had an upper respiratory tract infection followed by febrile status epilepticus lasting 20 minutes and requiring 5 days of hospitalization. Neuroimaging, cerebrospinal fluid analysis, and blood cultures were normal. There were no focal neurological deficits at discharge. Antiepileptic medications were discontinued after two seizure-free years. Current examination showed mild right-sided spasticity with increased deep tendon reflexes and an extensor plantar response. Magnetic resonance imaging (MRI) revealed left frontal sinus hypertrophy, left calvarial thickening, left cerebral atrophy, and right-sided crossed cerebellar atrophy, suggestive of Dyke-Davidoff-Masson syndrome (DDMS) (Fig. 1). Electroencephalography (EEG) revealed intermittent sharp waves and background slowing over the left frontotemporal region. She was started on antiepileptic therapy, physiotherapy, and occupational and speech therapy.",https://pubmed.ncbi.nlm.nih.gov/42544000/,,,epilepsy,(Epilepsy[MeSH] OR epilepsy[tiab] OR seizure[tiab] OR anticonvulsant[tiab]) AND (treatment[tiab] OR intervention[tiab] OR therapy[tiab]),2026-08-05T17:46:50+00:00,,,,,,"Let's evaluate the provided abstract against the inclusion and exclusion criteria in a systematic way.

### Inclusion Criteria
1. **Pathogen: Must be about Epilepsy**  
   - The study discusses a case of recurrent seizures in a patient diagnosed with Dyke-Davidoff-Masson Syndrome, a condition related to epilepsy. It meets this criterion.

2. **Language: English only**  
   - The abstract is in English. This criterion is met.

3. **Study type: Peer-reviewed, original research (note systematic reviews/meta-analyses for special consideration)**  
   - The abstract does not specify whether it is from a peer-reviewed journal or the nature of its publication (including if it is a conference abstract). However, since it discusses original case findings, it may likely be original research. This criterion needs clarification but leans towards met.

4. **Population: Human subjects (animal studies are acceptable if reporting certain parameters)**  
   - The study involves a 14-year-old girl who is a human subject. This criterion is met.

5. **Content: Must contain AT LEAST ONE of the specified content measures**  
   - The study provides insights into seizure history and outcomes following antiepileptic therapy, which may be relevant to documenting seizure frequency and seizures-free rates, although it does not explicitly state quantifiable frequencies or rates of seizures or outcomes. This criterion is partially met but could be debated based on content relevance.

### Exclusion Criteria
1. **Pathogen: Not about Epilepsy (exclude studies on other pathogens)**  
   - The study is about epilepsy. Not applicable for exclusion.

2. **Language: Non-English**  
   - The abstract is in English. Not applicable for exclusion.

3. **Publication type: Conference proceedings, abstracts, posters, correspondence**  
   - If this abstract is indeed from a conference proceeding, it would fall under the exclusion criteria. This needs clarification from the original source. If it is not peer-reviewed, it could be excluded.

4. **Study design: In-vitro studies only (no human or animal component)**  
   - The study involves a human subject. Not applicable for exclusion.

5. **Study design: Solely animal studies AND animal studies that do not report transmission parameters**  
   - There are no animal studies here. Not applicable for exclusion.

6. **Outbreak type: Accidental laboratory outbreaks (not natural disease transmission)**  
   - The study does not mention outbreaks or accidental laboratory events. Not applicable for exclusion.

Given the uncertainties surrounding publication type and whether it has provided appropriate seizure outcome measures, while it does align with some aspects of the inclusion criteria for epilepsy and human subjects, the lack of clarity and presence of potential exclusion based on publication type strongly suggests exclusion. 

Decision-making will hinge on the abstract likely being a conference abstract which does not satisfy the necessary peer-reviewed criterion for inclusion. Therefore, the conclusion leans towards exclusion.

<decision>EXCLUDE</decision>",EXCLUDE,False,2026-08-06T00:45:56.263507
PMID_42542984,PubMed,42542984,PMC4264194,10.1016/s0896-6273(01)00414-7,"Mild malformation of cortical development with oligodendroglial hyperplasia in epilepsy (MOGHE): genetics, mechanisms and precision therapy.","Spyrou, James; Lockhart, Paul J; Maljevic, Snezana; Howell, Katherine B; Reid, Christopher A",Acta neuropathologica,2026,"Mild malformation of cortical development with oligodendroglial hyperplasia in epilepsy (MOGHE) is a recently defined malformation of cortical development that is an important cause of childhood-onset drug-resistant epilepsy. Clinically, the epilepsies associated with MOGHE are heterogeneous, with infantile epileptic spasms syndrome (IESS) being the most common manifestation. Histopathologically, MOGHE demonstrates subtle cortical dyslamination, heterotopic neurons in the white matter, hypomyelination, and a distinctive increase in the density and clustering of oligodendroglial cells, features that distinguish it from other malformations of cortical development such as focal cortical dysplasia (FCD). Recent genetic analyses of epileptogenic tissue resected from individuals with MOGHE have identified somatic mosaic loss-of-function variants in SLC35A2. This gene encodes the Golgi transmembrane UDP-galactose transporter, suggesting disrupted N-glycosylation as a distinct pathogenic mechanism underlying epilepsy in this disorder. In this review, we present the current clinical, histopathological, and molecular understanding of MOGHE, with a particular focus on recent insights gained from experimental rodent and human cellular models of SLC35A2 deficiency. We contextualise these findings against established models of mTORopathies including FCD type 2, placing MOGHE within the broader malformation of cortical development spectrum. Synthesising this evidence, we observe that neuronal activity in models of both MOGHE and mTORopathies such as FCD type 2 converge on reduced action potential firing, despite their distinct genetic aetiologies. Finally, we discuss how these findings inform our understanding of epileptogenesis, especially the emergence of infantile epileptic spasms, and the development of future precision therapeutic strategies across malformations of cortical development.",https://pubmed.ncbi.nlm.nih.gov/42542984/,,,epilepsy,(Epilepsy[MeSH] OR epilepsy[tiab] OR seizure[tiab] OR anticonvulsant[tiab]) AND (treatment[tiab] OR intervention[tiab] OR therapy[tiab]),2026-08-05T17:46:50+00:00,,,,,,"To determine whether the abstract should be included or excluded from the systematic review, we will systematically evaluate the abstract against the inclusion and exclusion criteria outlined above.

## Evaluation against Inclusion Criteria

1. **Pathogen: Must be about Epilepsy**
   - The abstract discusses *Mild malformation of cortical development with oligodendroglial hyperplasia in epilepsy (MOGHE)*, which clearly relates to epilepsy.
   - **Criterion met.**

2. **Language: English only**
   - The abstract is written in English.
   - **Criterion met.**

3. **Study type: Peer-reviewed, original research (note systematic reviews/meta-analyses for special consideration)**
   - The abstract mentions a review but is focused on summarizing clinical and scientific insights regarding MOGHE rather than original research.
   - **Criterion not met.**

4. **Population: Human subjects**
   - The abstract references individuals with MOGHE as well as studies involving human cellular models, indicating that it may involve human subjects.
   - **Criterion met, but requires further scrutiny.**

5. **Content: Must contain AT LEAST ONE of...**
   - The abstract discusses genetic variations in SLC35A2 and insights gained from experimental models. However, it does not provide quantitative outcomes (e.g. seizure frequency or seizure-free rates), nor does it mention antiepileptic drug interventions or EEG-based outcomes.
   - **Criterion not met.**

## Evaluation against Exclusion Criteria

1. **Pathogen: Not about Epilepsy (exclude studies on other pathogens)**
   - The abstract is about epilepsy.
   - **Criterion not applicable (not excluded).**

2. **Language: Non-English**
   - The abstract is in English.
   - **Criterion not applicable (not excluded).**

3. **Publication type: Conference proceedings, abstracts, posters, correspondence**
   - The abstract does not state that it is a conference proceeding or correspondence, but since it is a review, it may be treated as a summary of existing literature rather than original research.
   - **Criterion may apply if considered insufficient original research.**

4. **Study design: In-vitro studies only (no human or animal component)**
   - The abstract does not focus on in-vitro studies, mentioning human models and cellular studies.
   - **Criterion not applicable (not excluded).**

5. **Study design: Solely animal studies AND animal studies that do not report transmission parameters (R0, Rt, Re, r, growth rate, mutation rate)**
   - The abstract discusses human and rodent cellular models but does not pertain to animal studies exclusively.
   - **Criterion not applicable (not excluded).**

6. **Outbreak type: Accidental laboratory outbreaks (not natural disease transmission)**
   - The abstract does not discuss outbreaks.
   - **Criterion not applicable (not excluded).**

## Conclusion

Overall, while the abstract presents insights into a specific form of epilepsy (MOGHE), it does not align sufficiently with the inclusion criteria, particularly regarding the nature of research and specific content focus on seizure outcomes or interventions. Given that the study might be classified more as a descriptive overview instead of meeting the defined requirements for clinical evidence synthesis in epilepsy, it does not clearly meet the criteria for inclusion.

Thus, the decision is based on failing to meet the essential elements for inclusion.

<decision>EXCLUDE</decision>",EXCLUDE,False,2026-08-06T00:45:56.263559
PMID_42542632,PubMed,42542632,PMC4610753,10.1002/ana.78213,"Safety and feasibility of oral zinc for patients with GNAO1-related disorders (ZINCGNAO1): an open-label, single-arm, single-centre, pilot trial in Germany.","Thiel, Moritz; Martakis, Kyriakos; Duran, Ibrahim; Dafsari, Hormos S; Schiller, Petra; Weliwitage, Jithmi; Hero, Barbara; Larasati, Yonika; Koval, Alexey; Katanaev, Vladimir L; Koy, Anne",EClinicalMedicine,2026,"BACKGROUND: GNAO1-related disorders (GNAO1-RD), caused by variants in GNAO1 encoding the Gαo protein, comprise a broad phenotypic spectrum including movement disorders (MD) and/or epilepsy and are typically associated with developmental delay and intellectual disability. Currently, only symptomatic treatments are available. Zinc can restore guanosine triphosphate hydrolysis and cellular interactions of dysfunctional Gαo. ZINCGNAO1 evaluated the safety and feasibility of oral zinc supplementation in GNAO1-RD.
METHODS: ZINCGNAO1 was a 6-month, open-label, fixed-dose, single-centre pilot trial in Germany. Eligible participants were aged 6 months to 30 years, had a genetically confirmed GNAO1 variant, at least one hallmark feature of GNAO1-RD (MD, hypotonia, epilepsy, or global developmental delay), and had a Gross Motor Function Measure-66 (GMFM-66) score of 75 or lower. Zinc acetate dihydrate was administered orally in age-dependent dosages. Primary outcomes were safety, assessed by adverse event monitoring and laboratory analyses, and feasibility, defined as treatment adherence of at least 80% of days. Exploratory secondary outcomes included changes in MD severity (Burke-Fahn-Marsden Dystonia Rating Scale-Movement Score, BFMDRS-M, Abnormal involuntary movement scale, AIMS), and related disability (BFMDRS-Disability Score), motor function (GMFM-66), quality of life (Caregiver Priorities and Child Health Index of Life with Disabilities, CPCHILD), occupational performance (Canadian Occupational Performance Measure performance and satisfaction scores, COPM-P/-S), epilepsy, and participant- or caregiver-reported outcomes. This trial was registered at ClinicalTrials.gov (NCT06412653) and the EU Clinical Trials Register (2024-512735-72-00) and is complete.
FINDINGS: Between Aug 2, 2024, and Jan 27, 2025, 13 participants with 11 different genetic variants were enrolled; 11 completed the follow up of the trial. Mean age at inclusion was 8.0 years (range 0.5-25.1). Overall treatment feasibility was 84.6% (11/13). No treatment-related serious adverse events occurred, and laboratory monitoring did not identify clinically relevant safety concerns during the 6-month treatment period. Exploratory secondary outcomes showed no change in MD severity. The mean BFMDRS Disability Score decreased from 25.5 (SD 2.6) to 23.5 (SD 2.8; nominal p = 0.005). Mean GMFM-66 increased from 33.1 (SD 12.8) to 37.8 (SD 12.8, nominal p = 0.006). COPM-P increased from 2.6 (SD 0.8) to 3.8 (SD 1.3; nominal p = 0.003), and COPM-S from 2.7 (SD 0.9) to 4.1 (SD 1.7; nominal p = 0.002). CPCHILD and seizure occurrence showed no clear treatment-related change; two participants had seizures during the trial.
INTERPRETATION: Our preliminary findings show that oral zinc supplementation was safe and feasible in this GNAO1-RD population. Exploratory secondary outcomes suggested possible improvements in motor function and daily activities. Larger controlled trials are needed to assess efficacy.
FUNDING: GNAO1-Gemeinsam nicht allein e.V.",https://pubmed.ncbi.nlm.nih.gov/42542632/,,,epilepsy,(Epilepsy[MeSH] OR epilepsy[tiab] OR seizure[tiab] OR anticonvulsant[tiab]) AND (treatment[tiab] OR intervention[tiab] OR therapy[tiab]),2026-08-05T17:46:50+00:00,,,,,,"To decide whether this study should be included in the systematic review on epilepsy, we need to evaluate it against the predefined inclusion and exclusion criteria step by step. 

### Evaluation Against Inclusion Criteria:

1. **Pathogen: Must be about Epilepsy**
   - The study does involve epilepsy as one of the hallmark features associated with GNAO1-related disorders.  
   - **Criterion Met**: Yes

2. **Language: English only**
   - The abstract is written in English.  
   - **Criterion Met**: Yes

3. **Study type: Peer-reviewed, original research (note systematic reviews/meta-analyses for special consideration)**
   - The study is described as a pilot trial, indicating it is original research, and it appears to be peer-reviewed as indicated by the trial registration.  
   - **Criterion Met**: Yes

4. **Population: Human subjects (animal studies acceptable if reporting specific parameters)**
   - The study involves human subjects aged 6 months to 30 years.  
   - **Criterion Met**: Yes

5. **Content: Must contain AT LEAST ONE of the quantitative measures listed**
   - The study reports on areas such as seizure occurrence, which is related to seizure frequency. However, it does not provide quantitative details regarding seizure frequency rates or seizure-free outcomes. The study does assess effects on epilepsy but does not report meaningful data directly on seizure frequency or rates.  
   - **Criterion Not Met**: No (specifically regarding the lack of seizure frequency or seizure-free outcomes).

### Evaluation Against Exclusion Criteria:

1. **Pathogen: Not about Epilepsy (exclude studies on other pathogens)**
   - The study touches upon epilepsy, so this exclusion criterion does not apply.  
   - **Criterion Not Met**: No

2. **Language: Non-English**
   - The language is English.  
   - **Criterion Not Met**: No

3. **Publication type: Conference proceedings, abstracts, posters, correspondence**
   - The abstract does not mention that it's a conference proceeding or an abstract of an abstract. It seems to be part of a trial report.  
   - **Criterion Not Met**: No

4. **Study design: In-vitro studies only (no human or animal component)**
   - The study involves human participants and thus does not fall under this exclusion criterion.  
   - **Criterion Not Met**: No

5. **Study design: Solely animal studies AND studies that do not report transmission parameters**
   - The study involves human subjects, so this does not apply.  
   - **Criterion Not Met**: No

6. **Outbreak type: Accidental laboratory outbreaks (not natural disease transmission)**
   - This study does not deal with outbreaks at all, so this exclusion criterion is not applicable.  
   - **Criterion Not Met**: No

### Conclusion:
While the study does have relevance to epilepsy and includes human subjects, the critical criterion regarding the reporting of seizure frequency or seizure-free rates is not satisfied. Therefore, based on the rigorous inclusion and exclusion criteria, the study cannot be included in the systematic review.

<decision>EXCLUDE</decision>",EXCLUDE,False,2026-08-06T00:45:56.263613
PMID_42541586,PubMed,42541586,PMC10326294,10.1016/j.apsb.2023.03.011,Research progress of traditional Chinese medicine interventions for aging-related nervous system diseases.,"Du, Xingyuan; Shen, Ziheng; Xu, Yuanhao; Song, Weichu; Guo, Yanan; Kou, Junping; Gong, Shuaishuai; Ren, Qianqian",Biogerontology,2026,"Aging-related neurological disorders, including stroke, Alzheimer's disease (AD), Parkinson's disease (PD), epilepsy, and various neuroinflammatory conditions, affect over three billion individuals worldwide and constitute leading causes of morbidity, disability, and socioeconomic burdens. Aging contributes not only to the increased incidence of these disorders but also to their progression through interconnected mechanisms, including endothelial dysfunction, oxidative stress, chronic inflammation, mitochondrial dysfunction, cellular senescence, metabolic imbalance, and gut microbiota dysbiosis. These processes collectively impair neuronal survival, synaptic plasticity, and cognitive and motor functions. Traditional Chinese medicine (TCM), with its characteristic multi-component and multi-target therapeutic strategies, has emerged as a promising approach to counteract age-associated neurological decline. Accumulating preclinical studies suggest that TCM interventions may exert neuroprotective, anti-inflammatory, and antioxidant effects, modulate autophagy, restore metabolic homeostasis, and potentially delay cellular senescence. However, high-quality clinical evidence on safety and efficacy remains limited. This review summarizes current insights into the molecular interplay between aging and neurological disorders and highlights the therapeutic potential of TCM in targeting hallmarks of aging, providing perspectives for integrative prevention and treatment strategies for neurodegenerative and neurovascular diseases.",https://pubmed.ncbi.nlm.nih.gov/42541586/,,,epilepsy,(Epilepsy[MeSH] OR epilepsy[tiab] OR seizure[tiab] OR anticonvulsant[tiab]) AND (treatment[tiab] OR intervention[tiab] OR therapy[tiab]),2026-08-05T17:46:50+00:00,,,,,,"Let's evaluate the abstract against the inclusion and exclusion criteria step by step.

### Inclusion Criteria
1. **Pathogen: Must be about Epilepsy**
   - The abstract mentions epilepsy as one of the aging-related neurological disorders, so this criterion is met.

2. **Language: English only**
   - The abstract is in English, so this criterion is met.

3. **Study type: Peer-reviewed, original research (note systematic reviews/meta-analyses for special consideration)**
   - The abstract discusses traditional Chinese medicine (TCM) interventions for neurological disorders and mentions clinical evidence but does not confirm it as original research. Therefore, it does not clearly meet this criterion.

4. **Population: Human subjects**
   - The abstract is focused on aging-related neurological disorders and their mechanisms, rather than on a specific population of human subjects with confirmed epilepsy. Therefore, it does not meet this criterion.

5. **Content: Must contain AT LEAST ONE of the specified content categories**
   - The abstract does summarize the therapeutic potential of TCM in targeting aging-related neurological disorders, but it does not provide quantitative details about epilepsy specifically or any specific clinical outcomes related to seizure frequency or seizure-free rates, which are required for this criterion. Thus, it does not meet this criterion.

### Exclusion Criteria
1. **Pathogen: Not about Epilepsy**
   - The abstract does mention epilepsy, so this criterion does not exclude it.

2. **Language: Non-English**
   - The abstract is in English, so this criterion does not exclude it.

3. **Publication type: Conference proceedings, abstracts, posters, correspondence**
   - The abstract presented appears to be a summary of research and may be considered as part of a larger work or review, which often warrants exclusion.

4. **Study design: In-vitro studies only (no human or animal component)**
   - The abstract does not indicate the study design, but it does not specifically mention that it is an in-vitro study. This criterion cannot be specifically applied but remains unclear.

5. **Study design: Solely animal studies AND animal studies that do not report transmission parameters**
   - There are no animal studies stated in the abstract. Therefore, this criterion does not apply.

6. **Outbreak type: Accidental laboratory outbreaks (not natural disease transmission)**
   - This criterion does not apply as the abstract does not mention outbreaks.

Given that the abstract fails to meet key inclusion criteria related to original research, clear focus on a human population, and specific outcome measures, while also possibly fitting under the exclusion criteria due to vagueness surrounding publication type, the most prudent course of action is to exclude this study from consideration.

**Final Decision:**
<decision>EXCLUDE</decision>",EXCLUDE,False,2026-08-06T00:45:56.263660
PMID_42541350,PubMed,42541350,,10.1002/epi.70416,Pulvinar and anterior nucleus of the thalamus dual-network neuromodulation for complex epilepsies.,"Ortiz-Guerrero, Gloria; Tanwir, Asra; Farooqi, Ashar; Park, Sihyeong; Osman, Gamaleldin; Starnes, Keith; Lundstrom, Brian N; Worrell, Gregory A; Miller, Kai J; Van Gompel, Jamie J; Gregg, Nicholas M",Epilepsia,2026,"OBJECTIVE: Anterior nucleus of the thalamus (ANT) deep brain stimulation (DBS) is an effective therapy for frontotemporal and limbic drug-resistant focal epilepsies. The pulvinar nucleus (PUL) is an emerging neuromodulation target for seizure networks involving the posterior quadrant and temporal lobe. This study evaluates the safety and effectiveness of combined bilateral ANT plus PUL DBS for posterior quadrant and temporal lobe epilepsies.
METHODS: We conducted a single-center retrospective cohort study of patients receiving combined ANT/PUL DBS between 2021 and 2025. Outcomes included median seizure rate reduction (MSR), responder rate (RR; >50% seizure frequency reduction), and stimulation-related side effects, assessed across ANT, PUL, and concurrent ANT/PUL stimulation settings. Acute surgical complications were evaluated. Statistical significance was assessed using two-sided Wilcoxon signed-rank tests with Holm-Bonferroni correction.
RESULTS: Nine patients with combined ANT/PUL DBS were identified, and eight patients had sufficient follow-up for inclusion (median follow-up = 20 months). Posterior predominant structural abnormalities were present in eight of nine patients. There were no acute surgical complications. Three instances of transient stimulation-related side effects resolved with parameter adjustments, whereas one patient required rescue antiseizure medication in addition to programming changes. Eight patients received periods of ANT stimulation, six PUL stimulation, and seven combined ANT/PUL stimulation. Regarding overall outcome, at last follow-up, there was a significant 80.8% MSR (p = .0078) and 87.5% RR, with two patients receiving ANT and six ANT/PUL stimulation. Regarding target-specific MSR, concurrent ANT/PUL DBS (68.8% MSR) showed a trend toward superior performance relative to ANT (43.3%) and PUL DBS (17.5%) alone, although subgroup analysis of target-specific performance did not reach statistical significance.
SIGNIFICANCE: Combined four-lead ANT/PUL DBS appears safe and effective for patients with drug-resistant posterior quadrant and temporal lobe epilepsies. Dual-network neuromodulation may provide greater flexibility to individually optimize neuromodulation for complex seizure networks.",https://pubmed.ncbi.nlm.nih.gov/42541350/,,,epilepsy,(Epilepsy[MeSH] OR epilepsy[tiab] OR seizure[tiab] OR anticonvulsant[tiab]) AND (treatment[tiab] OR intervention[tiab] OR therapy[tiab]),2026-08-05T17:46:50+00:00,,,,,,"To evaluate whether the abstract qualifies for inclusion in the systematic review on *Epilepsy*, I will apply the predefined inclusion and exclusion criteria step by step.

### Inclusion Criteria:
1. **Pathogen: Must be about Epilepsy**  
   The abstract clearly pertains to epilepsy by discussing deep brain stimulation (DBS) therapy specifically for drug-resistant focal epilepsies, including posterior quadrant and temporal lobe epilepsies.  
   **Criterion met**.

2. **Language: English only**  
   The abstract is written in English.  
   **Criterion met**.

3. **Study type: Peer-reviewed, original research (note systematic reviews/meta-analyses for special consideration)**  
   The study is described as a retrospective cohort study, which is original research. However, there is no indication that it is peer-reviewed in this excerpt. We typically assume relevant studies are peer-reviewed unless explicitly stated otherwise, but I will remain cautious here.  
   **Assuming this is met, but leaning towards noting uncertainty**.

4. **Population: Human subjects**  
   The study involves patients, specifically those receiving combined ANT/PUL DBS, which confirms human subjects.  
   **Criterion met**.

5. **Content: Must contain AT LEAST ONE of:**  
   - **Quantitative details of concluded/ongoing human outbreak (size, year, location, duration, spatial scale)**: Not applicable; this is clinical data, not about an outbreak.
   - **Mathematical or statistical model of disease transmission**: Not relevant; this is not about disease transmission.
   - **Measures/estimates of transmission parameters**: Not relevant.
   - **Measures/estimates of severity**: Includes seizure rates, specifically median seizure rate reduction (MSR) and responder rate (RR), which provide metrics of therapeutic effectiveness.  
   **Criterion met**.

### Exclusion Criteria:
1. **Pathogen: Not about Epilepsy**  
   The study is about epilepsy.  
   **Criterion not met**.

2. **Language: Non-English**  
   Language is English.  
   **Criterion not met**.

3. **Publication type: Conference proceedings, abstracts, posters, correspondence**  
   There is no indication that this abstract is derived from a conference or similar source; hence it is assumed to be part of a full paper.  
   **Criterion not met**.

4. **Study design: In-vitro studies only (no human or animal component)**  
   The study involves human subjects and looks at clinical outcomes.  
   **Criterion not met**.

5. **Study design: Solely animal studies AND animal studies that do not report transmission parameters**  
   The study clearly involves human participants.  
   **Criterion not met**.

6. **Outbreak type: Accidental laboratory outbreaks (not natural disease transmission)**  
   Not applicable, as this study is not about outbreaks.

### Conclusion:
Upon reviewing the criteria, the abstract meets the inclusion criteria and does not violate exclusion criteria based on the information provided. Thus, it warrants inclusion in the systematic review.

<decision>INCLUDE</decision>",INCLUDE,True,2026-08-06T00:45:56.263706
PMID_42539742,PubMed,42539742,PMC8142435,10.1136/jnnp-2020-325275,Effective Treatment of Anti-GAD65 Limbic Encephalitis-Associated Epilepsy Despite Delayed Immunotherapy: A Brief Report.,"Bughaith, Ghadah; Mahdi, Ghadeer; Ashkanani, Mohammad",Case reports in neurological medicine,2026,"A 44-year-old woman was referred to our epilepsy center for evaluation of refractory seizures persisting for 36 years. Diagnostic workup revealed anti-glutamic acid decarboxylase 65 limbic encephalitis (anti-GAD65 LE), supported by markedly elevated serum anti-GAD65 antibody titers and a compatible clinical presentation. Following initiation of a 6-month course of intravenous immunoglobulin (IVIG), seizure frequency decreased substantially, from 12 to 16 focal seizures per day to approximately one brief focal seizure per month. This was accompanied by improvements in cognition, psychiatric symptoms, and overall clinical function. This case highlights the potential for meaningful therapeutic response to immunotherapy despite prolonged diagnostic delay.",https://pubmed.ncbi.nlm.nih.gov/42539742/,,,epilepsy,(Epilepsy[MeSH] OR epilepsy[tiab] OR seizure[tiab] OR anticonvulsant[tiab]) AND (treatment[tiab] OR intervention[tiab] OR therapy[tiab]),2026-08-05T17:46:50+00:00,,,,,,"### Screening Criteria Evaluation

1. **Pathogen: Must be about Epilepsy**
   - The study discusses anti-GAD65 limbic encephalitis-associated epilepsy, which is a form of epilepsy. **Criteria met.**

2. **Language: English only**
   - The abstract is in English. **Criteria met.**

3. **Study type: Peer-reviewed, original research**
   - The document appears to present original research, though it is a brief report, it is not specified as peer-reviewed in the provided abstract. However, it is labeled as a ""brief report,"" which suggests it is original research. We will consider this as likely meeting the criteria pending explicit information on peer-review status. **Criteria met (weakly).**

4. **Population: Human subjects**
   - The study involves a 44-year-old woman, indicating human subjects. **Criteria met.**

5. **Content: Must contain AT LEAST ONE of:**
   - Seizure frequency decreased from 12 to 16 focal seizures per day to approximately one brief focal seizure per month is reported. This provides a quantitative detail regarding seizure frequency. **Criteria met.**

### Exclusion Criteria Evaluation

1. **Pathogen: Not about Epilepsy**
   - The study is specifically about epilepsy, hence does not meet exclusion. **Criteria not applicable.**

2. **Language: Non-English**
   - The abstract is in English. **Criteria not applicable.**

3. **Publication type: Conference proceedings, abstracts, posters, correspondence**
   - The paper is described as a ""brief report,"" which typically indicates a type of publication that would generally be considered peer-reviewed and not excluded based on publication type (abiding by standard practice). **Criteria not applicable.**

4. **Study design: In-vitro studies only**
   - This study involves human subjects rather than in-vitro studies. **Criteria not applicable.**

5. **Study design: Solely animal studies AND animal studies that do not report transmission parameters**
   - The study involves human patients, so this is not applicable. **Criteria not applicable.**

6. **Outbreak type: Accidental laboratory outbreaks**
   - There is no indication that the study involves any accidental laboratory outbreaks; it focuses on a clinical case of epilepsy. **Criteria not applicable.**

### Conclusion

After thoroughly evaluating the paper against the predefined criteria, it appears to meet the inclusion criteria and not any exclusion criteria. The study discusses epilepsy with relevant clinical outcomes (seizure frequency) and indicates positive treatment effects. Therefore, it should be included in the systematic review.

<decision>INCLUDE</decision>",INCLUDE,True,2026-08-06T00:45:56.263751
PMID_42539589,PubMed,42539589,PMC7532773,10.1016/j.yebeh.2020.107493,Effects of ketogenic diet therapy in outpatient anti epileptic drug cost reduction and parental satisfaction among children with intractable epilepsy.,"Rafli, Achmad; Handryastuti, Setyo; Soebadi, Amanda; Santoso, Dara Ninggar; Rahmawati, Indira; Pramana, Ryan; Ramadhan, Rahadian; Anthony, Clifford Peter; Mangunatmadja, Irawan",Frontiers in neurology,2026,"INTRODUCTION: Epilepsy is a global neurological disorder that contributes to a significant disease burden in children and adolescents. About 11 million children worldwide suffer from epilepsy. Most children with epilepsy respond to anti-epileptic drugs and have controlled symptoms. However, drug-resistant epilepsy (DRE) happens in some children which presents a lot of challenges to their quality of life and development. Alternative treatment for DRE is ketogenic diet therapy (KDT) which is also given alongside the regiment.
METHODS: This study aims to compare the prescribed anti-epileptic drug cost of patients receiving KDT compared to the initial pre-diet cost. This study was a descriptive analytical retrospective using outpatient medical records in Dr.Cipto Mangunkusumo General Hospital (RSCM Kiara) from 2021 to 2022. Subjects were patients with drug-resistant epilepsy and underwent a ketogenic diet up to 6 months and aged between 5-18 years old. These patients were then evaluated for their anti epileptic drug costs before starting and after they did a ketogenic diet for up to 6 months with cost evaluation at 3 months interval. The cost of prescribed outpatient antiepileptic drugs were adjusted according to prices set by the Indonesian Ministry of Health. Parents of participants were also surveyed about their satisfaction with KDT using Google Form questionnaire with consent prior to survey.
RESULTS: In this study, a comparison between the overall cost of incorporating KDT for 6 months and pre-diet treatment plan was found to have a statistically significant cost reduction for the incorporation of KDT which demonstrated 21.8% overall reduction in outpatient anti epileptic drug costs among 16 patients which was found to be Rp 3,757,812 or 235 US$ (p = < 0.001).
DISCUSSION: This study demonstrated that incorporating KDT for 6 months provides significant financial savings in treatment cost for children with drug-resistant epilepsy.",https://pubmed.ncbi.nlm.nih.gov/42539589/,,,epilepsy,(Epilepsy[MeSH] OR epilepsy[tiab] OR seizure[tiab] OR anticonvulsant[tiab]) AND (treatment[tiab] OR intervention[tiab] OR therapy[tiab]),2026-08-05T17:46:50+00:00,,,,,,"Let's evaluate the abstract against the inclusion and exclusion criteria step by step.

## Inclusion Criteria
1. **Pathogen: Must be about Epilepsy**
   - The abstract is about epilepsy, so this criterion is met.

2. **Language: English only**
   - The abstract is in English, so this criterion is met.

3. **Study type: Peer-reviewed, original research (note systematic reviews/meta-analyses for special consideration)**
   - The abstract does not explicitly state that it has been peer-reviewed, although it is presented as original research focusing on a specific population of children. We will tentatively consider it meets this criterion given the context implies it is a report on an original research study.

4. **Population: Human subjects (animal studies acceptable if reporting EITHER...)**
   - The study involves human subjects (children with intractable epilepsy), so this criterion is met.

5. **Content: Must contain AT LEAST ONE of:**
   - (a) It reports on an intervention study (ketogenic diet therapy) and its effect on costs and parental satisfaction, which reflects an assessment of treatment outcome but it does not focus on seizure frequency directly.
   - However, it does implicitly contribute to understanding treatment for epilepsy, which can include measures of effectiveness indirectly through cost savings. It doesn’t fit perfectly into any of the specific subcategories as outlined, which include specific measures of seizure outcomes.

## Exclusion Criteria
1. **Pathogen: Not about Epilepsy (exclude studies on other pathogens)**
   - It is about epilepsy, so this criterion does not apply.

2. **Language: Non-English**
   - The abstract is in English, so this criterion does not apply.

3. **Publication type: Conference proceedings, abstracts, posters, correspondence**
   - This appears to be an abstract, which typically falls under the exclusion criteria if it is not a complete study. However, if it is a representative of research that was presented and published afterward as a full paper, this could be uncertain.

4. **Study design: In-vitro studies only (no human or animal component)**
   - This study involves human subjects, so this criterion does not apply.

5. **Study design: Solely animal studies AND animal studies that do not report transmission parameters (R0, Rt, Re, r, growth rate, mutation rate)**
   - This study does not involve animal studies, so this criterion does not apply.

6. **Outbreak type: Accidental laboratory outbreaks (not natural disease transmission)**
   - This criterion does not apply as the study is related to a treatment intervention rather than outbreaks.

### Conclusion
The absence of clear measures of seizure frequency or seizure-free outcomes is significant, as it's a key requirement for inclusion. While the study provides valuable insights regarding cost effectiveness associated with a treatment for drug-resistant epilepsy, it does not meet the specified inclusion criteria of reporting on seizure frequency or seizure-free rates directly.

Given the assessment above, it is reasonable to conclude that while the study may provide relevant information pertaining to a treatment in epilepsy, it lacks the requisite focus on seizure outcomes that justify inclusion.

Therefore, the decision is:

<decision>EXCLUDE</decision>",EXCLUDE,False,2026-08-06T00:45:56.263814
PMID_42537854,PubMed,42537854,,10.1016/j.nbd.2026.107552,Distinct Theta-gamma network reorganization differentiates hippocampal sclerosis and MRI-negative mesial temporal lobe epilepsy.,"Huang, Sha; Tian, Ziwei; Wang, Quan; Chen, Chen; Feng, Li; Tang, Weiting; Xiao, Bo",Neurobiology of disease,2026,"INTRODUCTION: Temporal lobe epilepsy (TLE), particularly mesial temporal lobe epilepsy (MTLE), often presents with visual working memory (VWM) impairments, with potential heterogeneity between hippocampal sclerosis (HS) and MRI-negative subtypes. However, task-related electrophysiological (EEG) evidence regarding brain network alterations during VWM processing in MTLE remains limited. This study aims to identify shared brain network alterations and their behavioral correlates in patients with MTLE and to further characterize subtype-specific differences between HS-MTLE and MRI negative-MTLE.
METHODS: We recruited 60 right-handed participants, including 30 patients with MTLE (12 HS-MTLE, 18 MRI negative-MTLE) and 30 healthy controls (HCs). All participants completed the Chinese version of the Wechsler Memory Scale-Revised (WMS-RC) and performed a VWM task during simultaneous EEG recording. Graph theory analysis was used to assess the in-degree and out-degree of directed functional networks in the theta and gamma frequency bands; the results were correlated with clinical and cognitive behavioral indicators.
RESULTS: Behaviorally, patients with MTLE showed significant VWM impairments compared with HCs, with no significant difference between HS and MRI-negative subtypes. Common network alterations in patients with MTLE included decreased theta-band connectivity from occipital to temporal regions, with this theta-band connectivity significantly associated with slower task responses and reduced accuracy. In subgroup analysis, the HS-MTLE group showed reduced theta outflow and abnormally enhanced gamma activity in posterior occipital regions. Conversely, the MRI negative-MTLE group showed more widespread increases in gamma-band in-degree and out-degree across anterior regions, including prefrontal, frontocentral, and temporal areas.
CONCLUSION: Patients with MTLE share a common alteration in occipital-to-temporal information transfer during VWM. Exploratory analyses suggest distinct network alterations between HS-MTLE and MRI negative-MTLE, presenting with abnormalities in posterior and anterior networks, respectively. These hypothesis-generating findings provide electrophysiological evidence to support precise subtyping of MTLE and targeted cognitive intervention development.",https://pubmed.ncbi.nlm.nih.gov/42537854/,,,epilepsy,(Epilepsy[MeSH] OR epilepsy[tiab] OR seizure[tiab] OR anticonvulsant[tiab]) AND (treatment[tiab] OR intervention[tiab] OR therapy[tiab]),2026-08-05T17:46:50+00:00,,,,,,"To evaluate the abstract against the inclusion and exclusion criteria, we can follow a step-by-step breakdown. 

### Inclusion Criteria
1. **Pathogen: Must be about Epilepsy**  
   - The study discusses mesial temporal lobe epilepsy (MTLE) and hippocampal sclerosis, which are directly related to epilepsy.
   - **Met: Yes**

2. **Language: English only**  
   - The abstract is in English. 
   - **Met: Yes**

3. **Study type: Peer-reviewed, original research (note systematic reviews/meta-analyses for special consideration)**  
   - The abstract presents original research results involving patient data.
   - **Met: Yes**

4. **Population: Human subjects**  
   - The study involves human participants (30 patients with MTLE and 30 healthy controls).
   - **Met: Yes**

5. **Content: Must contain AT LEAST ONE of the specified measures, estimates, or data points related to epilepsy**  
   - The study investigates EEG activity and network alterations in patients with MTLE, which relates to epilepsy. Specifically, it mentions results correlated with cognitive behavioral indicators and alterations in theta and gamma bands, relevant to seizure and cognitive outcomes.
   - **Met: Yes**

### Exclusion Criteria
1. **Pathogen: Not about Epilepsy (exclude studies on other pathogens)**  
   - The study is about epilepsy. 
   - **Not Applicable: No exclusion here**

2. **Language: Non-English**  
   - The abstract is in English. 
   - **Not Applicable: No exclusion here**

3. **Publication type: Conference proceedings, abstracts, posters, correspondence**  
   - The abstract appears to be from an original research study, not a transient format. However, the clarity on this is important, since if it is a standalone abstract, it could fall into the excluded category.  
   - **Not Applicable: Assumed to be original research for now**

4. **Study design: In-vitro studies only (no human or animal component)**  
   - The study is on human subjects with electrophysiological measures.
   - **Not Applicable: No exclusion here**

5. **Study design: Solely animal studies AND animal studies that do not report transmission parameters**  
   - The study involves human participants only.
   - **Not Applicable: No exclusion here**

6. **Outbreak type: Accidental laboratory outbreaks (not natural disease transmission)**  
   - The study does not involve outbreak-related data; instead, it investigates cognitive functions and EEG alterations in a clinical context.
   - **Not Applicable: No exclusion here**

### Conclusion
The abstract meets all the inclusion criteria, and there are no applicable exclusion criteria that would warrant its rejection from the systematic review. While there is some ambiguity regarding the publication type, this does not contraindicate inclusion based on the available information.

<decision>INCLUDE</decision>",INCLUDE,True,2026-08-06T00:45:56.263878
PMID_42535128,PubMed,42535128,PMC9688233,10.1055/s-0046-1819644,Flow Diverter Treatment for Ruptured Dissecting Aneurysm at A1-A2 Junction of the Anterior Cerebral Artery in a Young Adult: A Case Report.,"Dinh, Hoai T P; Nakahara, Ichiro; Hasebe, Akiko; Haraguchi, Kenichi; Tanabe, Jun; Komatsu, Fuminari; Yamada, Hiroyasu; Tanaka, Riki; Sasaki, Kento; Kihara, Kotarou; Katayama, Tomoka; Okubo, Mai; Fuseya, Chisato; Kato, Yoko",Asian journal of neurosurgery,2026,"Ruptured dissecting aneurysms (DAs) of the anterior cerebral artery (ACA), particularly at the A1-A2 junction, are rare and diagnostically challenging, especially in young patients. Conventional treatment options may be limited due to anatomical constraints and the lesion's fragility. We report the case of a 23-year-old male who presented with diffuse subarachnoid hemorrhage and seizure. Initial imaging failed to identify the bleeding source. On follow-up, computed tomography angiography revealed subtle findings suggestive of a dissection at the right A1-A2 junction, which was subsequently confirmed by digital subtraction angiography. Considering the lesion's morphology and location, the aneurysm was treated with a flow diverter (Pipeline Flex with Shield Technology) following clinical stabilization. The patient recovered without neurological deficits and was discharged in good functional condition. This case highlights the potential of flow diversion as an effective treatment strategy for ruptured DAs in the distal ACA. Early recognition through repeat imaging and individualized multidisciplinary planning may contribute to favorable outcomes in anatomically complex lesions.",https://pubmed.ncbi.nlm.nih.gov/42535128/,,,epilepsy,(Epilepsy[MeSH] OR epilepsy[tiab] OR seizure[tiab] OR anticonvulsant[tiab]) AND (treatment[tiab] OR intervention[tiab] OR therapy[tiab]),2026-08-05T17:46:50+00:00,,,,,,"To determine whether the study should be included in the systematic review on epilepsy, I will assess the abstract against both the inclusion and exclusion criteria step by step.

## Inclusion Criteria
1. **Pathogen**: Must be about Epilepsy.
   - The title and content of the abstract focus on a ruptured dissecting aneurysm and its treatment, with no mention of epilepsy. **(Not Met)**
   
2. **Language**: English only.
   - The abstract is in English. **(Met)**
   
3. **Study type**: Peer-reviewed, original research (note systematic reviews/meta-analyses for special consideration).
   - The abstract seems to describe a case report, which may not qualify as peer-reviewed original research given the context of this systematic review. However, it is titled as a case report. **(Not Met)**
   
4. **Population**: Human subjects.
   - The study reports on a young adult male with a ruptured aneurysm, which involves human subjects. **(Met)**
   
5. **Content**: Must contain at least one of several described metrics related to epilepsy or seizure outcomes.
   - The abstract discusses a case of a ruptured aneurysm and the patient's recovery but mentions seizure only in passing without any quantitative outcomes related to seizure frequency or seizure-free rates, nor does it discuss any antiepileptic drug interventions or outcome measures pertinent to epilepsy. **(Not Met)**

## Exclusion Criteria
1. **Pathogen**: Not about Epilepsy (exclude studies on other pathogens).
   - The study does not discuss epilepsy at all. **(Applies)**
   
2. **Language**: Non-English.
   - The abstract is in English. **(Does not Apply)**
   
3. **Publication type**: Conference proceedings, abstracts, posters, correspondence.
   - The abstract is from a case report. **(Does not Apply)**
   
4. **Study design**: In-vitro studies only (no human or animal component).
   - This study involves human subjects. **(Does not Apply)**
   
5. **Study design**: Solely animal studies AND animal studies that do not report transmission parameters.
   - The study involves a human case. **(Does not Apply)**
   
6. **Outbreak type**: Accidental laboratory outbreaks (not natural disease transmission).
   - This criterion is not applicable since the study does not relate to outbreaks at all. **(Does not Apply)**

## Conclusion
Given that the study abstracts content does not focus on epilepsy, nor does it report any relevant seizure outcomes or interventions applicable to the systematic review objectives, this paper clearly does not meet the essential criteria. 

### Final Decision
<decision>EXCLUDE</decision>",EXCLUDE,False,2026-08-06T00:45:56.263924
PMID_42534655,PubMed,42534655,PMC5346942,10.1016/j.jclinane.2016.08.023,Follow-up and outcome of patients with primary BH4 deficiencies.,"Nardecchia, Francesca; Manti, Filippo; De Giorgi, Agnese; Galosi, Serena; Friedman, Jennifer; Leuzzi, Vincenzo",Frontiers in neurology,2026,"UNLABELLED: BH4 deficiencies may occur with or without hyperphenylalaninemia (HPA). If identified early through neonatal screening for PKU, the clinical follow-up aims to prevent the onset of typical disease symptoms. In contrast, for the conditions not associated with HPA, diagnosis usually occurs once symptoms manifest, and follow-up focuses on monitoring the treatment's effectiveness in restoring normal neurological function. Except for pterin-4-alpha-carbinolamine dehydratase defect (PCCDd), the core symptoms and natural course of these diseases involve neurodevelopmental impairment and movement disorders. Current information on clinical follow-up and outcome comes from retrospective observational studies, with standardized measures used in only a few of them. Serial clinical observations focusing on the two most consistent areas of neurological impairment are the best predictors of outcome and the main follow-up targets. Available clinical data, often aggregating early- and late-treated patients, show that the best clinical outcome occurs in autosomal dominant guanosine triphosphate cyclohydrolase I deficiency (AD-GTPCHd). In contrast, for recessive conditions, prognosis is variably associated with both the timing of treatment (autosomal recessive [AR]-GTPCHd, 6-pyruvoyltetrahydropterin synthase [PTPS]d, sepiapterin [SR]d, q-dihydropyridine reductase [DHPR]d) and the severity of metabolic derangement (AR-GTPCHd, PTPSd). Neurocognitive, psychiatric, and sleep disorders are currently underestimated and can occur in children and adults, affecting social adaptation and quality of life. Among metabolic alterations, blood Phe levels, when altered, warrant regular monitoring. CSF evaluation can be considered in subjects unresponsive to treatment or with an unexpected clinical course. CSF 5-MTHF monitoring should be reserved for patients with DHPRd experiencing neurological deterioration and seizures. Monitoring prolactin levels, when altered, may assist in personalizing pharmacological treatment. Serum magnesium and glucose are metabolic markers that should be assessed in PDCCd. Brain MRI monitoring is recommended for patients experiencing unusual courses, epilepsy, and neurological deterioration (particularly in PTPSd and DHPRd). A DAT scan is advised for those with AD-GTPCH who present or develop Parkinsonism, and EEG monitoring should be conducted for every patient with epilepsy or suspected seizures. For future clinical studies, it is mandatory that the clinical assessment adopt standardized tools that score impairment across neurological and behavioral domains, taking the patient's age into account.
SYSTEMATIC REVIEW REGISTRATION: https://www.crd.york.ac.uk/PROSPERO/display_record.php?RecordID=1144143, identifier (CRD420251144143).",https://pubmed.ncbi.nlm.nih.gov/42534655/,,,epilepsy,(Epilepsy[MeSH] OR epilepsy[tiab] OR seizure[tiab] OR anticonvulsant[tiab]) AND (treatment[tiab] OR intervention[tiab] OR therapy[tiab]),2026-08-05T17:46:50+00:00,,,,,,"To evaluate the abstract against the inclusion and exclusion criteria provided, we will analyze each criterion step by step.

## Inclusion Criteria
- **Pathogen: Must be about Epilepsy**: The abstract references epilepsy in the context of monitoring and treatment of patients with primary BH4 deficiencies. However, it does not primarily focus on epilepsy as the main condition being studied. Therefore, this criterion is **not met**.
  
- **Language: English only**: The abstract is in English. This criterion is **met**.

- **Study type: Peer-reviewed, original research (note systematic reviews/meta-analyses for special consideration)**: The abstract appears to refer to retrospective observational studies rather than original research. Thus, this criterion is **not met**.

- **Population: Human subjects**: The study involves human subjects since it discusses treatment outcomes and neurological assessments. This criterion is **met**.

- **Content: Must contain at least ONE of**: The abstract discusses clinical outcomes, neurological assessments, and monitoring practices relevant to metabolic disorders, including epilepsy as a symptom. While it does mention monitoring for epilepsy specifically (e.g., EEG monitoring), it appears secondary to the primary focus on BH4 deficiencies. This criterion may be **arguably met**, albeit weakly.

## Exclusion Criteria
- **Pathogen: Not about Epilepsy**: The primary focus of the study does not concern epilepsy as the main diagnosis but rather as a part of BH4 deficiencies' clinical manifestations. This criterion is **met**, leading to exclusion.

- **Language: Non-English**: Not applicable since the abstract is in English.

- **Publication type: Conference proceedings, abstracts, posters, correspondence**: The abstract seems to reflect a standalone research study rather than being categorized as an abstract or poster presentation for a conference. This criterion is **not applicable**.

- **Study design: In-vitro studies only (no human or animal component)**: The study mentions human subjects, so this criterion does not apply.

- **Study design: Solely animal studies AND animal studies that do not report transmission parameters**: Not applicable; the study involves human subjects.

- **Outbreak type: Accidental laboratory outbreaks (not natural disease transmission)**: Not applicable to this context.

Given this analysis, the abstract does not focus primarily on epilepsy and also fails to meet some important inclusion criteria. Therefore, based on the provided criteria, the conclusion is to exclude the study.

<decision>EXCLUDE</decision>",EXCLUDE,False,2026-08-06T00:45:56.263971
PMID_42534493,PubMed,42534493,PMC9970972,10.48550/arxiv.2506.22405,Disease detection and classification in temporal lobe epilepsy: step-wise versus simultaneous AI decision models in a multisite neuroimaging study.,"Kaestner, Erik; Sawant, Jay; Arienzo, Donatello; Hasenstab, Kyle A; Gleichgerrcht, Ezequiel; Gholipour, Taha; Abrol, Anees; Hassanzadeh, Reihaneh; Thomopoulos, Sophia I; Yasuda, Clarissa L; Silva, Lucas Scárdua; Alvim, Marina K M; Moloney, Patrick; Altmann, Andre; Martins Custodio, Helena; Heide, Ev-Christin; Sinha, Nishant; Ballerini, Alice; Absil, Julie; Larivière, Sara; Schubert, Kai M; Ferreira-Atuesta, Carolina; Duma, Gian Marco; Christin, Raphaël; Barbi, Elisa; Guerrini, Renzo; Rüber, Theodor; Bauer, Tobias; Sinclair, Benjamin; Bunyamin, Jacob; Courtney, Merran R; Law, Meng; Labate, Angelo; Striano, Pasquale; Vivash, Lucy; O'Brien, Terence J; Lenge, Matteo; Saba, Luca; Kleen, Jonathan K; Bonanni, Paolo; Sepeta, Leigh N; Galovic, Marian; Bartolini, Emanuele; Ives-Deliperi, Victoria; Bernhardt, Boris C; Martin, Pascal; Depondt, Chantal; Stoub, Travis; Vaudano, Anna Elisabetta; Meletti, Stefano; Kuzniecky, Ruben; Concha, Luis; Bagić, Anto I; Davis, Kathryn A; Staba, Richard J; Focke, Niels K N; Pardoe, Heath; Dugan, Patricia C; Devinsky, Orrin; Drane, Daniel L; Zhang, Zhiqiang; Gambardella, Antonio; Parashos, Alexandra; Cendes, Fernando; Thompson, Paul M; Sisodiya, Sanjay M; Calhoun, Vince D; Bonilha, Leonardo; McDonald, Carrie R",Brain communications,2026,"Diagnostic MRI evaluation of temporal lobe epilepsy (TLE) depends on the subjective visual interpretation of MRI images. These interpretations could be enhanced by quantitative artificial intelligence (AI) support tools. Humans often make sequential and conditional decisions during their radiological interpretations, such as whether an abnormality is present and, if present, characterizing the abnormality. It is not known whether it is superior to train AI to treat every decision separately in a similar step-wise manner or to train a model holistically on all decisions simultaneously. Here, we analysed three large epilepsy MRI datasets [n = 3676, 2320 people with epilepsy and 1356 healthy controls (HC)] to perform two tasks: (i) establish the presence of a TLE pattern on MRI and (ii) determine TLE pattern lateralization. We compared Step-wise models that independently classify TLE versus HC and lateralize patients as left TLE (L-TLE) or right TLE (R-TLE), against a simultaneous model trained to distinguish all three classes in a single step. To do this, 3D volumetric T1-weighted images were input into an EfficientNetV2 model multiple times to ensure reproducibility of results. Class prediction, model classification confidence and saliency maps were output for interpretability. Step-wise models outperformed the Simultaneous model on both tasks (both Ps < 0.001), with an average ∼2.8% accuracy increase for discriminating HC from TLE and an average 12.7% accuracy increase for distinguishing L-TLE from R-TLE. For both the Step-wise and Simultaneous models, important features discriminating TLE from HC included the known TLE limbic pattern involving the hippocampus, parahippocampal cortical regions, cingulate cortex and lateral temporal regions. However, there was less concordance between the Step-wise and Simultaneous models for the L-TLE versus R-TLE task (all Fisher's Zs > 10.5, Ps < 0.001); the Step-wise model focused less on subcortical regions such as the thalamus and hippocampus and focused more on distributed cortical pathology. Across the two Step-wise models, 95.1% of TLE patients had accurate classifications in either HC versus TLE and/or L-TLE versus R-TLE tasks. These results included 69.6% of patients being both correctly labelled as TLE and lateralized, 13.9% being correctly labelled TLE but lateralized incorrectly and 11.6% being lateralized correctly but not detected as TLE. These findings provide evidence that diagnostic tasks with simpler, Step-wise AI models may enhance diagnostic performance and interpretability in clinical workflows. Future AI clinical support tools can leverage this step-wise approach in the early identification of TLE-related structural patterns, supporting timely diagnosis and treatment decisions.",https://pubmed.ncbi.nlm.nih.gov/42534493/,,,epilepsy,(Epilepsy[MeSH] OR epilepsy[tiab] OR seizure[tiab] OR anticonvulsant[tiab]) AND (treatment[tiab] OR intervention[tiab] OR therapy[tiab]),2026-08-05T17:46:50+00:00,,,,,,"To evaluate the provided abstract according to the inclusion and exclusion criteria, we'll assess each criterion step by step.

### Inclusion Criteria Evaluation
1. **Pathogen: Must be about Epilepsy**
   - The topic of the study is indeed about Epilepsy, specifically temporal lobe epilepsy. **(MET)**

2. **Language: English only**
   - The abstract is written in English. **(MET)**

3. **Study type: Peer-reviewed, original research (note systematic reviews/meta-analyses for special consideration)**
   - The abstract appears to be from a peer-reviewed journal and reports original research. **(MET)**

4. **Population: Human subjects**
   - The study includes human subjects, with a sample size of individuals diagnosed with temporal lobe epilepsy (TLE) and healthy controls. **(MET)**

5. **Content: Must contain AT LEAST ONE of the specified measures**
   - The abstract addresses the classification of TLE patterns on MRI and discusses model performance in diagnosing and lateralizing TLE, which relates to the outcome measures It discusses accuracy in classification, suggesting it contains relevant quantitative details about disease diagnosis. **(MET)**

### Exclusion Criteria Evaluation
1. **Pathogen: Not about Epilepsy**
   - The study is about Epilepsy. **(NOT APPLICABLE)**

2. **Language: Non-English**
   - The abstract is in English. **(NOT APPLICABLE)**

3. **Publication type: Conference proceedings, abstracts, posters, correspondence**
   - There is no indication that this is a conference proceeding, and it appears to be a peer-reviewed study rather than just an abstract. **(NOT APPLICABLE)**

4. **Study design: In-vitro studies only (no human or animal component)**
   - The study involves human subjects; therefore, this criterion does not apply. **(NOT APPLICABLE)**

5. **Study design: Solely animal studies AND animal studies that do not report transmission parameters**
   - This study does not involve animal studies. **(NOT APPLICABLE)**

6. **Outbreak type: Accidental laboratory outbreaks (not natural disease transmission)**
   - The study does not address outbreak types. This criterion does not apply. **(NOT APPLICABLE)**

### Conclusion
The study meets all the inclusion criteria and does not fall under any exclusion criteria. It provides relevant insights into the diagnostic performance and AI applications in epilepsy, which aligns with the goals of the systematic review.

Based on this evaluation:
<decision>INCLUDE</decision>",INCLUDE,True,2026-08-06T00:45:56.265155
PMID_42532559,PubMed,42532559,PMC11232909,10.7812/tpp/23.116,"Exploring how patients, caregivers and clinicians experience pain across therapeutic areas in Italy: a multi-centre narrative medicine project.","Cascio, Antonio; De Marini, Gianpaolo; La Neve, Angela; Mencacci, Claudio; Celentano, Loredana; Elia, Maurizio; Kapllani, Adelina; Maraolo, Alberto Enrico; Martiadis, Vassilis; Miceli, Luca; Michelucci, Roberto; Olivola, Miriam; Ricciardi, Barbara; Riolfi, Mirko; Rusconi, Stefano; Sagripanti, Ubaldo; Spinelli, Marco; Losacco, Antonio; Pantalone, Serena; Minetti, Francesco; Greco, Erika; Marini, Maria Giulia",BMJ open,2026,"INTRODUCTION: Despite increased awareness of its multi-dimensional nature, pain remains often underestimated, and its management across different therapeutic areas remains complex. A patient-centred approach is needed to bridge the gap between clinical assessment and individual experience. This project aimed to explore the pain experience across different therapeutic areas through narrative medicine (NM). DIAMOND, the project name, is not an acronym but a symbol meant to shed light on physical and mental pain.
METHODS: DIAMOND involved 19 Italian centres and collected narratives from patients experiencing chronic pain, epilepsy, Gram-positive infections or depression, as well as from their caregivers and treating clinicians. Narratives and socio-demographic data were collected anonymously via a dedicated platform. Narratives were analysed using MAXQDA (VERBI Software, Berlin, Germany), applying NM classifications and content analysis; metaphors used by participants to describe pain were also analysed.
RESULTS: Narratives were collected from 64 patients and 56 caregivers; 20 clinicians contributed 40 parallel charts, all of which were included in the analysis. Pain emerged as a deeply embodied and emotional experience, often described through metaphors of darkness, oppression and distortion. At diagnosis, fear, anxiety and disbelief predominated; however, over time, some participants reported acceptance and resilience. Caregivers described significant emotional, relational and economic burdens, often reporting feelings of helplessness and a sense of responsibility. Clinicians presented more progressive narratives, often focusing on technical aspects of care. The narratives revealed a perceptual gap between patients, caregivers and clinicians, especially regarding the emotional meaning of illness and treatment. The narrative process was seen as beneficial by most participants, supporting inner reflection.
CONCLUSION: This pioneering NM initiative mapped the lived experience of pain across multiple conditions, incorporating the perspectives of patients, caregivers and clinicians. NM proved essential in identifying unmet needs and emotional drivers of care, fostering more empathetic, patient-centred approaches in pain management.",https://pubmed.ncbi.nlm.nih.gov/42532559/,,,epilepsy,(Epilepsy[MeSH] OR epilepsy[tiab] OR seizure[tiab] OR anticonvulsant[tiab]) AND (treatment[tiab] OR intervention[tiab] OR therapy[tiab]),2026-08-05T17:46:50+00:00,,,,,,"To determine whether the abstract submitted should be included in the systematic review on epilepsy, we'll evaluate it against the predefined inclusion and exclusion criteria step by step.

### Inclusion Criteria
1. **Pathogen: Must be about Epilepsy**  
   - The abstract mentions epilepsy as one of the conditions being studied. This criterion is met.

2. **Language: English only**  
   - The abstract is written in English. This criterion is met.

3. **Study type: Peer-reviewed, original research (note systematic reviews/meta-analyses for special consideration)**  
   - The abstract describes a research project but does not indicate whether it is peer-reviewed or published in a journal. However, it does provide primary research data. This criterion is somewhat ambiguous but leans towards being met.

4. **Population: Human subjects (animal studies acceptable if reporting EITHER...)**  
   - The study involves human subjects, specifically patients with epilepsy. This criterion is met.

5. **Content: Must contain AT LEAST ONE of:**  
   - The results primarily focus on the qualitative experiences of pain and the interactions among patients, caregivers, and clinicians, but it does not provide quantitative data on seizure frequency or seizure-free rates. Thus, this criterion is not met, as it does not contain any of the listed measures or estimates relevant to seizures or treatment outcomes.

### Exclusion Criteria
1. **Pathogen: Not about Epilepsy (exclude studies on other pathogens)**  
   - This study does include epilepsy as a condition. This criterion is not applicable.

2. **Language: Non-English**  
   - The abstract is in English. This criterion does not apply.

3. **Publication type: Conference proceedings, abstracts, posters, correspondence**  
   - The nature of the document is an abstract; thus, it likely falls under this exclusion criterion. This criterion is met.

4. **Study design: In-vitro studies only (no human or animal component)**  
   - The study involves human participants. This criterion does not apply.

5. **Study design: Solely animal studies AND animal studies that do not report transmission parameters (R0, Rt, Re, r, growth rate, mutation rate)**  
   - This does not apply as the study does not involve animal studies.

6. **Outbreak type: Accidental laboratory outbreaks (not natural disease transmission)**  
   - This criterion does not apply, as the study is not about outbreaks.

### Conclusion
Since the study does not provide relevant quantitative outcome measures regarding epilepsy (such as seizure frequency or seizure-free rates) and it is classified as a conference abstract, it meets criteria for exclusion based on both the inclusion and exclusion criteria.

Thus, the decision is to exclude this study from the systematic review.

<decision>EXCLUDE</decision>",EXCLUDE,False,2026-08-06T00:45:56.265225
PMID_42531490,PubMed,42531490,,10.1097/mop.0000000000001606,A new era of integration of genetics and neurology.,"Sen, Kuntal; Gropman, Andrea; Ensert Cihan, Cansu; Rajan, Deepa; Dang, Louis T",Current opinion in pediatrics,2026,"PURPOSE OF REVIEW: Pediatric neurology has undergone a profound transformation over the past two decades. Alongside traditional diagnostic tools such as neuroimaging, electroencephalography, and cerebrospinal fluid analysis, next-generation sequencing has emerged as a central component of clinical evaluation. Simultaneously, the field has shifted from predominantly symptomatic management toward disease-specific and precision-based therapies. This review synthesizes recent advances in neurogenomics and discusses their implications for the future of pediatric neurology and pediatric medicine more broadly.
RECENT FINDINGS: Broad genetic testing, including exome and genome sequencing, is increasingly considered standard of care for many neurodevelopmental and neurological phenotypes, including developmental delay, autism, epilepsy, neuromuscular disorders, and stroke. For selected exome-negative cases, emerging approaches such as long-read sequencing, transcriptomics, metabolomics, and functional studies may further improve diagnostic yield. Therapeutic advances now include enzyme replacement therapies, antisense oligonucleotides, and gene therapies, with several interventions already FDA-approved and many others in clinical development. As these therapies expand, posttherapy surveillance and development of institutional expertise become increasingly important.
SUMMARY: Genomics is rapidly becoming an essential component of day-to-day pediatric neurology practice rather than a niche research discipline. Preparing the workforce through initiatives such as the Child Neurology Society Genetics Curriculum and partnering with patient advocacy organizations will be critical to ensuring equitable implementation of genomic medicine and precision therapeutics.",https://pubmed.ncbi.nlm.nih.gov/42531490/,,,epilepsy,(Epilepsy[MeSH] OR epilepsy[tiab] OR seizure[tiab] OR anticonvulsant[tiab]) AND (treatment[tiab] OR intervention[tiab] OR therapy[tiab]),2026-08-05T17:46:50+00:00,,,,,,"To assess the abstract for inclusion or exclusion from the systematic review based on the predefined criteria, we will go through each criterion step by step.

**Inclusion Criteria:**
1. **Pathogen:** The abstract discusses epilepsy specifically, which meets this criterion.
2. **Language:** The abstract is in English, which satisfies this criterion.
3. **Study type:** The abstract is a review article, which is not explicitly a peer-reviewed, original research article; however, systematic reviews and meta-analyses are given special consideration. Therefore, this criterion is potentially met, but with caution.
4. **Population:** The abstract refers to pediatric neurology and discusses various neurological conditions, including epilepsy, which pertains to human subjects. Thus, this criterion is met.
5. **Content:** The abstract mentions advancements in the genetic understanding of epilepsy and discusses genetic testing approaches but does not provide specific quantitative details about seizure frequency, seizure-free rates, or any other specific clinical outcome measures outlined in the systematic review objectives. Therefore, it does not fulfill this criterion.

**Exclusion Criteria:**
1. **Pathogen:** The study is related to epilepsy, thus does not warrant exclusion based on this criterion.
2. **Language:** The language is English, so this does not lead to exclusion.
3. **Publication type:** The abstract is part of a review, which does not fit the category of excluded publication types, but given the inclusion of systematic reviews for special consideration, it might be argued for inclusion.
4. **Study design:** The abstract does not report an in-vitro study nor solely animal studies, thus this criterion does not support exclusion.
5. **Study design:** It is not solely animal studies as it pertains to human subjects.
6. **Outbreak type:** There is no mention of an outbreak; thus this criterion is not applicable.

**Conclusion:**
The abstract offers relevant information about epilepsy but does not meet the inclusion criteria for clinical outcomes specifically regarding seizure frequency or seizure-free rates. Given that it does not provide concrete intervention data or clinical outcomes required for the systematic review's objectives, it seems more appropriate to exclude this study.

<decision>EXCLUDE</decision>",EXCLUDE,False,2026-08-06T00:45:56.265277
PMID_42531377,PubMed,42531377,,10.2106/jbjs.cc.26.00055,Systemic Lead Poisoning Secondary to Retained Intra-articular Bullet: A Case Report.,"Dunwody, Damon; Lambert, Jack; Register, Andrew; Martell, Matthew; Padget, William",JBJS case connector,2026,"CASE: A 49-year-old man presented with confusion, hallucinations, and seizure-like episodes. Evaluation revealed severe anemia and knee imaging showed lead synovitis from a gunshot wound received 27 years previously. Substance-related causes initially complicated the clinical picture, but further testing identified a critically elevated blood lead level. The patient was treated with chelation therapy and surgery to remove a retained bullet fragment and inflamed, metal-stained synovial tissue. After treatment, his mental status normalized and blood lead levels steadily declined.
CONCLUSION: This case highlights that retained intra-articular bullets can cause severe lead poisoning decades later, requiring early recognition and combined medical/surgical management.",https://pubmed.ncbi.nlm.nih.gov/42531377/,,,epilepsy,(Epilepsy[MeSH] OR epilepsy[tiab] OR seizure[tiab] OR anticonvulsant[tiab]) AND (treatment[tiab] OR intervention[tiab] OR therapy[tiab]),2026-08-05T17:46:50+00:00,,,,,,"To assess the abstract against the inclusion and exclusion criteria, we need to evaluate each criterion carefully.

### Inclusion Criteria Evaluation:
1. **Pathogen**: The study is not about Epilepsy; it involves lead poisoning and its effects.
   - Not met.

2. **Language**: The abstract is in English.
   - Met.

3. **Study type**: This is a case report, not peer-reviewed original research published as a full study. It is not considered a systematic review or meta-analysis.
   - Not met.

4. **Population**: The study involves a human subject.
   - Met.

5. **Content**: The abstract discusses symptoms (confusion, hallucinations, seizure-like episodes) but does not discuss any of the specific content areas listed (quantitative outbreak details, transmission models, severity measures, etc.) relevant to Epilepsy or related biomarker data.
   - Not met.

### Exclusion Criteria Evaluation:
1. **Pathogen**: The study is not about Epilepsy.
   - Applies; this would lead to exclusion.

2. **Language**: The study is in English.
   - Does not apply.

3. **Publication type**: This is a case report and should generally be excluded since it does not provide enough participants (only one case).
   - Applies; this would lead to exclusion.

4. **Study design**: The study design involves human subjects, but it is solely a case report, which doesn't fit the research criteria.
   - Does not apply.

5. **Study design**: Since it's a single case report, it will not report on the seizure frequency or surgical outcomes related to epilepsy adequately.
   - Applies; this would lead to exclusion.

6. **Outbreak type**: Not applicable as it does not relate to an outbreak.
   - Does not apply.

### Conclusion
Given the evaluations, the primary reason for exclusion is that this study is not about Epilepsy. There are also concerns regarding its status as a case report lacking the required participant number and relevant outcome measures for inclusion in the systematic review.

Thus, based on the inclusion and exclusion criteria, this study should be excluded.

<decision>EXCLUDE</decision>",EXCLUDE,False,2026-08-06T00:45:56.265337
PMID_42526306,PubMed,42526306,,10.1016/j.eplepsyres.2026.107879,Retrospective evaluation of caregiver-administered buccal midazolam for pediatric status epilepticus in a regional core hospital in Japan.,"Akiba, Takato; Shimada, Shino; Matsuda, Shimpei; Hamahara, Ayaka; Ikeno, Mitsuru; Abe, Shinpei; Baba, Yosuke; Shoji, Hiromichi",Epilepsy research,2026,"BACKGROUND: Status epilepticus (SE) is a frequent pediatric neurological emergency in which rapid seizure control is needed to prevent neurological injury. Buccal midazolam (Buc-MDL) is a noninvasive first-line benzodiazepine for prehospital pediatric SE; nonetheless, real-world data from geographically constrained regional settings are limited.
METHODS: This retrospective, single-center study was performed at a regional core hospital in Eastern Shizuoka, Japan. Pediatric patients aged ≤ 15 years who received Buc-MDL for convulsive SE between April 2023 and September 2025 were included. Effectiveness was defined as seizure cessation within 10 min after administration, without recurrence within 30 min; respiratory suppression was evaluated as the safety outcome.
RESULTS: Buc-MDL was prescribed for 39 patients and administered in 13 (41 episodes), of which 38 episodes in 12 patients were analyzed. Seizure cessation within 10 min occurred in 30/38 episodes (78.9%; 95% confidence interval 63.7-88.9%), with a median time to cessation of 5 min in effective episodes. Mild respiratory suppression occurred in 4/38 episodes (10.5%); all were managed with oxygen alone, and no airway intervention was required. Respiratory suppression was more frequent in ineffective than effective episodes (37.5% vs 3.3%).
CONCLUSIONS: Buc MDL was effective in this small retrospective cohort, but oxygen-requiring respiratory suppression occurred in 10.5% of episodes and appeared to be more frequent when seizures were not controlled; however, this exploratory association is based on a small sample, causality remains uncertain, and its safety profile warrants cautious interpretation, particularly in light of alternative diazepam intranasal rescue formulations with extensive safety data.",https://pubmed.ncbi.nlm.nih.gov/42526306/,,,epilepsy,(Epilepsy[MeSH] OR epilepsy[tiab] OR seizure[tiab] OR anticonvulsant[tiab]) AND (treatment[tiab] OR intervention[tiab] OR therapy[tiab]),2026-08-05T17:46:50+00:00,,,,,,"Let's assess the provided abstract against the established inclusion and exclusion criteria step by step.

### Inclusion Criteria Evaluation
1. **Pathogen: Must be about Epilepsy**
   - The study is focused on a treatment for pediatric status epilepticus, which falls under the umbrella of epilepsy. **(Met)**

2. **Language: English only**
   - The abstract is provided in English. **(Met)**

3. **Study type: Peer-reviewed, original research (note systematic reviews/meta-analyses for special consideration)**
   - The study is a retrospective evaluation, which falls under original research. **(Met)**

4. **Population: Human subjects**
   - The study involves pediatric patients aged ≤ 15 years who experience status epilepticus. **(Met)**

5. **Content: Must contain AT LEAST ONE of:**
   - The abstract reports on the effectiveness of buccal midazolam in controlling seizures, specifically measuring seizure cessation rates.
   - Seizure cessation rates (30/38 episodes) are provided, which can be seen as a clinical outcome measure. **(Met)**

### Exclusion Criteria Evaluation
1. **Pathogen: Not about Epilepsy (exclude studies on other pathogens)**
   - The study is about epilepsy-related seizures. **(Not met)**

2. **Language: Non-English**
   - The abstract is in English. **(Not met)**

3. **Publication type: Conference proceedings, abstracts, posters, correspondence**
   - It is an original research study and not a conference abstract or correspondence. **(Not met)**

4. **Study design: In-vitro studies only (no human or animal component)**
   - The study involves human patients. **(Not met)**

5. **Study design: Solely animal studies AND animal studies that do not report transmission parameters (R0, Rt, Re, r, growth rate, mutation rate)**
   - This study does not involve animal studies. **(Not met)**

6. **Outbreak type: Accidental laboratory outbreaks (not natural disease transmission)**
   - This study deals with treatment for status epilepticus and is unrelated to the concept of outbreaks. **(Not met)**

### Conclusion
After evaluating the study against the inclusion and exclusion criteria, the study appears to meet all the inclusion criteria while not meeting any of the exclusion criteria. Therefore, it should be included in the systematic review.

<decision>INCLUDE</decision>",INCLUDE,True,2026-08-06T00:45:56.265402
PMID_42524749,PubMed,42524749,PMC11250519,10.1002/epi4.70313,Cumulative electroconvulsive therapy sessions and focal epilepsy: A nationwide cohort study in Japan.,"Hata, Masahiro; Miyazaki, Yuki; Omori, Hisaki; Takahashi, Shun; Ikeda, Manabu",Epilepsia open,2026,"OBJECTIVE: Electroconvulsive therapy (ECT) is widely used for severe psychiatric disorders, yet concerns remain regarding possible epileptogenic effects associated with prolonged or repeated exposure. We examined the association between cumulative ECT sessions and focal epilepsy in a nationwide Japanese cohort.
METHODS: We conducted a retrospective cohort study using a nationwide claims database including 3733 patients who received ECT between 2008 and 2025. For analyses of incident focal epilepsy, patients with a prior diagnosis of epilepsy before the first ECT session were excluded from the at-risk population. New-onset focal epilepsy was defined as a G40.2 diagnosis recorded after ECT initiation. Person-time accrued from the first ECT session to epilepsy diagnosis or last follow-up. Multivariable logistic regression assessed the association between cumulative ECT sessions and focal epilepsy, adjusting for age, sex, and psychiatric diagnoses. An exploratory time-varying Cox model evaluated cumulative exposure as a time-dependent variable.
RESULTS: Among 3733 patients (mean age 56.9 years; 66.4% female), 96 (2.6%) developed focal epilepsy, corresponding to an incidence of 3748 per 100 000 person-years. A cumulative exposure pattern was observed, with diagnosis rates exceeding 5% among patients receiving ≥ 50 sessions and peaking at 9.1% in the 80-89 session group. Each additional ECT session was associated with higher odds of focal epilepsy (β = 0.0099, p = 0.004). Age, sex, and psychiatric diagnoses were not significant predictors. In exploratory time-varying analysis, reaching ≥ 50 sessions was associated with increased hazard, although event numbers were limited. Latency to diagnosis ranged from weeks to over 4000 days. Following epilepsy diagnosis, 70.8% discontinued ECT and 98.0% received antiseizure medication.
SIGNIFICANCE: In this nationwide cohort, greater cumulative ECT exposure was associated with focal epilepsy diagnosis. While causality cannot be established, these findings support consideration of careful neurological monitoring during prolonged ECT courses.
PLAIN LANGUAGE SUMMARY: Electroconvulsive therapy (ECT) is an effective treatment for severe mental illnesses. However, its long-term neurological effects are not fully understood. We analyzed nationwide data from 3733 patients in Japan who received ECT and examined whether repeated treatments were associated with new diagnoses of focal epilepsy. Ninety-six patients (2.6%) were diagnosed with focal epilepsy after starting ECT. The likelihood of diagnosis was higher among patients who received more ECT sessions, particularly those undergoing prolonged courses. Although this study cannot determine whether ECT directly causes epilepsy, our findings suggest that careful neurological monitoring may be considered during extended treatment.",https://pubmed.ncbi.nlm.nih.gov/42524749/,,,epilepsy,(Epilepsy[MeSH] OR epilepsy[tiab] OR seizure[tiab] OR anticonvulsant[tiab]) AND (treatment[tiab] OR intervention[tiab] OR therapy[tiab]),2026-08-05T17:46:50+00:00,,,,,,"Let's evaluate the provided abstract against the inclusion and exclusion criteria step by step.

## Inclusion Criteria Assessment
1. **Pathogen: Must be about Epilepsy**
   - This study is about focal epilepsy, which clearly meets this criterion.

2. **Language: English only**
   - The abstract is in English, so this criterion is met.

3. **Study type: Peer-reviewed, original research (note systematic reviews/meta-analyses for special consideration)**
   - The abstract describes a cohort study, which is original research. This criterion is met.

4. **Population: Human subjects**
   - The study involves human subjects (3733 patients who received ECT). This criterion is met.

5. **Content: Must contain AT LEAST ONE of:**
   - The study does contain quantitative details regarding new-onset focal epilepsy (specifically, incidence rates), which satisfies criterion 5a.
   - It also provides data on the relationship between cumulative ECT sessions and the incidence of focal epilepsy, aligning with the core focus of the systematic review on clinical outcomes related to epilepsy.

## Exclusion Criteria Assessment
1. **Pathogen: Not about Epilepsy (exclude studies on other pathogens)**
   - The study is about epilepsy, thus this criterion does not apply.

2. **Language: Non-English**
   - The abstract is in English; hence this criterion does not apply.

3. **Publication type: Conference proceedings, abstracts, posters, correspondence**
   - This is a published abstract from a peer-reviewed study; thus it is not excluded under this criterion.

4. **Study design: In-vitro studies only (no human or animal component)**
   - This is a cohort study involving human participants; hence it does not fall under this exclusion.

5. **Study design: Solely animal studies AND animal studies that do not report transmission parameters**
   - The study involves human subjects, so this exclusion does not apply.

6. **Outbreak type: Accidental laboratory outbreaks (not natural disease transmission)**
   - This exclusion does not apply as it is not relevant to the context of this study.

After assessing both inclusion and exclusion criteria, the abstract meets all the inclusion criteria and does not meet any of the exclusion criteria. Therefore, the study should be included in the systematic review.

<decision>INCLUDE</decision>",INCLUDE,True,2026-08-06T00:45:56.265462
PMID_42524629,PubMed,42524629,PMC4580738,10.1097/id9.0000000000000184,Scrub typhus triggering seizure in a patient with a preexisting seizure disorder: A case report.,"Murugesh, Sri Ram; Shriya, Akalu Srinivas Kamakshi; Siddaraju, Meghana Belagula",Infectious diseases & immunity,2026,"Scrub typhus is a bacterial infection caused by Orientia tsutsugamushi and transmitted by chigger bites. It presents as an acute febrile illness and can lead to serious complications, including liver and kidney dysfunction. Although neurological involvement is rare, cases have been reported. We describe the case of a 59-year-old male from a scrub typhus endemic region with a history of seizure disorder who had experienced a fever for the last two days, multiple headaches, and seizures. Laboratory tests confirmed scrub typhus, low platelet levels, and elevated liver enzymes. The patient responded well to doxycycline and supportive care. This case highlights the need to identify scrub typhus in febrile patients with neurological symptoms to enable early diagnosis and treatment and prevent severe complications. The occurrence of scrub typhus with seizures is rare, making this case clinically significant in broadening differential diagnoses in endemic regions.",https://pubmed.ncbi.nlm.nih.gov/42524629/,,,epilepsy,(Epilepsy[MeSH] OR epilepsy[tiab] OR seizure[tiab] OR anticonvulsant[tiab]) AND (treatment[tiab] OR intervention[tiab] OR therapy[tiab]),2026-08-05T17:46:50+00:00,,,,,,"## Evaluation against Inclusion and Exclusion Criteria

1. **Pathogen**: Must be about Epilepsy
   - **Assessment**: The study is about ""scrub typhus"" and its relation to seizures, but it does not focus on epilepsy specifically or contribute to understanding the disorder. 
   - **Conclusion**: Not met.

2. **Language**: English only
   - **Assessment**: The abstract is written in English.
   - **Conclusion**: Met.

3. **Study type**: Peer-reviewed, original research (note systematic reviews/meta-analyses for special consideration)
   - **Assessment**: This is a case report, which is usually considered original research; however, it is not a randomised controlled trial, cohort study, or systematic review.
   - **Conclusion**: Met, but it is a borderline case since case reports provide limited evidence.

4. **Population**: Human subjects (animal studies acceptable if reporting specific parameters)
   - **Assessment**: The study involves a human subject (59-year-old male).
   - **Conclusion**: Met.

5. **Content**: Must contain AT LEAST ONE of the specified measures
   - **Assessment**: The abstract does not provide quantitative details on seizure frequency or seizure-free rates, nor does it report on any specific measures or parameters outlined in the inclusion criteria related to epilepsy.
   - **Conclusion**: Not met.

## Summary of Exclusion Criteria

1. **Pathogen**: Not about Epilepsy (exclude studies on other pathogens)
   - **Assessment**: The study is focused on scrub typhus rather than epilepsy.
   - **Conclusion**: Exclude.

Since the abstract does not meet the main requirement to focus on epilepsy and primarily discusses scrub typhus, the study clearly falls under the exclusion criteria concerning the pathogen focus.

<decision>EXCLUDE</decision>",EXCLUDE,False,2026-08-06T00:45:56.265514
PMID_42524494,PubMed,42524494,PMC9491421,10.7759/cureus.111653,Seizure As the Sentinel Event: An Atypical Presentation of Anti-N-Methyl-D-Aspartate (NMDA) Receptor Encephalitis in a Young Adult Male.,"Hendee, Nicholas J; Mooney, James C; Brzuchalski, Amy E; Bridges, Edward E",Cureus,2026,"This case report details an atypical presentation of anti-N-methyl-D-aspartate (NMDA) receptor encephalitis in a 21-year-old male, characterized by a ""seizure-first"" phenotype. The patient's initial generalized tonic-clonic seizure led to a misdiagnosis of epilepsy, and subsequent psychiatric symptoms were incorrectly attributed to the side effects of antiepileptic medication or a new, undiagnosed psychiatric disorder. This resulted in an involuntary psychiatric admission and a delay in diagnosis and, thus, definitive treatment. Once the Graus criteria for probable anti-NMDA receptor encephalitis were met (presence of at least four out of six neuropsychiatric symptom categories, an abnormal electroencephalogram (EEG), and the reasonable exclusion of alternative causes), the patient was empirically treated with high-dose steroids. Upon detecting anti-NMDA receptor antibodies at a serum titer of 1:1000 and a cerebrospinal fluid (CSF) titer of 1:100, the treatment regimen was escalated to include plasmapheresis. In this patient's case, earlier consideration of autoimmune encephalitis during his initial presentation of new-onset seizures and rapid psychiatric decline could have prevented the diagnostic delay and involuntary psychiatric admission.",https://pubmed.ncbi.nlm.nih.gov/42524494/,,,epilepsy,(Epilepsy[MeSH] OR epilepsy[tiab] OR seizure[tiab] OR anticonvulsant[tiab]) AND (treatment[tiab] OR intervention[tiab] OR therapy[tiab]),2026-08-05T17:46:50+00:00,,,,,,"To determine whether this abstract should be included or excluded from the systematic review on epilepsy, we will evaluate it against both the inclusion and exclusion criteria.

### Inclusion Criteria
1. **Pathogen: Must be about Epilepsy**  
   - The abstract discusses seizures, which are a key feature of epilepsy. The case report describes seizures as part of NMDA receptor encephalitis, a condition that is relevant to epilepsy, although it is primarily focused on autoimmunity rather than epilepsy itself.

2. **Language: English only**  
   - The abstract is in English.

3. **Study type: Peer-reviewed, original research (note systematic reviews/meta-analyses for special consideration)**  
   - The abstract is a case report, which is generally considered original research, though not a randomized controlled trial or systematic review.

4. **Population: Human subjects**  
   - The study involves a human subject (21-year-old male).

5. **Content: Must contain AT LEAST ONE of the specified quantitative details or measures**  
   - The study does not provide quantitative data regarding seizure frequency or seizure-free rates, nor does it discuss any measures of disease transmission or severity parameters from the list. It focuses on a case of an atypical presentation of encephalitis with seizures, not explicitly related to epilepsy outcomes.

### Exclusion Criteria
1. **Pathogen: Not about Epilepsy (exclude studies on other pathogens)**  
   - The abstract pertains to seizures related to an autoimmune condition (NMDA receptor encephalitis), which complicates classification solely as an epilepsy study. 

2. **Language: Non-English**  
   - The abstract is in English.

3. **Publication type: Conference proceedings, abstracts, posters, correspondence**  
   - The abstract should be from a peer-reviewed journal. Whether this is a full study or not needs clarification, but case reports are typically published in journals.

4. **Study design: In-vitro studies only (no human or animal component)**  
   - The study involves human subjects, so this criterion does not apply.

5. **Study design: Solely animal studies AND animal studies that do not report transmission parameters (R0, Rt, Re, r, growth rate, mutation rate)**  
   - This criterion does not apply as it involves a human case.

6. **Outbreak type: Accidental laboratory outbreaks (not natural disease transmission)**  
   - This criterion does not apply, as the study does not report a laboratory outbreak scenario.

### Conclusion
While the abstract is relevant to epilepsy through the discussion of seizures, it primarily focuses on an autoimmune encephalitis. It does not meet the required criteria, particularly regarding seizure frequency or related outcomes, which is critical for inclusion. Therefore, despite the relevance of seizures in this case report, the context does not align closely enough with the systematic review's objectives.

Given all considerations:
<decision>EXCLUDE</decision>",EXCLUDE,False,2026-08-06T00:45:56.265565
PMID_42524265,PubMed,42524265,PMC7248368,10.1176/appi.books.9780890425787,Therapeutic Use of Medical Cannabis Beyond Pain Management in Physical Medicine and Rehabilitation.,"Cameron, Andrew; Fraix, Marcel P; Agrawal, Devendra K",Archives of internal medicine research,2026,"Medical cannabis has emerged as a rapidly evolving therapeutic modality with expanding clinical interest beyond its traditional role in pain management. Particularly relevant to Physical Medicine and Rehabilitation (PM&R), where the focus extends beyond symptom control to functional restoration and optimal quality of life, key non-pain indications described in the literature include management of spasticity, neurologic and seizure disorders, sleep disturbances, and chemotherapy-induced nausea and vomiting (CINV). This PM&R-centered narrative review synthesizes current evidence on the efficacy, mechanisms, and clinical implications of cannabis use for non-pain conditions, with emphasis on its interaction with the endocannabinoid system, including CB1- and CB2-receptor-mediated pathways influencing neuromodulation, inflammation, and homeostasis. Across multiple conditions, cannabinoids demonstrate modest benefits in symptom reduction, including improvements in patient-reported spasticity in multiple sclerosis, significant seizure reduction in treatment-resistant pediatric epileptic syndromes, antiemetic effects in refractory CINV, and appetite stimulation in cachectic states. Additionally, subjective improvements in sleep quality have been observed, though objective changes in sleep architecture remain inconsistent. However, there remains limited evidence supporting meaningful improvements in functional outcomes and quality of life. Cannabis use may negatively impact rehabilitation through dose-dependent cognitive impairment, sedation, impaired motor learning, and increased fall risk. Significant challenges persist, including lack of standardized dosing, variability in formulations and THC:CBD ratios, inconsistent product labeling, and limited high-quality randomized controlled trials assessing long-term functional outcomes. Regulatory barriers, including discrepancies between federal and state laws, further complicate clinical implementation and research. This review highlights the gap between symptomatic relief and functional recovery, emphasizing the need for PM&R-specific research focused on rehabilitation-relevant outcomes that objectively measure functional independence and quality of life. Bridging this gap will be critical to defining a role for medical cannabis within rehabilitation medicine and optimizing patient-centered care that maximizes function.",https://pubmed.ncbi.nlm.nih.gov/42524265/,,,epilepsy,(Epilepsy[MeSH] OR epilepsy[tiab] OR seizure[tiab] OR anticonvulsant[tiab]) AND (treatment[tiab] OR intervention[tiab] OR therapy[tiab]),2026-08-05T17:46:50+00:00,,,,,,"To assess this study for inclusion in the systematic review on epilepsy, we will carefully evaluate the given criteria step-by-step.

1. **Pathogen**: The study is about medical cannabis and its effects on various conditions, one of which is seizure disorders (epilepsy). Therefore, this criterion is **met**.

2. **Language**: The abstract is in English. Thus, this criterion is **met**.

3. **Study type**: The abstract describes a narrative review, which is not considered original research (peer-reviewed original research must be accepted, with systematic reviews/meta-analyses noted for special consideration). Therefore, this criterion is **not met**.

4. **Population**: The abstract mentions the management of seizure disorders, which involves human subjects. This criterion is **met**.

5. **Content**: The content references significant seizure reduction in treatment-resistant pediatric epileptic syndromes. This indicates the inclusion of quantitative detail related to seizure control, thereby **meeting the requirement** for this criterion.

Now, we will summarize the findings against the exclusion criteria:

1. **Pathogen**: The study is about epilepsy. This criterion is **not applicable** (does not exclude).

2. **Language**: The abstract is in English. This criterion is **not applicable** (does not exclude).

3. **Publication type**: The study is a narrative review, which is typically not classified as original research. Thus, it aligns with the exclusion criterion of being non-original research. Therefore, this criterion is **met** for exclusion.

4. **Study design**: This is a review; it does not include original experimental work, only synthesis of existing literature. Thus, this criterion is **met** for exclusion.

5. **Study design**: Not applicable, as we are dealing with a review.

6. **Outbreak type**: Not applicable, as this is not related to outbreak types.

Considering that the study failed to meet the inclusion criteria mainly due to its classification as a narrative review instead of peer-reviewed original research, and it also meets exclusion criteria concerning publication type and study design, we have sufficient grounds for exclusion.

Therefore, I conclude:

<decision>EXCLUDE</decision>",EXCLUDE,False,2026-08-06T00:45:56.265617
PMID_42523478,PubMed,42523478,PMC13405405,10.64898/2026.07.10.737818,Convergent Inhibitory Cortical Circuit Disruption Drives Genetically Distinct Absence Seizures.,"Song, Siyuan; Lau, Shu-Ning Natalie; Tran, Doan; Ljungberg, Cecilia; Tang, Jianrong; Maheshwari, Atul; Noebels, Jeffrey L; Jiang, Xiaolong",bioRxiv : the preprint server for biology,2026,"Absence seizures, the most common childhood epilepsy, are characterized by brief involuntary lapses in consciousness and 3-Hz spike-wave EEG discharges (SWD). Despite extensive documentation of pathogenic thalamic remodeling, the cortical circuit abnormalities driving this highly stereotyped SWD remain elusive. Using two of the best characterized mouse models of absence epilepsy carrying point mutations in distinct genes altering pre and postsynaptic transmission, stargazer ( Cacng2 ) and tottering ( Cacna1a ), we show that a specific translaminar inhibitory circuit motif defined by layer 6 corticothalamic neurons (L6 CT) and a novel Tac1 + Pvalb interneuron subtype is selectively disrupted in both models. This early functional defect was accompanied by a secondary synaptic collapse of deep-layer somatostatin-expressing ( Sst ) interneurons that precisely coincides with the developmental onset of seizures. Crucially, we established the serial causality of these cascading defects by demonstrating that chemogenetic disruption of L6 CT-Tac1 + Pvalb circuit motif alone in wild-type mice is sufficient to induce both the secondary Sst interneuron collapse and contemporaneous emergence of SWDs. Together, these findings reveal a sequential translaminar synaptic failure or 'domino effect' wherein a primary defect triggers broader circuit adaptations permitting spike-wave hypersynchrony. Our results thus identify a convergent, causative cortical circuit pathology that is shared by genetically heterogeneous absence epilepsy models, highlighting a common functional target for therapeutic intervention.",https://pubmed.ncbi.nlm.nih.gov/42523478/,,,epilepsy,(Epilepsy[MeSH] OR epilepsy[tiab] OR seizure[tiab] OR anticonvulsant[tiab]) AND (treatment[tiab] OR intervention[tiab] OR therapy[tiab]),2026-08-05T17:46:50+00:00,,,,,,"Let's evaluate the abstract against the inclusion and exclusion criteria systematically.

### Inclusion Criteria
1. **Pathogen: Must be about Epilepsy**
   - The study focuses on absence seizures, which are a form of epilepsy. **(Met)**

2. **Language: English only**
   - The abstract is in English. **(Met)**

3. **Study type: Peer-reviewed, original research (note systematic reviews/meta-analyses for special consideration)**
   - The abstract describes original research on absence seizures and appears to be peer-reviewed. **(Met)**

4. **Population: Human subjects (animal studies acceptable if reporting EITHER... parameters)**
   - The study involves mouse models and does not include human subjects, nor does it fit the specific animal study criteria regarding transmission parameters. Therefore, it does not meet this criterion. **(Not Met)**

5. **Content: Must contain AT LEAST ONE of...**
   - The content primarily discusses circuit pathology in animal models and does not provide quantitative human outbreak data, measures of transmission parameters, or other specified content related to clinical outcomes in humans. It focuses on basic research rather than clinical intervention outcomes. **(Not Met)**

### Exclusion Criteria
1. **Pathogen: Not about Epilepsy (exclude studies on other pathogens)**
   - This study is about epilepsy. **(Not Applicable)**

2. **Language: Non-English**
   - The study is in English. **(Not Applicable)**

3. **Publication type: Conference proceedings, abstracts, posters, correspondence**
   - The abstract does not appear to be a conference proceeding or similar; it's part of original research. **(Not Applicable)**

4. **Study design: In-vitro studies only (no human or animal component)**
   - The study involves animal models. **(Not Applicable)**

5. **Study design: Solely animal studies AND animal studies that do not report transmission parameters**
   - The study is solely based on animal models and does not report on transmission parameters relevant to the inclusion criteria. **(Met)**

6. **Outbreak type: Accidental laboratory outbreaks (not natural disease transmission)**
   - This criterion does not apply since that context isn't relevant here. **(Not Applicable)**

### Conclusion
The study discusses mechanisms underlying absence seizures in mouse models, which doesn't align with our inclusion criteria focused on human subjects and clinical outcomes related to seizures. Given that it fails to meet key inclusion requirements regarding population and content, it warrants exclusion.

<decision>EXCLUDE</decision>",EXCLUDE,False,2026-08-06T00:45:56.265675
PMID_42521800,PubMed,42521800,PMC9744255,10.1093/geront/30.5.583,"Ketogenic diet for pediatric drug-resistant epilepsy: sleep, children's psychosocial functioning, and maternal mental health.","Nassar, May Fouad; El-Rashidy, Omnia Fathy; Shata, Mennatallah Osama; ElHagaar, Mohamed Ahmed; Abdelmageed, Reham Ibrahim",Pediatric research,2026,"BACKGROUND: Despite increasing attention to ketogenic dietary therapy (KDT) for drug-resistant epilepsy (DRE) in children, research examining its impact on non-seizure outcomes in children and their mothers remains limited. This study examined effects of KDT on sleep quality, children's psychosocial functioning, and maternal mental health.
METHODS: This prospective study followed 40 children with DRE and their mothers from baseline to 4 and 12 weeks after KDT initiation. Children's sleep and psychosocial functioning were assessed using the Children's Sleep Habits Questionnaire and the Strengths and Difficulties Questionnaire. Maternal sleep and mental health were evaluated using the Pittsburgh Sleep Quality Index and the Depression Anxiety and Stress Scale.
RESULTS: Significant improvements in children's sleep and psychosocial functioning, as well as maternal sleep and mental health symptoms, were observed at 4 weeks, with the greatest improvements at 12 weeks. Regression analyses showed changes in seizure severity were associated with improvements in children's sleep and psychosocial functioning. Improved children's sleep was associated with better psychosocial outcomes. Maternal sleep quality and stress demonstrated a reciprocal relationship.
CONCLUSIONS: A 12-week KDT was associated with improvements in children's sleep quality and psychosocial functioning, as well as maternal sleep quality and mental health, suggesting benefits beyond seizure control.
IMPACT STATEMENT: KD has recently gained attention in pediatric drug resistant epilepsy (DRE) management, and further potential assets for patients and families should be emphasized. KD is a tolerable, safe, and effective line of therapy in pediatric DRE without significant negative impacts on the patients. The positive effect of KD on sleep and psychological function of pediatric patients, as well as mothers' mental health, are promising findings, and wider scale studies and longer KD usage can prove additional achievements in treated patients.",https://pubmed.ncbi.nlm.nih.gov/42521800/,,,epilepsy,(Epilepsy[MeSH] OR epilepsy[tiab] OR seizure[tiab] OR anticonvulsant[tiab]) AND (treatment[tiab] OR intervention[tiab] OR therapy[tiab]),2026-08-05T17:46:50+00:00,,,,,,"To determine whether to include or exclude the abstract provided, I will evaluate it against the predefined inclusion and exclusion criteria step-by-step.

## Inclusion Criteria Assessment
1. **Pathogen: Must be about Epilepsy**  
   - The study is focused on ketogenic dietary therapy for drug-resistant epilepsy.  
   - **Criterion Met: Yes**
   
2. **Language: English only**  
   - The abstract is in English.  
   - **Criterion Met: Yes**

3. **Study type: Peer-reviewed, original research (note systematic reviews/meta-analyses for special consideration)**  
   - The study appears to be original research as it follows a group of patients over 12 weeks.  
   - **Criterion Met: Yes**

4. **Population: Human subjects**  
   - The study involves 40 children with drug-resistant epilepsy and their mothers.  
   - **Criterion Met: Yes**

5. **Content: Must contain AT LEAST ONE of:**  
   - The content primarily focuses on non-seizure outcomes (sleep quality, psychosocial functioning, maternal mental health), but it mentions changes in seizure severity associated with improvements in other outcomes, thus indicating that potential seizure frequency or severity has been recorded.  
   - Although the primary focus is not on seizure frequency itself, the correlation between seizure severity and psychosocial outcomes can be interpreted as containing relevant content, albeit indirectly.  
   - **Criterion Met: Yes**

## Exclusion Criteria Assessment
1. **Pathogen: Not about Epilepsy**  
   - The study is about drug-resistant epilepsy.  
   - **Criterion Not Met: No exclusion**

2. **Language: Non-English**  
   - The abstract is in English.  
   - **Criterion Not Met: No exclusion**

3. **Publication type: Conference proceedings, abstracts, posters, correspondence**  
   - The abstract does not indicate it is merely a conference proceeding or correspondence; it is presented as original research.  
   - **Criterion Not Met: No exclusion**

4. **Study design: In-vitro studies only (no human or animal component)**  
   - The study involves human subjects (children with epilepsy).  
   - **Criterion Not Met: No exclusion**

5. **Study design: Solely animal studies AND animal studies that do not report transmission parameters**  
   - The study focuses on humans, thus not applicable.  
   - **Criterion Not Met: No exclusion**

6. **Outbreak type: Accidental laboratory outbreaks (not natural disease transmission)**  
   - This is not relevant as the study focuses on a treatment intervention in a clinical setting and not on outbreak dynamics.  
   - **Criterion Not Met: No exclusion**

## Conclusion
Based on the evaluation of both inclusion and exclusion criteria, the abstract meets all the necessary inclusion requirements and does not fall under any exclusion criteria.

Therefore, the final decision is: 
<decision>INCLUDE</decision>",INCLUDE,True,2026-08-06T00:45:56.265741
PMID_42520488,PubMed,42520488,,10.1016/j.jocn.2026.112217,Clinical characteristics and outcomes of post-stroke seizures following reperfusion therapy: a retrospective single-center study.,"Kamisli, Ozden; Haki, Cemile; Akgun, Aslihan Celik; Cakar, Merve Melodi; Yamanyar, Gulcin Koc; Sarac, Kaya; Kamisli, Suat",Journal of clinical neuroscience : official journal of the Neurosurgical Society of Australasia,2026,"BACKGROUND: Post-stroke seizures (PSS) are a recognized complication of ischemic stroke and may adversely affect functional outcomes and survival; however, their characteristics in patients receiving contemporary reperfusion therapy remain incompletely defined. We aimed to describe the clinical characteristics, treatment patterns, and outcomes of patients who developed PSS following reperfusion therapy and to compare early- and late-onset seizure subgroups.
METHODS: This single-center retrospective study included adult patients with acute ischemic stroke treated with intravenous thrombolysis (IV-tPA), mechanical thrombectomy (MT), or combined therapy between January 2020 and September 2025. Early seizures were defined as occurring within 7 days of stroke onset. Clinical, radiological, and treatment-related variables were analyzed, and functional outcome was assessed using the modified Rankin Scale at 3 months.
RESULTS: Of 1242 patients who received reperfusion therapy, 53 (4.27 %; 95 % CI 3.28-5.54) developed PSS. Observed seizure rates were 3.39 % in the MT group, 4.06 % in the IV-tPA group, and 7.02 % in the combined therapy group; these observed rates did not differ significantly across treatment modalities. Early seizures occurred in 23 patients and late seizures in 30. No significant differences were found between early- and late-onset seizure subgroups in demographic characteristics, vascular risk factors, stroke severity, reperfusion success, or clinical outcomes, with the exception of an isolated, exploratory difference in stroke laterality. Three-month mortality among patients with PSS was 45.28 % (95 % CI 32.66-58.55), and in-hospital mortality was 20.75 %.
CONCLUSIONS: In this single-center cohort, the incidence of PSS after reperfusion therapy was comparable to previously reported rates, with no marked differences across treatment modalities. The high mortality among patients with PSS likely reflects underlying stroke severity rather than a treatment-specific risk.",https://pubmed.ncbi.nlm.nih.gov/42520488/,,,epilepsy,(Epilepsy[MeSH] OR epilepsy[tiab] OR seizure[tiab] OR anticonvulsant[tiab]) AND (treatment[tiab] OR intervention[tiab] OR therapy[tiab]),2026-08-05T17:46:50+00:00,,,,,,"To determine whether the provided abstract should be included in the systematic review on *Epilepsy*, we will evaluate it against the inclusion and exclusion criteria outlined above.

### Step-by-Step Evaluation

1. **Pathogen**: The study focuses specifically on post-stroke seizures (PSS) as a complication of ischemic stroke, which is not within the scope of epilepsy. This criterion is **not** met.

2. **Language**: The abstract is in English. This criterion is met.

3. **Study type**: The study is described as a peer-reviewed, original research study, and the abstract does not indicate that it is a systematic review or meta-analysis. Thus, this criterion is met.

4. **Population**: The study involves human subjects who developed seizures following stroke. However, these seizures are specifically related to stroke and do not pertain to epilepsy as a primary diagnosis. This criterion is **not** fully met regarding the focus on epilepsy.

5. **Content**: The abstract discusses clinical characteristics, treatment patterns, and functional outcomes of patients with post-stroke seizures. However, it does not report on seizures in the context of epilepsy, and the details offered do not conform to the required content measures regarding epilepsy interventions or outcomes. This criterion is **not** met.

### Exclusion Criteria Check

1. **Pathogen**: The study is not specifically about epilepsy; it focuses on post-stroke seizures, which are not classified under the primary focus of epilepsy. Therefore, this exclusion criterion is met.

2. **Language**: The language is English, so this criterion does not apply.

3. **Publication type**: The abstract presents original research and does not fall under excluded publication types such as conference proceedings or abstracts or posters, so this criterion does not apply.

4. **Study design**: The study design includes analysis based on human subjects, which fits the criteria. Thus, this criterion does not apply.

5. **Study design**: There are no solely animal studies reported in the abstract, so this criterion does not apply.

6. **Outbreak type**: Not applicable; the study is not discussing outbreaks.

### Conclusion

Based on the evaluation, the key issue is that the study does not pertain to epilepsy, which is a core requirement in the inclusion criteria. Therefore, even though some other criteria are met, the focus on post-stroke seizures, rather than epilepsy, leads to exclusion.

<decision>EXCLUDE</decision>",EXCLUDE,False,2026-08-06T00:45:56.265793
PMID_42519902,PubMed,42519902,,10.4103/aam.aam_378_26,Extrapulmonary Tuberculosis with Seminal Vesicle Involvement in an Immunocompetent Patient.,"Bayya, Padma Lahari; Singh, Mohini; Ramakrishnan, S R; Chittemsetti, Seethala",Annals of African medicine,2026,"Extrapulmonary tuberculosis often presents diagnostic challenges due to its involvement in multiple organ systems. We report a case of a 54-year-old, immunocompetent man who presented with prolonged fever and a generalized seizure. Neuroimaging revealed ring-enhancing lesions suggestive of tuberculomas. Further evaluation demonstrated a seminal vesicle abscess and cervical lymphadenitis. Histopathology and microbiological analysis confirmed Tuberculosis. The patient was initiated on antitubercular therapy, along with anti-convulsants and steroids. This case highlights the importance of considering EPTB in patients with sterile pyuria, neurological symptoms, even in immunocompetent individuals without a pulmonary disease.",https://pubmed.ncbi.nlm.nih.gov/42519902/,,,epilepsy,(Epilepsy[MeSH] OR epilepsy[tiab] OR seizure[tiab] OR anticonvulsant[tiab]) AND (treatment[tiab] OR intervention[tiab] OR therapy[tiab]),2026-08-05T17:46:50+00:00,,,,,,"To assess whether to include or exclude the provided abstract based on the criteria, we will evaluate each of the established inclusion and exclusion criteria step by step.

## Step-by-Step Evaluation

### Inclusion Criteria
1. **Pathogen: Must be about Epilepsy**
   - The abstract discusses extrapulmonary tuberculosis and a generalized seizure, but it does not center around epilepsy as a primary condition or pathology.
   - **Not Met**

2. **Language: English only**
   - The abstract is in English.
   - **Met**

3. **Study type: Peer-reviewed, original research (note systematic reviews/meta-analyses for special consideration)**
   - The abstract presents a case report but does not mention being peer-reviewed original research (common in case reports but not specified here), which could mean it does not fit the defined criteria tightly.
   - **Potentially Not Met (Ambiguity)**

4. **Population: Human subjects**
   - The study involves a human subject (an immunocompetent patient).
   - **Met**

5. **Content: Must contain AT LEAST ONE of:**
   - None of the listed content categories (such as quantitative details about an outbreak, mathematical models of disease transmission, or various measures of transmission parameters and severity) are present in this abstract.
   - **Not Met**

### Exclusion Criteria
1. **Pathogen: Not about Epilepsy (exclude studies on other pathogens)**
   - The study is not about epilepsy; it focuses on extrapulmonary tuberculosis and its neurological manifestation.
   - **Met (for exclusion)**

2. **Language: Non-English**
   - The abstract is in English.
   - **Not Met (for exclusion)**

3. **Publication type: Conference proceedings, abstracts, posters, correspondence**
   - The abstract appears to be a case report but does not provide information indicating it is a conference proceeding or similar. However, as an abstract, it could still fall under this exclusion type.
   - **Met (for exclusion)**

4. **Study design: In-vitro studies only (no human or animal component)**
   - This does not apply as the study involves a human subject.
   - **Not Met (for exclusion)**

5. **Study design: Solely animal studies AND animal studies that do not report transmission parameters**
   - Again, this does not apply since the study involves a human subject.
   - **Not Met (for exclusion)**

6. **Outbreak type: Accidental laboratory outbreaks (not natural disease transmission)**
   - This criterion does not apply to the study's content.
   - **Not Met (for exclusion)**

## Conclusion
After reviewing all criteria, the paper does not meet the inclusion requirements since the primary focus is not on epilepsy. It discusses tuberculosis and its effects, including seizures, but is fundamentally irrelevant regarding the primary objective of the systematic review on epilepsy.

Therefore, based on pertinent criteria, particularly Pathogen, Content (not reporting seizure frequency or epilepsy-related outcomes), and potentially Publication type (being presented as an abstract), this paper should be excluded.

<decision>EXCLUDE</decision>",EXCLUDE,False,2026-08-06T00:45:56.265859
PMID_42516410,PubMed,42516410,PMC13095365,10.1002/jmd2.70086,Pyridoxine-dependent and other pyridoxine-responsive epilepsies-insights into phenotype overlapping and the long-term outcome in a cohort of 21 children.,"Kravljanac, Ružica; Vučetić Tadić, Biljana; Oparnica, Vladimir",Frontiers in neurology,2026,"AIM: Evaluation of etiology, phenotype, and long-term outcome, and defining the predictors of outcome in children with pyridoxine-responsive seizures.
METHODS: The study included all children with pyridoxine-responsive seizures treated in our hospital from 2006 to 2025. Serial video electroencephalography, brain MRI, metabolic, genetic analyses, and psychological assessment were done in all cases. All patients were divided into two groups: patients with pyridoxine-dependent epilepsy (PDE) associated with pathogenic variants in ALDH7A1, PNPO, and PLPBP (I group) and patients with pyridoxine-responsive epilepsy (PRE) due to other etiologies (II group). The early-onset seizures were initially treated by antiseizure medication (ASM), and if at least two of the ASMs failed to stop the seizures, pyridoxine was given (100 mg/day, iv). Analyzed parameters were age of seizure onset, period from seizure onset to pyridoxine introduction, brain MRI, type of seizures, etiology, ASM, and predictors for outcome. The outcome included seizure control and neurological development. Mann-Whitney test, Fisher's exact test, and Firth penalized logistic regression were used to test for statistical significance.
RESULTS: Twenty-one patients were included: 10 in group I and 11 in group II with various etiologies. Median age at seizure onset in both cohorts was 2 (range 1-11) days. Mann-Whitney U test demonstrated no significant difference between the two groups (p = 0.79). The median time from seizure onset to pyridoxine treatment was 12 days in PDE (range 1-61 days) and 10 days (range 1-98) in PRE, and the difference was not statistically significant (p = 0.65). Developmental delay was present in 6/10 (60%) PDE patients and 5/11 (45.5%) PRE patients. Seizure freedom was attained in 8/10 (80%) PDE and 8/11 (72.7%) PRE patients. MRI abnormalities were seen in 8/10 (80%) PDE and 7/11 (63.6%) PRE patients. The difference in these parameters between the two groups was significant.
DISCUSSION: Etiologic heterogeneity and phenotype overlapping between PDE and PRE, atypical presentations, and good initial response to pyridoxine regardless of genetic and neuroimaging findings suggest the introduction of pyridoxine in all infants when two ASMs have failed. Despite appropriate pyridoxine treatment, more than half of patients with PDE had developmental delay and resistant seizures, suggesting the complexity of the underlying mechanisms.",https://pubmed.ncbi.nlm.nih.gov/42516410/,,,epilepsy,(Epilepsy[MeSH] OR epilepsy[tiab] OR seizure[tiab] OR anticonvulsant[tiab]) AND (treatment[tiab] OR intervention[tiab] OR therapy[tiab]),2026-08-05T17:46:50+00:00,,,,,,"Let's review the abstract against the inclusion and exclusion criteria one by one:

### Inclusion Criteria
1. **Pathogen: Must be about Epilepsy**  
   - **Met:** The study explicitly focuses on pyridoxine-dependent and pyridoxine-responsive epilepsies, which falls under the category of epilepsy.

2. **Language: English only**  
   - **Met:** The abstract is in English.

3. **Study type: Peer-reviewed, original research (note systematic reviews/meta-analyses for special consideration)**  
   - **Met:** It is a cohort study analyzing patient outcomes, which qualifies as original research. It does not mention being a systematic review or meta-analysis.

4. **Population: Human subjects**  
   - **Met:** The study includes a cohort of 21 children, all of whom are human subjects.

5. **Content: Must contain AT LEAST ONE of**  
   - a) **Quantitative details of concluded/ongoing human outbreak**  
     - **Not applicable:** This does not pertain to an outbreak. 
   - b) **Mathematical or statistical model of disease transmission**  
     - **Not applicable:** No model of transmission is presented. 
   - c) **Measures/estimates of transmission parameters**  
     - **Not applicable:** This does not apply to the study.
   - d) **Measures/estimates of timing parameters**  
     - **Partially met:** The study identifies time from seizure onset to pyridoxine treatment, but does not quantify typical timing intervals of transmission.
   - e) **Measures/estimates of severity**  
     - **Met:** Seizure control outcomes are reported, including seizure freedom rates (80% for PDE, 72.7% for PRE).
   - f) **Measures/estimates of genetic evolution**  
     - **Not applicable:** There is no genetic evolution data presented.
   - g) **Measures of overdispersion or superspreading**  
     - **Not applicable:** This criterion is irrelevant for the study.
   - h) **Seroprevalence data or serological surveys**  
     - **Not applicable:** No seroprevalence data is reported.
   - i) **Risk factors for infection, severe disease, death**  
     - **Partially Met:** It discusses developmental delay as a potential outcome post-treatment, but doesn't frame this in terms of risk factors.
   - j) **Measures/estimates of vector parameters**  
     - **Not applicable:** There are no vector parameters discussed because it is not vector-borne disease research. 

### Exclusion Criteria
1. **Pathogen: Not about Epilepsy**  
   - **Not applicable:** The study is indeed about epilepsy.

2. **Language: Non-English**  
   - **Not applicable:** The abstract is in English.

3. **Publication type: Conference proceedings, abstracts, posters, correspondence**  
   - **Not applicable:** The study appears to be a peer-reviewed original research article rather than merely an abstract or a conference proceeding.

4. **Study design: In-vitro studies only**  
   - **Not applicable:** The study involves human patients.

5. **Study design: Solely animal studies AND animal studies that do not report transmission parameters**  
   - **Not applicable:** The study involves human subjects.

6. **Outbreak type: Accidental laboratory outbreaks**  
   - **Not applicable:** This does not apply as there is no mention of an outbreak.

### Conclusion
Although the study provides a significant amount of relevant data regarding seizure freedom and outcomes in patients with pyridoxine-responsive epilepsies, it does not fully meet the criteria for inclusion in a systematic review focused on specific clinical parameters, particularly related to pharmacological interventions or clear quantitative measures of disease transmission severity commonly included in public health studies.

Since the study lacks the necessary quantitative details related specifically to intervention efficacy or other key outcome measures required for the review's objectives, we lean towards exclusion.

<decision>EXCLUDE</decision>",EXCLUDE,False,2026-08-06T00:45:56.265922
PMID_42516310,PubMed,42516310,PMC12729167,10.1186/s13023-025-04075-7,Novel ALG13 Variants and an Expanded Neurodevelopmental Spectrum: Genotype-Phenotype Correlations.,"Su, Song; Hu, Wandong; Ren, Ying; Zhang, Tong; Yu, Chunmei; Zhang, Hongwei",Human mutation,2026,"BACKGROUND: The ALG13 gene is implicated in congenital disorders of glycosylation (CDG) and developmental and epileptic encephalopathy (DEE), yet genotype-phenotype correlations remain incompletely understood.
METHODS: Whole-exome sequencing (WES) was performed in unrelated families, and we systematically reviewed existing patient data on ALG13 variants and investigated the expression patterns of ALG13 using organoid models.
RESULTS: This study reports five patients with ALG13 variants, including two novel variants. Four patients presented with epilepsy accompanied by neurodevelopmental impairment, including infantile epileptic spasms syndrome (IESS) and drug-resistant epilepsy, whereas one patient showed developmental delay without seizures. Further analysis revealed that variants identified in patients with isolated developmental delay were primarily located outside the key glycosylation functional domain. Statistical analysis of patients with epileptic encephalopathy showed that infantile-onset seizures were the predominant feature, with most cases being refractory to treatment. Additionally, in organoids, the highest ALG13 expression was observed at 1 month in ectodermal-derived neurons (EN). At 5 months, peak expression shifted to deep-layer cortical neurons (EN-CTX-Deep).
CONCLUSIONS: ALG13 variants are associated with a broad phenotypic spectrum ranging from DEE to neurodevelopmental impairment without seizures. Our findings support a possible domain-related genotype-phenotype association and provide additional developmental context for the role of ALG13 in neurodevelopmental disorders. Further functional studies are required to clarify the pathogenic mechanisms of different ALG13 variants.",https://pubmed.ncbi.nlm.nih.gov/42516310/,,,epilepsy,(Epilepsy[MeSH] OR epilepsy[tiab] OR seizure[tiab] OR anticonvulsant[tiab]) AND (treatment[tiab] OR intervention[tiab] OR therapy[tiab]),2026-08-05T17:46:50+00:00,,,,,,"To determine the inclusion or exclusion of the provided abstract based on the systematic review's predefined criteria, let's evaluate it step by step against the inclusion and exclusion criteria.

### Inclusion Criteria
1. **Pathogen: Must be about Epilepsy**
   - The study involves patients with epilepsy. **(Met)**

2. **Language: English only**
   - The abstract is in English. **(Met)**

3. **Study type: Peer-reviewed, original research (note systematic reviews/meta-analyses for special consideration)**
   - This appears to be original research, but we need to confirm it's peer-reviewed. Assuming it meets this requirement tentatively. **(Tentatively Met)**

4. **Population: Human subjects**
   - The study involves human patients. **(Met)**

5. **Content: Must contain AT LEAST ONE of:**
   - a) Quantitative details of concluded/ongoing human outbreak (size, year, location, duration, spatial scale): **Not Met.**
   - b) Mathematical or statistical model of disease transmission: **Not Met.**
   - c) Measures/estimates of transmission parameters: R, R0, Rt, r, Re, growth rate, doubling time: **Not Met.**
   - d) Measures/estimates of timing parameters: generation time, serial interval, incubation period, latent period, infectious period: **Not Met.**
   - e) Measures/estimates of severity: CFR, IFR, hospitalization rate, mortality rate, attack rate: **Not Met.**
   - f) Measures/estimates of genetic evolution: mutation rate, substitution rate, evolutionary rate: **Not Met.**
   - g) Measures of overdispersion or superspreading (k parameter, transmission heterogeneity): **Not Met.**
   - h) Seroprevalence data or serological surveys: **Not Met.**
   - i) Risk factors for infection, severe disease, death, or hospitalization (with statistical measures): **Not Met.**
   - j) Measures/estimates of vector parameters: **Not Met.**
   
   Overall, no specific outcome measures related to seizure frequency or seizure-free rates are reported, which is specified in the inclusion criteria. **(Not Met)**

### Exclusion Criteria
1. **Pathogen: Not about Epilepsy (exclude studies on other pathogens)**
   - The study is about epilepsy. **(Not Excluded)**

2. **Language: Non-English**
   - The abstract is in English. **(Not Excluded)**

3. **Publication type: Conference proceedings, abstracts, posters, correspondence**
   - This is an original research abstract. **(Not Excluded)**

4. **Study design: In-vitro studies only (no human or animal component)**
   - The study involves human patients, so it is not in-vitro only. **(Not Excluded)**

5. **Study design: Solely animal studies AND animal studies that do not report transmission parameters (R0, Rt, Re, r, growth rate, mutation rate)**
   - The study does not involve solely animal studies. **(Not Excluded)**

6. **Outbreak type: Accidental laboratory outbreaks (not natural disease transmission)**
   - The study does not mention laboratory outbreaks. **(Not Excluded)**

### Summary
The study appears relevant to epilepsy; however, it does not meet the specific detailed outcome measures related to seizure frequency or seizure-free rates, which are required for inclusion. Given that the study does not report these essential clinical outcomes and focuses on genetic aspects without quantitative seizure data, it cannot be included in the systematic review.

<decision>EXCLUDE</decision>",EXCLUDE,False,2026-08-06T00:45:56.265976
PMID_42514222,PubMed,42514222,PMC4412776,10.1002/dev.21280,Developmental Window-Dependent Effects of Neonatal Tactile Stimulation on Sensorimotor Development in WAG/Rij Rat Pups.,"Balikci, Aymen; May-Benson, Teresa A; Ilbay, Gul","Life (Basel, Switzerland)",2026,"Background: Early-life sensory experiences play a crucial role in the maturation of neural circuits underlying sensorimotor development. The present study investigated whether the effects of neonatal tactile stimulation (NTS) on sensorimotor development depend on the developmental timing of the intervention in WAG/Rij rat pups, a well-established genetic model of absence epilepsy. Methods: Seventy rat pups were randomly assigned to five groups: Wistar control, WAG/Rij control, and WAG/Rij rats receiving NTS during the first (PN Week 1-NTS), second (PN Week 2-NTS), or third (PN Week 3-NTS) postnatal week. Tactile stimulation was administered three times daily. Sensorimotor development was assessed on postnatal day 22 using a modified rung-bridge task that evaluated orientation, flexor/extensor activity, distal control, gait development, postural control, sensorimotor responses, tail use, total sensorimotor performance, and crossing time. Results: WAG/Rij control pups exhibited impaired sensorimotor performance compared with Wistar controls, demonstrating lower distal control, gait development, sensorimotor response, and total sensorimotor scores, together with prolonged crossing times. The effects of the NTS protocol were dependent on the developmental window in which it was administered. The NTS protocol applied during the second postnatal week was associated with the most pronounced improvements, including significantly higher distal control, sensorimotor response, tail performance, and total sensorimotor scores, as well as significantly shorter crossing times compared with untreated WAG/Rij controls. In contrast, orientation, flexor/extensor activity, and postural control were not significantly affected. Discussion and Conclusions: These findings indicate that sensorimotor abnormalities are detectable in WAG/Rij rats during the early postnatal period, before the typical adult expression of absence seizures. The effects of the NTS protocol were strongly dependent on developmental timing, with the second postnatal week representing a particularly sensitive developmental window for sensorimotor maturation. Overall, the NTS protocol was associated with improved early sensorimotor performance in WAG/Rij rats, particularly when administered during the second postnatal week. Because a sham-handled control group was not included, these findings should be interpreted as reflecting the NTS protocol as a whole rather than tactile stimulation alone.",https://pubmed.ncbi.nlm.nih.gov/42514222/,,,epilepsy,(Epilepsy[MeSH] OR epilepsy[tiab] OR seizure[tiab] OR anticonvulsant[tiab]) AND (treatment[tiab] OR intervention[tiab] OR therapy[tiab]),2026-08-05T17:46:50+00:00,,,,,,"To evaluate whether the provided study abstract should be included in the systematic review on epilepsy, we'll assess it against the inclusion and exclusion criteria step by step.

## Inclusion Criteria Check

1. **Pathogen: Must be about Epilepsy**  
   - The study concerns WAG/Rij rat pups, a genetic model of absence epilepsy. Although it uses an animal model, there is a direct connection to epilepsy. 

2. **Language: English only**  
   - The abstract is in English.

3. **Study type: Peer-reviewed, original research (note systematic reviews/meta-analyses for special consideration)**  
   - The abstract appears to represent original research, although we cannot confirm its peer-reviewed status from the abstract alone.

4. **Population: Human subjects (animal studies acceptable if reporting EITHER: transmission parameters...)**  
   - This study is conducted on rat pups, thus it focuses on animal subjects only without including any human subjects.

5. **Content: Must contain AT LEAST ONE of...**  
   - The study outlines the effects of neonatal tactile stimulation (NTS) on sensorimotor development, but does not provide any quantitative details related to human outbreaks or the defined transmission parameters or measures of severity outlined in the inclusion criteria.

## Exclusion Criteria Check

1. **Pathogen: Not about Epilepsy (exclude studies on other pathogens)**  
   - The study is relevant to epilepsy through the WAG/Rij rat model.

2. **Language: Non-English**  
   - The language is English.

3. **Publication type: Conference proceedings, abstracts, posters, correspondence**  
   - The abstract seems to be part of a presentation, which would generally classify it as an abstract or preliminary report.

4. **Study design: In-vitro studies only (no human or animal component)**  
   - The study is based on animal studies, so this criterion does not apply.

5. **Study design: Solely animal studies AND animal studies that do not report transmission parameters...**  
   - The study is solely based on animal research and does not report any transmission parameters or human outcomes. This criterion applies here and should exclude the study.

6. **Outbreak type: Accidental laboratory outbreaks (not natural disease transmission)**  
   - Does not apply as the study is not discussing outbreaks.

Since the study does not meet the inclusion criteria regarding the population (it is an animal study and does not include any human data) and it aligns with the exclusion criteria of being a solely animal study that does not report relevant quantitative outcomes, it should be excluded from our review.

<decision>EXCLUDE</decision>",EXCLUDE,False,2026-08-06T00:45:56.266034
PMID_42512521,PubMed,42512521,PMC9136030,10.3389/fsurg.2022.887329,Navigating the Eloquent Brain: A Multicenter Study on the Safety and Efficacy of Symptomatic Cavernoma Resection.,"Rowbottom, Hojka; Velnar, Tomaž; Ravnik, Janez; Kozorog, Ninna; Šmigoc, Tomaž",Brain sciences,2026,"Background/Objectives: Surgical management of cerebral cavernous malformations (CCMs) within eloquent brain regions presents a high risk of neurological deficits. This study describes the clinical outcomes and technical feasibility of microsurgical resection for symptomatic eloquent CCMs, detailing the integration of advanced intraoperative adjuncts aimed at optimization of seizure control and functional preservation. Methods: We conducted a retrospective multicenter analysis of nine adult patients who underwent microsurgical resection for symptomatic eloquent CCMs between January 2021 and December 2025 across two tertiary centers in Slovenia. Intraoperative modalities included 100% neuronavigation, 55.6% intraoperative ultrasound, 77.8% intraoperative neuromonitoring (IONM) with motor and somatosensory evoked potentials, and 22.2% awake craniotomies. Results: Seizures were the primary clinical presentation in 77.8% of patients (66.7% medically refractory), and the overall hemorrhage rate was 66.7%. Gross total resection of the CCM was achieved in 100% of cases, with complete hemosiderin rim removal in 80% of applicable lesions. Early postoperative complications occurred in four patients, but at the maximum 48-month follow-up, 100% of the cohort achieved complete seizure control, and 44.4% successfully discontinued antiepileptic drugs. Long-term focal neurological deficits persisted in only two patients, while 77.8% were able to work following surgery. Conclusions: Microsurgical resection remains a well-established treatment modality for symptomatic CCMs. In this small, descriptive series of patients with lesions in functionally critical regions, high rates of gross total resection and favorable long-term seizure freedom were observed. These findings suggest that a multimodal approach combining anatomical neuronavigation with functional IONM may help minimize permanent morbidity, though larger cohorts are required to establish definitive efficacy.",https://pubmed.ncbi.nlm.nih.gov/42512521/,,,epilepsy,(Epilepsy[MeSH] OR epilepsy[tiab] OR seizure[tiab] OR anticonvulsant[tiab]) AND (treatment[tiab] OR intervention[tiab] OR therapy[tiab]),2026-08-05T17:46:50+00:00,,,,,,"Let's evaluate the provided abstract against the inclusion and exclusion criteria.

### Inclusion Criteria Evaluation:

1. **Pathogen: Must be about Epilepsy**
   - This study focuses on symptomatic cavernomas and their surgical management, specifically addressing seizure control but does not primarily focus on epilepsy as a condition or a pathogen. 
   - **Not Met**

2. **Language: English only**
   - The abstract is written in English.
   - **Met**

3. **Study type: Peer-reviewed, original research (note systematic reviews/meta-analyses for special consideration)**
   - The abstract describes original research (a multicenter study) that is likely to be peer-reviewed.
   - **Met**

4. **Population: Human subjects (animal studies acceptable if reporting specified parameters)**
   - The study involves human patients (adults undergoing surgery).
   - **Met**

5. **Content: Must contain AT LEAST ONE of:**
   - The abstract does mention seizure outcomes (i.e., seizure control and antiepileptic drug discontinuation) related to resection of CCMs which may be considered relevant to the broader context of epilepsy. Though it does not enumerate quantitative seizure frequency data, it outlines clinical outcomes linked to seizures.
   - **Possible Met** (Needs careful consideration since it lacks explicit seizure frequency values)

### Exclusion Criteria Evaluation:

1. **Pathogen: Not about Epilepsy (exclude studies on other pathogens)**
   - The focus is primarily on cavernomas and surgical outcomes rather than epilepsy directly.
   - **Met (exclusion)** 

2. **Language: Non-English**
   - The abstract is in English.
   - **Not Met**

3. **Publication type: Conference proceedings, abstracts, posters, correspondence**
   - The abstract is a summary of original research and could pertain to conference proceedings.
   - **Met (exclusion)**

4. **Study design: In-vitro studies only (no human or animal component)**
   - This is not applicable as it involves human participants.
   - **Not Met**

5. **Study design: Solely animal studies AND animal studies that do not report transmission parameters**
   - This is not applicable as it involves human participants.
   - **Not Met**

6. **Outbreak type: Accidental laboratory outbreaks (not natural disease transmission)**
   - Not applicable, since the study focuses on surgical outcomes and not disease transmission.
   - **Not Met**

### Conclusion

The study discusses a surgical intervention related to seizure control in brain lesions, but it does not fit the primary focus of epilepsy diagnosis and management comprehensively. It remains focused on cavernomas and surgical outcomes rather than epilepsy as a disease itself. Given the strict adherence to the inclusion and exclusion criteria, and particularly the fact that the primary subject matter does not align fully with epilepsy being the central focus, I would recommend exclusion.

<decision>EXCLUDE</decision>",EXCLUDE,False,2026-08-06T00:45:56.266092
PMID_42509062,PubMed,42509062,,10.1016/j.encep.2026.04.003,Optimizing ECT in a complex neuroanatomical context: A case-based approach combining clinical outcome and electric field modeling.,"Gosez, Julie; Le Tutour, Tom; Sarkar, Anish; Sensale, Marco; Germaneau, Arnaud; Jaafari, Nemat; Harika-Germaneau, Ghina",L'Encephale,2026,"Electroconvulsive therapy (ECT) is an effective intervention for treatment-resistant schizophrenia, but failure to induce adequate seizures remains a clinical challenge, especially in patients with high seizure thresholds. We report the case of a 55-year-old woman with chronic treatment-resistant schizophrenia and a left temporal meningioma, who initially responded to bifrontal ECT but later developed resistance to induced seizures. A switch to right unilateral (RUL) stimulation successfully re-induced therapeutic seizures, with sustained clinical improvement. To understand this outcome, we conducted electric field modeling using patient-specific MRI data and finite-element simulations with SimNIBS. The analysis compared bifrontal and RUL montages, with and without modeling of the meningioma. Results showed no significant impact of the meningioma on current distribution. However, the RUL montage consistently generated higher mean electric fields in cortical regions compared to the bifrontal configuration. These findings offer a mechanistic explanation for the clinical efficacy of the RUL approach in this case and highlight the potential of electric field modeling to optimize stimulation parameters, especially in anatomically complex cases. This case supports the utility of switching electrode montages as a simple, safe, and effective strategy when seizure thresholds rise, and it suggests a promising role for computational modeling in guiding personalized ECT planning. Further research is needed to assess the broader applicability of this approach and to explore its cognitive and functional implications.",https://pubmed.ncbi.nlm.nih.gov/42509062/,,,epilepsy,(Epilepsy[MeSH] OR epilepsy[tiab] OR seizure[tiab] OR anticonvulsant[tiab]) AND (treatment[tiab] OR intervention[tiab] OR therapy[tiab]),2026-08-05T17:46:50+00:00,,,,,,"To assess whether the paper should be included in the systematic review on epilepsy, I will evaluate it against each of the predefined inclusion and exclusion criteria step by step.

### Inclusion Criteria
1. **Pathogen: Must be about Epilepsy**  
   - **Assessment**: The study discusses electroconvulsive therapy (ECT) for treatment-resistant schizophrenia and does not mention epilepsy or seizure disorders directly in a clinical context that aligns with epilepsy outcomes.
   - **Result**: Not met.

2. **Language: English only**  
   - **Assessment**: The abstract is in English.
   - **Result**: Met.

3. **Study type: Peer-reviewed, original research (note systematic reviews/meta-analyses for special consideration)**  
   - **Assessment**: The type of study is not specified in the provided information. It seems to describe a case report rather than an original study with broader implications.
   - **Result**: Uncertain, but likely** Not met.

4. **Population: Human subjects**  
   - **Assessment**: The study involves a 55-year-old woman, which meets this criterion.
   - **Result**: Met.

5. **Content: Must contain AT LEAST ONE of** (a-j items related to outbreaks or transmission)  
   - **Assessment**: The study does not deal with any of the parameters listed that are related to epilepsy, as it focuses on ECT and seizure thresholds in a psychiatric context, without quantifiable measures or predictions related to seizure frequency or outcomes specifically.
   - **Result**: Not met.

### Exclusion Criteria
1. **Pathogen: Not about Epilepsy (exclude studies on other pathogens)**  
   - **Assessment**: The study does not focus on epilepsy or seizures.
   - **Result**: Excluded.

2. **Language: Non-English**  
   - **Assessment**: The abstract is in English.
   - **Result**: Not applicable for exclusion.

3. **Publication type: Conference proceedings, abstracts, posters, correspondence**  
   - **Assessment**: No indication is given that this abstract falls into any of these publication types since we are evaluating it purely as an abstract for its content.
   - **Result**: Not applicable for exclusion.

4. **Study design: In-vitro studies only (no human or animal component)**  
   - **Assessment**: This seems to involve a human case.
   - **Result**: Not applicable for exclusion.

5. **Study design: Solely animal studies AND animal studies that do not report transmission parameters**  
   - **Assessment**: The study involves human subjects.
   - **Result**: Not applicable for exclusion.

6. **Outbreak type: Accidental laboratory outbreaks (not natural disease transmission)**  
   - **Assessment**: This study does not discuss an outbreak but rather an individual case of ECT.
   - **Result**: Not applicable for exclusion.

### Conclusion
Given the evaluations above, the study fails to meet the core inclusion criteria fundamental to the review's focus on epilepsy and seizure outcomes. The primary aim of the study does not align with the systematic review's objectives, and therefore it should be excluded.

<decision>EXCLUDE</decision>",EXCLUDE,False,2026-08-06T00:45:56.266148
PMID_42504887,PubMed,42504887,,10.1002/epd2.70358,Impact of medical and surgical treatment on stigma among people with epilepsy: A systematic review.,"Sharma, Mayank; Singh, Mamta Bhushan; Bisht, Ramila; Bhatia, Rohit; Tiwari, Hemant Kumar; Parihar, Jasmine; Haldar, Partha; Sander, Josemir W; Singh, Gagandeep; Maulik, Pallab K; Raman, Usha",Epileptic disorders : international epilepsy journal with videotape,2026,"OBJECTIVE: The stigma surrounding epilepsy affects medication adherence, psychosocial well-being, and quality of life. While medical and surgical interventions aim for seizure control, their impact on stigma remains unclear. We appraised published literature examining the relationship between epilepsy treatment and stigma.
METHODS: We conducted a systematic review across PubMed, Embase, PsycINFO, Web of Science, and Scopus to identify studies examining how epilepsy treatment affects stigma among people with epilepsy. We included studies providing quantitative assessments of stigma in relation to medical treatment or surgical interventions. Given the heterogeneity of study designs and outcomes, we synthesized data narratively. Risk of bias was evaluated using the Joanna Briggs Institute Critical Appraisal Tools. This systematic review is registered on PROSPERO (CRD42024526560).
RESULTS: Ten studies were analyzed: seven on medical treatment (three cross-sectional, three cohort studies, and one randomized trial) and three on surgical interventions (cohort studies). Medical treatments also yielded mixed results, with stigma reductions linked to improved seizure control and psychosocial outcomes. Surgical interventions were frequently associated with reduced stigma; however, findings vary with some data indicating that stigma does not significantly decrease following epilepsy surgery. Studies from low- and middle-income countries reported persistent stigma driven by limited access and cultural barriers.
SIGNIFICANCE: Evidence suggests surgical treatment may reduce perceived stigma among people with epilepsy, though it is based on limited studies. Outcomes of medical treatment vary significantly, as they are influenced by seizure control, psychosocial support, and healthcare access. Further research is required to fully elucidate the relationships between treatment interventions, stigma, and different socio-economic contexts.",https://pubmed.ncbi.nlm.nih.gov/42504887/,,,epilepsy,(Epilepsy[MeSH] OR epilepsy[tiab] OR seizure[tiab] OR anticonvulsant[tiab]) AND (treatment[tiab] OR intervention[tiab] OR therapy[tiab]),2026-08-05T17:46:50+00:00,,,,,,"To determine whether to include or exclude the study based on the predefined inclusion and exclusion criteria, we will assess the abstract step by step.

### Inclusion Criteria
1. **Pathogen: Must be about Epilepsy**
   - The study explicitly focuses on stigma related to epilepsy and its treatment. **Met**
  
2. **Language: English only**
   - The abstract is in English. **Met**
  
3. **Study type: Peer-reviewed, original research (note systematic reviews/meta-analyses for special consideration)**
   - The study is a systematic review, which is given special consideration in the criteria. **Met**

4. **Population: Human subjects**
   - The study analyzes human subjects with epilepsy. **Met**

5. **Content: Must contain AT LEAST ONE of...**
   - The study discusses medical and surgical interventions, including their impact on stigma. However, it does not provide quantitative details about seizure frequency or seizure-free rates, nor does it report other specified content related to quantitative measures (such as outcomes directly tied to seizure control). The focus is on stigma rather than seizure outcomes specifically. **Not Met**

### Exclusion Criteria
1. **Pathogen: Not about Epilepsy**
   - The study is about epilepsy. **Not applicable**

2. **Language: Non-English**
   - The abstract is in English. **Not applicable**

3. **Publication type: Conference proceedings, abstracts, posters, correspondence**
   - This is a systematic review, not one of the excluded publication types. **Not applicable**

4. **Study design: In-vitro studies only**
   - The study involves human subjects, thus this criterion does not apply. **Not applicable**

5. **Study design: Solely animal studies AND animal studies that do not report transmission parameters**
   - The study is about humans with epilepsy, so this criterion does not apply. **Not applicable**

6. **Outbreak type: Accidental laboratory outbreaks**
   - This criterion does not apply as the study focuses on the stigma of epilepsy and does not mention outbreaks. **Not applicable**

### Conclusion
While the study is relevant to epilepsy and focuses on the treatment-related stigma, it does not meet the inclusion criteria regarding the required clinical outcome measures or other metrics related to the quality of seizure outcomes or related quantitative data. Thus, the study does not fit the strict parameters established for inclusion.

<decision>EXCLUDE</decision>",EXCLUDE,False,2026-08-06T00:45:56.266210
PMID_42504746,PubMed,42504746,,10.1002/epd2.70356,Electroclinical phenotypes-genetic characterization of developmental and epileptic encephalopathies in a cohort study.,"Yaman, Burcu; Kurekci, Fulya; Akbas, Sinan; Oney, Ceyda; Kilic, Mehmet Akif; Genc, Hulya Maras; Aslanger, Ayca Dilruba; Yildiz, Edibe Pembegul",Epileptic disorders : international epilepsy journal with videotape,2026,"OBJECTIVE: Developmental and epileptic encephalopathies (DEEs) are characterized by refractory seizures and frequently recurring epileptic activity with neurodevelopmental delay or regression that usually begin in early life. We aimed to define the relationship between electroclinical features and etiology, as well as the genotype-phenotype characterizations and prognosis with genetically determined DEEs.
METHODS: We retrospectively evaluated patients with DEEs who were referred to the Division of Pediatric Neurology at our university hospital between 2017 and 2021 and followed for at least 24 months. Demographic characteristics, etiologies, genetic findings, and electroclinical phenotypes were analyzed in 136 children with DEEs.
RESULTS: In our study, 50.7% of the patients were female. Age at presentation ranged from 1 to 126 months and the mean age at seizure onset was 9.4 months. Etiology was genetic in 41 patients (30.1%), structural in 32 patients (23.5%), and metabolic in 17 patients (12.5%). Among patients with a genetic etiology, 32 were genetically solved, including 28 with pathogenic or likely pathogenic single-gene variants and 4 with pathogenic copy number variants or chromosomal rearrangements. Eight additional patients had phenotype-concordant variants of uncertain significance, and one patient had a clinical-only genetic diagnosis. SCN1A was the most frequently affected gene. Electroclinical phenotypes in genetic DEEs were as follows: EIDEE in 11 patients, Dravet syndrome in 10, IESS in 6, EMAS in 2, LGS in 2, and unclassified in 10 patients.
SIGNIFICANCE: We characterized DEEs with genetic etiology in our cohort and described their associated electroclinical phenotypes, including several novel variants in disease-associated genes. Understanding the diverse underlying etiologies of DEEs in children, along with their genotypic and phenotypic characteristics, is crucial for early diagnosis and treatment and the development of targeted management strategies.",https://pubmed.ncbi.nlm.nih.gov/42504746/,,,epilepsy,(Epilepsy[MeSH] OR epilepsy[tiab] OR seizure[tiab] OR anticonvulsant[tiab]) AND (treatment[tiab] OR intervention[tiab] OR therapy[tiab]),2026-08-05T17:46:50+00:00,,,,,,"Let's evaluate this study abstract against the inclusion and exclusion criteria step by step:

## Inclusion Criteria Analysis
1. **Pathogen: Must be about Epilepsy** 
   - The study is about Developmental and Epileptic Encephalopathies (DEEs), which are indeed related to epilepsy. **(Met)**

2. **Language: English only** 
   - The abstract is in English. **(Met)**

3. **Study type: Peer-reviewed, original research (note systematic reviews/meta-analyses for special consideration)** 
   - This appears to be original research and does not fall under systematic reviews or meta-analyses. **(Met)**

4. **Population: Human subjects (animal studies acceptable if reporting EITHER transmission parameters)** 
   - The study involves human subjects (children with DEEs). **(Met)**

5. **Content: Must contain AT LEAST ONE of:** 
   - The study discusses genetic findings, electroclinical phenotypes, and seizure characteristics. However, it does not explicitly report on seizure frequency or seizure-free rates. Although it provides valuable insights into the etiology and genotypic characteristics associated with DEEs, it lacks quantitative details directly related to seizure outcomes as defined in the inclusion criteria. **(Not Met)**

## Exclusion Criteria Analysis
1. **Pathogen: Not about Epilepsy (exclude studies on other pathogens)** 
   - This study is indeed about epilepsy. **(Not Applicable)** 

2. **Language: Non-English** 
   - The abstract is in English. **(Not Applicable)** 

3. **Publication type: Conference proceedings, abstracts, posters, correspondence** 
   - This is an original research abstract, which will be considered for inclusion. **(Not Applicable)** 

4. **Study design: In-vitro studies only (no human or animal component)** 
   - This study involves human subjects, so it doesn't fall into this category. **(Not Applicable)** 

5. **Study design: Solely animal studies AND animal studies that do not report transmission parameters** 
   - This study does not involve animal studies. **(Not Applicable)** 

6. **Outbreak type: Accidental laboratory outbreaks (not natural disease transmission)** 
   - The study does not pertain to *outbreaks* but focuses on electroclinical phenotypes of DEEs. **(Not Applicable)** 

Overall, despite meeting most of the inclusion criteria, the study fails to meet a key criterion regarding the reporting of seizure frequency or seizure-free rates, which is crucial for eligibility in the systematic review. As such, it should be excluded.

<decision>EXCLUDE</decision>",EXCLUDE,False,2026-08-06T00:45:56.266264
PMID_42503995,PubMed,42503995,,10.1080/15287394.2026.2706647,Protective effects of Gamma-decanolactone against PTZ-induced behavioral alterations in Caenorhabditis elegans: behavioral and In Silico evidence.,"Lemos Mendes, Thaís; Lopes de Souza, Vinicius; Pflüger, Pricila; Batista Feitosa, Éwerton Antônio; Lobo, Larissa Aline Carneiro; Alves Santos, Péterson; Pereira, Patrícia",Journal of toxicology and environmental health. Part A,2026,"Gamma-decanolactone (GD) was found to exert neuroprotective and anticonvulsant effects in seizure rodent models induced by pentylenetetrazol (PTZ), although mechanisms of action remain to be determined. The aim of this study was to investigate GD-initiated (1) behavioral effects (2) protective activity against PTZ-induced paralysis in Caenorhabditis elegans, and (3) interaction with GABAergic system utilizing in silico analyses. Molecular docking demonstrated favorable binding energies between GD and key GABAergic proteins in C. elegans, including unc-25 (encodes glutamic acid decarboxylase), unc-47 (encodes the vesicular GABA transporter), and unc-49 (encodes the ionotropic GABA receptor subunit), with the strongest interaction observed for unc-47. Docking studies with human GABA(A) receptor subunits also indicated compatible binding within conserved receptor cavities. In mutant worms unc-29(e193) I, GD reduced body bends after pre-treatment, although this effect was reversed after 48 h. GD also diminished pharyngeal pumping in the cca-1(ad1650) X strain, but not wild-type N2 animals. Importantly, GD significantly decreased PTZ-induced paralysis in wild-type worms in a dose-dependent manner after 24 or 48 h. However, no marked protective effect was detected in mutant strains lacking unc-25, unc-47, or unc-49, suggesting that the anticonvulsant effects of GD appear to depend upon intact GABAergic signaling pathways.",https://pubmed.ncbi.nlm.nih.gov/42503995/,,,epilepsy,(Epilepsy[MeSH] OR epilepsy[tiab] OR seizure[tiab] OR anticonvulsant[tiab]) AND (treatment[tiab] OR intervention[tiab] OR therapy[tiab]),2026-08-05T17:46:50+00:00,,,,,,"To evaluate the given abstract against the inclusion and exclusion criteria, we will systematically go through each specified criterion and assess whether the abstract meets the necessary requirements.

### Inclusion Criteria Evaluation
1. **Pathogen:** The study must be about Epilepsy.
   - The abstract discusses the neuroprotective and anticonvulsant effects of Gamma-decanolactone in seizure models, indicating a focus on seizure activity related to epilepsy. This criterion is met.

2. **Language:** English only.
   - The abstract is in English, so this criterion is met.

3. **Study type:** Peer-reviewed, original research (noting systematic reviews/meta-analyses).
   - The abstract presents findings from original research involving animal models, which indicates it is original research. This criterion is met.

4. **Population:** Human subjects.
   - The abstract primarily involves studies performed on *Caenorhabditis elegans*, a model organism, and does not mention human subjects. Thus, this criterion is **not met**.

5. **Content:** Must contain at least one of the listed content requirements.
   - The study focuses on the anticonvulsant effects and protective action related to GABAergic pathways in the model organism, but it does not provide any clinical outcomes or measures related to humans with epilepsy, particularly focusing on human seizure frequency or rates. This criterion is likely **not met** since it does not discuss human-related outcomes.

### Exclusion Criteria Evaluation
1. **Pathogen:** Not about Epilepsy (exclude studies on other pathogens).
   - As discussed earlier, the study is related to seizure activity and potential epilepsy treatment, so this criterion is not applicable.

2. **Language:** Non-English.
   - The abstract is in English, so this criterion does not apply.

3. **Publication type:** Conference proceedings, abstracts, posters, correspondence.
   - This is an abstract of original research, not merely a conference proceeding or similar, so this criterion does not apply.

4. **Study design:** In-vitro studies only (no human or animal component).
   - The study involves a model organism (*C. elegans*), so it is not an in-vitro study, so this criterion does not apply.

5. **Study design:** Solely animal studies AND animal studies that do not report transmission parameters.
   - The study is solely on an animal model and does not report human participant outcomes or seizure frequency or rates, which could imply exclusion based on relevance. This criterion likely applies.

6. **Outbreak type:** Accidental laboratory outbreaks (not natural disease transmission).
   - Not applicable here as it's about epilepsy-related effects without an outbreak context.

### Conclusion
The study focuses on *Caenorhabditis elegans* and does not involve human subjects or report on human clinical outcomes, specifically seizure frequency or seizure-free rates, which are central to the inclusion criteria. Therefore, the study does not meet the criteria for inclusion based on its relevance to human epilepsy research.

Given this evaluation, the final decision is:

<decision>EXCLUDE</decision>",EXCLUDE,False,2026-08-06T00:45:56.266314
PMID_42503215,PubMed,42503215,PMC2896144,10.1093/nar/gkq311,Lippia grata Schauer: Essential Oil as a Source of the Phytotherapeutic Thymol for the Treatment of Seizures and Anxiety Induced by Alcohol Withdrawal in Adult Zebrafish.,"Moura, Luiz F Wemmenson Gonçalves; de Oliveira, Maria Rayane C; do Nascimento, Gabriela A; da Silva, João Gabriel L; Coelho, Paulo Adenes T; Lima, Lorena S; Santos, Sacha Aubrey A R; de Oliveira, Keciany A; Batista, Francisco Lucas Alves; Ishiki, Hamilton M; Vieira-Neto, Antonio Eufrásio; Félix, Stenio F; da Silva, Wildson Max B; Pinheiro, Solange de O; Frota, Lucas S; de Morais, Selene M; Guedes, Maria Izabel Florindo; Farias-Pereira, Renalison; Coutinho, Henrique Douglas M; Campos, Adriana R; Magalhães, Francisco Ernani A",Chemistry & biodiversity,2026,"Lippia grata Schauer, a species of the Verbenaceae family, is native to the Northeastern region of Brazil and widely distributed in the Seasonally Dry Tropical Forest. Commonly known as ""alecrim-da-chapada,"" this medicinal plant stands out for its antimicrobial and pharmacological properties, mainly due to its essential oils rich in thymol and carvacrol. These compounds confer antifungal, antibiotic, anti-inflammatory, antioxidant, and antitumor activities, highlighting their potential in folk medicine. Based on this, the present study aimed to use in silico and in vivo tests in adult zebrafish as an alternative method to investigate the therapeutic potential of the essential oil of Lippia grata (EOLg) and its main constituent thymol (2-isopropyl-5-methylphenol) in the treatment of seizures and anxiety induced by alcohol withdrawal. Initially, adult zebrafish (n = 6/group) were treated with EOLg and thymol (0.01 or  0.1 or 1.0 mg/mL; 20 µL; oral administration) and assessed for anxiolytic, convulsive, and acute toxicity effects after 96 h. Subsequently, the potential anxiolytic-like, anticonvulsant effects, the possible GABAergic mechanism, and the efficacy of the samples in treating anxiety induced by alcohol withdrawal in adult zebrafish were investigated. Furthermore, molecular docking simulations of thymol with GABAergic receptors were performed. Preliminary results showed that EOLg and thymol were nontoxic and did not exhibit sedative effects in ZFa. Both demonstrated anticonvulsant and anxiolytic effects involving GABAA receptors and were effective in treating anxiety induced by alcohol withdrawal in the chronic test. These in vivo effects were corroborated by the potential interaction between thymol and the GABAA receptor identified in the in silico analysis.",https://pubmed.ncbi.nlm.nih.gov/42503215/,,,epilepsy,(Epilepsy[MeSH] OR epilepsy[tiab] OR seizure[tiab] OR anticonvulsant[tiab]) AND (treatment[tiab] OR intervention[tiab] OR therapy[tiab]),2026-08-05T17:46:50+00:00,,,,,,"To evaluate the given abstract against the key inclusion and exclusion criteria for the systematic review on Epilepsy, let's assess it step by step:

### Inclusion Criteria Assessment
1. **Pathogen: Must be about Epilepsy.**
   - The study focuses on the treatment of seizures, but it is conducted in adult zebrafish, not humans. While seizures are a symptom of epilepsy, the study does not directly involve patients with a confirmed epilepsy diagnosis.
   
2. **Language: English only.**
   - The abstract is in English. 
   - **This criterion is met.**

3. **Study type: Peer-reviewed, original research (note systematic reviews/meta-analyses for special consideration).**
   - The abstract describes original research involving zebrafish as subjects.
   - **This criterion is met.**

4. **Population: Human subjects.**
   - The study exclusively involves adult zebrafish, not human subjects.
   - **This criterion is not met.**

5. **Content: Must contain AT LEAST ONE of the specified content measures.**
   - The study investigates the effects of essential oils on seizures and anxiety but does not quantify or provide detailed measures related to the specified content criteria (e.g., seizure frequency, severity measures).
   - **This criterion is not met.**

### Exclusion Criteria Assessment
1. **Pathogen: Not about Epilepsy (exclude studies on other pathogens).**
   - While the study is related to seizures, it does not focus directly on epilepsy or human populations.
   - **This criterion is applicable because it does not meet the focus on human epilepsy.**

2. **Language: Non-English.**
   - The abstract is in English.
   - **This criterion is not applicable.**

3. **Publication type: Conference proceedings, abstracts, posters, correspondence.**
   - The abstract appears to summarize research findings, which may fall into these categories.
   - **This criterion may apply for exclusion.**

4. **Study design: In-vitro studies only (no human or animal component).**
   - The study involves zebrafish, which falls under animal studies.
   - **This criterion is not applicable.**

5. **Study design: Solely animal studies AND animal studies that do not report transmission parameters (R0, Rt, Re, r, growth rate, mutation rate).**
   - This study solely involves animal subjects (zebrafish), and it does not report on the specified transmission parameters. Therefore, it fits the exclusion criteria.
   - **This criterion is applicable for exclusion.**

6. **Outbreak type: Accidental laboratory outbreaks (not natural disease transmission).**
   - The abstract does not mention anything about outbreaks.
   - **This criterion is not applicable.**

### Conclusion
Based on the assessment, the study does not meet the key inclusion criteria, particularly the requirement for research on human subjects with confirmed epilepsy. Furthermore, the study falls under the exclusion criteria for being solely animal research and not related to the core focus of human epilepsy outcomes.

Therefore, I conclude that the study should be excluded from the systematic review. 

<decision>EXCLUDE</decision>",EXCLUDE,False,2026-08-06T00:45:56.266397
PMID_42501662,PubMed,42501662,,10.1016/j.seizure.2026.07.010,Clinical characteristics and factors associated with preoperative neurodevelopment in children with Rasmussen encephalitis: A single-centre retrospective study of 51 patients.,"Guo, Hongru; Liu, Qingzhu; Gong, Pan; Yu, Guojing; Wang, Shuang; Wu, Ye; Liu, Xiaoyan; Jiang, Yuwu; Cai, Lixin; Ji, Taoyun",Seizure,2026,"PURPOSE: To characterise clinical features of Rasmussen encephalitis (RE) and identify factors associated with preoperative neurodevelopmental status in affected children.
METHODS: This retrospective single-centre study included 51 paediatric patients diagnosed with RE who underwent surgical treatment. Demographic characteristics, seizure features, video-electroencephalography (VEEG) findings, magnetic resonance imaging (MRI) features, and neurodevelopmental assessments were systematically collected. Associations between full-scale developmental quotient/intelligence quotient (FSDQ/IQ) and clinical variables, including age at onset, disease duration, electroencephalography findings, MRI characteristics, and number of antiseizure medications (ASMs), were analysed.
RESULTS: All patients underwent hemispherotomy or hemispherectomy and were seizure-free at the latest follow-up, although one experienced postoperative seizures from the contralateral hemisphere. Epilepsia partialis continua occurred in 54.9% of patients, and 52.9% had contralateral independent epileptiform discharges. Early MRI showed hemispheric or focal atrophy in 49%. Preoperative neurodevelopmental assessment was completed in 45 patients, with a mean FSDQ/IQ of 70.5. Overall, 55.6% demonstrated normal or borderline development, and 26.7% had mild developmental delay. Motor function was the most affected domain, whereas cognitive and non-motor domains were generally borderline. Patients with contralateral epileptiform discharges had lower FSDQ/IQ than those without (p = 0.001), and this association remained significant after adjustment for age at seizure onset, disease duration, and number of ASMs.
CONCLUSION: Preoperative neurodevelopmental status in children with RE was heterogeneous, with overall scores in the borderline range. Contralateral independent epileptiform discharges were independently associated with lower FSDQ/IQ, although the underlying mechanisms and clinical significance of this association remain uncertain. These findings support close developmental monitoring and individualised preoperative assessment in RE.",https://pubmed.ncbi.nlm.nih.gov/42501662/,,,epilepsy,(Epilepsy[MeSH] OR epilepsy[tiab] OR seizure[tiab] OR anticonvulsant[tiab]) AND (treatment[tiab] OR intervention[tiab] OR therapy[tiab]),2026-08-05T17:46:50+00:00,,,,,,"To decide on the inclusion of the abstract regarding clinical characteristics and factors associated with preoperative neurodevelopment in children with Rasmussen encephalitis, we need to evaluate it against the specified inclusion and exclusion criteria carefully.

### Inclusion Criteria Assessment

1. **Pathogen: Must be about Epilepsy**  
   The study discusses Rasmussen encephalitis, which is a form of epilepsy. **[MET]**

2. **Language: English only**  
   The abstract is presented in English. **[MET]**

3. **Study type: Peer-reviewed, original research (note systematic reviews/meta-analyses for special consideration)**  
   The study is described as a single-centre retrospective study. Although it is not a systematic review or meta-analysis, it is original research. **[MET]**

4. **Population: Human subjects**  
   The study involves human subjects, specifically pediatric patients with Rasmussen encephalitis. **[MET]**

5. **Content: Must contain AT LEAST ONE of the specified measures**  
   - The study reports on seizure characteristics, although it does not specifically report on seizure frequency or seizure-free rates post-intervention in standard terms. It does mention the patients were seizure-free at follow-up. 
   - It also mentions neurodevelopmental assessments related to the clinical characteristics and seizure features. However, it lacks quantitative data on seizure frequency prior to treatment, which is critical in our inclusion criteria. **[PARTIALLY MET; NOT STRONGLY MET]**

### Exclusion Criteria Assessment

1. **Pathogen: Not about Epilepsy**  
   The study is relevant to epilepsy since it focuses on Rasmussen encephalitis. **[NOT MET]**

2. **Language: Non-English**  
   The abstract is in English. **[NOT MET]**

3. **Publication type: Conference proceedings, abstracts, posters, correspondence**  
   The abstract does not indicate it is from a conference or similar type, presuming it is from a peer-reviewed journal. **[NOT MET]**

4. **Study design: In-vitro studies only (no human or animal component)**  
   This study involves human subjects. **[NOT MET]**

5. **Study design: Solely animal studies AND animal studies that do not report transmission parameters**  
   The study does not involve animal studies. **[NOT MET]**

6. **Outbreak type: Accidental laboratory outbreaks**  
   Not applicable; this study does not pertain to outbreaks. **[NOT MET]**

### Conclusion
The study does focus on a form of epilepsy (Rasmussen encephalitis) and involves human subjects, but it does not clearly provide quantitative seizure frequency or seizure-free outcomes in the context that is required by the inclusion criteria. As a result, while it may contribute useful information regarding neurodevelopmental outcomes in children with epilepsy, the absence of specific seizure data aligns it closer to exclusion based on the criteria provided.

Therefore, the final decision is:  
<decision>EXCLUDE</decision>",EXCLUDE,False,2026-08-06T00:45:56.266451
PMID_42501661,PubMed,42501661,,10.1016/j.seizure.2026.07.017,Beyond seizure control: A qualitative study on the behavioural profiles of self-management in adolescents with epilepsy in western China.,"Zhang, Nan; Li, Shuangzi; Wu, Leilei; Xia, Sijie; Cui, Cui",Seizure,2026,"PURPOSE: Adolescents with epilepsy (AWEs) face a complex mix of medical, cognitive, and psychosocial challenges, leading to highly heterogeneous self-management behaviors. This study aimed to identify distinct engagement patterns among AWEs by applying a persona‑building method to qualitative data, thereby providing a theoretical basis for tailored transitional interventions.
METHODS: A qualitative descriptive study was conducted from August to December 2025 in the neurology ward and outpatient department of a tertiary children's hospital in Southwest China. Maximum variation purposive sampling was used to recruit 28 AWEs aged 10-19 years. Semi-structured interviews, informed by the patient participation framework, explored self-management behaviors. Data were analyzed through an integrated inductive‑deductive approach. The identified behavioral characteristics were synthesized into distinct self‑management profiles and visualized via personas and summary tables.
RESULTS: Four self-management engagement patterns emerged as context-dependent configurations, not fixed traits: (1) Passive-dependent, lacking knowledge and motivation, reliant on caregivers; (2) Limited-initiative, independently executing core routines but passive in information-seeking, decision-making, and emotional expression; (3) Ambivalent-hesitant, possessing capacity and desiring autonomy yet hesitating to act for fear of mistakes; (4) Proactively engaged, actively seeking and appraising information, participating in decisions, planning and executing self-care, and openly expressing emotions and seeking support. Each pattern calls for tailored intervention strategies targeting specific behavioural dimensions.
CONCLUSION: Recognizing the four distinct self-management profiles among AWEs enables clinicians to develop tailored, stepped intervention strategies that align with each patient's behavioral characteristics, potentially improving early risk identification, transitional care coordination, and long-term quality of life.",https://pubmed.ncbi.nlm.nih.gov/42501661/,,,epilepsy,(Epilepsy[MeSH] OR epilepsy[tiab] OR seizure[tiab] OR anticonvulsant[tiab]) AND (treatment[tiab] OR intervention[tiab] OR therapy[tiab]),2026-08-05T17:46:50+00:00,,,,,,"Let's evaluate the provided abstract against the inclusion and exclusion criteria step-by-step.

## Inclusion Criteria
1. **Pathogen**: Must be about Epilepsy - **Met**. The study focuses on adolescents with epilepsy.
2. **Language**: English only - **Met**. The abstract is written in English.
3. **Study type**: Peer-reviewed, original research (note systematic reviews/meta-analyses for special consideration) - **Not clearly met**. The abstract indicates a qualitative study, but it does not specify whether it is peer-reviewed or originally published research. Since it's described as a study, I will tentatively consider it as a potential inclusion.
4. **Population**: Human subjects - **Met**. The participants of the study are adolescents with epilepsy.
5. **Content**: Must contain AT LEAST ONE of several specific elements related to quantitative data or disease transmission parameters - **Not met**. The abstract discusses behavioral profiles and qualitative engagement patterns, not quantitative seizure frequency or any measures outlined in the criteria.

## Exclusion Criteria
1. **Pathogen**: Not about Epilepsy - **Not applicable**, as the study is about epilepsy.
2. **Language**: Non-English - **Not applicable**, as it is in English.
3. **Publication type**: Conference proceedings, abstracts, posters, correspondence - **Not applicable**, as it seems to be a study abstract.
4. **Study design**: In-vitro studies only (no human or animal component) - **Not applicable**, as it involves human subjects.
5. **Study design**: Solely animal studies AND animal studies that do not report transmission parameters - **Not applicable**, as this is a human study.
6. **Outbreak type**: Accidental laboratory outbreaks - **Not applicable**, since this study is about self-management among adolescents with epilepsy and does not deal with outbreaks.

### Summary
The study primarily focuses on qualitative aspects of self-management in adolescents with epilepsy, providing insights into behavioral profiles. However, it does not report on seizure frequency or seizure-free outcomes, which directly conflicts with the inclusion criteria. Due to the absence of quantitative data specifically related to seizure outcomes, this study does not fulfill the necessary requirements for inclusion in the systematic review.

<decision>EXCLUDE</decision>",EXCLUDE,False,2026-08-06T00:45:56.266503
PMID_42501325,PubMed,42501325,,10.1002/epi.70409,Focal epilepsy expands the phenotype of FUS-associated amyotrophic lateral sclerosis.,"Jia, Yu; Cui, Bo; Liang, Yan; Zhang, Mengge; Wang, Suobin; Wang, Yuping; Chen, Hai",Epilepsia,2026,"Epileptic seizures are an exceedingly rare manifestation in classic amyotrophic lateral sclerosis (ALS). Emerging case reports suggest a potential link between ALS associated with FUS gene mutations (FUS-ALS) and seizures, expanding the disease's phenotypic spectrum. A 25-year-old man presented with a 5-month history of rapidly progressive limb weakness, atrophy, and both upper and lower motor neuron signs, consistent with ALS. Notably, he developed two types of epileptic seizures during the disease course, including focal motor seizures and focal seizures evolving to bilateral tonic-clonic seizures. Electroencephalography revealed epileptiform discharges over the right frontotemporal region. Brain 18F-fluorodeoxyglucose positron emission tomography-computed tomography showed focal hypometabolism in the right frontal cortex. Genetic testing identified a de novo pathogenic FUS variant (c.1574C>T, p.Pro525Leu). The patient was diagnosed with FUS-ALS with comorbid focal epilepsy. Treatment with levetiracetam partially controlled the seizures, but motor function continued to deteriorate. This case highlights focal epilepsy as a comorbid feature in FUS-ALS, broadening the recognized phenotypic spectrum. Genetic testing for FUS mutations should be considered in young-onset ALS patients presenting with seizures.",https://pubmed.ncbi.nlm.nih.gov/42501325/,,,epilepsy,(Epilepsy[MeSH] OR epilepsy[tiab] OR seizure[tiab] OR anticonvulsant[tiab]) AND (treatment[tiab] OR intervention[tiab] OR therapy[tiab]),2026-08-05T17:46:50+00:00,,,,,,"To evaluate the abstract for inclusion in the systematic review, let's assess it based on the inclusion and exclusion criteria.

## Inclusion Criteria

1. **Pathogen: Must be about Epilepsy**  
   The study discusses focal epilepsy as a comorbidity in a patient with amyotrophic lateral sclerosis (ALS) linked to FUS gene mutations. Therefore, this criterion is met.

2. **Language: English only**  
   The abstract is in English, so this criterion is met.

3. **Study type: Peer-reviewed, original research (note systematic reviews/meta-analyses for special consideration)**  
   The abstract appears to report a case study, but it does not specify that it is peer-reviewed original research. There's a high likelihood that this case study originates from a peer-reviewed setting, but as it stands, we cannot confirm it definitely meets this criterion.

4. **Population: Human subjects**  
   The population discussed is a human subject (the 25-year-old man). Thus, this criterion is met.

5. **Content: Must contain AT LEAST ONE of the listed items**  
   - The abstract documents the presence of seizures, seizure types, and EEG findings, which may count toward clinical outcomes. It reports on a treatment regimen (levetiracetam), but does not quantify seizure frequency or seizure-free rates, which are specific to the inclusion criteria of interest. 
   - However, the primary focus is on the comorbidity of epilepsy in ALS rather than the direct treatment or outcomes specific to epilepsy itself.

## Exclusion Criteria

1. **Pathogen: Not about Epilepsy**  
   The study is about focal epilepsy and its association with ALS. This criterion does not apply.

2. **Language: Non-English**  
   The abstract is in English, so this criterion does not apply.

3. **Publication type: Conference proceedings, abstracts, posters, correspondence**  
   The document is an abstract, which falls under this exclusion criterion. As such, we must exclude it based on this criterion.

4. **Study design: In-vitro studies only (no human or animal component)**  
   The study involves human subjects, therefore this criterion does not apply.

5. **Study design: Solely animal studies AND animal studies that do not report transmission parameters (R0, Rt, Re, r, growth rate, mutation rate)**  
   This does not apply as the study involves human subjects.

6. **Outbreak type: Accidental laboratory outbreaks (not natural disease transmission)**  
   This does not apply; the study does not describe any outbreaks.

Given that the study type qualifies as an exclusion based on being an abstract, which is a specific criterion for exclusion, we must decide based on that. 

Final decision:
<decision>EXCLUDE</decision>",EXCLUDE,False,2026-08-06T00:45:56.266563
PMID_42500388,PubMed,42500388,PMC11372657,10.1136/jnnp-2022-330360,Anti-NMDA-receptor encephalitis and MOGAD associated optic neuritis: a case series.,"Parthasarathi, Pooja; Dattilo, Michael; Peragallo, Jason",Frontiers in neurology,2026,"INTRODUCTION: Anti-N-methyl-D-aspartate receptor (NMDAR) encephalitis is a well-recognized autoimmune condition that often presents with neuropsychiatric symptoms and seizures. Myelin oligodendrocyte glycoprotein antibody-associated disease (MOGAD) often manifests as optic neuritis and, less frequently, as acute demyelinating encephalomyelitis or transverse myelitis. The co-occurrence of anti-NMDAR encephalitis and MOGAD is becoming increasingly recognized, but clinical series remain limited.
DESCRIPTION OF CASES: We present three patients with anti-NMDAR encephalitis and MOGAD optic neuritis (ON): two men, aged 19 and 26, and one woman, aged 36. Clinical presentations, signs, investigations, and management of each case are discussed. The 26-year-old man presented with altered mental status and concurrent vision loss. The 36-year-old woman presented with altered mental status during the encephalitis episode and developed vision loss 4 months after encephalitis. The 19-year-old man with a prior history of altered mental status, diagnosed with NMDA encephalitis 9 years earlier, presented with headache and vision loss. Abnormal T2/FLAIR lesions in the brain and/or spinal cord during the encephalitis episode and unilateral or bilateral optic nerve enhancement during the optic neuritis episode were detected on brain and orbital magnetic resonance imaging (MRI) in all patients. All patients tested positive for cerebrospinal fluid (CSF) anti-NMDAR antibodies during the encephalitis episode and had positive serum MOG titers during the optic neuritis episode. Each patient presented with bilateral, asymmetrically reduced visual acuity and diminished color vision. One patient exhibited bilateral temporal optic nerve pallor, while two patients had bilateral optic nerve edema. The diagnostic work-up revealed positive serum MOG titers (1:100, 1:10,000, and 1:10,000 in the 36/F, 26/M, and 19/M, respectively). The 36-year-old woman was treated with intravenous (IV) steroids, plasma exchange (PLEX), and rituximab during the encephalitis episode. During the optic neuritis episode, she was treated with IV steroids, IV immunoglobulin (IVIG), and rituximab, followed by long-term rituximab maintenance therapy. The 19-year-old man was treated for encephalitis with IV steroids, IVIG, and rituximab. During his optic neuritis episode, he received IV steroids, IVIG, and tocilizumab, followed by long-term tocilizumab maintenance therapy. The 26-year-old man was treated with IV steroids, PLEX, and rituximab during the acute episode, followed by long-term IVIG maintenance therapy. After achieving 2 years of stability that prompted the discontinuation of IVIG, the patient experienced a MOG-IgG-positive relapse 5 months later. This relapse was marked by a seizure-like episode and the appearance of new lesions on MRI. The acute symptoms resolved after treatment with intravenous steroids and IVIG. Subsequently, the patient was initiated on an indefinite maintenance IVIG regimen. Visual acuity in all patients improved to their baseline levels following treatment.
CONCLUSION: This series highlights the emerging overlap between anti-NMDAR encephalitis and MOGAD optic neuritis. Optic neuritis may occur months to years after encephalitis, underscoring the need for careful monitoring of patients with anti-NMDAR encephalitis who develop new visual symptoms. Dual autoimmunity may represent a distinct phenotype with implications for long-term immunotherapy.",https://pubmed.ncbi.nlm.nih.gov/42500388/,,,epilepsy,(Epilepsy[MeSH] OR epilepsy[tiab] OR seizure[tiab] OR anticonvulsant[tiab]) AND (treatment[tiab] OR intervention[tiab] OR therapy[tiab]),2026-08-05T17:46:50+00:00,,,,,,"Let's analyze the provided abstract against the inclusion and exclusion criteria step by step.

## Inclusion Criteria
1. **Pathogen: Must be about Epilepsy**
   - The abstract discusses anti-NMDA receptor encephalitis, which includes seizures but is primarily focused on autoimmune conditions and optic neuritis related to MOGAD. While seizures are mentioned, the emphasis is not solely on epilepsy as a primary focus of the study. This criterion is not met.

2. **Language: English only**
   - The abstract is in English. This criterion is met.

3. **Study type: Peer-reviewed, original research (note systematic reviews/meta-analyses for special consideration)**
   - The work focuses on case series, which typically represents original research. Assuming the paper is peer-reviewed, this criterion is met.

4. **Population: Human subjects**
   - The study involves human subjects (three patients), meeting this criterion.

5. **Content: Must contain AT LEAST ONE of:**
   - a) Quantitative details of concluded/ongoing human outbreak (size, year, location, duration, spatial scale)
   - b) Mathematical or statistical model of disease transmission
   - c) Measures/estimates of transmission parameters: R, R0, Rt, r, Re, growth rate, doubling time
   - d) Measures/estimates of timing parameters: generation time, serial interval, incubation period, latent period, infectious period
   - e) Measures/estimates of severity: CFR, IFR, hospitalization rate, mortality rate, attack rate
   - f) Measures/estimates of genetic evolution: mutation rate, substitution rate, evolutionary rate
   - g) Measures of overdispersion or superspreading (k parameter, transmission heterogeneity)
   - h) Seroprevalence data or serological surveys
   - i) Risk factors for infection, severe disease, death, or hospitalization (with statistical measures)
   - j) Measures/estimates of vector parameters
   - The abstract does not provide relevant quantitative details, measures of transmission parameters, or any statistics related to epilepsy. It primarily discusses case presentations and treatment histories without providing specific outcome measures like seizure frequency, rates, or other relevant clinical data. This criterion is not met.

## Exclusion Criteria
1. **Pathogen: Not about Epilepsy (exclude studies on other pathogens)**
   - Although epilepsy is discussed through the context of seizures, the study primarily addresses autoimmune encephalitis rather than epilepsy directly. This could justify exclusion; hence, this criterion is met for exclusion.

2. **Language: Non-English**
   - The abstract is in English, so this criterion is not applicable for exclusion.

3. **Publication type: Conference proceedings, abstracts, posters, correspondence**
   - This is a case series, which typically falls into original research and could be peer-reviewed unless specified otherwise, thus not necessarily an exclusion.

4. **Study design: In-vitro studies only (no human or animal component)**
   - This study involves human cases, so it does not meet this criterion for exclusion.

5. **Study design: Solely animal studies AND animal studies that do not report transmission parameters**
   - This study is not an animal study, hence this criterion does not apply for exclusion.

6. **Outbreak type: Accidental laboratory outbreaks (not natural disease transmission)**
   - The study does not involve outbreaks; hence this criterion does not apply.

## Conclusion
Considering that the study does not primarily focus on epilepsy and does not meet the significant content requirements regarding seizure frequency or outcomes (which were critical for consideration), it should be excluded based on these points.

<decision>EXCLUDE</decision>",EXCLUDE,False,2026-08-06T00:45:56.266619
PMID_42499403,PubMed,42499403,PMC10615113,10.1016/b978-0-12-824535-4.00008-2,Seven-Year Longitudinal Respiratory Morbidity in Ohtahara Syndrome: A Case Report Emphasizing Integrated Airway and Seizure Care in a Resource-Limited Setting.,"Abualhommos, Fadi; Hattab, Moath; Samara, Masara; Suleiman, Mahmoud; Samara, Enas; Abukhater, Abdallah; Salman, Isra",Case reports in pediatrics,2026,"INTRODUCTION: Ohtahara syndrome (OS) features neonatal-onset tonic spasms with suppression-burst EEG, high early mortality, and evolution to other epileptic encephalopathies. Respiratory complications are frequent yet underdescribed longitudinally.
CASE: We followed a female with neonatal-onset OS and suppression-burst EEG to the age of seven. Despite combination antiseizure therapy (phenobarbital, levetiracetam, vigabatrin, and clonazepam), she had breakthrough events and severe developmental impairment. Between the ages 1 and 7 years, she experienced ≥ 15 documented hospitalizations for recurrent bronchopneumonia, frequently with hypoxemia requiring supplemental oxygen; several episodes were accompanied by seizure exacerbations and clinical aspiration or choking events.
MANAGEMENT AND OUTCOMES: Admissions were managed with supportive respiratory care (oxygen, bronchodilators, and corticosteroids when indicated) and broad-spectrum antimicrobials alongside ongoing seizure management, enabling survival to school age in a resource-limited context.
CONCLUSIONS: In OS, respiratory complications, often driven by aspiration risk and impaired airway clearance, can become a dominant source of morbidity and should be addressed with the same priority as antiseizure therapy. We highlight practical pillars for long-term care: proactive infection prevention and early treatment pathways; aspiration-risk assessment with feeding/swallow support when feasible; airway-clearance planning with bronchodilator trials during illnesses; judicious corticosteroid use; and caregiver education with explicit thresholds for escalation.",https://pubmed.ncbi.nlm.nih.gov/42499403/,,,epilepsy,(Epilepsy[MeSH] OR epilepsy[tiab] OR seizure[tiab] OR anticonvulsant[tiab]) AND (treatment[tiab] OR intervention[tiab] OR therapy[tiab]),2026-08-05T17:46:50+00:00,,,,,,"To systematically evaluate the given abstract against the predefined inclusion and exclusion criteria for the review on *Epilepsy*, let’s proceed step by step:

### Inclusion Criteria
1. **Pathogen: Must be about Epilepsy**
   - The abstract discusses Ohtahara syndrome, which is a form of epilepsy. This criterion is met.

2. **Language: English only**
   - The abstract is written in English. This criterion is met.

3. **Study type: Peer-reviewed, original research (note systematic reviews/meta-analyses for special consideration)**
   - The abstract is from a case report, which typically qualifies as original research. This criterion is met.

4. **Population: Human subjects**
   - The study follows a female with neonatal-onset Ohtahara syndrome, a human subject. This criterion is met.

5. **Content: Must contain AT LEAST ONE of:**
    - a) Quantitative details of concluded/ongoing human outbreak (size, year, location, duration, spatial scale)  
      - This criterion is not met as there are no quantitative details regarding an outbreak.
    - b) Mathematical or statistical model of disease transmission  
      - This criterion is not met as there is no model presented.
    - c) Measures/estimates of transmission parameters: R, R0, Rt, r, Re, growth rate, doubling time  
      - This criterion is not met as no such measures of transmission or rates are provided.
    - d) Measures/estimates of timing parameters: generation time, serial interval, incubation period, latent period, infectious period  
      - This criterion is not met as there are no timing parameters mentioned.
    - e) Measures/estimates of severity: CFR, IFR, hospitalization rate, mortality rate, attack rate  
      - This criterion is partially met, as the patient had multiple hospitalizations due to respiratory complications but lacks specific rates like CFR or IFR.
    - f) Measures/estimates of genetic evolution: mutation rate, substitution rate, evolutionary rate  
      - This criterion is not met as genetic data is absent.
    - g) Measures of overdispersion or superspreading (k parameter, transmission heterogeneity)  
      - This criterion is not met as such data is not provided.
    - h) Seroprevalence data or serological surveys  
      - This criterion is not met as there is no seroprevalence data.
    - i) Risk factors for infection, severe disease, death, or hospitalization (with statistical measures)  
      - This criterion is not met since risk factors and statistical measures are not provided.
    - j) Measures/estimates of vector parameters  
      - This criterion is not met as there are no vector parameters discussed.

**Conclusion on Inclusion Criteria**: The abstract discusses a case of epilepsy but does not provide sufficient quantitative data, transmission parameters, or specific severity measures appropriate for inclusion in the systematic review, despite addressing factors related to morbidity in Ohtahara syndrome.

### Exclusion Criteria
1. **Pathogen: Not about Epilepsy (exclude studies on other pathogens)**  
   - The study is about epilepsy. This criterion is not applicable for exclusion.

2. **Language: Non-English**  
   - The abstract is in English. This criterion is not applicable for exclusion.

3. **Publication type: Conference proceedings, abstracts, posters, correspondence**  
   - The abstract is from a case report; thus, it is not a conference proceedings or abstract for exclusion.

4. **Study design: In-vitro studies only (no human or animal component)**  
   - The study involves human subjects. This criterion is not applicable for exclusion.

5. **Study design: Solely animal studies AND animal studies that do not report transmission parameters**  
   - The study does not involve animals. This criterion is not applicable for exclusion.

6. **Outbreak type: Accidental laboratory outbreaks (not natural disease transmission)**  
   - The study does not describe an outbreak situation. This criterion is not applicable for exclusion.

**Conclusion on Exclusion Criteria**: No exclusion criteria are met by the abstract.

### Final Evaluation
While the abstract discusses Ohtahara syndrome and includes elements related to epilepsy, it does not align with the inclusion criteria, especially lacking the necessary quantitative and translational data required for systematic review inclusion. Thus, given the key focus on impactful clinical outcomes and specific measures not being provided, we determine the following:

<decision>EXCLUDE</decision>",EXCLUDE,False,2026-08-06T00:45:56.266671
PMID_42496182,PubMed,42496182,,10.1177/08830738261463079,Childhood-Onset Refractory Absence Epilepsy as a Presentation of Glucose Transporter 1 Deficiency Syndrome Type 2: A Case Report With a Diagnostic Challenge.,"Ahmed, Hana; Alsumaili, Mohammad; Saeed, Muhammad; Abdelmagid, Tayseer",Journal of child neurology,2026,"Glucose transporter 1 (GLUT1) deficiency syndrome is a rare metabolic disorder caused by mutations in the SLC2A1 gene resulting in impaired glucose transport through the blood-brain barrier. The ""classic"" phenotype in children includes early-onset drug-resistant epilepsy, especially absence epilepsy, cognitive delay, movement disorders, and microcephaly. The ketogenic diet is the only treatment. We report a case of a 12-year-old girl who presented at the age of 11 years with daily absence seizures unresponsive to multiple antiseizure medications. Her poor therapeutic response raised suspicion for an underlying genetic etiology. Whole exome sequencing revealed a heterozygous mutation in the SLC2A1 gene, confirming a diagnosis of autosomal dominant GLUT1 deficiency syndrome type 2. The patient showed significant clinical improvement following the initiation of the ketogenic diet. This case highlights the importance of genetic evaluation in refractory absence epilepsy and the role of dietary therapy in GLUT1 deficiency.",https://pubmed.ncbi.nlm.nih.gov/42496182/,,,epilepsy,(Epilepsy[MeSH] OR epilepsy[tiab] OR seizure[tiab] OR anticonvulsant[tiab]) AND (treatment[tiab] OR intervention[tiab] OR therapy[tiab]),2026-08-05T17:46:50+00:00,,,,,,"To evaluate the abstract against the inclusion and exclusion criteria, let’s analyze it step by step.

### Inclusion Criteria Evaluation

1. **Pathogen: Must be about Epilepsy**
   - The study explicitly discusses childhood-onset refractory absence epilepsy, which relates to epilepsy. **Met.**

2. **Language: English only**
   - The abstract is written in English. **Met.**

3. **Study type: Peer-reviewed, original research**
   - This is a case report, which is typically classified as original research, but it is not part of a systematic review or meta-analysis. However, it may still hold relevance. **Met. (not ideally, but still relevant)**

4. **Population: Human subjects**
   - The study involves a 12-year-old female patient, thus fulfilling this criterion. **Met.**

5. **Content: Must contain AT LEAST ONE of:**
   - It discusses refractory epilepsy and the effects of dietary therapy on seizure control. Although it might not present quantitative measures typical of higher-quality studies like RCTs, it addresses a potential intervention (the ketogenic diet) and outcomes related to seizure improvement. 
   - There are no specific numerical data on seizure frequency or seizure-free rates mentioned in the abstract, which is a focus of the systematic review. However, it does mention the “poor therapeutic response” to antiseizure medications, which could imply severity related to seizure management. Still, the lack of concrete data (specific numbers) does not meet the criteria fully.
   - Therefore, it’s not clear if this criterion is adequately met. **Not fully met.**

### Exclusion Criteria Evaluation

1. **Pathogen: Not about Epilepsy**
   - The study is about epilepsy. **Not applicable.**

2. **Language: Non-English**
   - The abstract is in English. **Not applicable.**

3. **Publication type: Conference proceedings, abstracts, posters, correspondence**
   - This is a peer-reviewed case report, so it does not fall under these categories. **Not applicable.**

4. **Study design: In-vitro studies only**
   - The study involves human subjects. **Not applicable.**

5. **Study design: Solely animal studies AND animal studies that do not report transmission parameters**
   - This is not an animal study. **Not applicable.**

6. **Outbreak type: Accidental laboratory outbreaks (not natural disease transmission)**
   - This does not pertain to an outbreak scenario. **Not applicable.**

### Conclusion
Although the abstract discusses epilepsy directly and presents relevant information about a treatment option (the ketogenic diet), it lacks specific quantitative details on seizure frequency or reported rates of seizure freedom that are essential for inclusion in the systematic review. Given this, while the case report is valuable, it does not provide the necessary quantitative data outlined in the inclusion criteria.

Therefore, the conclusion is to exclude this study.

<decision>EXCLUDE</decision>",EXCLUDE,False,2026-08-06T00:45:56.266726
PMID_42496170,PubMed,42496170,,10.1177/08830738261467625,A Case of Paroxysmal Exercise-Induced Dyskinesia Expands the Phenotypic spectrum of NAXE-Related Encephalopathy.,"Altıntaş, Mert; Yıldırım, Miraç; Bektaş, Ömer; Eyduran, Eda; Ergin, Batuhan; Karabulut, Halil Gürhan; Köse, Engin; Eminoğlu, Fatma Tuba; Kendirli, Tanıl; Teber, Serap",Journal of child neurology,2026,"Progressive encephalopathy with brain edema and/or leukoencephalopathy-1 (PEBEL1) is a rare neurodegenerative disorder caused by pathogenic variants in NAXE gene. Movement disorders are among the clinical features of PEBEL1; however, no case presenting with paroxysmal exercise-induced dyskinesia (PED) has been reported. We reported the case of a 14-year-old girl who presented with PED episodes. Six months after the onset of episodes, she developed encephalopathy and focal status epilepticus. Exome sequencing analysis identified a homozygous pathogenic variant in NAXE gene, and she was diagnosed with PEBEL1. She was started on mitochondrial cocktail and multiple antiseizure medications; however, no response was observed. With the ketogenic diet (KD), seizure control was achieved and improvement in cognitive functions was observed. PED is a clinical feature not previously reported in PEBEL1 cases, and our case expands the phenotypic spectrum of this disorder. Additionally, our case highlights that KD may be a treatment option in PEBEL1.",https://pubmed.ncbi.nlm.nih.gov/42496170/,,,epilepsy,(Epilepsy[MeSH] OR epilepsy[tiab] OR seizure[tiab] OR anticonvulsant[tiab]) AND (treatment[tiab] OR intervention[tiab] OR therapy[tiab]),2026-08-05T17:46:50+00:00,,,,,,"Let's evaluate the provided abstract against the inclusion and exclusion criteria step by step.

### Inclusion Criteria
1. **Pathogen**: The study is about epilepsy (seizure and encephalopathy associated with a diagnosis related to PEBEL1). Therefore, this criterion is met.
  
2. **Language**: The abstract is in English. This criterion is met.
  
3. **Study type**: The abstract appears to be a case report, which typically does not fall under the category of peer-reviewed, original research as required. This criterion is **not met**.

4. **Population**: The study involves a human subject (a 14-year-old girl diagnosed with PEBEL1). This criterion is met.

5. **Content**: The study mentions seizure control and improvement in cognitive functions with the ketogenic diet, but it does not report quantitative outcomes like seizure frequency or rates. Therefore, only minimal necessary information is provided. This criterion is **not met**.

### Exclusion Criteria
1. **Pathogen**: The study is about epilepsy. This does not apply, so it is not excluded.
  
2. **Language**: The abstract is in English. This does not apply, so it is not excluded.

3. **Publication type**: The abstract is part of a case report. The criteria indicate this is a publication type that can lead to exclusion. This criterion is **met**.
   
4. **Study design**: The study is primarily an observational case report with no control group or systematic methodology like a randomized controlled trial or cohort study. This also aligns with an exclusion criterion as it falls under ""case reports."" This criterion is **met**.

5. **Study design**: The study is solely a human case report and does not report any transmission parameters (as this is not applicable for this context). This exclusion criterion is **not directly relevant** since it's about transmission, but the lack of comprehensive clinical data limits its relevance further.

6. **Outbreak type**: There is no mention of an outbreak; hence this exclusion does not apply.

### Conclusion
While there are aspects of the abstract relevant to epilepsy, it fundamentally does not meet the inclusion criteria primarily due to its classification as a case report that does not present sufficient data regarding seizure frequency or outcomes. Based on the criteria evaluated, this study should be excluded.

<decision>EXCLUDE</decision>",EXCLUDE,False,2026-08-06T00:45:56.266779
PMID_42495254,PubMed,42495254,PMC10239788,10.1089/ther.2022.0060,"Early arterial blood gas parameters, clinical features, and neuroimaging findings in neonates undergoing therapeutic hypothermia for suspected hypoxic-ischemic encephalopathy: a retrospective single-center study.","Gültekin, Ece",Frontiers in pediatrics,2026,"BACKGROUND: Hypoxic-ischemic encephalopathy (HIE) remains an important cause of neonatal mortality and long-term neurodevelopmental impairment. Although therapeutic hypothermia is the standard treatment for term and near-term infants with suspected moderate-to-severe HIE, the relationships among early blood gas parameters, clinical findings, and radiologic abnormalities in cooled neonates are not fully defined.
METHODS: This retrospective observational study included neonates aged 0-28 days who underwent therapeutic hypothermia for suspected HIE at any neonatal intensive care unit and were subsequently evaluated by the Department of Pediatric Neurology at Biruni University Hospital. Demographic and perinatal characteristics, blood gas parameters, seizure status, electroencephalographic findings, antiepileptic treatment, cranial ultrasonography, and cranial MRI findings were obtained from medical records. Final HIE classification was assigned retrospectively after review of the clinical course, documented seizures, serial neurologic findings, electroencephalographic data, and neuroimaging findings.
RESULTS: A total of 22 neonates were included. Final HIE classification identified no final evidence of HIE in 16 patients (72.7%), stage 1 HIE in 1 (4.5%), stage 2 HIE in 3 (13.6%), and stage 3 HIE in 2 (9.1%). Compared with neonates without HIE, those with any HIE had significantly lower bicarbonate levels (p = 0.010). Blood gas pH and 5 min Apgar scores also tended to be lower in the HIE group, although without statistical significance. Neonates with seizures had lower gestational age (p = 0.002) and more negative base excess values (p = 0.029). Concordance between cranial ultrasonography and MRI was low; many neonates with normal ultrasonography had abnormal MRI findings.
CONCLUSIONS: Lower bicarbonate levels were associated with the presence of any-stage HIE compared with no final evidence of HIE, while more severe metabolic acidosis was associated with seizure occurrence. The bicarbonate finding was consistent with previously established evidence and should be interpreted as supportive rather than novel. The discordance between cranial ultrasonography and MRI was consistent with the previously established greater sensitivity of MRI and was considered a supportive secondary finding.",https://pubmed.ncbi.nlm.nih.gov/42495254/,,,epilepsy,(Epilepsy[MeSH] OR epilepsy[tiab] OR seizure[tiab] OR anticonvulsant[tiab]) AND (treatment[tiab] OR intervention[tiab] OR therapy[tiab]),2026-08-05T17:46:50+00:00,,,,,,"### Evaluation of Abstract Against Inclusion and Exclusion Criteria

1. **Pathogen**: 
   - The study does not focus on epilepsy; it investigates hypoxic-ischemic encephalopathy (HIE) in neonates.

2. **Language**:
   - The study is written in English, which meets the language requirement.

3. **Study type**:
   - The study is a retrospective observational study rather than original research or a systematic review/meta-analysis. Although systematic reviews are noted for special consideration, the study here does not fall under that category. This alone raises concern for inclusion based on the study type.

4. **Population**:
   - The study involves human subjects, specifically neonates, so this criterion is met.

5. **Content**:
   - The content of the study does not include any quantitative details or measures related to epilepsy, seizure frequency, or antiepileptic drug interventions. Instead, it focuses on early blood gas parameters in neonates with HIE, which is unrelated to epilepsy.

### Summary of Criteria Assessment
- The abstract clearly discusses HIE rather than epilepsy, making it irrelevant to the systematic review's objectives.
- It does not report any data on seizure frequency or seizure-free rates specific to epilepsy.
- The study type (observational) does not align with the preferred study designs outlined in the inclusion criteria.

Given the overall alignment and mismatch with these criteria, the abstract does not provide sufficient relevant evidence to justify inclusion in the systematic review.

<decision>EXCLUDE</decision>",EXCLUDE,False,2026-08-06T00:45:56.266830
PMID_42494680,PubMed,42494680,PMC10708934,10.14202/vetworld.2026.2606-2618,"Comparative neuroprotective and cognitive effects of human umbilical cord mesenchymal stem cells, secretome, and exosomes in a rat model of pilocarpine-induced epilepsy.","Hastuti, Sri; Bactiar, Indra; Ramli, Yetty; Imran, Imran; Idroes, Rinaldi",Veterinary world,2026,"BACKGROUND AND AIM: Epilepsy is a chronic neurological disorder characterized by recurrent seizures, neuronal degeneration, and cognitive impairment. Current antiepileptic therapies mainly control seizures and do not effectively prevent epileptogenesis or restore neurological function. Human umbilical cord mesenchymal stem cells (HuMSCs) and their cell-free derivatives, including secretome and exosomes, have emerged as promising regenerative therapies. This study aimed to compare the neuroprotective and cognitive effects of HuMSCs, secretome, and exosomes in a rat model of pilocarpine-induced epilepsy.
MATERIALS AND METHODS: Thirty male Wistar rats were randomly allocated into five groups (n = 6/group): healthy control, untreated epilepsy, HuMSC-treated epilepsy, secretome-treated epilepsy, and exosome-treated epilepsy. Epilepsy was induced by intraperitoneal pilocarpine administration following scopolamine pre-treatment. Treatments were administered intravenously on days 14, 28, and 42 after induction. Cognitive performance was assessed using the Morris Water Maze test between days 50 and 56. Histopathological examination of the hippocampus, immunohistochemical evaluation, and quantitative polymerase chain reaction analysis of synaptic vesicle glycoprotein 2A (SV2A) and SRY-box transcription factor 10 (SOX10) expression were performed to determine therapeutic efficacy.
RESULTS: HuMSC therapy significantly reduced hippocampal neuronal damage compared with untreated epilepsy, secretome, and exosome groups (p < 0.05). The mean number of damaged neurons was lowest in the HuMSC-treated group and approached normal control values. HuMSC treatment restored SV2A and SOX10 expression to levels comparable with those of healthy controls, indicating improved synaptic integrity and glial support. In contrast, secretome treatment produced moderate improvement, whereas exosome treatment showed limited therapeutic benefit. Cognitive assessment revealed significantly shorter escape latency and superior spatial learning performance in the HuMSC-treated rats compared with all other epilepsy groups (p < 0.05). Behavioral improvements were consistent with the molecular and histopathological findings, demonstrating enhanced neuroprotection and functional recovery following HuMSC administration.
CONCLUSION: HuMSC therapy provided superior neuroprotective, molecular, and cognitive benefits compared with secretome and exosome treatments in a pilocarpine-induced epilepsy model. These findings support the potential of HuMSCs as a regenerative therapeutic strategy for epilepsy and suggest that intact stem cells may offer greater therapeutic efficacy than their cell-free derivatives. Further studies are required to optimize treatment protocols and evaluate long-term translational potential.",https://pubmed.ncbi.nlm.nih.gov/42494680/,,,epilepsy,(Epilepsy[MeSH] OR epilepsy[tiab] OR seizure[tiab] OR anticonvulsant[tiab]) AND (treatment[tiab] OR intervention[tiab] OR therapy[tiab]),2026-08-05T17:46:50+00:00,,,,,,"To decide if the abstract should be included in the systematic review, I will evaluate it against the predefined inclusion and exclusion criteria:

### Inclusion Criteria
1. **Pathogen: Must be about Epilepsy**
   - The study is indeed about epilepsy, discussing the effects of treatments in a pilocarpine-induced epilepsy model.
   - **Criterion Met.**

2. **Language: English only**
   - The abstract is written in English.
   - **Criterion Met.**

3. **Study type: Peer-reviewed, original research (note systematic reviews/meta-analyses for special consideration)**
   - While the abstract does not specify if it is peer-reviewed, it appears to be original research based on the methodology described.
   - **Criterion Met (tentatively assuming peer-reviewed unless specified otherwise).**

4. **Population: Human subjects (animal studies acceptable if reporting EITHER...)**
   - This study utilizes a rat model, which is an animal study, thus it does not meet the requirement for human subjects or the specific parameters stated for animal studies.
   - **Criterion Not Met.**

5. **Content: Must contain AT LEAST ONE of...**
   - The study does not present quantitative details about human outbreaks, transmission models, or parameters typically related to the epidemiological aspects listed under this criterion. Instead, it focuses on neuroprotection and cognitive effects in rats without modeling human or disease transmission.
   - **Criterion Not Met.**

### Exclusion Criteria
1. **Pathogen: Not about Epilepsy (exclude studies on other pathogens)**
   - The study is about epilepsy.
   - **Criterion Not Applicable.**

2. **Language: Non-English**
   - The study is in English.
   - **Criterion Not Applicable.**

3. **Publication type: Conference proceedings, abstracts, posters, correspondence**
   - The text provided is presumably an abstract of a study, which typically falls under conference proceedings or abstracts.
   - **Criterion Met.**

4. **Study design: In-vitro studies only (no human or animal component)**
   - This study is not an in-vitro study; however, it is solely based on an animal study.
   - **Criterion Not Met.**

5. **Study design: Solely animal studies AND animal studies that do not report transmission parameters...**
   - This study is solely an animal study and does not report transmission parameters relevant to the inclusion criteria.
   - **Criterion Met.**

6. **Outbreak type: Accidental laboratory outbreaks (not natural disease transmission)**
   - This criterion is not applicable as the study is focused on treatment efficacy in a pilocarpine-induced epilepsy model and does not pertain to outbreak types.
   - **Criterion Not Applicable.**

### Conclusion
The study does not meet the necessary inclusion criteria as it involves an animal model and does not focus on human subjects or relevant outcome measures as outlined in the inclusion criteria. Furthermore, it falls under a publication type that is to be excluded.

Thus, based on the exclusion criteria and the lack of sufficient alignment with the inclusion criteria, I decide:

<decision>EXCLUDE</decision>",EXCLUDE,False,2026-08-06T00:45:56.266887
PMID_42493511,PubMed,42493511,PMC4010955,10.1016/j.neuroimage.2014.01.060,Acute rapamycin treatment reveals distinct mechanisms of dysfunction in a maternal inflammation mouse model.,"Le Belle, J E; Condro, M C; Cepeda, C; Oikonomou, K D; Tessema, K; Dudley, L; Schoenfield, J; Kawaguchi, R; Geschwind, D; Silva, A J; Zhang, Z; Shokat, K; Harris, N G; Kornblum, H I",Nature communications,2026,"Maternal inflammatory response (MIR) during early mouse gestation induces a cascade of physiological and behavioral changes associated with autism spectrum disorder (ASD). We have shown that mild MIR causes chronic systemic and brain inflammation, mTOR pathway activation, mild brain overgrowth with regionally specific volumetric changes, sensory processing dysregulation, and repetitive behavior abnormalities. Prior rapamycin studies in autism models focused on chronic treatments that alter or prevent physical brain changes. Here, we focus on acute rapamycin effects to uncover novel mTOR pathway-mediated mechanisms of dysfunction. Within 2 hours, rapamycin rescues neuronal hyperexcitability, seizure susceptibility, functional network connectivity, brain community structure, repetitive behaviors, and sensory over-responsivity in adult MIR offspring. These CNS-mediated effects coincide with altered expression of genes associated with ASD, ion channels, and epilepsy. Our findings demonstrate that mTOR dysregulation drives dysfunctional brain development in MIR offspring but the adult brain remains amenable to rapid functional normalization, rescuing core and comorbid ASD-associated brain and behavior phenotypes. Restoring excitatory/inhibitory imbalance and sensory functional network modularity may be important targets for therapeutically addressing multiple ASD phenotypes.",https://pubmed.ncbi.nlm.nih.gov/42493511/,,,epilepsy,(Epilepsy[MeSH] OR epilepsy[tiab] OR seizure[tiab] OR anticonvulsant[tiab]) AND (treatment[tiab] OR intervention[tiab] OR therapy[tiab]),2026-08-05T17:46:50+00:00,,,,,,"Let's evaluate the provided abstract against the inclusion and exclusion criteria systematically.

## Inclusion Criteria
1. **Pathogen: Must be about Epilepsy**
   - The study does not focus on epilepsy itself but rather on autism spectrum disorder (ASD) in a mouse model with mention of mTOR dysregulation and seizure susceptibility. 
   - **Not met.**
   
2. **Language: English only**
   - The abstract is in English.
   - **Met.**
   
3. **Study type: Peer-reviewed, original research (note systematic reviews/meta-analyses for special consideration)**
   - The abstract appears to be a peer-reviewed original research study.
   - **Met.**
   
4. **Population: Human subjects (animal studies acceptable if reporting EITHER...)**
   - The study involves animal models (mice), not human subjects. 
   - **Not met.**
   
5. **Content: Must contain AT LEAST ONE of...**
   - The abstract discusses ""seizure susceptibility,"" which aligns with some elements of the content criteria relevant to our review. However, it does not discuss human subjects directly.
   - While it mentions seizure susceptibility and neural mechanisms, the study is primarily framed around ASD and its connection to developmental processes rather than epilepsy directly.
   - **Partially met, but not within the intended focus.**

## Exclusion Criteria
1. **Pathogen: Not about Epilepsy (exclude studies on other pathogens)**
   - The study focuses on ASD and maternal inflammation, with incidental mention of seizure susceptibility related to mTOR but ultimately does not center on epilepsy.
   - **Met (for exclusion).**
   
2. **Language: Non-English**
   - The abstract is in English.
   - **Not applicable for exclusion.**
   
3. **Publication type: Conference proceedings, abstracts, posters, correspondence**
   - The information provided does not specify whether it is from a conference proceeding or similar.
   - **Not applicable for exclusion.**
   
4. **Study design: In-vitro studies only (no human or animal component)**
   - This study involves animal subjects.
   - **Not applicable for exclusion.**
  
5. **Study design: Solely animal studies AND animal studies that do not report transmission parameters (R0, Rt, Re, r, growth rate, mutation rate)**
   - The study is solely animal-based and does not deliver parameters that would be relevant for transmission dynamics.
   - **Met (for exclusion).**
   
6. **Outbreak type: Accidental laboratory outbreaks (not natural disease transmission)**
   - Not applicable to this study.
   - **Not applicable for exclusion.**

### Conclusion
This study does not meet the inclusion criteria primarily because it does not focus on epilepsy but rather on autism spectrum disorder, despite discussing seizure susceptibility. Additionally, it fits the exclusion criteria of being solely animal-based with no direct relevance to human epilepsy.

Thus, the final decision is:

<decision>EXCLUDE</decision>",EXCLUDE,False,2026-08-06T00:45:56.266942
PMID_42492305,PubMed,42492305,,10.1016/j.yebeh.2026.111210,Infertility treatment in women with epilepsy: A systematic review.,"Alshaqi, Ola; Maisenbacher, Mathias; Nofal, Yazan; Sane, Caroline; Hergenrader, Alexandra; Schmidt, Cynthia; Jennings, Carly; Taraschenko, Olga",Epilepsy & behavior : E&B,2026,"BACKGROUND: The impact of assisted reproductive technologies (ART) on seizure control in women with epilepsy remains incompletely understood.
METHODS: A systematic review was conducted according to PRISMA guidelines. EMBASE, MEDLINE, CINAHL, Scopus, and the Cochrane Library were searched from inception to March 2025. Eligible studies included observational studies and case-based reports involving women undergoing infertility treatment.
RESULTS: A total of 1216 publications were identified, of which four studies met the inclusion criteria, including case reports, a case series, and a cohort study. These studies included 16 women aged 25-46 years undergoing infertility treatment, all but one of whom had epilepsy. Interventions involved in vitro fertilization (IVF), ovulation induction, and hormonal therapies. Patients were treated with a range of antiseizure medications (ASMs), including carbamazepine, clobazam, lamotrigine, levetiracetam, oxcarbazepine, valproate, and zonisamide, either as monotherapy or in combination. Seizure frequency was generally stable, with most patients maintaining baseline seizure control. Seizure exacerbations were uncommon and primarily associated with hormonal therapy and reduced ASM levels, particularly reduced lamotrigine levels. Reported events included breakthrough seizures in the setting of decreased lamotrigine concentrations, seizure clusters associated with follitropin beta, and a new-onset seizure following dehydroepiandrosterone exposure. Across studies, multiple ART attempts resulted in live births with different ASM regimens, as well as in patients not receiving ASMs.
CONCLUSION: Available evidence suggests that ART is feasible in women with epilepsy, with most patients maintaining stable seizure control. Hormonal therapy may affect ASM pharmacokinetics and seizure threshold, thereby warranting close monitoring. Larger prospective studies are needed to better define ASM-specific effects and optimize care.",https://pubmed.ncbi.nlm.nih.gov/42492305/,,,epilepsy,(Epilepsy[MeSH] OR epilepsy[tiab] OR seizure[tiab] OR anticonvulsant[tiab]) AND (treatment[tiab] OR intervention[tiab] OR therapy[tiab]),2026-08-05T17:46:50+00:00,,,,,,"To evaluate whether the abstract should be included or excluded from the systematic review on epilepsy, let's go through the predefined inclusion and exclusion criteria step by step.

### Inclusion Criteria
**ALL must be met:**
1. **Pathogen: Must be about Epilepsy**
   - The abstract discusses epilepsy, particularly in the context of assisted reproductive technologies in women with epilepsy. **(Met)**

2. **Language: English only**
   - The abstract is in English. **(Met)**

3. **Study type: Peer-reviewed, original research (note systematic reviews/meta-analyses for special consideration)**
   - The study is a systematic review, which is mentioned as a special consideration. **(Met)**

4. **Population: Human subjects (animal studies acceptable if reporting EITHER ...)**
   - The study involves human subjects (women with epilepsy undergoing infertility treatment). **(Met)**

5. **Content: Must contain AT LEAST ONE of:**
   - The study includes measures related to antiepileptic drugs and their effects on seizure frequency, indicating that it addresses seizure control in the context of epilepsy treatment. Although it does not report standard seizure frequency rates like some inclusion criteria, it discusses seizure frequency as a factor in the context of treatment. **(Met)**

### Exclusion Criteria
**Exclude if ANY apply:**
1. **Pathogen: Not about Epilepsy (exclude studies on other pathogens)**
   - The study is focused on epilepsy. **(Not applicable)**

2. **Language: Non-English**
   - The abstract is in English. **(Not applicable)**

3. **Publication type: Conference proceedings, abstracts, posters, correspondence**
   - This is a systematic review, which is a valid publication type. **(Not applicable)**

4. **Study design: In-vitro studies only (no human or animal component)**
   - The study involves human subjects and discusses outcomes related to them. **(Not applicable)**

5. **Study design: Solely animal studies AND animal studies that do not report transmission parameters**
   - The study does not involve animal studies at all. **(Not applicable)**

6. **Outbreak type: Accidental laboratory outbreaks (not natural disease transmission)**
   - This criterion does not apply since the study is not about an outbreak. **(Not applicable)**

### Conclusion
The abstract discusses a relevant topic about epilepsy, specifically assessing the effects of infertility treatment on women with epilepsy. It meets all relevant inclusion criteria and does not fall under any exclusion criteria.

Thus, the decision is to include this study in the systematic review.

<decision>INCLUDE</decision>",INCLUDE,True,2026-08-06T00:45:56.267003
PMID_42492130,PubMed,42492130,,10.1016/j.eplepsyres.2026.107866,"Characterization, healthcare resource utilization, and costs of health equity clusters of Medicaid-insured patients with epilepsy: An exploratory machine learning approach.","Peeples, Herbert; Maughn, Keshia; Dieyi, Christopher; Achter, Emily",Epilepsy research,2026,"OBJECTIVE: Identify health equity clusters among Medicaid enrollees and describe their characteristics and economic burden.
METHODS: De-identified data of Medicaid-insured adults with epilepsy prescribed ≥ 1 antiseizure medication (ASM) on/after initial diagnosis (first ASM=index), with ≥ 12 months' continuous medical/pharmacy benefits pre/post index, were analyzed from an all-payer claims database (01/01/2014-06/30/2021). Patients were clustered using machine learning/K-prototypes by variables (number of third-generation ASMs with formulary restrictions, brivaracetam [BRV] coverage status, race, ethnicity) selected to assess formulary impacts/health equity. Euclidean distance/simple matching was used for continuous/categorical data; elbow plots identified the optimal cluster number. Demographics/characteristics and 12-month follow-up healthcare resource utilization (HCRU)/costs were examined.
RESULTS: Five clusters were identified (N = 24,722): (1) mostly White, South region, easy access to third-generation ASMs (44.1%); (2) mostly Black, South region, easy access to third-generation ASMs (12.7%); (3) mostly White, North Central region, some third-generation ASM and high BRV access barriers (19.1%); (4) almost two-thirds Black, Northeast region, high third-generation ASM and some BRV access barriers (6.7%); (5) mostly White, North Central/Northeast region, high third-generation ASM and low BRV access barriers (17.3%). Clusters 1-2 were considered 'average' access barriers; 3-4 'high'; 5 'intermediate.' Clusters were generally similar in age/sex/ethnicity/ASM use. Over follow-up, cluster 3 had highest inpatient/outpatient HCRU and total costs. Prescription number/cost was highest in cluster 4, then cluster 3. Higher access restrictions patients generally had more prescriptions, outpatient/other visits, and higher costs.
CONCLUSIONS: Results suggest a relationship between formulary restrictions and economic burden, seemingly independent of age, sex, geographic region, and treatment utilization.",https://pubmed.ncbi.nlm.nih.gov/42492130/,,,epilepsy,(Epilepsy[MeSH] OR epilepsy[tiab] OR seizure[tiab] OR anticonvulsant[tiab]) AND (treatment[tiab] OR intervention[tiab] OR therapy[tiab]),2026-08-05T17:46:50+00:00,,,,,,"To determine whether the study described in the abstract should be included in the systematic review on *Epilepsy*, we will systematically assess it against the inclusion and exclusion criteria.

### Evaluation of Inclusion Criteria:

1. **Pathogen: Must be about Epilepsy.**  
   - The study clearly relates to epilepsy, as it involves Medicaid-insured patients with epilepsy prescribed antiseizure medications. **Criterion met.**

2. **Language: English only.**  
   - The abstract is written in English. **Criterion met.**

3. **Study type: Peer-reviewed, original research (note systematic reviews/meta-analyses for special consideration).**  
   - Although the abstract does not specify whether it is a peer-reviewed article, it appears to present original research data. However, since we cannot confirm its peer-reviewed status, we must consider it with caution. **Potential issue, but leaning towards original research.**

4. **Population: Human subjects.**  
   - The study involves human subjects (Medicaid-insured adults with epilepsy). **Criterion met.**

5. **Content: Must contain AT LEAST ONE of the specified content criteria.**  
   - The study indirectly provides data on economic burden and healthcare resource utilization but does not report seizure frequency or seizure-free outcomes explicitly, which is a key focus in our inclusion criteria. **Criterion not met.**

### Evaluation of Exclusion Criteria:

1. **Pathogen: Not about Epilepsy (exclude studies on other pathogens).**  
   - The study is about epilepsy. **No exclusion.**

2. **Language: Non-English.**  
   - The study is in English. **No exclusion.**

3. **Publication type: Conference proceedings, abstracts, posters, correspondence.**  
   - The abstract indicates it is a study, but if it refers to a conference abstract without being a full original study, this could mean it's not eligible. **Potential exclusion.**

4. **Study design: In-vitro studies only.**  
   - The study involves human subjects. **No exclusion.**

5. **Study design: Solely animal studies AND animal studies that do not report transmission parameters.**  
   - This is not an animal study. **No exclusion.**

6. **Outbreak type: Accidental laboratory outbreaks (not natural disease transmission).**  
   - This does not apply as the study is focused on a patient population with epilepsy. **No exclusion.**

### Conclusion:

The primary focus of the systematic review is on interventions and outcomes related to seizure frequency and rates, which the current study does not help to address directly, as it emphasizes healthcare utilization and economic burden rather than clinical outcomes meeting inclusion criteria. Given that it fails to meet the content criterion regarding seizure outcomes and may potentially be classified as an abstract rather than a full study, we lean towards exclusion.

Thus, the final decision is:

<decision>EXCLUDE</decision>",EXCLUDE,False,2026-08-06T00:45:56.267057
PMID_42485909,PubMed,42485909,,10.1016/j.seizure.2026.07.008,Electroclinical and behavioral outcomes of add-on ethosuximide in children with developmental and epileptic encephalopathy with spike-wave activation in sleep (D/EE-SWAS): A prospective observational study.,"Sahu, Ashutosh; Saini, Arushi Gahlot; Sharma, Rajni; Singh, Shagun; Suthar, Renu; Sahu, Jitendra Kumar; Sankhyan, Naveen",Seizure,2026,"OBJECTIVE: To evaluate the electroclinical and behavioral outcomes, and tolerability of add-on ethosuximide in children with developmental and epileptic encephalopathy with spike-wave activation in sleep (D/EE-SWAS) and to identify predictors of treatment response.
METHODS: This prospective, single-center, observational cohort study included children aged 4-18 years with D/EE-SWAS receiving add-on ethosuximide at a tertiary pediatric neurology center. Seizure outcomes, electroencephalographic (EEG) response based on spike-wave index (SWI), parent-reported language and cognitive outcomes, behavioral outcomes using the Strengths and Difficulties Questionnaire (SDQ), and adverse effects were assessed following treatment. Outcomes were compared between idiopathic and structural etiologies. Predictors of seizure and EEG response were explored using univariate and multivariable analyses.
RESULTS: Thirty-nine children were included (56% structural and 44% idiopathic etiologies). The median age at diagnosis of D/EE-SWAS was 6 years (range 1-10 years). Following a median ethosuximide exposure of 14 months, 28/39 (71.8%) achieved seizure freedom and 33/39 (84.6%) demonstrated favorable seizure outcomes. EEG improvement occurred in 29/39 (74.4%), including complete normalization in 8/39 (20.5%). Complete EEG normalization was more frequent in idiopathic compared with structural D/EE-SWAS (41.2%vs 4.5%, p = 0.01). Parent-reported improvement was observed in language (69.2%) and cognition (64.1%). Significant improvement was observed across SDQ domains, including total difficulties, emotional symptoms, hyperactivity, conduct problems, peer problems, and impact scores (all p < 0.001). Longer duration of ethosuximide exposure was associated with favorable seizure outcome, while later epilepsy onset and idiopathic etiology were associated with better EEG response. Adverse effects occurred in 28% and were predominantly mild-to-moderate; one child developed drug reaction with eosinophilia and systemic symptoms.
CONCLUSIONS: Add-on ethosuximide was associated with favorable electroclinical and behavioral outcomes in children with D/EE-SWAS and was generally well tolerated. EEG normalization was more likely in idiopathic disease, while behavioral improvements were observed across etiologic groups. Controlled studies are needed to define the role of ethosuximide within the therapeutic strategy for D/EE-SWAS.",https://pubmed.ncbi.nlm.nih.gov/42485909/,,,epilepsy,(Epilepsy[MeSH] OR epilepsy[tiab] OR seizure[tiab] OR anticonvulsant[tiab]) AND (treatment[tiab] OR intervention[tiab] OR therapy[tiab]),2026-08-05T17:46:50+00:00,,,,,,"To determine whether the provided abstract should be included in the systematic review on Epilepsy, we will sequentially evaluate it against the specified inclusion and exclusion criteria.

### Inclusion Criteria Assessment
1. **Pathogen: Must be about Epilepsy**
   - The study discusses epilepsy (specifically, developmental and epileptic encephalopathy with spike-wave activation in sleep). **Met**.

2. **Language: English only**
   - The abstract is in English. **Met**.

3. **Study type: Peer-reviewed, original research (note systematic reviews/meta-analyses for special consideration)**
   - The abstract describes a prospective observational cohort study, which qualifies as original research. **Met**.

4. **Population: Human subjects**
   - The study involves children aged 4-18 years as participants. **Met**.

5. **Content: Must contain AT LEAST ONE of the specified measures**
   - The study reports on seizure outcomes (seizure freedom rates), EEG responses (spike-wave index), and behavioral outcomes measured by the Strengths and Difficulties Questionnaire. This meets the requirement for reporting seizure frequency or seizure-free rates. **Met**.

### Exclusion Criteria Assessment
1. **Pathogen: Not about Epilepsy (exclude studies on other pathogens)**
   - The study is specifically about Epilepsy. **Not applicable**.

2. **Language: Non-English**
   - The abstract is in English. **Not applicable**.

3. **Publication type: Conference proceedings, abstracts, posters, correspondence**
   - This is an original research study rather than an abstract or correspondence. **Not applicable**.

4. **Study design: In-vitro studies only (no human or animal component)**
   - This study involves human subjects and is not an in-vitro study. **Not applicable**.

5. **Study design: Solely animal studies AND animal studies that do not report transmission parameters**
   - The study involves human subjects. **Not applicable**.

6. **Outbreak type: Accidental laboratory outbreaks (not natural disease transmission)**
   - The study does not refer to laboratory outbreaks but analyzes treatment outcomes in a clinical population. **Not applicable**.

### Conclusion
Based on the evaluations, the abstract meets all the inclusion criteria and does not fall under any of the exclusion criteria. It discusses treatment outcomes and seizure frequency relevant to the topic of epilepsy.

<decision>INCLUDE</decision>",INCLUDE,True,2026-08-06T00:45:56.267119
PMID_42485908,PubMed,42485908,,10.1016/j.seizure.2026.06.018,Surgical strategies after failed hemispheric disconnection surgery: A systematic review and individual-patient data analysis.,"Sescu, Daniel; Fattah, Abdel-Rahman Abdel; Quezada, Jose Araya; Danish, Burhanuddin; Robinson, Shenandoah; Anderson, William S; Merenzon, Martin A",Seizure,2026,"PURPOSE: To analyze surgical and seizure outcomes after secondary interventions following failed hemispheric disconnection surgery (hemispherectomy/hemispherotomy).
METHODS: We systematically searched five databases from January 1990 to April 2025. Eligible studies included patients of any age who underwent index hemispheric disconnection surgery (HDS), experienced seizure recurrence, and reported outcomes after secondary interventions: redo hemispheric surgery (RHS), laser interstitial thermal therapy (LITT), or vagus nerve stimulation (VNS). Studies were classified as aggregate or individual-patient data (IPD). Pooled proportions were estimated using random- and common-effects meta-analyses. IPD were analyzed using Kaplan-Meier survival methods and log-rank testing. Risk of bias was assessed using Joanna Briggs Institute tools.
RESULTS: From 998 records, 25 studies met inclusion criteria, reporting outcomes for RHS (n=151), LITT (n=9), and VNS (n=9). The pooled incidence of reoperation after failed HDS was 18% (95% CI 14-22; I²=0%). Following RHS, Engel I outcome was achieved in 50% (95% CI 33-66; I²=57.4%), and Engel I-II in 69% (95% CI 59-77; I²=0.0%). In IPD analyses, median seizure-free survival after RHS was 4.5 years (95% CI 3.0-6.8), extending to 6.8 years (95% CI 4.5-10.6) for Engel I-II outcomes. Engel I duration was significantly longer after RHS compared with LITT (median 4.5 vs 1.4 years; log-rank p=0.02). Data on VNS were limited and allowed only narrative synthesis.
CONCLUSIONS: To our knowledge, this is the first synthesis focused on seizure outcomes after secondary interventions for failed HDS. Overall, RHS remains the most effective salvage strategy, providing durable seizure control in a substantial proportion of patients. LITT represents a promising minimally invasive alternative with more limited durability, while VNS appears primarily palliative. These findings provide evidence-based benchmarks to guide surgical decision-making and counseling in this challenging population.",https://pubmed.ncbi.nlm.nih.gov/42485908/,,,epilepsy,(Epilepsy[MeSH] OR epilepsy[tiab] OR seizure[tiab] OR anticonvulsant[tiab]) AND (treatment[tiab] OR intervention[tiab] OR therapy[tiab]),2026-08-05T17:46:50+00:00,,,,,,"To evaluate whether the study should be included in the systematic review on Epilepsy, we will systematically go through the inclusion and exclusion criteria provided.

### Inclusion Criteria

1. **Pathogen:** The study is about Epilepsy, as it focuses on surgical outcomes after hemispheric disconnection surgery related to epilepsy.
    - **Met**: Yes.
   
2. **Language:** The abstract is in English.
    - **Met**: Yes.

3. **Study type:** The study is a systematic review which is noted for special consideration.
    - **Met**: Yes.

4. **Population:** The study involves human subjects with confirmed epilepsy diagnosis who have undergone hemispheric disconnection surgery.
    - **Met**: Yes.

5. **Content:** The study presents outcomes after secondary interventions following failed surgery, including seizure recurrence data and the effectiveness of reoperations, which aligns with seizure control as an outcome measure.
    - **Met**: Yes.

### Exclusion Criteria

1. **Pathogen:** Not about Epilepsy ‒ this is about epilepsy.
    - **Not Met**: No.

2. **Language:** Non-English ‒ the abstract is in English.
    - **Not Met**: No.

3. **Publication type:** The paper is a systematic review, which qualifies.
    - **Not Met**: No.

4. **Study design:** In-vitro studies only ‒ this study involves human subjects and is focused on surgical outcomes.
    - **Not Met**: No.

5. **Study design:** Solely animal studies ‒ this study involves human participants and reports outcomes relevant to human epilepsy cases.
    - **Not Met**: No.

6. **Outbreak type:** Accidental laboratory outbreaks ‒ this does not apply as the study is focused on surgical intervention in a clinical setting.
    - **Not Met**: No.

All criteria specific to exclusions have been addressed and none apply to disqualify this study. 

The study meets the inclusion criteria comprehensively due to its relevance and focus on outcomes pertinent to epilepsy, specifically seizure recurrence and surgical interventions.

Based on the systematic analysis, the decision is to **include** this paper in the systematic review.

<decision>INCLUDE</decision>",INCLUDE,True,2026-08-06T00:45:56.267179
PMID_42483348,PubMed,42483348,PMC9124696,10.4103/jfmpc.jfmpc_195_26,"Parents' knowledge, awareness, and practices towards children with epilepsy in the Riyadh Region, Saudi Arabia: A cross-sectional study.","Bin Abdulrahman, Khalid A; Alghanim, Abdulaziz M; Bagazi, Ayad A; ElShidi, Yazeed B; Alshelaiel, Mohammed H; Algezlan, Ammar S; Alsalem, Khalid A; Almunif, Thamer M",Journal of family medicine and primary care,2026,"BACKGROUND: Epilepsy (EP) is among the most common neurological disorders in children globally, with a notably high prevalence in Saudi Arabia, partly due to elevated consanguinity rates. Despite substantial research, limited data exist on parental knowledge, awareness, and practices (KAP) regarding childhood epilepsy in Riyadh. This study assessed parents' understanding and attitudes towards epilepsy.
METHODS: A cross-sectional survey was conducted among 455 parents residing in Riyadh using a newly developed 27-item online questionnaire. Statistical analysis was performed using SPSS, with significance at P < 0.05.
RESULTS: Many parents lacked sufficient knowledge about epilepsy. About 37.6% believed epilepsy was curable, and 25.85% attributed it to possession by demons. Convulsions (38.54%) and loss of consciousness (31.67%) were the most recognized symptoms. Awareness of treatment options was low, with only 21.5% knowing about surgical interventions. While 64.2% of parents believed children with epilepsy could succeed academically and professionally, 51.9% preferred not to disclose the diagnosis to friends and family. Regarding practices, 62.6% had witnessed a seizure, but 67% reported fear when encountering one. First-aid responses varied: 31.7% prioritized removing the patient from danger, while 23.7% would call an ambulance.
CONCLUSION: Parental knowledge and awareness remain moderate, with persistent misconceptions and social stigma. Targeted educational programs are urgently needed to correct misunderstandings, promote effective first-aid responses, and foster community support for children with epilepsy. Enhancing public awareness could significantly improve epilepsy management and outcomes for affected families.",https://pubmed.ncbi.nlm.nih.gov/42483348/,,,epilepsy,(Epilepsy[MeSH] OR epilepsy[tiab] OR seizure[tiab] OR anticonvulsant[tiab]) AND (treatment[tiab] OR intervention[tiab] OR therapy[tiab]),2026-08-05T17:46:50+00:00,,,,,,"To determine whether the provided abstract should be included in the systematic review, we'll go through each of the predefined inclusion and exclusion criteria step by step.

### Inclusion Criteria
1. **Pathogen: Must be about Epilepsy**
   - The study focuses on childhood epilepsy, meeting this criterion.

2. **Language: English only**
   - The abstract is in English, so this criterion is met.

3. **Study type: Peer-reviewed, original research (note systematic reviews/meta-analyses for special consideration)**
   - The abstract describes a cross-sectional study, which qualifies as original research. Therefore, this criterion is satisfied.

4. **Population: Human subjects**
   - The study involves parents of children with epilepsy, thus fulfilling this criterion.

5. **Content: Must contain AT LEAST ONE of the specified content measures**
   - The abstract discusses parental knowledge, awareness, and practices regarding epilepsy, which does not directly report seizure frequency, seizure-free rates, or antiepileptic drug interventions. It focuses on awareness and misconceptions rather than clinical outcomes or specific interventions. Thus, this criterion is not met.

### Exclusion Criteria
1. **Pathogen: Not about Epilepsy**
   - The study is about epilepsy, so this does not apply.

2. **Language: Non-English**
   - The abstract is in English, so this does not apply.

3. **Publication type: Conference proceedings, abstracts, posters, correspondence**
   - While it is an abstract summarizing a study, it does not specify if it is part of a conference or other types of non-peer-reviewed publication. However, we treat it as original research.

4. **Study design: In-vitro studies only (no human or animal component)**
   - This study involves human subjects, so this criterion does not apply.

5. **Study design: Solely animal studies AND animal studies that do not report transmission parameters**
   - This study does not involve animal studies, so this criterion does not apply.

6. **Outbreak type: Accidental laboratory outbreaks (not natural disease transmission)**
   - This criterion does not apply as the study is not about outbreaks or transmission.

Given the evaluations above, while the abstract does supply useful insights into parental awareness of childhood epilepsy, it does not meet the required content criteria relevant to seizure frequency, seizure-free rates, antiepileptic drug interventions, or EEG-based outcomes. As a result, the study should be excluded.

Therefore, the final decision is: 

<decision>EXCLUDE</decision>",EXCLUDE,False,2026-08-06T00:45:56.267233
PMID_42482946,PubMed,42482946,PMC11960164,10.1517/14740338.2011.534455,Arthroscopic capsular release combined with Latarjet procedure for chronic locked anterior shoulder dislocation secondary to epilepsy: a case report with one-year follow-up.,"Chen, Zeyan; Chen, Jiancong; Wang, Guoliang; Zhang, Zhenfeng",Frontiers in surgery,2026,"BACKGROUND: Chronic anterior shoulder dislocation is rare and poses significant therapeutic challenges due to associated structural injuries. This case report details the management of a chronic dislocation with complex pathologies.
CASE PRESENTATION: A 28-year-old female patient presented with persistent left shoulder deformity and restricted motion 1 year after an anterior dislocation. Imaging revealed a locked anterior dislocation, Bankart lesion, Hill-Sachs lesion, pseudoglenoid formation, and rotator cuff atrophy. Preoperative functional scores were poor.
INTERVENTION: Arthroscopic posterior capsular release and glenoid osteoplasty were performed, followed by open Latarjet procedure with coracoid transfer and screw fixation. Temporary Kirschner wire stabilization was maintained for 2 weeks.
OUTCOMES: At 1-year follow-up, shoulder mobility significantly improved and functional scores markedly increased with no recurrence. The patient reported high satisfaction.
CONCLUSION: The Latarjet procedure combined with arthroscopic release effectively restored stability and function in chronic anterior shoulder dislocation caused by epileptic seizure. Early postoperative rehabilitation is critical for optimal recovery.",https://pubmed.ncbi.nlm.nih.gov/42482946/,,,epilepsy,(Epilepsy[MeSH] OR epilepsy[tiab] OR seizure[tiab] OR anticonvulsant[tiab]) AND (treatment[tiab] OR intervention[tiab] OR therapy[tiab]),2026-08-05T17:46:50+00:00,,,,,,"Let's evaluate the provided abstract against the predefined inclusion and exclusion criteria step by step.

### Inclusion Criteria
1. **Pathogen: Must be about Epilepsy**
   - The study involves a patient with shoulder dislocation caused by epileptic seizures, indicating a connection to epilepsy. Therefore, this criterion is met.

2. **Language: English only**
   - The abstract is in English. This criterion is met.

3. **Study type: Peer-reviewed, original research (note systematic reviews/meta-analyses for special consideration)**
   - This abstract is a case report. Although it is a form of original research, case reports are generally not included unless they meet specific criteria relating to randomised controlled trials or systematic reviews. This criterion is not met.

4. **Population: Human subjects**
   - The study involves a human subject (28-year-old female patient). This criterion is met.

5. **Content: Must contain AT LEAST ONE of the specified quantitative details related to epilepsy**
   - The abstract does not report seizure frequency or seizure-free rates nor does it provide quantitative details of any intervention outcomes related to seizure management, nor does it mention any EEG-based outcomes. It mostly focuses on the surgical management of shoulder dislocation. This criterion is not met.

### Exclusion Criteria
1. **Pathogen: Not about Epilepsy (exclude studies on other pathogens)**
   - The study does involve epilepsy as a related condition. Therefore, this criterion is not applicable.

2. **Language: Non-English**
   - Not applicable, as the abstract is in English.

3. **Publication type: Conference proceedings, abstracts, posters, correspondence**
   - The abstract is a case report, which is generally considered original research. This criterion does not apply to exclude it.

4. **Study design: In-vitro studies only (no human or animal component)**
   - Not applicable, as this involves a human subject.

5. **Study design: Solely animal studies AND animal studies that do not report transmission parameters**
   - Not applicable, as the study involves human subjects.

6. **Outbreak type: Accidental laboratory outbreaks (not natural disease transmission)**
   - Not applicable, as there is no outbreak involved in this case report.

### Conclusion
While the study does involve epilepsy, the lack of any numerical or quantitative data relating to seizure frequency, seizure-free rates, or EEG outcomes means it does not sufficiently meet the inclusion criteria necessary for this systematic review. 

Thus, I conclude that the study does not have adequate relevance to be included.

<decision>EXCLUDE</decision>",EXCLUDE,False,2026-08-06T00:45:56.267286
PMID_42482371,PubMed,42482371,,10.1002/bcp.70690,Psilocybin as serotonergic therapy in epilepsy: Narrative review of potentials and limitations.,"Cervera-Sanchez, Miguel Benjamin; San-Juan, Daniel; Díaz-Peregrino, Roberto; Camacho-Castillo, Evelin Zulema; Bringas-Ortiz, Sthefany Anahi; Padilla-Cabezutd, Christian",British journal of clinical pharmacology,2026,"Psilocybin shows potential in neuropsychiatric disorders but has a complex relationship with epilepsy and seizures. We reviewed literature up to November 2025 to identify studies relevant to psilocybin's effects on seizures and epilepsy, including our research on serotonergic modulation. Core studies addressing the research question and supplementary mechanistic evidence were included for synthesis. Risk of bias (RoB) was assessed by study type; independent reviewers achieved strong agreement (unweighted Cohen's κ = 0.80, SE = 0.185; 99% CI 0.006-0.011; per cent agreement = 88.9%). Experimental models suggest psilocybin, through 5-hydroxytryptamine receptor 2A (5-T2A) activation, may confer antiseizure effects. Preclinical data support serotonergic modulation as a promising strategy. RoB assessment highlighted methodological challenges, suggesting cautious interpretation. Clinical evidence in neuropsychiatric populations shows no increased seizure risk under medical supervision. Psilocybin could serve as an adjunctive therapy via selective serotonergic modulation. However, conflicting evidence and concerns at high doses urge caution. Future animal studies and clinical trials must confirm psilocybin's safety and efficacy in the treatment of epilepsy.",https://pubmed.ncbi.nlm.nih.gov/42482371/,,,epilepsy,(Epilepsy[MeSH] OR epilepsy[tiab] OR seizure[tiab] OR anticonvulsant[tiab]) AND (treatment[tiab] OR intervention[tiab] OR therapy[tiab]),2026-08-05T17:46:50+00:00,,,,,,"To assess the eligibility of the abstract titled ""Psilocybin as serotonergic therapy in epilepsy: Narrative review of potentials and limitations"" for inclusion in the systematic review on *Epilepsy*, we will evaluate it against the predefined inclusion and exclusion criteria step by step.

## Inclusion Criteria

1. **Pathogen: Must be about Epilepsy**
   - The abstract discusses epilepsy and the effects of psilocybin on seizures. **(Met)**

2. **Language: English only**
   - The abstract is in English. **(Met)**

3. **Study type: Peer-reviewed, original research (note systematic reviews/meta-analyses for special consideration)**
   - The abstract identifies itself as a narrative review of literature rather than presenting original research data. Therefore, it does not qualify as ""original research."" Although systematic reviews/meta-analyses are for special consideration, narrative reviews typically do not fit this category. **(Not Met)**

4. **Population: Human subjects (animal studies acceptable if reporting EITHER...)**
   - While the abstract discusses psilocybin's effects and mentions preclinical data, it primarily focuses on reviews rather than presenting human subjects data or outcomes related to human studies about epilepsy. **(Not Met)**

5. **Content: Must contain AT LEAST ONE of the specific measures**
   - The abstract discusses potential antiseizure effects, but it lacks quantitative data regarding seizure frequency or seizure-free rates as required by the inclusion criteria. **(Not Met)**

## Exclusion Criteria

1. **Pathogen: Not about Epilepsy (exclude studies on other pathogens)**
   - The abstract is focused on epilepsy. **(Does not apply)**

2. **Language: Non-English**
   - The abstract is in English. **(Does not apply)**

3. **Publication type: Conference proceedings, abstracts, posters, correspondence**
   - The abstract mentions a review of literature but does not specify its publication type. It is implied it is a review, which is typically considered not meeting the criteria for ongoing research. **(Potentially applies)**

4. **Study design: In-vitro studies only (no human or animal component)**
   - There is no indication of in-vitro studies mentioned, but since it is primarily a review of literature without new data, it does not fall into relevant study designs that generate new findings applicable to the systematic review. **(Potentially applies)**

5. **Study design: Solely animal studies AND animal studies that do not report transmission parameters**
   - The abstract references animal studies but does not present original research data indicating new findings. **(Inferred applies)**

6. **Outbreak type: Accidental laboratory outbreaks (not natural disease transmission)**
   - The abstract does not pertain to outbreaks, so this exclusion criterion does not apply. **(Does not apply)**

### Conclusion
The abstract primarily summarizes existing literature without new original data, categorizing it as a review rather than an original research study, which is a critical factor for inclusion. While it addresses epilepsy, it does not fulfill the requirements for original research with quantitative outcomes. Therefore, it fails multiple inclusion criteria and suggests it should be excluded from the systematic review.

<decision>EXCLUDE</decision>",EXCLUDE,False,2026-08-06T00:45:56.267348
PMID_42482114,PubMed,42482114,,10.1186/s40478-026-02389-6,Gene supplementation therapy restores motor deficits in Gnao1[C215Y] mice and proves broad efficacy in C. elegans model.,"Cocozza, Germana; D'Andrea, Tiziano; Di Rocco, Martina; Busdraghi, Ludovica Maria; Chilà, Gilda; Lin, Xingzi; Lanza, Enrico; Collaud, Fanny; Follo, Francesca C; Buccheri, Clelia; Folli, Viola; Ronzitti, Giuseppe; Scavizzi, Ferdinando; Raspa, Marcello; Leuzzi, Vincenzo; Katanaev, Vladimir L; Galosi, Serena; Fucile, Sergio; Martinelli, Simone; D'Alessandro, Giuseppina; Limatola, Cristina",Acta neuropathologica communications,2026,"The heterotrimeric G proteins are ubiquitous membrane-bound complexes specialized in the transduction of receptor-mediated extracellular signals into intracellular responses. Mutations in the G protein subunit alpha O1 (Gαo), encoded by GNAO1, have been associated with neurodevelopmental disorders characterized by prominent movement disorder with or without epilepsy. The Gnao1[C215Y]/+ mouse model recapitulates key features of the human disease, with a relatively mild phenotype, normal viability and late onset movement abnormalities, detectable in specific motor tasks. Here we report functional alterations in cortical layer V pyramidal neurons from Gnao1[C215Y]/+ mice, with reduction of the inward currents (Ih) and impairment of the GABAB-mediated outward current. We propose an adeno-associated virus (AAV)-based gene therapy aimed at overexpressing the wild-type form of Gαo by intracerebroventricular injection in newborn heterozygous Gnao1[C215Y]/ + mice. Our results demonstrate that overexpression of the wild-type protein mitigates behavioral abnormalities and restores functional neuronal deficits in young adult mice, thereby supporting the development of AAV-mediated gene augmentation strategies to counteract the effects of GNAO1 variants in patients. The potential of gene supplementation therapy is further supported by data from genetically modified C. elegans strains carrying not only the relatively mild C215Y variant but also a panel of goa-1/GNAO1 mutations associated with more severe phenotypes, suggesting a broader potential of this therapeutic strategy.",https://pubmed.ncbi.nlm.nih.gov/42482114/,,,epilepsy,(Epilepsy[MeSH] OR epilepsy[tiab] OR seizure[tiab] OR anticonvulsant[tiab]) AND (treatment[tiab] OR intervention[tiab] OR therapy[tiab]),2026-08-05T17:46:50+00:00,,,,,,"To evaluate the abstract for potential inclusion in the systematic review on *Epilepsy*, we will apply the inclusion and exclusion criteria step by step.

### Inclusion Criteria

1. **Pathogen**: Must be about Epilepsy
   - The abstract discusses a genetic mutation related to GNAO1, which has been associated with neurodevelopmental disorders characterized by movement disorders **with or without epilepsy**. Thus, it indirectly pertains to epilepsy; however, the primary focus is on a genetic model study rather than direct epilepsy outcomes.
  
2. **Language**: English only
   - The abstract is in English.

3. **Study type**: Peer-reviewed, original research (note systematic reviews/meta-analyses for special consideration)
   - The abstract appears to describe original research, though it lacks specific details indicating it has been peer-reviewed, and assumes a level of experimental methodology typical in original studies.

4. **Population**: Human subjects 
   - The study involves Gnao1 mutant mice and a C. elegans model, neither of which is on human subjects.

5. **Content**: Must contain AT LEAST ONE of:
   - a) Quantitative details of concluded/ongoing human outbreak 
   - b) Mathematical or statistical model of disease transmission 
   - c) Measures/estimates of transmission parameters
   - d) Measures/estimates of timing parameters
   - e) Measures/estimates of severity 
   - f) Measures/estimates of genetic evolution
   - g) Measures of overdispersion or superspreading
   - h) Seroprevalence data or serological surveys 
   - i) Risk factors for infection, severe disease, death, or hospitalization 
   - j) Measures/estimates of vector parameters

   - The abstract does not report any of the specified content directly related to epilepsy, such as seizure frequency, or outcomes as mentioned in the review goals.

### Exclusion Criteria

1. **Pathogen**: Not about Epilepsy
   - The study is related to epilepsy, but the focus is on genetic and behavioral aspects in model organisms rather than specifically on epilepsy interventions.
  
2. **Language**: Non-English
   - The abstract is in English.

3. **Publication type**: Conference proceedings, abstracts, posters, correspondence
   - We do not have enough information to confirm if it is a conference proceeding or a peer-reviewed publication.

4. **Study design**: In-vitro studies only 
   - The study uses animal models and is not limited to in-vitro studies.

5. **Study design**: Solely animal studies 
   - The study is indeed based on animal models without mentioned data on human subjects.

6. **Outbreak type**: Accidental laboratory outbreaks 
   - Not applicable to this study.

### Conclusion
The study describes gene supplementation in animal models and while it touches on aspects related to epilepsy, it does not report relevant clinical outcomes or interventions concerning epilepsy treatment directly. Consequently, it does not meet the primary criteria for inclusion, particularly concerning the population and clinical outcome measures.

Thus, based on the evaluation:

<decision>EXCLUDE</decision>",EXCLUDE,False,2026-08-06T00:45:56.267404
PMID_42481150,PubMed,42481150,,10.1136/bcr-2026-274228,Beyond epilepsy: convulsive syncope revealing restrictive cardiomyopathy in a child.,"Ng, Benjamin Wei-Liang; Wong, Martin Ngie-Liong",BMJ case reports,2026,"Seizure-like episodes may occasionally arise from cardiovascular causes rather than primary neurological disease, leading to diagnostic delay. We report an adolescent girl who presented with recurrent generalised tonic episodes with cyanosis and transient loss of consciousness. Initial evaluation for epilepsy, including video electroencephalography during an event, was unremarkable. Cardiac assessment revealed marked biatrial dilatation with restrictive ventricular physiology on echocardiography, consistent with restrictive cardiomyopathy (RCM). Ambulatory monitoring documented atrial tachycardia (AT) immediately preceding the episodes, strongly suggesting arrhythmia-related cerebral hypoperfusion as the underlying mechanism of convulsive syncope. The patient subsequently experienced cardiac arrest but was successfully resuscitated and stabilised with rhythm control therapy. Genetic testing identified a heterozygous TNNI3 variant consistent with familial RCM. This case highlights the importance of considering cardiac causes in apparent seizures, illustrates the haemodynamic vulnerability of RCM to AT and underscores the value of early cardiac evaluation in children with unexplained seizure-like events.",https://pubmed.ncbi.nlm.nih.gov/42481150/,,,epilepsy,(Epilepsy[MeSH] OR epilepsy[tiab] OR seizure[tiab] OR anticonvulsant[tiab]) AND (treatment[tiab] OR intervention[tiab] OR therapy[tiab]),2026-08-05T17:46:50+00:00,,,,,,"To decide on the inclusion or exclusion of this paper in the systematic review on epilepsy, we will evaluate the abstract against the inclusion and exclusion criteria step by step.

### **Inclusion Criteria Assessment**
1. **Pathogen**: Must be about Epilepsy  
   - The abstract discusses episodes that may resemble seizures; however, these are identified as convulsive syncope due to cardiac causes and not primary epilepsy. Therefore, this criterion is **not met**.

2. **Language**: English only  
   - The abstract is in English. This criterion is **met**.

3. **Study type**: Peer-reviewed, original research (note systematic reviews/meta-analyses for special consideration)  
   - The study appears to be a case report due to the single patient described, and it's unclear if it's peer-reviewed as it's presented as an abstract. This criterion is likely **not met**.

4. **Population**: Human subjects  
   - The study involves an adolescent girl. This criterion is **met**.

5. **Content**: Must contain AT LEAST ONE of the specified quantitative or qualitative measures  
   - The abstract does not provide quantitative details related to seizure frequency or reported outcomes of epilepsy treatment. It instead focuses on identifying a cardiac cause of seizure-like events. Thus, this criterion is **not met**.

### **Exclusion Criteria Assessment**
1. **Pathogen**: Not about Epilepsy (exclude studies on other pathogens)  
   - The study discusses syncope misdiagnosed as seizures, but it does not focus on epilepsy itself. This criterion is **met**.

2. **Language**: Non-English  
   - The abstract is in English. This criterion is **not met**.

3. **Publication type**: Conference proceedings, abstracts, posters, correspondence  
   - This is indeed an abstract; therefore, this criterion is **met**.

4. **Study design**: In-vitro studies only (no human or animal component)  
   - The study involves human subjects. This criterion is **not met**.

5. **Study design**: Solely animal studies AND animal studies that do not report transmission parameters  
   - The study does not involve animals. This criterion is **not met**.

6. **Outbreak type**: Accidental laboratory outbreaks (not natural disease transmission)  
   - Irrelevant in this context as the study discusses a case of syncope rather than an outbreak. This criterion is **not met**.

### **Conclusion**
The key point of relevance is that the study does not contribute to the understanding of epilepsy as a primary neurological disorder and focuses instead on a cardiac condition resembling seizures. Thus, it fails to meet the central inclusion criteria regarding the focus on epilepsy and the necessity of reporting seizure-related outcomes.

Given these assessments, especially regarding the inclusion criteria related to epilepsy and relevant outcomes, the study should be excluded from the review.

<decision>EXCLUDE</decision>",EXCLUDE,False,2026-08-06T00:45:56.267461
PMID_42474867,PubMed,42474867,PMC12673657,10.3349/ymj.2024.0463,Sleep Duration and Epilepsy Risk: Mendelian Randomization and Functional Validation of CACNA1A rs2228130-Related Inhibitory Synaptic Dysfunction.,"Li, Xun; Hou, Yuying; Ren, Yanping; Yue, Wei",Neuromolecular medicine,2026,"Objectives To evaluate the causal association between sleep traits and epilepsy risk using Mendelian randomization, and to investigate the mechanism of a prioritized epilepsy-risk variant through gene-level enrichment analysis and functional validation. Methods Large-scale European GWAS datasets were analysed using multiple Mendelian randomization methods, including inverse variance weighted, MR-Egger and weighted median models, with heterogeneity and sensitivity analyses. Epilepsy-associated loci were mapped to protein-coding genes and flanking regions based on GRCh37 annotation, and primary and sensitivity-analysis gene sets were constructed from gene-level summary results for functional enrichment analysis. Guided by locus-level prioritization and the biological plausibility of CACNA1A, rs2228130 was selected for functional validation in CRISPR-ABE-edited human iPSC and knock-in mouse models to assess inhibitory synaptic transmission, sleep-related phenotypes and seizure susceptibility. Results Longer sleep duration was significantly associated with lower epilepsy risk (OR = 0.9937, p < 1 × 10⁻⁵), supporting a protective genetic causal association. The association between insomnia and epilepsy showed substantial heterogeneity (Q = 9352.91) and should be interpreted cautiously. Gene-level enrichment analysis indicated that epilepsy-associated candidate genes converged primarily on broad biological regulation, developmental processes and multicellular organismal processes, without stable dominant enrichment of GABAergic synapse or circadian rhythm pathways. Functional validation showed that rs2228130 did not affect neuronal differentiation but impaired inhibitory synaptic transmission, accompanied by abnormal network activity, altered sleep-related phenotypes and increased seizure susceptibility. Knock-in mice exhibited more frequent epileptiform discharges, reduced non-rapid eye movement sleep, decreased slow-wave activity and altered expression of rhythm-related genes. Pharmacological and sleep-related interventions partially ameliorated these abnormalities. Significance This study supports a protective genetic causal association between longer sleep duration and lower epilepsy risk, and suggests that epilepsy-related genetic risk converges primarily on broad functional networks. Within this framework, functional validation of CACNA1A rs2228130 identifies inhibitory synaptic dysfunction as a key mechanistic node linking genetic risk to sleep- and epilepsy-related phenotypes, providing a rationale for epilepsy prevention and treatment through sleep optimization and targeted modulation of critical downstream pathways. Plain Language Summary We used large-scale genetic data and experimental models to examine how sleep is related to epilepsy. Genetic evidence showed that longer sleep duration was associated with lower epilepsy risk. Although broad gene-level analyses did not identify a stable dominant signal for GABAergic synapse or circadian rhythm pathways, functional studies of the epilepsy-risk variant CACNA1A rs2228130 showed that it disrupted inhibitory synaptic transmission, altered sleep-related phenotypes and increased seizure susceptibility. In mouse models, drug treatment and sleep-related intervention partly improved these abnormalities, suggesting that sleep optimization and targeted downstream regulation may help reduce epilepsy risk.",https://pubmed.ncbi.nlm.nih.gov/42474867/,,,epilepsy,(Epilepsy[MeSH] OR epilepsy[tiab] OR seizure[tiab] OR anticonvulsant[tiab]) AND (treatment[tiab] OR intervention[tiab] OR therapy[tiab]),2026-08-05T17:46:50+00:00,,,,,,"Let's evaluate the abstract against the inclusion and exclusion criteria step by step:

### Inclusion Criteria
1. **Pathogen: Must be about Epilepsy**
   - The abstract addresses epilepsy explicitly, discussing risk factors and mechanisms related to epilepsy.
   - **Criterion Met**: Yes

2. **Language: English only**
   - The abstract is written in English.
   - **Criterion Met**: Yes

3. **Study type: Peer-reviewed, original research (note systematic reviews/meta-analyses for special consideration)**
   - The study appears to be original research as it discusses primary data from genetic and experimental models.
   - **Criterion Met**: Yes

4. **Population: Human subjects**
   - The study utilizes genetic data from large-scale European GWAS datasets, which implies human subjects but also includes mouse models for functional validation.
   - **Criterion Met**: Yes (since human genetic data is primarily involved)

5. **Content: Must contain AT LEAST ONE of the specified content criteria**
   - The results section discusses the association between sleep duration and epilepsy risk, detailing an odds ratio (OR = 0.9937) and significance (p < 1 × 10⁻⁵). This qualifies under ""Measures/estimates of severity.""
   - **Criterion Met**: Yes

### Exclusion Criteria
1. **Pathogen: Not about Epilepsy (exclude studies on other pathogens)**
   - The study is about epilepsy, so this criterion does not apply.
   - **Criterion Not Applicable**: Yes

2. **Language: Non-English**
   - The abstract is in English, so this criterion does not apply.
   - **Criterion Not Applicable**: Yes

3. **Publication type: Conference proceedings, abstracts, posters, correspondence**
   - The abstract provided appears to be from a peer-reviewed study; however, we would need more context to ascertain this as the current abstraction format is unclear if it is part of a conference or journal proceeding.
   - **Criterion Met**: If it is indeed from a peer-reviewed source, it's not applicable.

4. **Study design: In-vitro studies only (no human or animal component)**
   - The study includes human data and animal models, so it does not fit this exclusion.
   - **Criterion Not Applicable**: Yes

5. **Study design: Solely animal studies AND animal studies that do not report transmission parameters**
   - The study involves human data alongside animal models, so this does not apply.
   - **Criterion Not Applicable**: Yes

6. **Outbreak type: Accidental laboratory outbreaks**
   - The abstract does not mention any outbreaks; it focuses on genetic association and functional validations.
   - **Criterion Not Applicable**: Yes

Based on this evaluation, the abstract meets all inclusion criteria and does not meet any exclusion criteria. Therefore, it is relevant for the systematic review on epilepsy.

<decision>INCLUDE</decision>",INCLUDE,True,2026-08-06T00:45:56.267517
PMID_42474240,PubMed,42474240,,10.1097/yct.0000000000001281,Management and Prevention of Tardive Seizures: A Protocol and Case Series From Clinical Experience at Yale Psychiatric Hospital.,"Katz, Rachel; Tanella, Anthony; Ostroff, Robert",The journal of ECT,2026,"Tardive seizures are a rare but serious complication of electroconvulsive therapy, which can lead to early termination of an ECT course. A recent review by Warren et al discussed the reported prevalence of and risk factors for these events. While uncommon, our experience at Yale Psychiatric Hospital has revealed that tardive seizures occur more frequently than historically described, requiring urgent treatment for seizure termination and adjustments to subsequent ECT treatments. In our experience, most patients can safely continue ECT without further tardive seizures if appropriate adjustments are made. To our knowledge, there is no standardized algorithm for the management of tardive seizures, nor an explicit set of guidelines for risk mitigation if ECT will be continued. We provide both based on the data for management of status epilepticus, guided by our clinical experience and focused on short-acting agents appropriate for an ECT PACU setting. We also provide recommendations about when ECT should be paused and further workup pursued.",https://pubmed.ncbi.nlm.nih.gov/42474240/,,,epilepsy,(Epilepsy[MeSH] OR epilepsy[tiab] OR seizure[tiab] OR anticonvulsant[tiab]) AND (treatment[tiab] OR intervention[tiab] OR therapy[tiab]),2026-08-05T17:46:50+00:00,,,,,,"To assess the given abstract for inclusion in the systematic review on *Epilepsy*, we will evaluate it against the predefined inclusion and exclusion criteria.

### Inclusion Criteria
1. **Pathogen: Must be about Epilepsy**  
   The study is focused on tardive seizures, which are seizures that can occur following electroconvulsive therapy (ECT), associated with epilepsy and seizure management. This criterion is met.

2. **Language: English only**  
   The abstract is written in English. This criterion is met.

3. **Study type: Peer-reviewed, original research (note systematic reviews/meta-analyses for special consideration)**  
   The abstract discusses a protocol and clinical experience from a specific hospital, suggesting it is original research. However, it is not clear whether this abstract represents peer-reviewed publication or a conference proceeding since this information is not explicitly stated. However, given its content, we can tentatively assess it as research. This criterion is tentatively met.

4. **Population: Human subjects (animal studies acceptable if reporting EITHER...)**  
   The study involves human subjects as it discusses clinical experiences and practices at a psychiatric hospital. This criterion is met.

5. **Content: Must contain AT LEAST ONE of:**
   - (a) Quantitative details of concluded/ongoing human outbreak (size, year, location, duration, spatial scale)
   - (b) Mathematical or statistical model of disease transmission
   - (c) Measures/estimates of transmission parameters: R, R0, Rt, r, Re, growth rate, doubling time
   - (d) Measures/estimates of timing parameters: generation time, serial interval, incubation period, latent period, infectious period
   - (e) Measures/estimates of severity: CFR, IFR, hospitalization rate, mortality rate, attack rate
   - (f) Measures/estimates of genetic evolution: mutation rate, substitution rate, evolutionary rate
   - (g) Measures of overdispersion or superspreading (k parameter, transmission heterogeneity)
   - (h) Seroprevalence data or serological surveys
   - (i) Risk factors for infection, severe disease, death, or hospitalization (with statistical measures)
   - (j) Measures/estimates of vector parameters

   The abstract does not report any specific metrics that match these criteria. While it discusses management strategies and clinical experiences around tardive seizures following ECT, it does not provide quantitative evidence on seizure frequency or rates, nor any measures listed above. This criterion is **not met**.

### Exclusion Criteria
1. **Pathogen: Not about Epilepsy (exclude studies on other pathogens)**  
   The study is related to seizures and epilepsy. This criterion is not applicable for exclusion.

2. **Language: Non-English**  
   The abstract is in English. This criterion is not applicable for exclusion.

3. **Publication type: Conference proceedings, abstracts, posters, correspondence**  
   The abstract does not provide information to confirm if it is a conference proceeding, but the mention of a clinical experience and protocol suggests it might fit here. However, as it is presented for screening, it is categorized as such. This criterion is applicable for exclusion.

4. **Study design: In-vitro studies only (no human or animal component)**  
   This study includes human subjects. This criterion is not applicable for exclusion.

5. **Study design: Solely animal studies AND animal studies that do not report transmission parameters**  
   The study involves human subjects and doesn't involve animal studies. This criterion is not applicable for exclusion.

6. **Outbreak type: Accidental laboratory outbreaks (not natural disease transmission)**  
   This criterion does not apply as it does not involve outbreaks.

Given that the study does not meet the required content criteria for inclusion and could likely fall under the exclusion for being an abstract, the final determination leans towards exclusion.

<decision>EXCLUDE</decision>",EXCLUDE,False,2026-08-06T00:47:30.307685
PMID_42474218,PubMed,42474218,,10.1002/epi.70403,Refining diagnostic boundaries and electroclinical profiles of Lennox-Gastaut syndrome through unsupervised clustering.,"Cerulli Irelli, Emanuele; Perulli, Marco; Borioni, Maria S; Falco, Anna; Mazzeo, Adolfo; Cocchi, Enrico; Gambardella, Maria L; Morano, Alessandra; Quintiliani, Michela; Picilli, Maria; Giallonardo, Anna T; Di Bonaventura, Carlo; Battaglia, Domenica I",Epilepsia,2026,"OBJECTIVE: Lennox-Gastaut syndrome (LGS) is a developmental and epileptic encephalopathy defined by polymorphic seizures, intellectual disability (ID), and characteristic electroencephalographic (EEG) patterns. The applicability and biological validity of current electroclinical criteria remain debated. This study evaluated the concordance between clinical and electroclinical definitions of LGS and applied unsupervised clustering to identify data-driven profiles within LGS.
METHODS: We retrospectively analyzed patients clinically fulfilling LGS criteria, with longitudinal electroclinical documentation and at least one sleep EEG. Patients meeting complete electroclinical criteria were compared with those meeting clinical criteria alone. Additionally, exploratory unsupervised K-modes clustering and discriminant correspondence analysis were applied in adolescent and adult patients.
RESULTS: We included 105 patients (60.9% female), with a median age of 24 years (interquartile range = 16-35). Sixty-nine patients (65.7%) met complete electroclinical criteria, yet neurodevelopmental features, seizure types, magnetic resonance imaging (MRI) findings, and treatment refractoriness were comparable to the clinically defined subgroup. K-modes clustering (n = 97 patients) identified three data-driven electroclinical profiles. Cluster 1 comprised patients with the earliest seizure onset, profound intellectual and motor impairment, EEG background slowing, lower prevalence of generalized paroxysmal fast activity (GPFA), highest prevalence of structural etiologies, and lowest likelihood of meeting complete electroclinical criteria for LGS. Among clusters more frequently fulfilling complete electroclinical criteria, Cluster 2 represented an early onset profile with higher rates of ID, EEG background slowing, and high prevalence of polymorphic seizures. Cluster 3 included comparatively preserved patients, characterized by later onset, milder neurodevelopmental impairment, and higher frequency of normal MRI. Despite similar clinical severity, Cluster 1 patients had undergone fewer antiseizure medication trials.
SIGNIFICANCE: Exploratory data-driven clustering identified clinically relevant electroclinical profiles that may help refine phenotypic stratification within clinically defined LGS. These included a severe GPFA-underrepresented profile and two GPFA-positive phenotypes differing in developmental severity, seizure profile, and age at onset.",https://pubmed.ncbi.nlm.nih.gov/42474218/,,,epilepsy,(Epilepsy[MeSH] OR epilepsy[tiab] OR seizure[tiab] OR anticonvulsant[tiab]) AND (treatment[tiab] OR intervention[tiab] OR therapy[tiab]),2026-08-05T17:46:50+00:00,,,,,,"To evaluate the provided abstract against the inclusion and exclusion criteria for the systematic review on *Epilepsy*, let's analyze each criterion step by step:

### Inclusion Criteria
1. **Pathogen (Must be about Epilepsy):**
   - The study is focused on Lennox-Gastaut syndrome (LGS), a form of epilepsy. **Criterion met.**

2. **Language (English only):**
   - The abstract is written in English. **Criterion met.**

3. **Study type (Peer-reviewed, original research):**
   - The study is original research. Although it may not be specifically stated as peer-reviewed, the context suggests that it is original research relevant to the field. **Criterion met.**

4. **Population (Human subjects):**
   - The study involves patients with LGS, which is a human condition. **Criterion met.**

5. **Content (Must contain at least one of the specified measures):**
   - While the study includes various clinical profiles and EEG patterns, it does not report on seizure frequency or seizure-free rates, antiepileptic drug interventions, or EEG-based outcomes as specified in the review's inclusion criteria. It focuses on characterizing patients with LGS but lacks specific quantitative seizure-related outcomes. **Criterion not met.**

### Exclusion Criteria
1. **Pathogen (Not about Epilepsy):**
   - The study is about epilepsy, specifically LGS. **Criterion not applicable.**

2. **Language (Non-English):**
   - The abstract is in English. **Criterion not applicable.**

3. **Publication type (Conference proceedings, abstracts, posters, correspondence):**
   - The abstract appears to be from a peer-reviewed journal and is not from conference proceedings, although it is an abstract form. This requires consideration in context (does it provide new analysis, insights, or outcomes pertinent to epilepsy?). **Criterion not applicable.**

4. **Study design: In-vitro studies only (no human or animal component):**
   - The study includes human subjects. **Criterion not applicable.**

5. **Study design: Solely animal studies AND those that do not report transmission parameters:**
   - The study involves human subjects and is focused on characterizing human epilepsy profiles. **Criterion not applicable.**

6. **Outbreak type: Accidental laboratory outbreaks:**
   - This criterion does not apply as the study is concerned with a clinical syndrome and not an outbreak context. **Criterion not applicable.**

### Conclusion
Despite some relevant data on epilepsy outcomes, the study does not report seizure frequency or seizure-free rates explicitly, which is a critical inclusion criterion for this systematic review. Therefore, based on these evaluations, the study must be excluded.

<decision>EXCLUDE</decision>",EXCLUDE,False,2026-08-06T00:47:30.308686
PMID_42473671,PubMed,42473671,PMC8759718,10.1212/nxi.0000000000001137,Immune context and treatment timing associated with seizure freedom after rituximab in autoimmune limbic encephalitis.,"Dik, Andre; Landmeyer, Nils; Gmahl, Noëmi; Bierhansl, Laura; Dadarwal, Rakshit; Kosfeld, Alina; Pawlowski, Matthias; Brix, Tobias; Gross, Catharina C; Meyer Zu Hörste, Gerd; Wiendl, Heinz; Bischof, Antje; Elger, Christian; Meuth, Sven G; Kovac, Stjepana",iScience,2026,"Seizure freedom represents a clinically meaningful outcome in autoimmune limbic encephalitis (ALE). Rituximab (RTX) is commonly used, but the factors associated with seizure outcomes remain unclear. We conducted a retrospective single-center cohort study including 107 adults with ALE and seizures treated between 2005 and 2024. Patients were stratified by RTX treatment, treatment timing, cerebrospinal fluid (CSF) findings, and seizure outcome. The primary endpoint was seizure freedom for ≥12 months. Overall, 72/107 patients (70.6%) achieved seizure freedom, including 18 RTX-treated patients. Earlier RTX initiation (< 12 months) was numerically associated with higher seizure freedom rates than later treatment (77.8% vs. 37.5%). In RTX-treated patients, positive CSF immune findings were associated with seizure freedom (100% vs. 62.5%). Combining early RTX initiation and positive CSF findings was associated with increased odds of seizure freedom. In multivariable analysis, RTX treatment was not independently associated with seizure freedom. These exploratory findings require prospective validation.",https://pubmed.ncbi.nlm.nih.gov/42473671/,,,epilepsy,(Epilepsy[MeSH] OR epilepsy[tiab] OR seizure[tiab] OR anticonvulsant[tiab]) AND (treatment[tiab] OR intervention[tiab] OR therapy[tiab]),2026-08-05T17:46:50+00:00,,,,,,"To determine whether the study should be included or excluded based on the criteria provided, we will evaluate the abstract against both the inclusion and exclusion criteria.

### Evaluation Against Inclusion Criteria

1. **Pathogen**: Must be about Epilepsy  
   The study involves patients with autoimmune limbic encephalitis (ALE) and seizures, which falls under the broader category of epilepsy. Thus, this criterion is met.

2. **Language**: English only  
   The abstract is in English, so this criterion is met.

3. **Study type**: Peer-reviewed, original research (note systematic reviews/meta-analyses for special consideration)  
   The study is a retrospective cohort study, which qualifies as original research. Thus, this criterion is met.

4. **Population**: Human subjects  
   The study involves human subjects (107 adults with ALE), so this criterion is met.

5. **Content**: Must contain AT LEAST ONE of:  
   The abstract mentions outcomes related to seizure freedom (primary endpoint was seizure freedom for ≥ 12 months)—this directly relates to seizure frequency or seizure-free rates, which fulfills this criterion.

### Evaluation Against Exclusion Criteria

1. **Pathogen**: Not about Epilepsy  
   The study is about epilepsy (specifically, autoimmune limbic encephalitis), so this criterion does not apply for exclusion.

2. **Language**: Non-English  
   The abstract is in English; thus, this criterion does not apply for exclusion.

3. **Publication type**: Conference proceedings, abstracts, posters, correspondence  
   The abstract provided does not indicate that it is a conference proceeding or similar; we need to assume it is a journal publication until stated otherwise. Therefore, this criterion does not apply for exclusion.

4. **Study design**: In-vitro studies only  
   The study is not an in-vitro study; it involves human subjects. Thus, this criterion does not apply for exclusion.

5. **Study design**: Solely animal studies AND animal studies that do not report transmission parameters  
   The study involves human participants; hence, this criterion does not apply for exclusion.

6. **Outbreak type**: Accidental laboratory outbreaks (not natural disease transmission)  
   This criterion does not apply as the study is not focused on outbreaks.

### Conclusion
Based on the assessment against the inclusion and exclusion criteria, the study meets all the inclusion criteria and does not meet any of the exclusion criteria. Therefore, it warrants inclusion in the systematic review.

<decision>INCLUDE</decision>",INCLUDE,True,2026-08-06T00:47:30.308798
PMID_36557329,EuropePMC,36557329,PMC9788458,10.3390/metabo12121288,Ketogenic Diet and Vitamin D Metabolism: A Review of Evidence.,"Detopoulou P, Papadopoulou SK, Voulgaridou G, Dedes V, Tsoumana D, Gioxari A, Gerostergios G, Detopoulou M, Panoutsopoulos GI.",,2022,"The ketogenic diet (KD), which is low in carbohydrates and high to normal in fat and protein, has been traditionally used in epilepsy for the last 100 years. More recently, its application in obesity has been introduced. The present review aimed to investigate the effects of the KD on vitamin D. In total, five studies were done in healthy adults, one in subjects with type 2 diabetes, and seven in subjects with epilepsy that assessed the levels of vitamin D pre- and post-intervention. In the majority of studies, increases in circulating vitamin D were reported. The relationship of the KD with vitamin D was explained through several mechanisms: ketone bodies, macronutrient intake, the status levels of other fat-soluble vitamins, weight loss, changes in the hormonal milieu, and effects on gut microbiota. Moreover, potential nutrient-gene-related interactions were discussed. There is still a need to conduct multiple arm studies to compare the effects of the KD versus other diets and better decipher the particular effects of the KD on vitamin D levels and metabolism. Moreover, differentiations of the diet's effects according to sex and genetic makeup should be investigated to prescribe KDs on a more personalized basis.",https://pubmed.ncbi.nlm.nih.gov/36557329/,,https://europepmc.org/articles/PMC9788458?pdf=render,epilepsy,(Epilepsy[MeSH] OR epilepsy[tiab] OR seizure[tiab] OR anticonvulsant[tiab]) AND (treatment[tiab] OR intervention[tiab] OR therapy[tiab]),2026-08-05T17:46:50+00:00,,,,,,"To evaluate the provided abstract systematically against the inclusion and exclusion criteria, let's go through each criterion step by step.

### Inclusion Criteria
1. **Pathogen: Must be about Epilepsy**
   - The abstract discusses the ketogenic diet's (KD) effects on epilepsy and its application in that context. **Criterion met.**

2. **Language: English only**
   - The abstract is written in English. **Criterion met.**

3. **Study type: Peer-reviewed, original research (note systematic reviews/meta-analyses for special consideration)**
   - The paper is a review of existing studies, which is typically considered a systematic review. However, it does not report new original research itself. This may lead to uncertainty regarding inclusion based on the systematic review criteria. **Criterion may not be fully met.**

4. **Population: Human subjects**
   - The studies included in the review involved human subjects, specifically those with epilepsy. **Criterion met.**

5. **Content: Must contain AT LEAST ONE of:**
   - This review primarily focuses on the relationship between the ketogenic diet and vitamin D, rather than direct clinical outcomes related to seizure frequency or seizure-free rates in epilepsy patients. It does not mention any outcomes that are clearly indicated in the inclusion criteria. **Criterion not met.**

### Exclusion Criteria
1. **Pathogen: Not about Epilepsy (exclude studies on other pathogens)**
   - The study is about epilepsy. **Criterion not applicable.**

2. **Language: Non-English**
   - The abstract is in English. **Criterion not applicable.**

3. **Publication type: Conference proceedings, abstracts, posters, correspondence**
   - The abstract is part of a review article, not a conference proceeding or abstract. **Criterion not applicable.**

4. **Study design: In-vitro studies only (no human or animal component)**
   - The abstract references various studies involving human subjects with epilepsy; thus, it does not fall under in-vitro studies only. **Criterion not applicable.**

5. **Study design: Solely animal studies AND animal studies that do not report transmission parameters (R0, Rt, Re, r, growth rate, mutation rate)**
   - The abstract does not discuss any animal studies. **Criterion not applicable.**

6. **Outbreak type: Accidental laboratory outbreaks (not natural disease transmission)**
   - This is irrelevant as the study focuses on dietary intervention rather than outbreaks. **Criterion not applicable.**

### Conclusion
Overall, while this study discusses epilepsy, it primarily focuses on the ketogenic diet's impact on vitamin D metabolism rather than clinical outcomes related to epilepsy itself. It does not meet key content criteria related to clinical outcomes of epilepsy such as seizure frequency or seizure-free rates. 

Thus, based on the comparison of criteria and the nature of the content, the decision is:

<decision>EXCLUDE</decision>",EXCLUDE,False,2026-08-06T00:47:30.308897
PMID_40405708,EuropePMC,40405708,PMC12103688,10.1177/00368504251343778,"Balance control and vestibular disorders in pregnant women: A comprehensive review on pathophysiology, clinical features and rational treatment.","Franz L, Frosolini A, Parrino D, Badin G, Piccoli V, Poli G, Bertocco AG, Spinato G, de Filippis C, Marioni G.",,2025,"During pregnancy, women experience substantial anthropometric, cardiovascular, hormonal and psychological changes that affect several organs involving the circulatory, respiratory, gastrointestinal, musculoskeletal, dermatological and sensory systems. The main aim of this review was to analyse the available literature on postural strategies throughout pregnancy in both static and dynamic conditions. The secondary aim was to assess and discuss the current knowledge regarding vestibular disorders during pregnancy. Pregnant women with vestibular disorders need appropriate and safe treatments to resolve or reduce symptoms without risks for mother and foetus. Our protocol was registered on PROSPERO (CRD42024622122). A literature search was conducted screening PubMed, Scopus and Web of Science databases. After duplicates removal and exclusion of records due to coherence with the inclusion/exclusion criteria, 41 articles relevant to the topic were examined. Although some studies claimed no changes in postural behaviour during pregnancy, most of the available evidence seems to demonstrate significant modifications in posture and balance metrics, with multiple mechanisms. Physiological changes that occur in the mother's body during pregnancy have been considered as a possible substrate for developing vestibular disorders. Dizziness and vertigo were reported in pregnancy in small, low-quality studies. Benign paroxysmal positional vertigo, vestibular neuritis, Ménière disease, vestibular migraine and vestibular schwannoma have all been documented in pregnant women. To overcome reported limitations, prospective studies, preferably multicentre and involving third-level audio-vestibular centres are mandatory in order to define rational diagnostic and treatment approaches for vestibular disorders to protect the safety of the mother and foetus.",https://pubmed.ncbi.nlm.nih.gov/40405708/,,https://europepmc.org/articles/PMC12103688?pdf=render,epilepsy,(Epilepsy[MeSH] OR epilepsy[tiab] OR seizure[tiab] OR anticonvulsant[tiab]) AND (treatment[tiab] OR intervention[tiab] OR therapy[tiab]),2026-08-05T17:46:50+00:00,,,,,,"To assess the abstract against our predefined inclusion and exclusion criteria, we will assess each criterion carefully.

## Inclusion Criteria

1. **Pathogen: Must be about Epilepsy**
   - The abstract does not mention epilepsy; it focuses on vestibular disorders during pregnancy. **Not met**.

2. **Language: English only**
   - The abstract is in English. **Met**.

3. **Study type: Peer-reviewed, original research (note systematic reviews/meta-analyses for special consideration)**
   - The abstract appears to be for a comprehensive review, potentially summarizing multiple studies rather than being original research. This seems to fall under the category of systematic reviews but lacks details confirming it as a systematic review/meta-analysis. **Not clearly met**.

4. **Population: Human subjects**
   - The study discusses pregnant women, which are human subjects. **Met**.

5. **Content: Must contain AT LEAST ONE of:**
   - The abstract does not provide quantitative details of conclusions regarding epilepsy, nor does it include relevant quantitative measures of seizure frequency or any other specified outcome measures associated with epilepsy. Therefore, it does not meet the content requirement. **Not met**.

## Exclusion Criteria

1. **Pathogen: Not about Epilepsy (exclude studies on other pathogens)**
   - The abstract does not discuss epilepsy, but rather vestibular disorders. **Exclude**.

2. **Language: Non-English**
   - The abstract is in English. **Not applicable**.

3. **Publication type: Conference proceedings, abstracts, posters, correspondence**
   - The abstract appears to summarize a review rather than being an original research paper. If it is considered an abstract for a conference or similar, this could be a reason for exclusion. **Exclude**.

4. **Study design: In-vitro studies only (no human or animal component)**
   - The study involves human subjects; thus, this criterion does not apply. **Not applicable**.

5. **Study design: Solely animal studies AND animal studies that do not report transmission parameters (R0, Rt, Re, r, growth rate, mutation rate)**
   - Again, this does not apply as the study involves human subjects. **Not applicable**.

6. **Outbreak type: Accidental laboratory outbreaks (not natural disease transmission)**
   - This criterion does not apply, as the focus is on clinical features and treatments rather than disease outbreak transmission. **Not applicable**.

### Conclusion

The study clearly fails to focus on epilepsy and meets criteria for exclusion primarily due to not being related to the topic of epilepsy. 

<decision>EXCLUDE</decision>",EXCLUDE,False,2026-08-06T00:47:30.308988
PMID_36721826,EuropePMC,36721826,PMC9881833,10.22037/ijcn.v17i2.38752,Literature Review of the Efficacy of Repetitive Transcranial Magnetic Stimulation on Epilepsy.,"Tavakoli H, Heidarpanah A.",,2023,"Repetitive transcranial magnetic stimulation (rTMS), often recognized as a safe and tolerable method with promising therapeutic potential for the treatment of a variety of neurological disorders, has been extensively studied by medical engineering scientists in recent decades. Epilepsy has always been one of the vital foci in the therapeutic role of rTMS, especially its low-frequency type. However, various reports, clinical trials, and review articles published in recent years have yielded conflicting results regarding the efficacy and side effects of rTMS in patients. In this review article, reviewing studies published from January 2000 to October 2021, we examined the efficacy and side effects of rTMS with a specific look at its therapeutic applications in epilepsy. Our study indicates promising results in the clinical application of this technique for patients with epilepsy. Among other things, it has the ability to reduce interictal epileptic abnormalities, does not interfere with neuropsychological function in normal people, does not worsen cognitive function and even improves Stroop function, rarely has serious side effects such as seizures and psychotic symptoms, has low risk in children as adults, and has potential for improving suicidal ideation. Despite some limitations in this study, including the small number of studies performed and the heterogeneity among studies, this review article suggests significant rtMS potentials in improving the complications of epilepsy. Our review also showed that the reported side effects of using this technique are not very common. Therefore, we can recommend further use of this technique as a promising tool in clinical research.",https://pubmed.ncbi.nlm.nih.gov/36721826/,,https://europepmc.org/articles/PMC9881833?pdf=render,epilepsy,(Epilepsy[MeSH] OR epilepsy[tiab] OR seizure[tiab] OR anticonvulsant[tiab]) AND (treatment[tiab] OR intervention[tiab] OR therapy[tiab]),2026-08-05T17:46:50+00:00,,,,,,"Let’s evaluate the provided abstract against the inclusion and exclusion criteria step by step.

### Inclusion Criteria
1. **Pathogen: Must be about Epilepsy**
   - The abstract is focused on the efficacy of repetitive transcranial magnetic stimulation (rTMS) specifically for epilepsy, which fits the requirement.

2. **Language: English only**
   - The abstract is in English.

3. **Study type: Peer-reviewed, original research (note systematic reviews/meta-analyses for special consideration)**
   - This is a literature review, which may not qualify as original research. However, it’s noted that systematic reviews/meta-analyses are considered for inclusion.

4. **Population: Human subjects (animal studies acceptable if reporting EITHER: ...)**
   - The studies reviewed in the article are concerned with human subjects suffering from epilepsy.

5. **Content: Must contain AT LEAST ONE of:**
   - The abstract mentions examining the efficacy and side effects of rTMS for epilepsy, suggesting a focus on clinical outcomes. However, it does not provide specific quantitative details, mathematical models of disease transmission, or other parameters listed under criteria 5 (a to j), which could be seen as a shortcoming.

### Exclusion Criteria
1. **Pathogen: Not about Epilepsy (exclude studies on other pathogens)**
   - The study is indeed about epilepsy.

2. **Language: Non-English**
   - The abstract is in English.

3. **Publication type: Conference proceedings, abstracts, posters, correspondence**
   - It appears that this is categorized as a literature review, not strictly a conference proceeding or abstract, assuming it’s part of a peer-reviewed journal.

4. **Study design: In-vitro studies only (no human or animal component)**
   - The focus is on human subjects, which does not fall under in-vitro studies.

5. **Study design: Solely animal studies AND animal studies that do not report transmission parameters (R0, Rt, Re, r, growth rate, mutation rate)**
   - This does not apply, as the study involves human subjects.

6. **Outbreak type: Accidental laboratory outbreaks (not natural disease transmission)**
   - This criterion does not apply to the content of the abstract which discusses therapeutic applications, not outbreaks.

### Conclusion
The abstract discusses rTMS as a therapeutic approach to epilepsy, focuses on human studies, is in English, and while it is a literature review, systematic reviews are considered for inclusion. However, a major concern is the lack of specific quantitative details and outcomes related to seizure frequency or seizure-free rates.

Given that the abstract does not report critical details aligned with the outcomes specified in the inclusion criteria, particularly around seizure frequency or seizure-free rates, it leans towards exclusion despite its relevance.

Thus, the final decision is:

<decision>EXCLUDE</decision>",EXCLUDE,False,2026-08-06T00:47:30.309077
PMID_37994736,EuropePMC,37994736,PMC10666199,10.1002/14651858.cd015582.pub2,Stem cell-based interventions for the treatment of stroke in newborn infants.,"Bruschettini M, Badura A, Romantsik O.",,2023,"<h4>Background</h4>Perinatal stroke refers to a diverse but specific group of cerebrovascular diseases that occur between 20 weeks of fetal life and 28 days of postnatal life. Acute treatment options for perinatal stroke are limited supportive care, such as controlling hypoglycemia and seizures. Stem cell-based therapies offer a potential therapeutic approach to repair, restore, or regenerate injured brain tissue. Preclinical findings have culminated in ongoing human neonatal studies.<h4>Objectives</h4>To evaluate the benefits and harms of stem cell-based interventions for the treatment of stroke in newborn infants compared to control (placebo or no treatment) or stem-cell based interventions of a different type or source.<h4>Search methods</h4>We searched CENTRAL, PubMed, Embase, and three trials registries in February 2023. We planned to search the reference lists of included studies and relevant systematic reviews for studies not identified by the database searches.<h4>Selection criteria</h4>We attempted to include randomized controlled trials, quasi-randomized controlled trials, and cluster trials that evaluated any of the following comparisons. • Stem cell-based interventions (any type) versus control (placebo or no treatment) • Mesenchymal stem/stromal cells (MSCs) of a specifictype (e.g. number of doses or passages) or source (e.g. autologous/allogeneic or bone marrow/cord) versus MSCs of another type or source • Stem cell-based interventions (other than MSCs) of a specific type (e.g. mononuclear cells, oligodendrocyte progenitor cells, neural stem cells, hematopoietic stem cells, or induced pluripotent stem cell-derived cells) or source (e.g. autologous/allogeneic or bone marrow/cord) versus stem cell-based interventions (other than MSCs) of another type or source • MSCs versus stem cell-based interventions other than MSCs We planned to include all types of transplantation regardless of cell source (bone marrow, cord blood, Wharton's jelly, placenta, adipose tissue, peripheral blood), type of graft (autologous or allogeneic), and dose.<h4>Data collection and analysis</h4>We used standard Cochrane methods. Our primary outcomes were all-cause neonatal mortality, major neurodevelopmental disability, and immune rejection or any serious adverse event. Our secondary outcomes included all-cause mortality prior to first hospital discharge, seizures, adverse effects, and death or major neurodevelopmental disability at 18 to 24 months of age. We planned to use GRADE to assess the certainty of evidence for each outcome.<h4>Main results</h4>We identified no completed or ongoing randomized trials that met our inclusion criteria. We excluded three studies: two were phase 1 trials, and one included newborn infants with conditions other than stroke (i.e. cerebral ischemia and anemia). Among the three excluded studies, we identified the first phase 1 trial on the use of stem cells for neonatal stroke. It reported that a single intranasal application of bone marrow-derived MSCs in term neonates with a diagnosis of perinatal arterial ischemic stroke (PAIS) was feasible and apparently not associated with severe adverse events. However, the trial included only 10 infants, and follow-up was limited to three months.<h4>Authors' conclusions</h4>No evidence is currently available to evaluate the benefits and harms of stem cell-based interventions for treatment of stroke in newborn infants. We identified no ongoing studies. Future clinical trials should focus on standardizing the timing and method of cell delivery and cell processing to optimize the therapeutic potential of stem cell-based interventions and safety profiles. Phase 1 and large animal studies might provide the groundwork for future randomized trials. Outcome measures should include all-cause mortality, major neurodevelopmental disability and immune rejection, and any other serious adverse events.",https://pubmed.ncbi.nlm.nih.gov/37994736/,,https://europepmc.org/articles/PMC10666199?pdf=render,epilepsy,(Epilepsy[MeSH] OR epilepsy[tiab] OR seizure[tiab] OR anticonvulsant[tiab]) AND (treatment[tiab] OR intervention[tiab] OR therapy[tiab]),2026-08-05T17:46:50+00:00,,,,,,"To evaluate whether this study should be included or excluded for the systematic review on epilepsy, we will go through each of the defined inclusion and exclusion criteria step-by-step.

## Inclusion Criteria:
1. **Pathogen: Must be about Epilepsy**  
   - The study is focused on stem cell-based interventions for the treatment of stroke in newborn infants, not epilepsy.  
   - **Not met**.

2. **Language: English only**  
   - The abstract is in English.  
   - **Met**.

3. **Study type: Peer-reviewed, original research (note systematic reviews/meta-analyses for special consideration)**  
   - The abstract details a study that appears to be peer-reviewed original research but specifically focuses on stroke in newborns.  
   - **Not met**.

4. **Population: Human subjects**  
   - The population studied consists of newborn infants. However, the study does not involve patients with confirmed epilepsy diagnosis.  
   - **Not met**.

5. **Content: Must contain AT LEAST ONE of:**  
   - As noted above, the content does not pertain to epilepsy nor does it provide any quantitative details regarding seizures or treatment effectiveness for epilepsy.  
   - **Not met**.

## Exclusion Criteria:
1. **Pathogen: Not about Epilepsy (exclude studies on other pathogens)**  
   - This study is not about epilepsy; it focuses on stroke instead.  
   - **Applicable exclusion criterion**.

2. **Language: Non-English**  
   - The study is in English.  
   - **Not applicable**.

3. **Publication type: Conference proceedings, abstracts, posters, correspondence**  
   - No indication that it is anything other than original research.  
   - **Not applicable**.

4. **Study design: In-vitro studies only (no human or animal component)**  
   - This study involves human subjects and does not fall under in-vitro research.  
   - **Not applicable**.

5. **Study design: Solely animal studies AND animal studies that do not report transmission parameters**  
   - The study does not involve animals; it involves human subjects.  
   - **Not applicable**.

6. **Outbreak type: Accidental laboratory outbreaks (not natural disease transmission)**  
   - The study does not relate to outbreaks or transmission types.  
   - **Not applicable**.

Given that the study does not meet any of the inclusion criteria and falls under the first exclusion criterion (it is not about epilepsy), the conclusion is clear:

<decision>EXCLUDE</decision>",EXCLUDE,False,2026-08-06T00:47:30.309172
PMID_35352276,EuropePMC,35352276,PMC9198115,10.1007/s13181-022-00886-3,The Potential Proconvulsant Effects of Cannabis: a Scoping Review.,"Kaczor EE, Greene K, Zacharia J, Tormoehlen L, Neavyn M, Carreiro S.",,2022,"<h4>Introduction</h4>Cannabis' effect on seizure activity is an emerging topic that remains without consensus and merits further investigation. We therefore performed a scoping review to identify the available evidence and knowledge gaps within the existing literature on cannabis product exposures as a potential cause of seizures in humans.<h4>Methods</h4>A scoping review was conducted in accordance with the PRISMA Extension for Scoping Reviews guidelines. The PubMed and Scopus databases were searched over a 20-year period from the date of the database query (12/21/2020). Inclusion criteria were (1) English language original research articles, (2) inclusion of human subjects, and (3) either investigation of seizures as a part of recreational cannabinoid use OR of exogenous cannabinoids as a cause of seizures.<h4>Results</h4>A total of 3104 unique articles were screened, of which 68 underwent full-text review, and 13 met inclusion/exclusion criteria. Ten of 11 studies evaluating acute cannabis exposures reported a higher seizure incidence than would be expected based on the prevalence of epilepsy in the general and pediatric populations (range 0.7-1.2% and 0.3-0.5% respectively). The remaining two studies demonstrated increased seizure frequency and/or seizure-related hospitalization in recreational cannabis users and those with cannabis use disorder.<h4>Conclusions</h4>This scoping review demonstrates that a body of literature describing seizures in the setting of cannabis exposure exists, but it has several limitations. Ten identified studies showed a higher than expected incidence of seizures in populations exposed to cannabis products. Based on the Bradford Hill criteria, delta-9 tetrahydrocannabinol (THC) may be the causative xenobiotic for this phenomenon.",https://pubmed.ncbi.nlm.nih.gov/35352276/,,https://europepmc.org/articles/PMC9198115?pdf=render,epilepsy,(Epilepsy[MeSH] OR epilepsy[tiab] OR seizure[tiab] OR anticonvulsant[tiab]) AND (treatment[tiab] OR intervention[tiab] OR therapy[tiab]),2026-08-05T17:46:50+00:00,,,,,,"To determine whether the abstract titled ""The Potential Proconvulsant Effects of Cannabis: a Scoping Review"" should be included or excluded from the systematic review on epilepsy, we will methodically evaluate it against the inclusion and exclusion criteria.

### Inclusion Criteria Assessment
1. **Pathogen: Must be about Epilepsy**
   - While the paper discusses seizures in the context of cannabis exposure, it does not explicitly report on epilepsy itself. The primary focus is on the relationship between cannabis and seizure activity without confirming whether the patients had a diagnosed epilepsy.

2. **Language: English only**
   - The abstract is in English, meeting this criterion.

3. **Study type: Peer-reviewed, original research (with note of systematic reviews)**
   - This study is classified as a scoping review, which is a type of systematic review. However, it must be noted that scoping reviews can sometimes lack the rigor of original research studies and may not present new scientific findings.

4. **Population: Human subjects**
   - The study includes human subjects, as it investigates the effects of cannabis on seizure activity in humans.

5. **Content: Must contain AT LEAST ONE of the specified criteria**
   - The results indicate a higher incidence of seizures associated with cannabis use. However, it does not provide specific quantitative data on seizure frequency or seizure-free rates related to a population with epilepsy directly, which is critical for inclusion under the systematic review's goals.

### Exclusion Criteria Assessment
1. **Pathogen: Not about Epilepsy (exclude studies on other pathogens)**
   - This study does mention seizures relevant to the use of cannabis, but there is no clear mention of epilepsy as a definitive diagnosis in the patient population studied.

2. **Language: Non-English**
   - This criterion does not apply, as the abstract is in English.

3. **Publication type: Conference proceedings, abstracts, posters, correspondence**
   - It is a scoping review and is published in a peer-reviewed manner, which does not fall under the excluded publication types.

4. **Study design: In-vitro studies only (no human or animal component)**
   - The study examines human subjects, so this criterion does not apply.

5. **Study design: Solely animal studies AND animal studies that do not report transmission parameters**
   - This does not apply as the study involves human subjects.

6. **Outbreak type: Accidental laboratory outbreaks**
   - This does not apply here.

### Conclusion
The main point of contention is that while the study addresses seizures as a potential side effect of cannabis, it does not confirm that these are in individuals with epilepsy or report specific data relevant to the systematic review's focus on clinical evidence related to epilepsy. Because of this lack of explicit focus on epilepsy, it warrants exclusion based on our criteria.

Therefore, the final decision is:

<decision>EXCLUDE</decision>",EXCLUDE,False,2026-08-06T00:47:30.309262
PMID_33517431,EuropePMC,33517431,PMC7955971,10.1093/neuros/nyaa365,Functional Outcomes and Health-Related Quality of Life Following Glioma Surgery.,"De Witt Hamer PC, De Witt Hamer PC, Klein M, Hervey-Jumper SL, Wefel JS, Berger MS.",,2021,"Functional outcome following glioma surgery is defined as how the patient functions or feels. Functional outcome is a coprimary end point of surgery in patients with diffuse glioma, together with oncological outcome. In this review, we structure the functional outcome measurements following glioma surgery as reported in the last 5 yr. We review various perspectives on functional outcome of glioma surgery with available measures, and offer suggestions for their use. From the recent neurosurgical literature, 160 publications were retrieved fulfilling the selection criteria. In these publications, neurological outcomes were reported most often, followed by activities of daily living, seizure outcomes, neurocognitive outcomes, and health-related quality of life or well-being. In more than a quarter of these publications functional outcome was not reported. A minimum essential consensus set of functional outcome measurements would benefit comparison across neurosurgical reports. The consensus set should be based on a combination of clinician- and patient-reported outcomes, assessed at a predefined time before and after surgery. The selected measurements should have psychometric properties supporting the intended use including validity-related evidence, reliability, and sensitivity to detect meaningful change with minimal burden to ensure compliance. We circulate a short survey as a start towards reporting guidelines. Many questions remain to better understand, report, and improve functional outcome following glioma surgery.",https://pubmed.ncbi.nlm.nih.gov/33517431/,,https://europepmc.org/articles/PMC7955971?pdf=render,epilepsy,(Epilepsy[MeSH] OR epilepsy[tiab] OR seizure[tiab] OR anticonvulsant[tiab]) AND (treatment[tiab] OR intervention[tiab] OR therapy[tiab]),2026-08-05T17:46:50+00:00,,,,,,"Let's evaluate the abstract against the predefined inclusion and exclusion criteria step by step:

## Inclusion Criteria
1. **Pathogen**: The study must be about Epilepsy.  
   - This study focuses on glioma surgery and does not pertain to Epilepsy. **Not met.**

2. **Language**: Must be in English.  
   - The abstract is in English. **Met.**

3. **Study type**: Peer-reviewed, original research (note systematic reviews/meta-analyses for special consideration).  
   - While the abstract discusses a review, it's focused on functional outcomes from glioma surgery, which isn't relevant to Epilepsy. **Not met.**

4. **Population**: Human subjects.  
   - The study involves human subjects, as it discusses patients undergoing glioma surgery. **Met.**

5. **Content**: Must contain at least one of the specified elements such as quantitative details of outbreaks or estimates of transmission parameters.  
   - The content discusses functional outcomes and seizes outcomes after neurosurgery, but it doesn't directly provide evidence on seizure frequency, seizure-free rates, or any detail that aligns with the inclusion criteria specific to Epilepsy. **Not met.**

## Exclusion Criteria
1. **Pathogen**: Not about Epilepsy (exclude studies on other pathogens).  
   - This study does not relate to Epilepsy. **Exclusion applies.**

2. **Language**: Non-English.  
   - The abstract is in English. **Not excluded.**

3. **Publication type**: Conference proceedings, abstracts, posters, correspondence.  
   - This is an abstract discussing a review. **Exclusion applies.**

4. **Study design**: In-vitro studies only (no human or animal component).  
   - The study involves human subjects. **Not excluded.**

5. **Study design**: Solely animal studies AND animal studies that do not report transmission parameters.  
   - The study involves human subjects, thus this criterion does not apply for exclusion. **Not excluded.**

6. **Outbreak type**: Accidental laboratory outbreaks (not natural disease transmission).  
   - Not applicable; the study does not deal with outbreaks. **Not excluded.**

Given that the abstract does not address Epilepsy in any capacity and is primarily focused on glioma surgery, it fails to meet the inclusion criteria and falls under the exclusion criteria for not being relevant to Epilepsy.

Thus, the final decision is:
<decision>EXCLUDE</decision>",EXCLUDE,False,2026-08-06T00:47:30.309352
PMID_29543325,EuropePMC,29543325,PMC6513394,10.1002/14651858.cd011481.pub2,Pharmacological interventions for benzodiazepine discontinuation in chronic benzodiazepine users.,"Baandrup L, Ebdrup BH, Rasmussen JØ, Lindschou J, Gluud C, Glenthøj BY.",,2018,"<h4>Background</h4>Prolonged treatment with benzodiazepines is common practice despite clinical recommendations of short-term use. Benzodiazepines are used by approximately 4% of the general population, with increased prevalence in psychiatric populations and the elderly. After long-term use it is often difficult to discontinue benzodiazepines due to psychological and physiological dependence. This review investigated if pharmacological interventions can facilitate benzodiazepine tapering.<h4>Objectives</h4>To assess the benefits and harms of pharmacological interventions to facilitate discontinuation of chronic benzodiazepine use.<h4>Search methods</h4>We searched the following electronic databases up to October 2017: Cochrane Drugs and Alcohol Group's Specialised Register of Trials, CENTRAL, PubMed, Embase, CINAHL, and ISI Web of Science. We also searched ClinicalTrials.gov, the WHO ICTRP, and ISRCTN registry, and checked the reference lists of included studies for further references to relevant randomised controlled trials.<h4>Selection criteria</h4>We included randomised controlled trials comparing pharmacological treatment versus placebo or no intervention or versus another pharmacological intervention in adults who had been treated with benzodiazepines for at least two months and/or fulfilled criteria for benzodiazepine dependence (any criteria).<h4>Data collection and analysis</h4>We used standard methodological procedures expected by Cochrane.<h4>Main results</h4>We included 38 trials (involving 2543 participants), but we could only extract data from 35 trials with 2295 participants. Many different interventions were studied, and no single intervention was assessed in more than four trials. We extracted data on 18 different comparisons. The risk of bias was high in all trials but one. Trial Sequential Analysis showed imprecision for all comparisons.For benzodiazepine discontinuation, we found a potential benefit of valproate at end of intervention (1 study, 27 participants; risk ratio (RR) 2.55, 95% confidence interval (CI) 1.08 to 6.03; very low-quality evidence) and of tricyclic antidepressants at longest follow-up (1 study, 47 participants; RR 2.20, 95% CI 1.27 to 3.82; low-quality evidence).We found potentially positive effects on benzodiazepine withdrawal symptoms of pregabalin (1 study, 106 participants; mean difference (MD) -3.10 points, 95% CI -3.51 to -2.69; very low-quality evidence), captodiame (1 study, 81 participants; MD -1.00 points, 95% CI -1.13 to -0.87; very low-quality evidence), paroxetine (2 studies, 99 participants; MD -3.57 points, 95% CI -5.34 to -1.80; very low-quality evidence), tricyclic antidepressants (1 study, 38 participants; MD -19.78 points, 95% CI -20.25 to -19.31; very low-quality evidence), and flumazenil (3 studies, 58 participants; standardised mean difference -0.95, 95% CI -1.71 to -0.19; very low-quality evidence) at end of intervention. However, the positive effect of paroxetine on benzodiazepine withdrawal symptoms did not persist until longest follow-up (1 study, 54 participants; MD -0.13 points, 95% CI -4.03 to 3.77; very low-quality evidence).The following pharmacological interventions reduced symptoms of anxiety at end of intervention: carbamazepine (1 study, 36 participants; MD -6.00 points, 95% CI -9.58 to -2.42; very low-quality evidence), pregabalin (1 study, 106 participants; MD -4.80 points, 95% CI -5.28 to -4.32; very low-quality evidence), captodiame (1 study, 81 participants; MD -5.70 points, 95% CI -6.05 to -5.35; very low-quality evidence), paroxetine (2 studies, 99 participants; MD -6.75 points, 95% CI -9.64 to -3.86; very low-quality evidence), and flumazenil (1 study, 18 participants; MD -1.30 points, 95% CI -2.28 to -0.32; very low-quality evidence).Two pharmacological treatments seemed to reduce the proportion of participants that relapsed to benzodiazepine use: valproate (1 study, 27 participants; RR 0.31, 95% CI 0.11 to 0.90; very low-quality evidence) and cyamemazine (1 study, 124 participants; RR 0.33, 95% CI 0.14 to 0.78; very low-quality evidence). Alpidem decreased the proportion of participants with benzodiazepine discontinuation (1 study, 25 participants; RR 0.41, 95% CI 0.17 to 0.99; number needed to treat for an additional harmful outcome (NNTH) 2.3 participants; low-quality evidence) and increased the occurrence of withdrawal syndrome (1 study, 145 participants; RR 4.86, 95% CI 1.12 to 21.14; NNTH 5.9 participants; low-quality evidence). Likewise, magnesium aspartate decreased the proportion of participants discontinuing benzodiazepines (1 study, 144 participants; RR 0.80, 95% CI 0.66 to 0.96; NNTH 5.8; very low-quality evidence).Generally, adverse events were insufficiently reported. Specifically, one of the flumazenil trials was discontinued due to severe panic reactions.<h4>Authors' conclusions</h4>Given the low or very low quality of the evidence for the reported outcomes, and the small number of trials identified with a limited number of participants for each comparison, it is not possible to draw firm conclusions regarding pharmacological interventions to facilitate benzodiazepine discontinuation in chronic benzodiazepine users. Due to poor reporting, adverse events could not be reliably assessed across trials. More randomised controlled trials are required with less risk of systematic errors ('bias') and of random errors ('play of chance') and better and full reporting of patient-centred and long-term clinical outcomes. Such trials ought to be conducted independently of industry involvement.",https://pubmed.ncbi.nlm.nih.gov/29543325/,,https://europepmc.org/articles/PMC6513394?pdf=render,epilepsy,(Epilepsy[MeSH] OR epilepsy[tiab] OR seizure[tiab] OR anticonvulsant[tiab]) AND (treatment[tiab] OR intervention[tiab] OR therapy[tiab]),2026-08-05T17:46:50+00:00,,,,,,"Let's evaluate the abstract against the inclusion and exclusion criteria step by step.

### Inclusion Criteria Evaluation
1. **Pathogen**: The study is not about *Epilepsy*. It focuses on pharmacological interventions for benzodiazepine discontinuation, which is not relevant to epilepsy treatment or diagnosis.
   
2. **Language**: The abstract is in English, which meets this criterion.

3. **Study type**: The study is peer-reviewed original research based on meta-analysis criteria. However, it does not fit the focus of *Epilepsy*.

4. **Population**: The study discusses chronic benzodiazepine users, which does not align with a population diagnosed with epilepsy.

5. **Content**: The study does not contain any content relevant to epilepsy, such as seizure frequency, seizure-free rates, or interventions specific to epilepsy treatment.

### Exclusion Criteria Evaluation
1. **Pathogen**: The study is not about *Epilepsy*, therefore this criterion applies (exclude studies on other pathogens). 

2. **Language**: The study is in English.

3. **Publication type**: This study is classified as peer-reviewed original research, not a conference proceeding or abstract poster.

4. **Study design**: The study does not represent in-vitro studies only; it involves human subjects.

5. **Study design**: The study does not solely involve animal studies.

6. **Outbreak type**: The study does not deal with an outbreak.

### Conclusion
The study is primarily focused on benzodiazepine use and interventions, which is irrelevant to the systematic review on *Epilepsy*. It does not meet the inclusion criteria, specifically based on the focus on a different condition (not about epilepsy). 

Thus, after considering all the inclusion and exclusion criteria, the appropriate decision is:

<decision>EXCLUDE</decision>",EXCLUDE,False,2026-08-06T00:47:30.309442
PMID_35510826,EuropePMC,35510826,PMC9069991,10.1002/14651858.cd013444.pub2,Cannabis and cannabinoids for symptomatic treatment for people with multiple sclerosis.,"Filippini G, Minozzi S, Borrelli F, Cinquini M, Dwan K.",,2022,"<h4>Background</h4>Spasticity and chronic neuropathic pain are common and serious symptoms in people with multiple sclerosis (MS). These symptoms increase with disease progression and lead to worsening disability, impaired activities of daily living and quality of life. Anti-spasticity medications and analgesics are of limited benefit or poorly tolerated. Cannabinoids may reduce spasticity and pain in people with MS. Demand for symptomatic treatment with cannabinoids is high. A thorough understanding of the current body of evidence regarding benefits and harms of these drugs is required.<h4>Objectives</h4>To assess benefit and harms of cannabinoids, including synthetic, or herbal and plant-derived cannabinoids, for reducing symptoms for adults with MS.<h4>Search methods</h4>We searched the following databases from inception to December 2021: MEDLINE, Embase, the Cochrane Central Register of Controlled Trials (CENTRAL, the Cochrane Library), CINAHL (EBSCO host), LILACS, the Physiotherapy Evidence Database (PEDro), the World Health Organisation International Clinical Trials Registry Platform, the US National Institutes of Health clinical trial register, the European Union Clinical Trials Register, the International Association for Cannabinoid Medicines databank. We hand searched citation lists of included studies and relevant reviews.<h4>Selection criteria</h4>We included randomised parallel or cross-over trials (RCTs) evaluating any cannabinoid (including herbal Cannabis, Cannabis flowers, plant-based cannabinoids, or synthetic cannabinoids) irrespective of dose, route, frequency, or duration of use for adults with MS.<h4>Data collection and analysis</h4>We followed standard Cochrane methodology. To assess bias in included studies, we used the Cochrane Risk of bias 2 tool for parallel RCTs and crossover trials. We rated the certainty of evidence using the GRADE approach for the following outcomes: reduction of 30% in the spasticity Numeric Rating Scale, pain relief of 50% or greater in the Numeric Rating Scale-Pain Intensity, much or very much improvement in the Patient Global Impression of Change (PGIC), Health-Related Quality of Life (HRQoL), withdrawals due to adverse events (AEs) (tolerability), serious adverse events (SAEs), nervous system disorders, psychiatric disorders, physical dependence.<h4>Main results</h4>We included 25 RCTs with 3763 participants of whom 2290 received cannabinoids. Age ranged from 18 to 60 years, and between 50% and 88% participants across the studies were female.  The included studies were 3 to 48 weeks long and compared nabiximols, an oromucosal spray with a plant derived equal (1:1) combination of tetrahydrocannabinol (THC) and cannabidiol (CBD) (13 studies), synthetic cannabinoids mimicking THC (7 studies), an oral THC extract of Cannabis sativa (2 studies), inhaled herbal Cannabis (1 study) against placebo. One study compared dronabinol, THC extract of Cannabis sativa and placebo, one compared inhaled herbal Cannabis, dronabinol and placebo. We identified eight ongoing studies. Critical outcomes • Spasticity: nabiximols probably increases the number of people who report an important reduction of perceived severity of spasticity compared with placebo (odds ratio (OR) 2.51, 95% confidence interval (CI) 1.56 to 4.04; 5 RCTs, 1143 participants; I<sup>2</sup> = 67%; moderate-certainty evidence). The absolute effect was 216 more people (95% CI 99 more to 332 more) per 1000 reporting benefit with cannabinoids than with placebo. • Chronic neuropathic pain: we found only one small trial that measured the number of participants reporting substantial pain relief with a synthetic cannabinoid compared with placebo (OR 4.23, 95% CI 1.11 to 16.17; 1 study, 48 participants; very low-certainty evidence). We are uncertain whether cannabinoids reduce chronic neuropathic pain intensity. • Treatment discontinuation due to AEs: cannabinoids may increase slightly the number of participants who discontinue treatment compared with placebo (OR 2.41, 95% CI 1.51 to 3.84; 21 studies, 3110 participants; I² = 17%; low-certainty evidence); the absolute effect is 39 more people (95% CI 15 more to 76 more) per 1000 people. Important outcomes • PGIC: cannabinoids probably increase the number of people who report 'very much' or 'much' improvement in health status compared with placebo (OR 1.80, 95% CI 1.37 to 2.36; 8 studies, 1215 participants; I² = 0%; moderate-certainty evidence). The absolute effect is 113 more people (95% CI 57 more to 175 more) per 1000 people reporting improvement. • HRQoL: cannabinoids may have little to no effect on HRQoL (SMD -0.08, 95% CI -0.17 to 0.02; 8 studies, 1942 participants; I<sup>2</sup> = 0%; low-certainty evidence); • SAEs: cannabinoids may result in little to no difference in the number of participants who have SAEs compared with placebo (OR 1.38, 95% CI 0.96 to 1.99; 20 studies, 3124 participants; I² = 0%; low-certainty evidence); • AEs of the nervous system: cannabinoids may increase nervous system disorders compared with placebo (OR 2.61, 95% CI 1.53 to 4.44; 7 studies, 1154 participants; I² = 63%; low-certainty evidence); • Psychiatric disorders: cannabinoids may increase psychiatric disorders compared with placebo (OR 1.94, 95% CI 1.31 to 2.88; 6 studies, 1122 participants; I² = 0%; low-certainty evidence); • Drug tolerance: the evidence is very uncertain about the effect of cannabinoids on drug tolerance (OR 3.07, 95% CI 0.12 to 75.95; 2 studies, 458 participants; very low-certainty evidence).<h4>Authors' conclusions</h4>Compared with placebo, nabiximols probably reduces the severity of spasticity in the short-term in people with MS. We are uncertain about the effect on chronic neurological pain and health-related quality of life. Cannabinoids may increase slightly treatment discontinuation due to AEs, nervous system and psychiatric disorders compared with placebo. We are uncertain about the effect on drug tolerance. The overall certainty of evidence is limited by short-term duration of the included studies.",https://pubmed.ncbi.nlm.nih.gov/35510826/,,https://europepmc.org/articles/PMC9069991?pdf=render,epilepsy,(Epilepsy[MeSH] OR epilepsy[tiab] OR seizure[tiab] OR anticonvulsant[tiab]) AND (treatment[tiab] OR intervention[tiab] OR therapy[tiab]),2026-08-05T17:46:50+00:00,,,,,,"To assess whether the paper should be included in the systematic review, we will evaluate the abstract against each of the predefined inclusion and exclusion criteria.

### Inclusion Criteria: 
#### ALL must be met:
1. **Pathogen:** Must be about Epilepsy
   - **Assessment:** This study is about cannabinoids and their effects on multiple sclerosis, which is not related to epilepsy.
   - **Result:** **Not met**
   
2. **Language:** English only
   - **Assessment:** The abstract is in English.
   - **Result:** **Met**
   
3. **Study type:** Peer-reviewed, original research (note systematic reviews/meta-analyses for special consideration)
   - **Assessment:** The study reports on randomized controlled trials and appears to follow the standards of systematic reviews.
   - **Result:** **Met**

4. **Population:** Human subjects (animal studies are acceptable if reporting specific parameters)
   - **Assessment:** The study involves human subjects (3763 participants).
   - **Result:** **Met**

5. **Content:** Must contain AT LEAST ONE of the specified content details 
   - a) Quantitative details regarding human outbreaks, 
   - b) Mathematical or statistical models,
   - c) Transmission parameters, 
   - d) Timing parameters, 
   - e) Severity measures,
   - f) Genetic evolution measures,
   - g) Measures of overdispersion or superspreading,
   - h) Seroprevalence data,
   - i) Risk factors for infection, severe disease, death, or hospitalization, 
   - j) Measures/estimates of vector parameters.
   - **Assessment:** The study reports on the effectiveness of cannabinoids in reducing symptoms such as spasticity and pain, but it does not align with any of the required content measures specifically focused on epilepsy.
   - **Result:** **Not met**

### Exclusion Criteria:
#### Exclude if ANY apply:
1. **Pathogen:** Not about Epilepsy (exclude studies on other pathogens)
   - **Assessment:** The study is focused on multiple sclerosis, not epilepsy.
   - **Result:** **Met**
   
2. **Language:** Non-English
   - **Assessment:** The abstract is in English.
   - **Result:** **Not met**

3. **Publication type:** Conference proceedings, abstracts, posters, correspondence
   - **Assessment:** The study does not appear to be a conference proceeding, abstract only for publication, poster, or correspondence; it seems to be a full paper.
   - **Result:** **Not met**

4. **Study design:** In-vitro studies only (no human or animal component)
   - **Assessment:** The study involves human participants.
   - **Result:** **Not met**

5. **Study design:** Solely animal studies AND animal studies that do not report transmission parameters
   - **Assessment:** This study involves human subjects.
   - **Result:** **Not met**

6. **Outbreak type:** Accidental laboratory outbreaks (not natural disease transmission)
   - **Assessment:** This criterion is not applicable as the study is not about an outbreak context.
   - **Result:** **Not applicable**

### Conclusion:
Given that the first inclusion criterion (related to the condition being epilepsy) is not met and the first exclusion criterion is met (it does not pertain to epilepsy), this study focuses on multiple sclerosis and is not relevant to the planned systematic review on epilepsy. Therefore, the appropriate decision would be to exclude the study.

<decision>EXCLUDE</decision>",EXCLUDE,False,2026-08-06T00:47:30.309518
PMID_32990945,EuropePMC,32990945,PMC8094515,10.1002/14651858.cd008294.pub5,Pine bark (Pinus spp.) extract for treating chronic disorders.,"Robertson NU, Schoonees A, Brand A, Visser J.",,2020,"<h4>Background</h4>Pine bark (Pinus spp.) extract is rich in bioflavonoids, predominantly proanthocyanidins, which are antioxidants. Commercially-available extract supplements are marketed for preventing or treating various chronic conditions associated with oxidative stress. This is an update of a previously published review.<h4>Objectives</h4>To assess the efficacy and safety of pine bark extract supplements for treating chronic disorders.<h4>Search methods</h4>We searched three databases and three trial registries; latest search: 30 September 2019. We contacted the manufacturers of pine bark extracts to identify additional studies and hand-searched bibliographies of included studies.<h4>Selection criteria</h4>Randomised controlled trials (RCTs) evaluating pine bark extract supplements in adults or children with any chronic disorder.<h4>Data collection and analysis</h4>Two authors independently assessed trial eligibility, extracted data and assessed risk of bias. Where possible, we pooled data in meta-analyses. We used GRADE to evaluate the certainty of evidence. Primary outcomes were participant- and investigator-reported clinical outcomes directly related to each disorder and all-cause mortality. We also assessed adverse events and biomarkers of oxidative stress.<h4>Main results</h4>This review included 27 RCTs (22 parallel and five cross-over designs; 1641 participants) evaluating pine bark extract supplements across 10 chronic disorders: asthma (two studies; 86 participants); attention deficit hyperactivity disorder (ADHD) (one study; 61 participants), cardiovascular disease (CVD) and risk factors (seven studies; 338 participants), chronic venous insufficiency (CVI) (two studies; 60 participants), diabetes mellitus (DM) (six studies; 339 participants), erectile dysfunction (three studies; 277 participants), female sexual dysfunction (one study; 83 participants), osteoarthritis (three studies; 293 participants), osteopenia (one study; 44 participants) and traumatic brain injury (one study; 60 participants). Two studies exclusively recruited children; the remainder recruited adults. Trials lasted between four weeks and six months. Placebo was the control in 24 studies. Overall risk of bias was low for four, high for one and unclear for 22 studies. In adults with asthma, we do not know whether pine bark extract increases change in forced expiratory volume in one second (FEV<sub>1</sub>) % predicted/forced vital capacity (FVC) (mean difference (MD) 7.70, 95% confidence interval (CI) 3.19 to 12.21; one study; 44 participants; very low-certainty evidence), increases change in FEV<sub>1</sub> % predicted (MD 7.00, 95% CI 0.10 to 13.90; one study; 44 participants; very low-certainty evidence), improves asthma symptoms (risk ratio (RR) 1.85, 95% CI 1.32 to 2.58; one study; 60 participants; very low-certainty evidence) or increases the number of people able to stop using albuterol inhalers (RR 6.00, 95% CI 1.97 to 18.25; one study; 60 participants; very low-certainty evidence). In children with ADHD, we do not know whether pine bark extract decreases inattention and hyperactivity assessed by parent- and teacher-rating scales (narrative synthesis; one study; 57 participants; very low-certainty evidence) or increases the change in visual-motoric coordination and concentration (MD 3.37, 95% CI 2.41 to 4.33; one study; 57 participants; very low-certainty evidence). In participants with CVD, we do not know whether pine bark extract decreases diastolic blood pressure (MD -3.00 mm Hg, 95% CI -4.51 to -1.49; one study; 61 participants; very low-certainty evidence); increases HDL cholesterol (MD 0.05 mmol/L, 95% CI -0.01 to 0.11; one study; 61 participants; very low-certainty evidence) or decreases LDL cholesterol (MD -0.03 mmol/L, 95% CI -0.05 to 0.00; one study; 61 participants; very low-certainty evidence). In participants with CVI, we do not know whether pine bark extract decreases pain scores (MD -0.59, 95% CI -1.02 to -0.16; one study; 40 participants; very low-certainty evidence), increases the disappearance of pain (RR 25.0, 95% CI 1.58 to 395.48; one study; 40 participants; very low-certainty evidence) or increases physician-judged treatment efficacy (RR 4.75, 95% CI 1.97 to 11.48; 1 study; 40 participants; very low-certainty evidence). In type 2 DM, we do not know whether pine bark extract leads to a greater reduction in fasting blood glucose (MD 1.0 mmol/L, 95% CI 0.91 to 1.09; one study; 48 participants;very low-certainty evidence) or decreases HbA1c (MD -0.90 %, 95% CI -1.78 to -0.02; 1 study; 48 participants; very low-certainty evidence). In a mixed group of participants with type 1 and type 2 DM we do not know whether pine bark extract decreases HbA1c (MD -0.20 %, 95% CI -1.83 to 1.43; one study; 67 participants; very low-certainty evidence). In men with erectile dysfunction, we do not know whether pine bark extract supplements increase International Index of Erectile Function-5 scores (not pooled; two studies; 147 participants; very low-certainty evidence). In women with sexual dysfunction, we do not know whether pine bark extract increases satisfaction as measured by the Female Sexual Function Index (MD 5.10, 95% CI 3.49 to 6.71; one study; 75 participants; very low-certainty evidence) or leads to a greater reduction of pain scores (MD 4.30, 95% CI 2.69 to 5.91; one study; 75 participants; very low-certainty evidence). In adults with osteoarthritis of the knee, we do not know whether pine bark extract decreases composite Western Ontario and McMaster Universities Osteoarthritis Index scores (MD -730.00, 95% CI -1011.95 to -448.05; one study; 37 participants; very low-certainty evidence) or the use of non-steroidal anti-inflammatory medication (MD -18.30, 95% CI -25.14 to -11.46; one study; 35 participants; very low-certainty evidence). We do not know whether pine bark extract increases bone alkaline phosphatase in post-menopausal women with osteopenia (MD 1.16 ug/L, 95% CI -2.37 to 4.69; one study; 40 participants; very low-certainty evidence). In individuals with traumatic brain injury, we do not know whether pine bark extract decreases cognitive failure scores (MD -2.24, 95% CI -11.17 to 6.69; one study; 56 participants; very low-certainty evidence) or post-concussion symptoms (MD -0.76, 95% CI -5.39 to 3.87; one study; 56 participants; very low-certainty evidence). For most comparisons, studies did not report outcomes of hospital admissions or serious adverse events.<h4>Authors' conclusions</h4>Small sample sizes, limited numbers of RCTs per condition, variation in outcome measures, and poor reporting of the included RCTs mean no definitive conclusions regarding the efficacy or safety of pine bark extract supplements are possible.",https://pubmed.ncbi.nlm.nih.gov/32990945/,,https://europepmc.org/articles/PMC8094515?pdf=render,epilepsy,(Epilepsy[MeSH] OR epilepsy[tiab] OR seizure[tiab] OR anticonvulsant[tiab]) AND (treatment[tiab] OR intervention[tiab] OR therapy[tiab]),2026-08-05T17:46:50+00:00,,,,,,"To screen the provided abstract for inclusion in the systematic review on Epilepsy, we will evaluate it against the inclusion and exclusion criteria specified.

### Assessment Against Inclusion Criteria

1. **Pathogen**: This abstract is about pine bark extract and chronic disorders, not about epilepsy. **Not met**.
2. **Language**: The abstract is in English. **Met**.
3. **Study type**: The study is a systematic review of RCTs. It does include systematic reviews/meta-analyses, which is a special consideration. **Met**.
4. **Population**: The study does involve human subjects but focuses on various chronic conditions rather than epilepsy specifically. **Not met**.
5. **Content**: The abstract discusses multiple chronic disorders, but does not include any details regarding seizure frequency or intervention for epilepsy. It does not report any outcome measures related to epilepsy. **Not met**.

### Assessment Against Exclusion Criteria

1. **Pathogen**: The study is not about epilepsy; it focuses on chronic disorders. **Exclude**.
2. **Language**: The abstract is in English. **Not applicable**.
3. **Publication type**: The study is a peer-reviewed systematic review. **Not applicable**.
4. **Study design**: The study includes RCTs but is not relevant as it does not involve epilepsy. **Not applicable**.
5. **Study design**: Not applicable as this criterion pertains to animal studies, and this study is focused on humans. **Not applicable**.
6. **Outbreak type**: Not relevant as this criterion pertains to laboratory outbreaks, which does not apply here. **Not applicable**.

### Conclusion
Given that the abstract does not meet the primary inclusion criteria and specifically focuses on conditions unrelated to epilepsy, it should be excluded from the systematic review.

<decision>EXCLUDE</decision>",EXCLUDE,False,2026-08-06T00:47:30.309588
PMID_28718878,EuropePMC,28718878,PMC6483316,10.1002/14651858.cd008497.pub3,Deep brain and cortical stimulation for epilepsy.,"Sprengers M, Vonck K, Carrette E, Marson AG, Boon P.",,2017,"<h4>Background</h4>Despite optimal medical treatment, including epilepsy surgery, many epilepsy patients have uncontrolled seizures. Since the 1970s interest has grown in invasive intracranial neurostimulation as a treatment for these patients. Intracranial stimulation includes both deep brain stimulation (DBS) (stimulation through depth electrodes) and cortical stimulation (subdural electrodes). This is an updated version of a previous Cochrane review published in 2014.<h4>Objectives</h4>To assess the efficacy, safety and tolerability of DBS and cortical stimulation for refractory epilepsy based on randomized controlled trials (RCTs).<h4>Search methods</h4>We searched the Cochrane Epilepsy Group Specialized Register on 29 September 2015, but it was not necessary to update this search, because records in the Specialized Register are included in CENTRAL. We searched the Cochrane Central Register of Controlled Trials (CENTRAL) (the Cochrane Library 2016, Issue 11, 5 November 2016), PubMed (5 November 2016), ClinicalTrials.gov (5 November 2016), the WHO International Clinical Trials Registry Platform ICTRP (5 November 2016) and reference lists of retrieved articles. We also contacted device manufacturers and other researchers in the field. No language restrictions were imposed.<h4>Selection criteria</h4>RCTs comparing deep brain or cortical stimulation versus sham stimulation, resective surgery, further treatment with antiepileptic drugs or other neurostimulation treatments (including vagus nerve stimulation).<h4>Data collection and analysis</h4>Four review authors independently selected trials for inclusion. Two review authors independently extracted the relevant data and assessed trial quality and overall quality of evidence. The outcomes investigated were seizure freedom, responder rate, percentage seizure frequency reduction, adverse events, neuropsychological outcome and quality of life. If additional data were needed, the study investigators were contacted. Results were analysed and reported separately for different intracranial targets for reasons of clinical heterogeneity.<h4>Main results</h4>Twelve RCTs were identified, eleven of these compared one to three months of intracranial neurostimulation with sham stimulation. One trial was on anterior thalamic DBS (n = 109; 109 treatment periods); two trials on centromedian thalamic DBS (n = 20; 40 treatment periods), but only one of the trials (n = 7; 14 treatment periods) reported sufficient information for inclusion in the quantitative meta-analysis; three trials on cerebellar stimulation (n = 22; 39 treatment periods); three trials on hippocampal DBS (n = 15; 21 treatment periods); one trial on nucleus accumbens DBS (n = 4; 8 treatment periods); and one trial on responsive ictal onset zone stimulation (n = 191; 191 treatment periods). In addition, one small RCT (n = 6) compared six months of hippocampal DBS versus sham stimulation. Evidence of selective reporting was present in four trials and the possibility of a carryover effect complicating interpretation of the results could not be excluded in five cross-over trials without any or a sufficient washout period. Moderate-quality evidence could not demonstrate statistically or clinically significant changes in the proportion of patients who were seizure-free or experienced a 50% or greater reduction in seizure frequency (primary outcome measures) after one to three months of anterior thalamic DBS in (multi)focal epilepsy, responsive ictal onset zone stimulation in (multi)focal epilepsy patients and hippocampal DBS in (medial) temporal lobe epilepsy. However, a statistically significant reduction in seizure frequency was found for anterior thalamic DBS (mean difference (MD), -17.4% compared to sham stimulation; 95% confidence interval (CI) -31.2 to -1.0; high-quality evidence), responsive ictal onset zone stimulation (MD -24.9%; 95% CI -40.1 to -6.0; high-quality evidence) and hippocampal DBS (MD -28.1%; 95% CI -34.1 to -22.2; moderate-quality evidence). Both anterior thalamic DBS and responsive ictal onset zone stimulation do not have a clinically meaningful impact on quality life after three months of stimulation (high-quality evidence). Electrode implantation resulted in postoperative asymptomatic intracranial haemorrhage in 1.6% to 3.7% of the patients included in the two largest trials and 2.0% to 4.5% had postoperative soft tissue infections (9.4% to 12.7% after five years); no patient reported permanent symptomatic sequelae. Anterior thalamic DBS was associated with fewer epilepsy-associated injuries (7.4 versus 25.5%; P = 0.01) but higher rates of self-reported depression (14.8 versus 1.8%; P = 0.02) and subjective memory impairment (13.8 versus 1.8%; P = 0.03); there were no significant differences in formal neuropsychological testing results between the groups. Responsive ictal-onset zone stimulation seemed to be well-tolerated with few side effects.The limited number of patients preclude firm statements on safety and tolerability of hippocampal DBS. With regards to centromedian thalamic DBS, nucleus accumbens DBS and cerebellar stimulation, no statistically significant effects could be demonstrated but evidence is of only low to very low quality.<h4>Authors' conclusions</h4>Except for one very small RCT, only short-term RCTs on intracranial neurostimulation for epilepsy are available. Compared to sham stimulation, one to three months of anterior thalamic DBS ((multi)focal epilepsy), responsive ictal onset zone stimulation ((multi)focal epilepsy) and hippocampal DBS (temporal lobe epilepsy) moderately reduce seizure frequency in refractory epilepsy patients. Anterior thalamic DBS is associated with higher rates of self-reported depression and subjective memory impairment. There is insufficient evidence to make firm conclusive statements on the efficacy and safety of hippocampal DBS, centromedian thalamic DBS, nucleus accumbens DBS and cerebellar stimulation. There is a need for more, large and well-designed RCTs to validate and optimize the efficacy and safety of invasive intracranial neurostimulation treatments.",https://pubmed.ncbi.nlm.nih.gov/28718878/,,https://www.cochranelibrary.com/cdsr/doi/10.1002/14651858.CD008497.pub3/pdf/full,epilepsy,(Epilepsy[MeSH] OR epilepsy[tiab] OR seizure[tiab] OR anticonvulsant[tiab]) AND (treatment[tiab] OR intervention[tiab] OR therapy[tiab]),2026-08-05T17:46:50+00:00,,,,,,"To determine whether the study should be included in the systematic review on Epilepsy, let's evaluate it against the inclusion and exclusion criteria step by step.

## Inclusion Criteria Evaluation
1. **Pathogen: Must be about Epilepsy**  
   The study is about epilepsy, specifically looking at deep brain stimulation and cortical stimulation for treating it. **Criterion met**.

2. **Language: English only**  
   The abstract is in English. **Criterion met**.

3. **Study type: Peer-reviewed, original research (note systematic reviews/meta-analyses for special consideration)**  
   This study appears to assess randomized controlled trials and is presented as an updated Cochrane review. It features original research evaluation of existing clinical trials, which qualifies it for special consideration. **Criterion met**.

4. **Population: Human subjects (animal studies acceptable if… )**  
   The study focuses on human subjects with epilepsy, which aligns with the population requirement. **Criterion met**.

5. **Content: Must contain AT LEAST ONE of the specified interventions or outcomes**  
   The study reports on various outcomes such as seizure freedom, responder rate, and percentage seizure frequency reduction as they relate to neurostimulation treatments. It provides quantitative data regarding seizure frequency reductions from different interventions. **Criterion met**.

## Exclusion Criteria Evaluation
1. **Pathogen: Not about Epilepsy (exclude studies on other pathogens)**  
   The study is indeed about epilepsy. **Criterion not applicable**.

2. **Language: Non-English**  
   The abstract is in English. **Criterion not applicable**.

3. **Publication type: Conference proceedings, abstracts, posters, correspondence**  
   The abstract seems to derive from a systematic review (Cochrane), which typically holds higher status than mere abstracts or conference presentations. **Criterion not applicable**.

4. **Study design: In-vitro studies only (no human or animal component)**  
   The study involves human patients and randomized controlled trials, and therefore does not fall into this category. **Criterion not applicable**.

5. **Study design: Solely animal studies AND animal studies that do not report transmission parameters**  
   The study does not deal with animal studies. **Criterion not applicable**.

6. **Outbreak type: Accidental laboratory outbreaks (not natural disease transmission)**  
   This does not relate to the study, as it focuses on treatment efficacy rather than outbreak dynamics. **Criterion not applicable**.

Since all inclusion criteria are satisfied, and none of the exclusion criteria apply, the study qualifies for inclusion.

<decision>INCLUDE</decision>",INCLUDE,True,2026-08-06T00:47:30.309661
PMID_24523233,EuropePMC,24523233,PMC10585425,10.1002/14651858.cd008544.pub2,Anticonvulsants for alcohol dependence.,"Pani PP, Trogu E, Pacini M, Maremmani I.",,2014,"<h4>Background</h4>Alcohol dependence is a major public health problem that is characterised by recidivism and a host of medical and psychosocial complications. Besides psychosocial interventions, different pharmacological interventions have been or currently are under investigation through Cochrane systematic reviews.<h4>Objectives</h4>The primary aim of the review is to assess the benefits/risks of anticonvulsants for the treatment of alcohol dependence.<h4>Search methods</h4>We searched the Cochrane Drugs and Alcohol Group Trials Register (October 2013), PubMed (1966 to October 2013), EMBASE (1974 to October 2013) and CINAHL (1982 to October 2013).<h4>Selection criteria</h4>Randomised controlled trials (RCTs) and controlled clinical trials (CCTs) comparing anticonvulsants alone or in association with other drugs and/or psychosocial interventions versus placebo, no treatment and other pharmacological or psychosocial interventions.<h4>Data collection and analysis</h4>We used standard methodological procedures as expected by The Cochrane Collaboration.<h4>Main results</h4>A total of 25 studies were included in the review (2641 participants). Most participants were male, with an average age of 44 years. Anticonvulsants were compared with placebo (17 studies), other medications (seven studies) and no medication (two studies). The mean duration of the trials was 17 weeks (range four to 52 weeks). The studies took place in the USA, Europe, South America, India and Thailand. Variation was reported in the characteristics of the studies, including their design and the rating instruments used. For many key outcomes, the risk of bias associated with unclear or unconcealed allocation and lack of blinding affected the quality of the evidence.Anticonvulsants versus placebo: For dropouts (16 studies, 1675 participants, risk ratio (RR) 0.94, 95% confidence interval (Cl) 0.74 to 1.19, moderate-quality evidence) and continuous abstinence (eight studies, 634 participants, RR 1.21, 95% Cl 95% 0.97 to 1.52, moderate-quality evidence), results showed no evidence of differences. Moderate-quality evidence suggested that anticonvulsants reduced drinks/drinking days (11 studies, 1126 participants, mean difference (MD) -1.49, 95% Cl -2.32 to -0.65) and heavy drinking (12 studies, 1129 participants, standardised mean difference (SMD) -0.35, 95% Cl -0.51 to -0.19). Moreover, withdrawal for medical reasons (12 studies, 1410 participants, RR 1.22, 95% Cl 0.58 to 2.56, moderate-quality evidence) showed no evidence of difference, but for specific adverse effects (nine studies, 1164 participants), two of 18 adverse event outcomes favoured placebo. The direction of results was confirmed by subgroup analyses for topiramate and partially for gabapentin and valproate.Anticonvulsants versus naltrexone: No evidence of difference was shown in dropout rates (five studies, 528 participants, RR 0.74, 95% CI 0.52 to 1.06), severe relapse rates (four studies, 427 participants, RR 0.69, 95% Cl 0.44 to 1.07) and continuous abstinence rates (five studies, 528 participants, RR 1.21, 95% Cl 0.99 to 1.49); anticonvulsants were associated with fewer heavy drinking days (three studies, 308 participants, MD -5.21, 95% Cl -8.58 to -1.83), more days to severe relapse (three studies, 244 participants, MD 11.88, 95% Cl 3.29 to 20.46) and lower withdrawal for medical reasons (three studies, 245 participants, RR 0.13, 95% Cl 0.03 to 0.58).<h4>Authors' conclusions</h4>At the current stage of research, randomised evidence supporting the clinical use of anticonvulsants to treat alcohol dependence is insufficient. Results are conditioned by heterogeneity and by the low number and quality of studies comparing anticonvulsants with other medications. The uncertainty associated with these results leaves to clinicians the need to balance possible benefits/risks of treatment with anticonvulsants versus other medications as supported by evidence of efficacy.",https://pubmed.ncbi.nlm.nih.gov/24523233/,,https://europepmc.org/articles/PMC10585425?pdf=render,epilepsy,(Epilepsy[MeSH] OR epilepsy[tiab] OR seizure[tiab] OR anticonvulsant[tiab]) AND (treatment[tiab] OR intervention[tiab] OR therapy[tiab]),2026-08-05T17:46:50+00:00,,,,,,"### Evaluation of the Abstract Against Inclusion and Exclusion Criteria

1. **Pathogen: Must be about Epilepsy**
   - The study is about the use of anticonvulsants for alcohol dependence, not epilepsy.
   - **Decision: Excluded.**

2. **Language: English only**
   - The abstract is in English.
   - **Decision: Met.**

3. **Study type: Peer-reviewed, original research (note systematic reviews/meta-analyses for special consideration)**
   - The study appears to be a systematic review of RCTs and CCTs.
   - **Decision: Met.** 

4. **Population: Human subjects**
   - The study involves human subjects with alcohol dependence.
   - **Decision: Met.**

5. **Content: Must contain AT LEAST ONE of:**
   - The abstract does not mention any quantitative details about seizures, seizure frequency, or any aspect related directly to epilepsy. 
   - **Decision: Excluded.**

### Final Decision Based on Exclusion Criteria
- Since the study is not about epilepsy (1), it needs to be excluded immediately based on the exclusion criteria.

<decision>EXCLUDE</decision>",EXCLUDE,False,2026-08-06T00:47:30.309737
PMID_20238336,EuropePMC,20238336,PMC12414628,10.1002/14651858.cd005063.pub3,Benzodiazepines for alcohol withdrawal.,"Amato L, Minozzi S, Vecchi S, Davoli M.",,2010,"<h4>Background</h4>Alcohol abuse and dependence represents a serious health problem worldwide with social, interpersonal and legal interpolations. Benzodiazepines have been widely used for the treatment of alcohol withdrawal symptoms. Moreover it is unknown whether different benzodiazepines and different regimens of administration may have the same merits.<h4>Objectives</h4>To evaluate the effectiveness and safety of benzodiazepines in the treatment of alcohol withdrawal.<h4>Search strategy</h4>Cochrane Drugs and Alcohol Group' Register of Trials (December 2009), PubMed, EMBASE, CINAHL (January 1966 to December 2009), EconLIT (1969 to December 2009). Parallel searches on web sites of health technology assessment and related agencies, and their databases.<h4>Selection criteria</h4>Randomized controlled trials examining effectiveness, safety and risk-benefit of benzodiazepines in comparison with placebo or other pharmacological treatment and between themselves. All patients were included regardless of age, gender, nationality, and outpatient or inpatient therapy.<h4>Data collection and analysis</h4>Two authors independently screened and extracted data from studies.<h4>Main results</h4>Sixty four studies, 4309 participants, met the inclusion criteria.- Comparing benzodiazepines versus placebo, benzodiazepines performed better for seizures, 3 studies, 324 participants, RR 0.16 (0.04 to 0.69), no statistically significant difference for the other outcomes considered.- Comparing benzodiazepines versus other drugs, there is a trend in favour of benzodiazepines for seizure and delirium control, severe life threatening side effect, dropouts, dropouts due to side effects and patient's global assessment score. A trend in favour of control group was observed for CIWA-Ar scores at 48 hours and at the end of treatment. The results reach statistical significance only in one study, with 61 participants, results on Hamilton anxiety rating scale favour control MD -1.60 (-2.59 to -0.61)- Comparing different benzodiazepines among themselves,results never reached statistical significance but chlordiazepoxide performed better- Comparing benzodiazepine plus other drug versus other drug, results never reached statistical significance.- In the comparison of fixed-schedule versus symptom-triggered regimens, results from a single study, with 159 participants, favour symptom-triggered regimens MD -1.10 [-3.27, 1.07] for CIWA-Ar scores at the end of treatment. Differences in isolated trials should be interpreted very cautiously.<h4>Authors' conclusions</h4>Benzodiazepines showed a protective benefit against alcohol withdrawal symptoms, in particular seizures, when compared to placebo and a potentially protective benefit for many outcomes when compared with other drugs. Nevertheless, no definite conclusions about the effectiveness and safety of benzodiazepines was possible, because of the heterogeneity of the trials both in interventions and the assessment of outcomes.",https://pubmed.ncbi.nlm.nih.gov/20238336/,,http://journalarticle.ukm.my/13525/1/248-Article%20Text-1166-2-10-20190105.pdf,epilepsy,(Epilepsy[MeSH] OR epilepsy[tiab] OR seizure[tiab] OR anticonvulsant[tiab]) AND (treatment[tiab] OR intervention[tiab] OR therapy[tiab]),2026-08-05T17:46:50+00:00,,,,,,"Let's systematically evaluate the provided abstract against the inclusion and exclusion criteria.

### Inclusion Criteria Evaluation

1. **Pathogen: Must be about Epilepsy**  
   - The title and abstract discuss ""Benzodiazepines for alcohol withdrawal,"" which is unrelated to epilepsy. **Not met.**
   
2. **Language: English only**  
   - The abstract is in English. **Met.**
   
3. **Study type: Peer-reviewed, original research (note systematic reviews/meta-analyses for special consideration)**  
   - The abstract discusses a systematic review of randomized controlled trials, which is original research. **Met.**
   
4. **Population: Human subjects (animal studies acceptable if reporting relevant parameters)**  
   - The study involves human subjects. **Met.**
   
5. **Content: Must contain AT LEAST ONE of:**  
   - The content does not focus on epilepsy and discusses seizure outcomes in the context of alcohol withdrawal rather than epilepsy-specific interventions. Therefore, it fails to meet this criterion relevant to epilepsy. **Not met.**

### Exclusion Criteria Evaluation

1. **Pathogen: Not about Epilepsy (exclude studies on other pathogens)**  
   - The study is about alcohol withdrawal, not epilepsy. **Exclude.**
   
2. **Language: Non-English**  
   - The abstract is in English. **Not excluded.**
   
3. **Publication type: Conference proceedings, abstracts, posters, correspondence**  
   - Not specified, but the abstract appears to be from a systematic review. **Not excluded.**
   
4. **Study design: In-vitro studies only (no human or animal component)**  
   - This is a systematic review involving human subjects. **Not excluded.**
   
5. **Study design: Solely animal studies AND studies that do not report transmission parameters**  
   - Not applicable since this involves human studies. **Not excluded.**
   
6. **Outbreak type: Accidental laboratory outbreaks (not natural disease transmission)**  
   - Not applicable since this is not related to outbreaks. **Not excluded.**

### Conclusion

The study discusses benzodiazepines for alcohol withdrawal and does not focus on epilepsy as defined in the systematic review objectives. Thus, it cannot be included in the systematic review.

<decision>EXCLUDE</decision>",EXCLUDE,False,2026-08-06T00:47:30.309805
PMID_22161371,EuropePMC,22161371,PMC12277681,10.1002/14651858.cd002950.pub3,Antidepressants for cocaine dependence and problematic cocaine use.,"Pani PP, Trogu E, Vecchi S, Amato L.",,2011,"<h4>Background</h4>Cocaine dependence is a disorder for which no pharmacological treatment of proven efficacy exists, advances in the neurobiology could guide future medication development.<h4>Objectives</h4>To investigate the efficacy and acceptability of antidepressants alone or in combination with any psychosocial intervention for the treatment of cocaine dependence and problematic cocaine use.<h4>Search methods</h4>We searched the Cochrane Central Register of Controlled Trials (CENTRAL), PubMed, EMBASE and CINAHL in July 2011 and researchers for unpublished trials.<h4>Selection criteria</h4>Randomised clinical trials comparing antidepressants alone or associated with psychosocial intervention with placebo, no treatment, other pharmacological or psychosocial interventions.<h4>Data collection and analysis</h4>Two authors independently assessed trial quality and extracted data.<h4>Main results</h4>37 studies were included in the review (3551 participants).Antidepressants versus placebo: results for dropouts did not show evidence of difference, 31 studies, 2819 participants, RR 1.03 (Cl 95% 0.93 to 1.14). Looking at Abstinence from cocaine use, even though not statistically significant, the difference shown by the analysis in the three-weeks abstinence rate was in favour of antidepressants (eight studies, 942 participants, RR 1.22 (Cl 95% 0.99 to 1.51)). Considering only studies involving tricyclics, five studies, 367 participants, or only desipramine, four studies, 254 participants, the evidence was in favour of antidepressants. However, selecting only studies with operationally defined diagnostic criteria, statistical significance favouring antidepressants, as well as the trend for significance shown by the full sample, disappeared. Looking at safety issues, the results did not show evidence of differences (number of patients withdrawn for medical reasons, thirteen studies, 1396 participants, RR 1.39 (Cl 95% 0.91 to 2.12)). Subgroup analysis considering length of the trial, associated opioid dependence or associated psychosocial interventions as confounding factors, failed in showing consistent and statistically significant differences in favour of antidepressants.Antidepressants versus other drugs: Comparing antidepressants with dopamine agonists or with anticonvulsants, no evidence of differences was shown on dropouts and on other outcomes (abstinence from cocaine use, adverse events).<h4>Authors' conclusions</h4>At the current stage of evidence data do not support the efficacy of antidepressants in the treatment of cocaine abuse/dependence. Partially positive results obtained on secondary outcome measures, such as depression severity, do not seem to be associated with an effect on direct indicators of cocaine abuse/dependence. Antidepressants cannot be considered a mainstay of treatment for unselected cocaine abusers/dependents.",https://pubmed.ncbi.nlm.nih.gov/22161371/,,https://europepmc.org/articles/PMC12277681?pdf=render,epilepsy,(Epilepsy[MeSH] OR epilepsy[tiab] OR seizure[tiab] OR anticonvulsant[tiab]) AND (treatment[tiab] OR intervention[tiab] OR therapy[tiab]),2026-08-05T17:46:50+00:00,,,,,,"Let's evaluate the provided abstract against the inclusion and exclusion criteria.

### Inclusion Criteria Evaluation
1. **Pathogen: Must be about Epilepsy**  
   - The study is focused on cocaine dependence, not epilepsy.  
   - **Not met** 

2. **Language: English only**  
   - The abstract is in English.  
   - **Met** 

3. **Study type: Peer-reviewed, original research (note systematic reviews/meta-analyses for special consideration)**  
   - This study appears to be a systematic review based on the context. However, it is not original research as it is summarizing evidence from other studies.  
   - **Not met** 

4. **Population: Human subjects**  
   - The study involves human subjects (participants with cocaine dependence).  
   - **Met** 

5. **Content: Must contain AT LEAST ONE of the specified criteria (related to epidemiological data)**  
   - The study does not provide data or insights related to epilepsy, seizure frequency, or any of the other specific epidemiological measures listed (e.g., seizure-free rates, qualitative assessments relevant to epilepsy).  
   - **Not met** 

### Exclusion Criteria Evaluation
1. **Pathogen: Not about Epilepsy (exclude studies on other pathogens)**  
   - This study is about cocaine dependence and not about epilepsy.  
   - **Met** 

2. **Language: Non-English**  
   - The abstract is in English.  
   - **Not met** 

3. **Publication type: Conference proceedings, abstracts, posters, correspondence**  
   - The abstract refers to a systematic review, which may typically require more comprehensive studies but does not specify that it's a conference proceeding or similar. Therefore, it may not fully meet this criterion.  
   - **Not met** 

4. **Study design: In-vitro studies only (no human or animal component)**  
   - The study involves human participants and is not an in-vitro study.  
   - **Not met** 

5. **Study design: Solely animal studies AND animal studies that do not report transmission parameters**  
   - The study does not involve animal studies.  
   - **Not met** 

6. **Outbreak type: Accidental laboratory outbreaks (not natural disease transmission)**  
   - This criterion is not applicable as the study does not relate to outbreaks.  
   - **Not met** 

### Conclusion
The study is focused on cocaine dependence, which is not related to epilepsy. Additionally, it is not considered original research per the inclusion criteria and does not pertain to any inclusion content related to epilepsy. Therefore, given the strict criteria, the abstract does not meet the inclusion requirements. 

Based on the evaluation, the final decision is:
<decision>EXCLUDE</decision>",EXCLUDE,False,2026-08-06T00:47:30.309874
